time,temperature_2m_mean (°C),daylight_duration (s),rain_sum (mm),snowfall_sum (cm),relative_humidity_2m_mean (%),pressure_msl_mean (hPa),surface_pressure_mean (hPa),temperature_2m_max (°C),temperature_2m_min (°C),cloud_cover_mean (%),wind_speed_10m_max (km/h),precipitation_sum (mm),sunshine_duration (s),wind_direction_10m_dominant (°),longitude,latitude,elevation
2023-01-01,17.9,37640.81,0.0,0.0,43,1022.7,1021.6,23.1,11.4,20,16.4,0.0,33456.62,46,56.28763,27.240772,9.0
2023-01-02,18.8,37666.55,0.0,0.0,29,1024.5,1023.4,24.0,14.1,62,24.4,0.0,33209.32,54,56.28763,27.240772,9.0
2023-01-03,19.3,37694.59,0.0,0.0,21,1025.2,1024.2,24.3,15.9,73,24.7,0.0,25453.0,52,56.28763,27.240772,9.0
2023-01-04,19.7,37724.89,0.0,0.0,15,1022.4,1021.3,24.7,14.4,71,25.3,0.0,29606.1,49,56.28763,27.240772,9.0
2023-01-05,20.2,37757.38,0.7,0.0,52,1020.6,1019.5,23.4,17.1,96,15.8,0.7,19223.08,52,56.28763,27.240772,9.0
2023-01-06,18.0,37791.98,13.9,0.0,84,1020.8,1019.8,21.4,15.8,99,16.7,13.9,13770.16,335,56.28763,27.240772,9.0
2023-01-07,16.0,37828.65,18.1,0.0,90,1020.2,1019.1,17.9,12.5,73,10.8,18.1,1348.43,5,56.28763,27.240772,9.0
2023-01-08,15.7,37867.31,0.0,0.0,86,1019.4,1018.3,19.2,12.6,41,12.6,0.0,31613.7,8,56.28763,27.240772,9.0
2023-01-09,16.3,37907.91,0.0,0.0,78,1020.2,1019.2,20.1,13.1,22,13.7,0.0,32840.53,28,56.28763,27.240772,9.0
2023-01-10,17.9,37950.37,9.6,0.0,80,1017.0,1015.9,20.2,15.2,84,17.8,9.6,13453.35,1,56.28763,27.240772,9.0
2023-01-11,15.5,37994.64,0.0,0.0,63,1020.0,1018.9,19.9,10.6,5,31.7,0.0,33077.11,56,56.28763,27.240772,9.0
2023-01-12,12.0,38040.66,0.0,0.0,50,1023.4,1022.3,16.5,7.9,1,30.0,0.0,33439.29,58,56.28763,27.240772,9.0
2023-01-13,11.6,38088.35,0.0,0.0,51,1024.1,1023.0,16.8,7.9,6,27.7,0.0,33432.14,54,56.28763,27.240772,9.0
2023-01-14,12.8,38137.66,0.0,0.0,49,1022.8,1021.7,18.5,7.8,15,24.1,0.0,33431.35,52,56.28763,27.240772,9.0
2023-01-15,14.8,38188.52,0.0,0.0,47,1020.2,1019.1,21.1,9.9,20,15.1,0.0,31238.74,44,56.28763,27.240772,9.0
2023-01-16,16.9,38240.88,0.0,0.0,53,1017.7,1016.6,21.7,10.6,17,13.0,0.0,33256.01,38,56.28763,27.240772,9.0
2023-01-17,17.7,38294.66,8.5,0.0,64,1015.5,1014.4,22.6,13.7,78,19.2,8.5,21708.29,35,56.28763,27.240772,9.0
2023-01-18,18.0,38349.93,7.6,0.0,77,1015.1,1014.0,22.0,14.1,30,22.7,7.6,33069.86,49,56.28763,27.240772,9.0
2023-01-19,16.6,38407.28,0.0,0.0,58,1019.1,1018.0,21.2,13.3,4,18.7,0.0,33450.75,51,56.28763,27.240772,9.0
2023-01-20,16.0,38466.74,0.0,0.0,51,1021.1,1020.1,20.9,12.3,0,22.7,0.0,33664.8,47,56.28763,27.240772,9.0
2023-01-21,16.0,38528.2,0.0,0.0,45,1021.3,1020.2,20.8,12.7,0,24.9,0.0,33661.6,48,56.28763,27.240772,9.0
2023-01-22,15.8,38591.54,0.0,0.0,39,1020.8,1019.7,21.1,11.5,8,24.6,0.0,33761.1,51,56.28763,27.240772,9.0
2023-01-23,15.8,38656.69,0.0,0.0,31,1021.3,1020.2,20.8,12.2,23,28.9,0.0,33758.91,54,56.28763,27.240772,9.0
2023-01-24,15.5,38723.51,0.0,0.0,27,1021.1,1020.1,20.3,11.9,28,28.3,0.0,33863.86,56,56.28763,27.240772,9.0
2023-01-25,15.9,38791.93,0.0,0.0,25,1020.7,1019.6,20.4,12.3,48,31.2,0.0,33394.06,54,56.28763,27.240772,9.0
2023-01-26,15.8,38861.83,10.9,0.0,37,1020.6,1019.5,20.2,12.1,88,26.7,10.9,16767.3,46,56.28763,27.240772,9.0
2023-01-27,12.8,38933.12,18.8,0.0,78,1020.0,1018.9,14.1,10.3,95,21.0,18.8,0.0,51,56.28763,27.240772,9.0
2023-01-28,13.8,39005.71,0.0,0.0,78,1017.7,1016.6,18.0,9.7,6,16.1,0.0,33842.94,19,56.28763,27.240772,9.0
2023-01-29,14.2,39079.5,0.0,0.0,67,1016.6,1015.5,18.5,10.1,0,14.0,0.0,34212.33,14,56.28763,27.240772,9.0
2023-01-30,15.2,39154.39,0.0,0.0,72,1018.3,1017.2,19.6,11.0,0,12.3,0.0,34211.53,24,56.28763,27.240772,9.0
2023-01-31,17.0,39230.3,1.6,0.0,76,1018.4,1017.4,21.0,11.6,15,18.8,1.6,34202.36,41,56.28763,27.240772,9.0
2023-02-01,18.2,39307.13,4.3,0.0,86,1017.7,1016.7,21.4,16.0,50,16.6,4.3,27766.95,46,56.28763,27.240772,9.0
2023-02-02,18.3,39384.79,3.1,0.0,87,1017.2,1016.1,20.7,16.6,56,19.1,3.1,17352.58,48,56.28763,27.240772,9.0
2023-02-03,19.1,39463.19,0.2,0.0,86,1017.0,1015.9,22.1,15.9,13,13.0,0.2,33670.95,67,56.28763,27.240772,9.0
2023-02-04,17.7,39542.25,0.0,0.0,81,1015.3,1014.3,22.2,13.5,12,18.6,0.0,34308.33,241,56.28763,27.240772,9.0
2023-02-05,17.2,39621.88,0.0,0.0,76,1014.6,1013.5,22.4,13.2,8,19.4,0.0,34707.82,344,56.28763,27.240772,9.0
2023-02-06,18.2,39701.99,0.0,0.0,69,1015.8,1014.7,22.5,13.7,4,12.2,0.0,35243.66,19,56.28763,27.240772,9.0
2023-02-07,18.4,39782.65,0.0,0.0,71,1013.3,1012.2,22.8,13.3,37,13.1,0.0,34973.67,55,56.28763,27.240772,9.0
2023-02-08,20.0,39864.63,0.0,0.0,74,1012.0,1010.9,24.3,16.0,76,14.1,0.0,34440.55,60,56.28763,27.240772,9.0
2023-02-09,18.5,39947.98,0.0,0.0,62,1013.3,1012.2,25.2,13.0,91,23.2,0.0,35241.82,224,56.28763,27.240772,9.0
2023-02-10,17.3,40032.6,0.0,0.0,58,1017.0,1016.0,21.8,12.8,57,16.5,0.0,34707.59,64,56.28763,27.240772,9.0
2023-02-11,18.7,40118.39,0.0,0.0,45,1019.6,1018.5,24.5,13.2,29,15.1,0.0,36080.76,49,56.28763,27.240772,9.0
2023-02-12,19.7,40205.26,0.0,0.0,44,1019.0,1017.9,26.1,12.9,37,15.7,0.0,35943.32,57,56.28763,27.240772,9.0
2023-02-13,20.3,40293.11,0.0,0.0,75,1019.0,1017.9,24.3,16.8,69,17.8,0.0,34668.45,62,56.28763,27.240772,9.0
2023-02-14,20.5,40381.86,0.0,0.0,77,1016.9,1015.8,25.5,16.3,27,11.8,0.0,34461.96,78,56.28763,27.240772,9.0
2023-02-15,21.7,40471.41,0.0,0.0,56,1014.2,1013.2,27.9,15.4,12,13.8,0.0,36952.79,104,56.28763,27.240772,9.0
2023-02-16,21.8,40561.68,0.0,0.0,56,1015.4,1014.4,26.8,15.5,64,14.1,0.0,36812.84,85,56.28763,27.240772,9.0
2023-02-17,21.6,40652.58,0.0,0.0,60,1017.4,1016.3,28.0,14.7,21,17.2,0.0,37108.25,212,56.28763,27.240772,9.0
2023-02-18,20.7,40744.02,0.0,0.0,76,1017.9,1016.8,25.8,16.0,44,21.7,0.0,36225.59,195,56.28763,27.240772,9.0
2023-02-19,20.7,40835.91,0.0,0.0,73,1016.9,1015.8,25.2,16.3,90,29.2,0.0,34236.58,220,56.28763,27.240772,9.0
2023-02-20,20.6,40928.19,0.0,0.0,68,1016.2,1015.1,25.6,15.9,39,21.9,0.0,36357.98,149,56.28763,27.240772,9.0
2023-02-21,20.1,41020.75,0.0,0.0,70,1015.0,1014.0,25.1,14.8,61,24.8,0.0,35404.45,241,56.28763,27.240772,9.0
2023-02-22,20.9,41113.53,0.0,0.0,75,1013.8,1012.7,27.0,15.6,26,21.6,0.0,38326.64,109,56.28763,27.240772,9.0
2023-02-23,21.4,41206.44,0.0,0.0,79,1011.9,1010.9,26.2,18.0,30,17.9,0.0,31672.95,124,56.28763,27.240772,9.0
2023-02-24,21.5,41299.39,0.0,0.0,73,1013.7,1012.7,25.8,17.0,17,15.9,0.0,37433.3,99,56.28763,27.240772,9.0
2023-02-25,21.9,41392.33,0.0,0.0,67,1016.8,1015.7,27.6,16.6,93,17.8,0.0,34852.6,85,56.28763,27.240772,9.0
2023-02-26,23.2,41485.16,0.0,0.0,58,1017.6,1016.5,28.5,17.2,36,15.6,0.0,38722.08,95,56.28763,27.240772,9.0
2023-02-27,25.8,41577.94,0.0,0.0,38,1016.6,1015.6,31.5,19.7,90,16.9,0.0,32939.11,231,56.28763,27.240772,9.0
2023-02-28,25.1,41671.43,0.3,0.0,37,1015.2,1014.1,32.0,20.6,30,18.4,0.3,38901.05,34,56.28763,27.240772,9.0
2023-03-01,24.7,41765.7,0.0,0.0,52,1015.7,1014.7,30.2,20.6,61,17.1,0.0,36129.37,67,56.28763,27.240772,9.0
2023-03-02,23.0,41860.67,0.9,0.0,66,1017.8,1016.7,26.3,19.7,65,19.2,0.9,30942.86,108,56.28763,27.240772,9.0
2023-03-03,23.5,41956.26,0.0,0.0,58,1018.8,1017.7,27.0,20.0,9,17.1,0.0,39208.57,67,56.28763,27.240772,9.0
2023-03-04,23.6,42052.4,0.0,0.0,71,1018.7,1017.6,27.2,20.1,6,15.6,0.0,39035.03,177,56.28763,27.240772,9.0
2023-03-05,23.1,42149.02,0.0,0.0,74,1018.2,1017.2,28.3,19.4,20,22.9,0.0,36712.31,189,56.28763,27.240772,9.0
2023-03-06,22.9,42246.04,0.0,0.0,76,1016.0,1014.9,28.3,18.5,26,18.4,0.0,37453.97,148,56.28763,27.240772,9.0
2023-03-07,23.5,42343.41,0.0,0.0,71,1014.5,1013.4,29.4,18.4,12,16.0,0.0,39369.26,149,56.28763,27.240772,9.0
2023-03-08,25.0,42441.04,0.0,0.0,40,1015.0,1014.0,30.2,18.7,51,15.1,0.0,37309.5,76,56.28763,27.240772,9.0
2023-03-09,25.8,42538.86,0.0,0.0,40,1014.9,1013.9,31.2,20.8,42,16.9,0.0,39438.68,67,56.28763,27.240772,9.0
2023-03-10,26.0,42636.81,0.0,0.0,50,1014.2,1013.2,29.9,22.3,87,14.6,0.0,30336.1,74,56.28763,27.240772,9.0
2023-03-11,24.7,42734.82,0.0,0.0,64,1013.8,1012.7,29.3,20.7,6,15.5,0.0,39506.73,97,56.28763,27.240772,9.0
2023-03-12,25.8,42832.83,0.0,0.0,52,1013.3,1012.2,31.6,19.7,16,15.0,0.0,39540.31,78,56.28763,27.240772,9.0
2023-03-13,25.8,42930.76,0.2,0.0,50,1012.5,1011.5,30.7,20.9,100,15.2,0.2,33136.54,125,56.28763,27.240772,9.0
2023-03-14,26.0,43028.54,0.0,0.0,49,1011.3,1010.2,30.7,21.4,10,21.4,0.0,39600.0,221,56.28763,27.240772,9.0
2023-03-15,25.2,43126.1,0.0,0.0,62,1009.3,1008.3,30.6,20.8,50,27.3,0.0,36261.59,187,56.28763,27.240772,9.0
2023-03-16,25.4,43223.39,0.0,0.0,62,1008.0,1006.9,30.8,20.5,4,28.0,0.0,39600.0,194,56.28763,27.240772,9.0
2023-03-17,24.5,43320.32,0.0,0.0,66,1008.3,1007.2,30.5,19.8,1,28.8,0.0,39600.0,206,56.28763,27.240772,9.0
2023-03-18,23.7,43416.84,0.0,0.0,71,1009.1,1008.0,28.2,19.4,14,20.5,0.0,39600.0,202,56.28763,27.240772,9.0
2023-03-19,23.5,43513.0,0.0,0.0,72,1008.4,1007.4,28.8,18.9,18,25.3,0.0,39600.0,227,56.28763,27.240772,9.0
2023-03-20,23.4,43609.5,0.0,0.0,74,1005.5,1004.4,28.1,19.3,22,21.0,0.0,36787.66,174,56.28763,27.240772,9.0
2023-03-21,23.1,43706.38,1.5,0.0,67,1005.1,1004.0,27.4,18.9,19,21.5,1.5,39600.0,44,56.28763,27.240772,9.0
2023-03-22,22.4,43803.61,0.0,0.0,48,1005.8,1004.7,27.5,18.2,7,31.7,0.0,39438.52,232,56.28763,27.240772,9.0
2023-03-23,22.5,43901.1,0.0,0.0,38,1008.3,1007.3,28.1,18.1,0,34.2,0.0,39600.0,252,56.28763,27.240772,9.0
2023-03-24,22.9,43998.8,0.0,0.0,55,1011.1,1010.1,27.0,17.7,23,20.5,0.0,37519.72,143,56.28763,27.240772,9.0
2023-03-25,23.6,44096.66,0.0,0.0,58,1011.7,1010.6,28.8,18.3,3,17.1,0.0,39600.0,184,56.28763,27.240772,9.0
2023-03-26,23.9,44194.59,0.0,0.0,53,1011.8,1010.8,28.6,17.9,41,17.2,0.0,39600.0,103,56.28763,27.240772,9.0
2023-03-27,24.5,44292.55,0.2,0.0,70,1010.4,1009.3,27.8,21.9,44,16.6,0.2,36000.0,97,56.28763,27.240772,9.0
2023-03-28,23.6,44390.46,10.1,0.0,69,1008.3,1007.3,28.5,19.9,15,24.8,10.1,39600.0,102,56.28763,27.240772,9.0
2023-03-29,24.4,44488.27,0.0,0.0,61,1009.7,1008.7,29.0,20.2,6,25.6,0.0,39600.0,197,56.28763,27.240772,9.0
2023-03-30,23.9,44585.92,0.0,0.0,72,1009.7,1008.7,29.2,19.5,29,24.2,0.0,39600.0,229,56.28763,27.240772,9.0
2023-03-31,24.3,44683.33,0.0,0.0,70,1008.0,1007.0,29.5,19.5,35,23.2,0.0,37983.97,197,56.28763,27.240772,9.0
2023-04-01,24.5,44780.45,0.0,0.0,71,1007.8,1006.7,30.4,20.0,8,27.1,0.0,39718.84,197,56.28763,27.240772,9.0
2023-04-02,23.4,44877.2,0.0,0.0,65,1007.2,1006.2,29.1,18.9,18,37.6,0.0,39600.0,217,56.28763,27.240772,9.0
2023-04-03,22.7,44973.52,0.0,0.0,61,1008.7,1007.6,28.2,18.2,3,26.2,0.0,39937.63,203,56.28763,27.240772,9.0
2023-04-04,23.1,45069.36,0.0,0.0,63,1010.3,1009.3,27.5,19.3,9,21.7,0.0,37413.89,204,56.28763,27.240772,9.0
2023-04-05,24.3,45164.62,0.0,0.0,63,1010.5,1009.5,30.4,19.0,3,22.7,0.0,39791.6,239,56.28763,27.240772,9.0
2023-04-06,24.4,45259.26,0.0,0.0,68,1010.4,1009.4,30.4,19.2,14,26.0,0.0,39779.25,211,56.28763,27.240772,9.0
2023-04-07,24.0,45353.2,0.0,0.0,74,1013.3,1012.3,28.7,19.1,35,17.5,0.0,40027.2,109,56.28763,27.240772,9.0
2023-04-08,25.2,45446.48,0.0,0.0,63,1014.4,1013.3,29.9,20.4,46,18.7,0.0,38189.81,143,56.28763,27.240772,9.0
2023-04-09,26.2,45539.78,0.0,0.0,62,1014.1,1013.1,32.1,20.7,13,20.3,0.0,40275.77,182,56.28763,27.240772,9.0
2023-04-10,27.7,45633.14,0.0,0.0,57,1011.8,1010.7,34.6,21.0,15,16.7,0.0,40539.96,199,56.28763,27.240772,9.0
2023-04-11,28.4,45726.51,0.0,0.0,49,1011.6,1010.5,34.1,21.6,72,19.4,0.0,37702.89,203,56.28763,27.240772,9.0
2023-04-12,27.6,45819.82,0.0,0.0,52,1012.0,1011.0,33.2,21.4,1,19.9,0.0,40670.25,166,56.28763,27.240772,9.0
2023-04-13,29.3,45913.01,0.0,0.0,45,1011.7,1010.7,33.8,23.1,75,27.3,0.0,36413.12,208,56.28763,27.240772,9.0
2023-04-14,28.7,46006.02,0.0,0.0,56,1010.6,1009.5,36.4,23.4,92,36.1,0.0,32753.64,203,56.28763,27.240772,9.0
2023-04-15,26.0,46098.76,0.0,0.0,66,1009.5,1008.4,32.1,21.5,77,29.2,0.0,38303.27,216,56.28763,27.240772,9.0
2023-04-16,25.4,46191.2,0.0,0.0,66,1007.9,1006.8,30.0,21.3,65,26.9,0.0,35699.36,217,56.28763,27.240772,9.0
2023-04-17,25.8,46283.24,0.0,0.0,66,1008.8,1007.8,29.4,22.7,75,26.9,0.0,40614.14,193,56.28763,27.240772,9.0
2023-04-18,25.9,46374.84,0.0,0.0,65,1012.4,1011.3,31.2,22.0,17,24.1,0.0,40052.68,221,56.28763,27.240772,9.0
2023-04-19,26.8,46465.91,0.0,0.0,61,1010.1,1009.0,32.9,21.8,46,23.0,0.0,37950.8,221,56.28763,27.240772,9.0
2023-04-20,26.8,46556.38,0.0,0.0,65,1006.6,1005.5,33.1,21.3,32,25.5,0.0,41082.32,222,56.28763,27.240772,9.0
2023-04-21,26.5,46646.2,0.0,0.0,65,1005.9,1004.8,32.3,21.2,6,26.7,0.0,41534.63,217,56.28763,27.240772,9.0
2023-04-22,27.1,46735.26,0.0,0.0,62,1007.1,1006.1,33.7,20.8,35,23.4,0.0,41688.47,190,56.28763,27.240772,9.0
2023-04-23,27.4,46823.52,0.0,0.0,60,1007.1,1006.0,33.8,21.9,88,24.1,0.0,38306.23,204,56.28763,27.240772,9.0
2023-04-24,27.0,46910.89,0.0,0.0,64,1007.5,1006.4,33.0,21.9,24,19.7,0.0,42002.23,189,56.28763,27.240772,9.0
2023-04-25,27.6,46997.29,0.0,0.0,57,1007.4,1006.4,31.2,22.2,25,16.3,0.0,42162.01,146,56.28763,27.240772,9.0
2023-04-26,27.6,47082.64,0.4,0.0,68,1007.2,1006.1,30.0,24.5,58,17.1,0.4,39562.0,164,56.28763,27.240772,9.0
2023-04-27,27.0,47166.88,0.6,0.0,62,1006.2,1005.2,32.4,22.0,55,24.3,0.6,40400.12,210,56.28763,27.240772,9.0
2023-04-28,27.2,47250.02,0.0,0.0,58,1006.6,1005.6,31.3,21.8,8,20.6,0.0,42492.56,214,56.28763,27.240772,9.0
2023-04-29,28.3,47332.7,0.0,0.0,61,1005.7,1004.6,34.0,23.1,9,24.6,0.0,42337.32,193,56.28763,27.240772,9.0
2023-04-30,28.0,47414.96,0.0,0.0,59,1004.9,1003.9,33.0,23.4,2,21.3,0.0,42825.72,174,56.28763,27.240772,9.0
2023-05-01,28.4,47496.75,0.0,0.0,54,1004.4,1003.3,33.9,23.4,2,22.1,0.0,42984.64,161,56.28763,27.240772,9.0
2023-05-02,28.4,47577.98,0.0,0.0,58,1005.9,1004.8,34.2,23.3,0,22.8,0.0,43200.0,130,56.28763,27.240772,9.0
2023-05-03,27.6,47658.61,0.0,0.0,63,1006.9,1005.8,32.6,22.8,5,20.3,0.0,43157.13,195,56.28763,27.240772,9.0
2023-05-04,27.5,47738.54,0.0,0.0,62,1006.7,1005.7,32.9,23.0,1,18.2,0.0,43200.0,159,56.28763,27.240772,9.0
2023-05-05,28.0,47817.72,0.0,0.0,68,1006.9,1005.9,32.3,23.9,9,19.8,0.0,42406.11,129,56.28763,27.240772,9.0
2023-05-06,30.7,47896.07,0.0,0.0,38,1008.0,1006.9,35.9,24.2,1,20.3,0.0,43108.57,189,56.28763,27.240772,9.0
2023-05-07,30.4,47973.53,0.0,0.0,37,1007.8,1006.8,36.7,23.2,0,22.7,0.0,43200.0,212,56.28763,27.240772,9.0
2023-05-08,31.2,48050.0,0.0,0.0,41,1006.5,1005.5,38.2,23.4,23,20.4,0.0,43200.0,186,56.28763,27.240772,9.0
2023-05-09,31.7,48125.43,0.0,0.0,32,1006.7,1005.6,38.6,24.6,62,22.8,0.0,29780.17,225,56.28763,27.240772,9.0
2023-05-10,31.8,48199.72,0.0,0.0,33,1006.8,1005.8,40.0,25.4,37,23.2,0.0,43200.0,189,56.28763,27.240772,9.0
2023-05-11,31.3,48272.8,0.0,0.0,43,1007.4,1006.4,38.0,24.5,11,24.7,0.0,43200.0,178,56.28763,27.240772,9.0
2023-05-12,32.2,48344.61,0.0,0.0,48,1006.2,1005.2,38.7,25.9,3,21.6,0.0,43200.0,181,56.28763,27.240772,9.0
2023-05-13,32.8,48415.04,0.0,0.0,49,1004.9,1003.9,39.3,26.7,1,20.0,0.0,43200.0,181,56.28763,27.240772,9.0
2023-05-14,31.8,48484.03,0.0,0.0,50,1001.8,1000.8,38.3,26.0,4,22.5,0.0,43200.0,135,56.28763,27.240772,9.0
2023-05-15,31.0,48551.48,0.0,0.0,54,1001.4,1000.4,38.0,24.8,1,25.8,0.0,43216.64,182,56.28763,27.240772,9.0
2023-05-16,29.6,48617.32,0.0,0.0,61,1003.0,1002.0,35.5,24.3,59,28.2,0.0,42201.76,158,56.28763,27.240772,9.0
2023-05-17,31.5,48681.46,0.0,0.0,48,1004.6,1003.6,39.2,25.9,6,26.4,0.0,43204.26,166,56.28763,27.240772,9.0
2023-05-18,32.1,48743.91,0.0,0.0,48,1007.0,1006.0,38.0,26.6,48,29.3,0.0,43200.0,148,56.28763,27.240772,9.0
2023-05-19,32.6,48805.19,0.0,0.0,46,1006.7,1005.7,37.4,26.8,57,23.1,0.0,41594.1,141,56.28763,27.240772,9.0
2023-05-20,33.5,48865.33,0.0,0.0,45,1005.5,1004.5,39.9,28.4,54,26.6,0.0,43200.0,180,56.28763,27.240772,9.0
2023-05-21,33.8,48924.29,0.0,0.0,42,1006.7,1005.7,39.4,28.5,98,28.7,0.0,25200.0,195,56.28763,27.240772,9.0
2023-05-22,33.3,48981.99,0.0,0.0,41,1007.5,1006.5,38.7,28.9,42,22.6,0.0,26060.99,183,56.28763,27.240772,9.0
2023-05-23,33.3,49038.39,0.0,0.0,44,1007.3,1006.3,38.9,27.9,18,24.1,0.0,43200.0,191,56.28763,27.240772,9.0
2023-05-24,32.7,49093.41,0.0,0.0,54,1006.1,1005.1,39.5,27.0,24,26.4,0.0,43289.17,214,56.28763,27.240772,9.0
2023-05-25,32.5,49147.01,0.0,0.0,55,1005.3,1004.3,39.3,27.5,62,25.0,0.0,41551.59,197,56.28763,27.240772,9.0
2023-05-26,31.9,49199.12,0.0,0.0,60,1004.5,1003.5,37.1,27.2,6,27.8,0.0,43410.77,194,56.28763,27.240772,9.0
2023-05-27,32.6,49249.68,0.0,0.0,56,1003.0,1001.9,37.4,28.1,3,21.9,0.0,43271.02,119,56.28763,27.240772,9.0
2023-05-28,32.9,49298.63,0.0,0.0,56,1003.3,1002.3,38.1,27.8,30,22.0,0.0,43264.88,185,56.28763,27.240772,9.0
2023-05-29,33.8,49345.91,0.0,0.0,56,1004.1,1003.1,40.4,27.7,20,20.0,0.0,43258.74,198,56.28763,27.240772,9.0
2023-05-30,33.6,49391.45,0.0,0.0,53,1004.4,1003.3,39.3,28.0,62,27.5,0.0,43390.14,162,56.28763,27.240772,9.0
2023-05-31,33.3,49435.2,0.0,0.0,54,1003.2,1002.2,39.6,27.8,68,33.9,0.0,42874.31,226,56.28763,27.240772,9.0
2023-06-01,32.0,49477.08,0.0,0.0,64,1003.1,1002.1,36.5,28.5,73,26.4,0.0,36682.94,200,56.28763,27.240772,9.0
2023-06-02,32.6,49517.04,0.0,0.0,62,1003.3,1002.3,37.6,28.5,27,23.1,0.0,43200.0,222,56.28763,27.240772,9.0
2023-06-03,32.7,49555.02,0.0,0.0,61,1003.7,1002.7,37.3,28.2,8,20.7,0.0,42070.68,218,56.28763,27.240772,9.0
2023-06-04,33.4,49590.95,0.0,0.0,55,1003.6,1002.6,39.6,28.1,26,23.5,0.0,40266.68,178,56.28763,27.240772,9.0
2023-06-05,35.4,49624.77,0.0,0.0,35,1003.3,1002.3,42.0,27.5,1,32.1,0.0,43502.09,223,56.28763,27.240772,9.0
2023-06-06,35.1,49656.42,0.0,0.0,40,1003.1,1002.1,42.7,29.2,0,34.0,0.0,43641.26,214,56.28763,27.240772,9.0
2023-06-07,34.7,49685.89,0.0,0.0,45,1001.9,1000.9,42.1,28.9,0,30.6,0.0,43637.91,218,56.28763,27.240772,9.0
2023-06-08,32.4,49713.42,0.0,0.0,60,1001.9,1000.9,37.9,26.7,3,22.9,0.0,43779.13,209,56.28763,27.240772,9.0
2023-06-09,33.1,49739.05,0.0,0.0,61,1000.2,999.2,38.3,27.7,2,21.7,0.0,43631.05,170,56.28763,27.240772,9.0
2023-06-10,35.3,49762.76,0.0,0.0,51,998.2,997.2,41.7,28.9,4,22.0,0.0,43773.46,178,56.28763,27.240772,9.0
2023-06-11,35.1,49784.53,0.0,0.0,48,998.1,997.1,40.0,30.0,6,18.2,0.0,43477.48,161,56.28763,27.240772,9.0
2023-06-12,35.4,49804.35,0.0,0.0,52,996.6,995.6,42.6,29.1,9,24.1,0.0,43738.76,189,56.28763,27.240772,9.0
2023-06-13,35.9,49822.2,0.0,0.0,50,995.6,994.6,43.5,29.6,14,25.4,0.0,43595.76,174,56.28763,27.240772,9.0
2023-06-14,34.3,49838.08,0.0,0.0,60,995.3,994.3,39.7,29.3,16,26.6,0.0,42931.38,163,56.28763,27.240772,9.0
2023-06-15,33.2,49851.95,0.0,0.0,64,995.3,994.3,37.8,29.1,11,23.5,0.0,43628.78,202,56.28763,27.240772,9.0
2023-06-16,33.4,49863.82,0.0,0.0,65,995.2,994.3,37.2,30.0,22,21.4,0.0,42864.61,180,56.28763,27.240772,9.0
2023-06-17,33.2,49873.66,0.0,0.0,68,997.5,996.5,36.9,29.3,7,21.8,0.0,43389.29,207,56.28763,27.240772,9.0
2023-06-18,32.9,49881.46,0.0,0.0,65,999.5,998.5,38.0,28.9,18,21.2,0.0,43270.43,207,56.28763,27.240772,9.0
2023-06-19,32.9,49887.21,0.0,0.0,62,999.3,998.3,36.9,28.6,0,22.5,0.0,43411.67,167,56.28763,27.240772,9.0
2023-06-20,33.6,49890.91,0.0,0.0,62,998.8,997.8,38.1,29.4,12,19.8,0.0,43033.81,160,56.28763,27.240772,9.0
2023-06-21,35.0,49892.55,0.0,0.0,52,997.9,996.9,41.9,29.4,17,26.3,0.0,41870.47,194,56.28763,27.240772,9.0
2023-06-22,34.8,49892.1,0.0,0.0,55,997.6,996.6,41.5,29.7,10,29.1,0.0,43191.22,195,56.28763,27.240772,9.0
2023-06-23,33.4,49889.57,0.0,0.0,61,997.8,996.8,37.9,29.6,18,17.1,0.0,43074.66,180,56.28763,27.240772,9.0
2023-06-24,33.5,49884.94,0.0,0.0,69,996.5,995.5,36.3,29.8,22,19.2,0.0,38608.09,140,56.28763,27.240772,9.0
2023-06-25,33.5,49878.21,0.6,0.0,73,995.9,994.9,36.6,31.0,25,17.3,0.6,37184.41,141,56.28763,27.240772,9.0
2023-06-26,33.1,49869.38,1.1,0.0,69,997.4,996.4,36.0,30.5,35,16.4,1.1,38448.76,129,56.28763,27.240772,9.0
2023-06-27,33.2,49858.41,0.0,0.0,66,999.0,998.0,36.7,30.5,13,17.7,0.0,42740.27,132,56.28763,27.240772,9.0
2023-06-28,33.3,49845.2,0.0,0.0,66,1000.3,999.3,36.4,30.5,4,16.0,0.0,42336.41,127,56.28763,27.240772,9.0
2023-06-29,34.4,49829.73,0.0,0.0,66,998.7,997.7,37.7,30.8,21,21.7,0.0,39418.55,174,56.28763,27.240772,9.0
2023-06-30,34.2,49812.08,0.0,0.0,62,996.7,995.7,38.5,30.3,15,25.8,0.0,42525.62,200,56.28763,27.240772,9.0
2023-07-01,33.9,49792.28,0.0,0.0,62,997.3,996.3,37.4,29.7,2,19.6,0.0,42001.39,203,56.28763,27.240772,9.0
2023-07-02,33.5,49770.37,0.0,0.0,68,998.6,997.6,37.6,29.1,0,17.0,0.0,42567.4,180,56.28763,27.240772,9.0
2023-07-03,33.4,49746.39,0.0,0.0,71,998.7,997.7,37.4,29.4,6,18.1,0.0,42162.17,151,56.28763,27.240772,9.0
2023-07-04,34.1,49720.4,0.0,0.0,69,996.7,995.7,36.9,30.2,38,17.0,0.0,41769.51,158,56.28763,27.240772,9.0
2023-07-05,35.5,49692.43,0.0,0.0,61,994.6,993.6,40.8,31.3,39,18.2,0.0,42069.18,165,56.28763,27.240772,9.0
2023-07-06,36.6,49662.54,0.0,0.0,56,996.4,995.4,41.7,31.5,47,21.3,0.0,42093.15,143,56.28763,27.240772,9.0
2023-07-07,35.4,49630.77,0.0,0.0,55,998.6,997.6,38.9,32.3,41,19.0,0.0,41695.28,124,56.28763,27.240772,9.0
2023-07-08,37.0,49597.16,0.0,0.0,42,998.0,997.0,40.4,32.8,4,20.9,0.0,41850.27,145,56.28763,27.240772,9.0
2023-07-09,36.8,49561.76,0.0,0.0,43,997.7,996.7,41.8,32.3,0,24.2,0.0,41876.66,128,56.28763,27.240772,9.0
2023-07-10,34.5,49524.61,0.0,0.0,63,998.8,997.8,37.9,31.3,9,16.6,0.0,41616.37,133,56.28763,27.240772,9.0
2023-07-11,34.0,49485.78,0.2,0.0,68,1000.0,999.0,37.0,31.4,11,24.6,0.2,41201.66,158,56.28763,27.240772,9.0
2023-07-12,34.0,49445.29,0.0,0.0,66,998.9,997.9,37.6,30.2,44,16.8,0.0,41378.06,173,56.28763,27.240772,9.0
2023-07-13,34.6,49403.2,0.0,0.0,66,998.1,997.1,38.4,30.2,15,16.2,0.0,41403.9,172,56.28763,27.240772,9.0
2023-07-14,34.8,49359.56,0.0,0.0,69,999.1,998.1,38.6,31.0,9,19.5,0.0,40984.3,140,56.28763,27.240772,9.0
2023-07-15,34.7,49314.4,0.0,0.0,67,999.1,998.1,38.3,31.9,14,17.7,0.0,40562.68,138,56.28763,27.240772,9.0
2023-07-16,35.1,49267.79,0.0,0.0,63,998.3,997.3,39.2,31.6,49,17.0,0.0,40952.54,151,56.28763,27.240772,9.0
2023-07-17,34.8,49219.67,0.0,0.0,65,997.3,996.3,38.0,31.1,7,18.5,0.0,40608.85,166,56.28763,27.240772,9.0
2023-07-18,35.3,49169.62,0.0,0.0,63,996.6,995.6,38.5,30.8,15,17.9,0.0,41085.88,160,56.28763,27.240772,9.0
2023-07-19,35.3,49117.64,0.0,0.0,65,995.1,994.1,39.2,31.6,31,19.8,0.0,41023.84,169,56.28763,27.240772,9.0
2023-07-20,35.5,49063.8,0.0,0.0,62,995.7,994.7,39.2,32.1,46,20.0,0.0,40081.26,177,56.28763,27.240772,9.0
2023-07-21,34.9,49008.18,0.0,0.0,60,998.8,997.8,38.1,32.0,65,18.0,0.0,39671.58,133,56.28763,27.240772,9.0
2023-07-22,34.5,48950.87,0.0,0.0,64,999.3,998.3,37.3,31.9,47,18.6,0.0,40424.73,122,56.28763,27.240772,9.0
2023-07-23,34.0,48891.94,0.0,0.0,62,999.6,998.6,37.2,31.3,57,14.2,0.0,40971.32,124,56.28763,27.240772,9.0
2023-07-24,33.8,48831.46,0.0,0.0,68,996.9,995.9,36.8,30.7,92,16.9,0.0,37056.32,135,56.28763,27.240772,9.0
2023-07-25,33.8,48769.52,0.3,0.0,71,997.9,996.9,36.1,31.7,78,18.0,0.3,39600.0,131,56.28763,27.240772,9.0
2023-07-26,33.1,48706.18,0.9,0.0,73,1000.5,999.5,35.5,31.4,53,18.4,0.9,34534.93,132,56.28763,27.240772,9.0
2023-07-27,33.3,48641.53,0.5,0.0,70,1000.6,999.6,35.4,31.3,30,15.6,0.5,39434.27,123,56.28763,27.240772,9.0
2023-07-28,33.1,48575.63,0.8,0.0,71,999.3,998.3,35.6,31.1,54,15.9,0.8,33637.52,139,56.28763,27.240772,9.0
2023-07-29,33.5,48508.57,0.3,0.0,72,998.1,997.1,35.8,30.9,45,18.3,0.3,35405.21,137,56.28763,27.240772,9.0
2023-07-30,34.8,48440.41,0.0,0.0,62,997.7,996.7,37.9,31.0,42,17.6,0.0,34463.61,174,56.28763,27.240772,9.0
2023-07-31,35.0,48371.21,0.0,0.0,66,997.5,996.5,38.7,31.7,24,19.1,0.0,40446.91,179,56.28763,27.240772,9.0
2023-08-01,34.9,48301.07,0.0,0.0,68,996.9,995.9,39.7,31.5,10,24.2,0.0,40611.75,172,56.28763,27.240772,9.0
2023-08-02,35.1,48230.04,0.0,0.0,63,997.2,996.2,38.7,31.8,7,18.2,0.0,40775.12,142,56.28763,27.240772,9.0
2023-08-03,35.5,48158.18,0.0,0.0,54,996.4,995.4,38.9,31.7,19,17.4,0.0,40903.87,131,56.28763,27.240772,9.0
2023-08-04,35.2,48085.57,0.0,0.0,55,997.7,996.7,39.3,31.3,19,15.0,0.0,40938.27,109,56.28763,27.240772,9.0
2023-08-05,34.5,48012.27,0.0,0.0,57,1000.9,999.9,38.0,31.2,3,15.3,0.0,40622.56,111,56.28763,27.240772,9.0
2023-08-06,34.6,47938.24,0.0,0.0,60,999.7,998.7,37.2,31.1,23,18.1,0.0,40006.31,132,56.28763,27.240772,9.0
2023-08-07,36.5,47862.89,0.0,0.0,59,996.8,995.8,40.9,31.7,21,22.2,0.0,40313.31,187,56.28763,27.240772,9.0
2023-08-08,36.1,47786.2,0.0,0.0,63,997.0,996.0,41.2,32.1,9,20.5,0.0,40317.02,195,56.28763,27.240772,9.0
2023-08-09,35.2,47708.24,0.0,0.0,65,1000.3,999.3,39.1,31.6,1,21.8,0.0,40631.97,147,56.28763,27.240772,9.0
2023-08-10,35.7,47629.1,0.0,0.0,60,1001.7,1000.7,39.3,31.7,5,17.0,0.0,40634.14,156,56.28763,27.240772,9.0
2023-08-11,35.5,47548.86,0.0,0.0,62,1001.6,1000.6,40.6,31.5,24,22.0,0.0,36820.54,153,56.28763,27.240772,9.0
2023-08-12,36.0,47467.6,0.0,0.0,57,1001.9,1000.9,40.1,31.6,14,24.1,0.0,40638.3,193,56.28763,27.240772,9.0
2023-08-13,35.9,47385.38,0.0,0.0,62,1000.2,999.2,41.0,32.2,8,28.7,0.0,40487.44,200,56.28763,27.240772,9.0
2023-08-14,36.9,47302.3,0.0,0.0,56,1000.3,999.4,41.7,32.9,8,23.8,0.0,40490.07,191,56.28763,27.240772,9.0
2023-08-15,38.2,47218.41,0.0,0.0,33,1000.8,999.8,44.2,32.9,63,24.2,0.0,40644.08,130,56.28763,27.240772,9.0
2023-08-16,35.1,47133.8,0.0,0.0,41,1002.7,1001.7,39.9,30.1,59,22.5,0.0,40193.74,131,56.28763,27.240772,9.0
2023-08-17,33.3,47048.55,0.0,0.0,61,1004.0,1003.0,37.3,29.7,4,19.1,0.0,40647.66,155,56.28763,27.240772,9.0
2023-08-18,34.2,46962.7,0.0,0.0,64,1003.1,1002.1,38.8,29.8,2,23.5,0.0,40201.46,188,56.28763,27.240772,9.0
2023-08-19,34.9,46876.34,0.0,0.0,67,1002.1,1001.1,38.7,31.6,15,25.1,0.0,39288.53,193,56.28763,27.240772,9.0
2023-08-20,34.5,46789.53,0.0,0.0,68,1002.5,1001.5,40.0,30.7,3,19.4,0.0,40356.86,166,56.28763,27.240772,9.0
2023-08-21,34.5,46702.34,0.0,0.0,65,1002.3,1001.3,38.9,30.1,0,18.8,0.0,40507.0,168,56.28763,27.240772,9.0
2023-08-22,35.6,46614.85,0.0,0.0,67,1001.6,1000.6,41.4,30.4,3,21.8,0.0,40362.75,199,56.28763,27.240772,9.0
2023-08-23,36.0,46527.1,0.0,0.0,66,999.8,998.8,41.1,31.5,2,24.7,0.0,40365.62,202,56.28763,27.240772,9.0
2023-08-24,37.2,46439.16,0.0,0.0,58,997.9,996.9,44.1,30.7,12,20.1,0.0,40223.38,197,56.28763,27.240772,9.0
2023-08-25,37.2,46351.11,0.0,0.0,48,997.0,996.0,43.1,31.7,17,22.6,0.0,40515.57,177,56.28763,27.240772,9.0
2023-08-26,36.6,46262.88,0.0,0.0,50,998.3,997.3,42.7,31.5,7,21.1,0.0,40517.59,136,56.28763,27.240772,9.0
2023-08-27,33.8,46173.86,0.0,0.0,72,1000.5,999.5,37.3,30.4,2,18.0,0.0,40376.6,135,56.28763,27.240772,9.0
2023-08-28,33.1,46084.0,0.6,0.0,74,1000.5,999.5,36.2,29.8,26,16.4,0.6,39056.6,128,56.28763,27.240772,9.0
2023-08-29,33.5,45993.38,0.0,0.0,72,1000.6,999.6,36.8,29.6,1,16.4,0.0,40240.16,123,56.28763,27.240772,9.0
2023-08-30,32.8,45902.06,0.0,0.0,68,1003.6,1002.6,36.3,29.2,3,16.3,0.0,40384.18,110,56.28763,27.240772,9.0
2023-08-31,32.4,45810.11,0.0,0.0,70,1004.4,1003.4,35.5,29.2,11,16.7,0.0,40246.41,122,56.28763,27.240772,9.0
2023-09-01,32.6,45717.59,0.0,0.0,72,1004.1,1003.1,35.6,29.9,21,17.4,0.0,40110.0,128,56.28763,27.240772,9.0
2023-09-02,32.0,45624.57,0.9,0.0,74,1004.3,1003.3,34.6,28.8,26,17.9,0.9,38348.9,138,56.28763,27.240772,9.0
2023-09-03,31.1,45531.11,1.7,0.0,76,1003.3,1002.3,33.8,28.8,33,14.4,1.7,31083.69,127,56.28763,27.240772,9.0
2023-09-04,31.7,45437.29,0.0,0.0,73,1002.9,1001.9,34.5,28.9,10,15.9,0.0,39983.59,146,56.28763,27.240772,9.0
2023-09-05,33.0,45343.14,0.0,0.0,71,1002.6,1001.6,37.4,29.1,0,19.0,0.0,40261.24,171,56.28763,27.240772,9.0
2023-09-06,32.8,45248.75,0.0,0.0,72,1003.2,1002.2,37.2,28.7,2,18.0,0.0,40264.07,124,56.28763,27.240772,9.0
2023-09-07,32.2,45154.18,0.0,0.0,71,1004.1,1003.0,34.9,29.1,8,16.3,0.0,37044.02,122,56.28763,27.240772,9.0
2023-09-08,32.4,45059.47,0.1,0.0,70,1003.6,1002.6,35.3,28.7,37,15.5,0.1,39865.92,114,56.28763,27.240772,9.0
2023-09-09,33.2,44964.7,0.0,0.0,71,1002.1,1001.1,36.8,30.1,11,18.7,0.0,40138.51,176,56.28763,27.240772,9.0
2023-09-10,32.8,44869.91,0.2,0.0,71,1000.7,999.7,35.4,30.2,26,15.9,0.2,39039.15,156,56.28763,27.240772,9.0
2023-09-11,33.0,44775.18,0.0,0.0,69,1001.4,1000.4,36.1,30.0,1,17.2,0.0,40145.3,138,56.28763,27.240772,9.0
2023-09-12,33.7,44680.55,0.0,0.0,67,1002.0,1001.0,37.1,29.7,2,17.6,0.0,40148.64,157,56.28763,27.240772,9.0
2023-09-13,34.4,44586.08,0.0,0.0,69,1000.5,999.5,39.8,30.3,3,19.3,0.0,40137.18,197,56.28763,27.240772,9.0
2023-09-14,33.2,44491.84,0.0,0.0,74,1001.1,1000.1,36.5,30.2,11,16.6,0.0,39869.25,140,56.28763,27.240772,9.0
2023-09-15,32.3,44397.76,0.1,0.0,71,1002.5,1001.5,35.0,29.8,20,17.3,0.1,39580.28,119,56.28763,27.240772,9.0
2023-09-16,31.9,44303.21,0.5,0.0,70,1002.6,1001.6,34.3,29.9,17,14.2,0.5,38543.06,121,56.28763,27.240772,9.0
2023-09-17,32.4,44208.14,0.0,0.0,70,1001.3,1000.3,35.4,29.0,12,15.2,0.0,39321.44,150,56.28763,27.240772,9.0
2023-09-18,34.1,44112.62,0.0,0.0,64,1000.3,999.3,38.9,28.6,60,20.1,0.0,38552.75,205,56.28763,27.240772,9.0
2023-09-19,33.7,44016.7,0.0,0.0,70,1003.2,1002.2,38.5,29.4,50,16.2,0.0,38657.73,150,56.28763,27.240772,9.0
2023-09-20,34.9,43920.45,0.0,0.0,60,1004.0,1003.0,39.6,30.7,20,18.7,0.0,38560.75,167,56.28763,27.240772,9.0
2023-09-21,35.7,43823.93,0.0,0.0,56,1003.3,1002.3,42.0,30.5,19,21.2,0.0,38812.84,175,56.28763,27.240772,9.0
2023-09-22,35.7,43727.2,0.0,0.0,45,1003.8,1002.8,42.6,30.5,22,20.3,0.0,38960.65,198,56.28763,27.240772,9.0
2023-09-23,35.0,43630.32,0.0,0.0,35,1005.4,1004.4,39.5,29.7,18,21.8,0.0,38665.67,131,56.28763,27.240772,9.0
2023-09-24,34.1,43533.36,0.0,0.0,37,1006.0,1005.0,39.3,29.8,3,24.0,0.0,38665.16,101,56.28763,27.240772,9.0
2023-09-25,33.9,43436.36,0.0,0.0,28,1005.3,1004.3,39.4,29.2,0,20.9,0.0,38520.46,90,56.28763,27.240772,9.0
2023-09-26,33.6,43339.4,0.0,0.0,28,1006.5,1005.5,40.0,28.2,0,20.9,0.0,38519.34,79,56.28763,27.240772,9.0
2023-09-27,32.2,43242.54,0.0,0.0,43,1008.0,1007.0,37.1,27.3,0,19.1,0.0,38117.95,121,56.28763,27.240772,9.0
2023-09-28,32.4,43145.83,0.0,0.0,52,1007.8,1006.8,36.6,27.2,4,14.0,0.0,37842.78,144,56.28763,27.240772,9.0
2023-09-29,33.2,43049.33,0.0,0.0,51,1007.4,1006.4,39.9,27.9,0,20.9,0.0,37728.29,146,56.28763,27.240772,9.0
2023-09-30,33.7,42953.11,0.0,0.0,30,1008.0,1007.0,40.8,27.6,0,27.7,0.0,37848.2,73,56.28763,27.240772,9.0
2023-10-01,31.8,42857.23,0.0,0.0,55,1007.1,1006.1,36.3,26.7,0,16.0,0.0,37468.17,198,56.28763,27.240772,9.0
2023-10-02,32.3,42761.75,0.0,0.0,61,1007.4,1006.4,36.8,27.3,1,23.1,0.0,37227.24,206,56.28763,27.240772,9.0
2023-10-03,32.1,42666.73,0.0,0.0,64,1008.6,1007.6,36.9,27.3,1,21.3,0.0,37218.65,165,56.28763,27.240772,9.0
2023-10-04,33.0,42572.23,0.0,0.0,63,1008.9,1007.9,38.5,27.2,1,17.9,0.0,36985.37,194,56.28763,27.240772,9.0
2023-10-05,32.9,42478.19,0.0,0.0,69,1007.2,1006.2,39.2,27.3,5,25.6,0.0,36868.76,201,56.28763,27.240772,9.0
2023-10-06,34.3,42383.94,0.0,0.0,54,1005.1,1004.1,42.3,27.9,7,17.0,0.0,36715.18,68,56.28763,27.240772,9.0
2023-10-07,33.9,42289.41,0.0,0.0,38,1007.6,1006.6,40.8,27.7,0,21.3,0.0,36995.68,81,56.28763,27.240772,9.0
2023-10-08,32.9,42194.66,0.0,0.0,47,1009.3,1008.3,39.0,27.0,0,16.4,0.0,36775.06,104,56.28763,27.240772,9.0
2023-10-09,31.7,42099.78,0.0,0.0,68,1010.0,1009.0,36.4,27.3,6,20.9,0.0,36443.88,178,56.28763,27.240772,9.0
2023-10-10,31.2,42004.83,0.0,0.0,74,1010.1,1009.1,35.7,27.0,12,18.7,0.0,35189.39,200,56.28763,27.240772,9.0
2023-10-11,31.6,41909.88,0.0,0.0,68,1010.0,1009.0,37.0,27.1,8,17.9,0.0,36274.15,211,56.28763,27.240772,9.0
2023-10-12,32.4,41815.0,0.0,0.0,57,1010.6,1009.6,38.5,26.5,2,20.4,0.0,36261.69,209,56.28763,27.240772,9.0
2023-10-13,32.1,41720.25,0.0,0.0,61,1010.9,1009.9,37.7,26.1,3,16.9,0.0,36181.97,128,56.28763,27.240772,9.0
2023-10-14,30.9,41625.72,0.0,0.0,71,1010.7,1009.6,34.8,27.1,3,16.5,0.0,36086.5,132,56.28763,27.240772,9.0
2023-10-15,30.6,41531.47,0.0,0.0,72,1008.5,1007.5,34.7,26.7,21,18.5,0.0,34439.82,124,56.28763,27.240772,9.0
2023-10-16,30.6,41437.58,0.0,0.0,69,1008.9,1007.8,34.6,26.4,6,21.3,0.0,36007.25,147,56.28763,27.240772,9.0
2023-10-17,30.5,41344.12,0.0,0.0,68,1010.2,1009.2,34.2,26.5,2,18.8,0.0,36000.0,151,56.28763,27.240772,9.0
2023-10-18,30.0,41251.17,0.3,0.0,75,1012.8,1011.7,33.6,26.7,9,17.1,0.3,36000.0,168,56.28763,27.240772,9.0
2023-10-19,29.1,41158.8,1.8,0.0,78,1013.6,1012.6,31.7,26.5,17,14.6,1.8,36000.0,89,56.28763,27.240772,9.0
2023-10-20,29.3,41067.08,0.0,0.0,77,1013.0,1012.0,32.8,26.4,10,16.6,0.0,36000.0,119,56.28763,27.240772,9.0
2023-10-21,28.6,40976.1,0.4,0.0,77,1013.6,1012.5,31.9,26.3,22,16.7,0.4,36000.0,51,56.28763,27.240772,9.0
2023-10-22,28.4,40885.94,3.4,0.0,76,1014.3,1013.2,31.4,26.1,19,15.8,3.4,36000.0,55,56.28763,27.240772,9.0
2023-10-23,28.8,40796.67,0.0,0.0,71,1013.6,1012.5,32.5,25.5,11,13.1,0.0,36000.0,40,56.28763,27.240772,9.0
2023-10-24,28.7,40708.38,0.0,0.0,69,1012.7,1011.6,33.2,25.2,14,13.0,0.0,36000.0,76,56.28763,27.240772,9.0
2023-10-25,28.9,40621.01,0.0,0.0,74,1014.0,1013.0,32.7,24.8,19,16.2,0.0,34219.98,97,56.28763,27.240772,9.0
2023-10-26,27.1,40533.8,9.3,0.0,73,1015.5,1014.4,31.0,21.1,51,23.0,9.3,31464.58,227,56.28763,27.240772,9.0
2023-10-27,25.8,40446.71,0.0,0.0,69,1013.6,1012.5,29.2,22.1,24,10.8,0.0,34048.6,319,56.28763,27.240772,9.0
2023-10-28,27.3,40359.82,0.0,0.0,61,1012.7,1011.6,31.0,23.3,4,12.6,0.0,36000.0,297,56.28763,27.240772,9.0
2023-10-29,28.1,40273.2,0.0,0.0,60,1013.0,1011.9,32.1,23.4,25,12.1,0.0,36000.0,72,56.28763,27.240772,9.0
2023-10-30,28.6,40186.93,0.0,0.0,66,1013.3,1012.2,32.7,23.4,41,14.5,0.0,35613.12,157,56.28763,27.240772,9.0
2023-10-31,28.8,40101.1,0.2,0.0,65,1014.1,1013.1,33.4,24.4,5,13.4,0.2,36000.0,51,56.28763,27.240772,9.0
2023-11-01,28.5,40015.8,0.0,0.0,68,1015.4,1014.4,32.3,24.8,22,13.6,0.0,36000.0,76,56.28763,27.240772,9.0
2023-11-02,29.2,39931.11,0.0,0.0,51,1014.4,1013.3,33.7,24.5,36,15.2,0.0,36000.0,246,56.28763,27.240772,9.0
2023-11-03,28.5,39847.11,0.0,0.0,60,1011.8,1010.7,34.1,23.5,16,15.9,0.0,36000.0,220,56.28763,27.240772,9.0
2023-11-04,28.2,39763.91,0.0,0.0,63,1010.5,1009.5,32.5,24.2,18,20.7,0.0,36000.0,114,56.28763,27.240772,9.0
2023-11-05,24.9,39681.58,10.6,0.0,71,1012.1,1011.1,28.5,20.4,30,29.9,10.6,36000.0,40,56.28763,27.240772,9.0
2023-11-06,25.2,39600.22,0.0,0.0,61,1013.5,1012.5,29.6,20.6,7,14.3,0.0,36000.0,49,56.28763,27.240772,9.0
2023-11-07,25.6,39519.93,0.3,0.0,59,1013.2,1012.2,29.0,21.8,9,12.5,0.3,36000.0,69,56.28763,27.240772,9.0
2023-11-08,26.1,39440.79,0.0,0.0,57,1014.0,1012.9,30.4,21.4,4,11.5,0.0,36000.0,58,56.28763,27.240772,9.0
2023-11-09,27.4,39362.91,0.0,0.0,38,1016.1,1015.1,33.4,22.3,2,17.4,0.0,36000.0,39,56.28763,27.240772,9.0
2023-11-10,27.3,39286.39,0.0,0.0,34,1017.2,1016.2,33.1,21.6,0,15.5,0.0,36000.0,40,56.28763,27.240772,9.0
2023-11-11,26.7,39211.31,0.0,0.0,32,1018.2,1017.2,33.7,20.7,56,13.3,0.0,36000.0,37,56.28763,27.240772,9.0
2023-11-12,26.3,39137.79,0.0,0.0,41,1018.5,1017.4,32.0,19.6,60,12.8,0.0,34259.63,27,56.28763,27.240772,9.0
2023-11-13,25.8,39065.93,0.0,0.0,39,1016.7,1015.7,31.9,18.7,49,12.8,0.0,32400.0,2,56.28763,27.240772,9.0
2023-11-14,25.0,38995.68,0.0,0.0,43,1015.4,1014.4,30.5,19.0,5,11.9,0.0,35998.77,46,56.28763,27.240772,9.0
2023-11-15,25.4,38926.33,2.2,0.0,57,1015.7,1014.7,29.3,20.2,46,17.6,2.2,35970.83,55,56.28763,27.240772,9.0
2023-11-16,22.2,38857.82,25.1,0.0,82,1017.0,1015.9,24.1,20.2,88,19.2,25.1,294.98,24,56.28763,27.240772,9.0
2023-11-17,21.4,38790.22,3.3,0.0,87,1016.7,1015.6,22.9,19.5,52,11.6,3.3,18931.59,47,56.28763,27.240772,9.0
2023-11-18,22.2,38723.62,0.0,0.0,83,1016.1,1015.0,25.9,19.3,6,11.5,0.0,35813.23,26,56.28763,27.240772,9.0
2023-11-19,23.0,38658.11,0.0,0.0,73,1015.4,1014.3,27.6,19.5,17,10.5,0.0,35742.05,350,56.28763,27.240772,9.0
2023-11-20,22.7,38593.76,2.2,0.0,76,1015.3,1014.3,26.5,19.5,62,15.3,2.2,29859.08,50,56.28763,27.240772,9.0
2023-11-21,22.7,38530.66,8.1,0.0,84,1015.9,1014.9,25.5,20.0,37,19.7,8.1,32857.37,38,56.28763,27.240772,9.0
2023-11-22,23.6,38468.91,0.0,0.0,68,1015.8,1014.7,29.3,20.0,1,17.2,0.0,35535.92,341,56.28763,27.240772,9.0
2023-11-23,23.6,38408.58,0.0,0.0,53,1014.1,1013.0,27.6,19.8,26,21.9,0.0,35470.01,40,56.28763,27.240772,9.0
2023-11-24,22.2,38349.76,0.4,0.0,61,1011.9,1010.8,26.6,18.4,73,14.4,0.4,21984.36,18,56.28763,27.240772,9.0
2023-11-25,21.4,38292.55,0.0,0.0,69,1014.4,1013.4,25.5,17.3,3,12.9,0.0,35342.99,10,56.28763,27.240772,9.0
2023-11-26,22.4,38237.04,0.0,0.0,65,1015.7,1014.6,27.3,18.0,92,12.3,0.0,33929.48,326,56.28763,27.240772,9.0
2023-11-27,22.9,38183.3,0.0,0.0,67,1013.4,1012.3,27.1,18.3,8,16.3,0.0,35223.06,316,56.28763,27.240772,9.0
2023-11-28,23.2,38131.45,0.0,0.0,75,1013.1,1012.1,27.0,19.1,26,17.2,0.0,35166.02,43,56.28763,27.240772,9.0
2023-11-29,24.0,38081.56,0.0,0.0,72,1014.5,1013.4,27.3,20.4,26,19.7,0.0,35111.06,44,56.28763,27.240772,9.0
2023-11-30,23.8,38033.73,0.2,0.0,70,1016.1,1015.1,27.2,19.9,7,15.1,0.2,35058.31,47,56.28763,27.240772,9.0
2023-12-01,23.5,37988.07,0.0,0.0,68,1016.5,1015.5,28.0,18.8,1,11.1,0.0,35007.85,300,56.28763,27.240772,9.0
2023-12-02,23.6,37944.64,0.0,0.0,64,1016.4,1015.3,28.0,18.3,1,11.4,0.0,34959.81,41,56.28763,27.240772,9.0
2023-12-03,24.0,37903.57,0.0,0.0,53,1017.8,1016.8,29.7,18.8,0,11.9,0.0,34914.29,358,56.28763,27.240772,9.0
2023-12-04,24.4,37864.83,0.0,0.0,40,1017.9,1016.8,31.1,17.9,44,13.3,0.0,34871.45,21,56.28763,27.240772,9.0
2023-12-05,23.6,37827.97,0.0,0.0,39,1016.5,1015.4,30.0,18.5,20,13.3,0.0,33971.66,16,56.28763,27.240772,9.0
2023-12-06,23.0,37792.94,0.0,0.0,35,1016.4,1015.4,29.6,16.3,0,13.8,0.0,34792.29,4,56.28763,27.240772,9.0
2023-12-07,22.2,37759.77,0.0,0.0,45,1016.0,1014.9,27.6,16.1,0,15.0,0.0,34755.67,4,56.28763,27.240772,9.0
2023-12-08,22.4,37728.51,0.0,0.0,51,1016.4,1015.3,27.2,17.2,12,13.2,0.0,34721.11,37,56.28763,27.240772,9.0
2023-12-09,24.0,37699.19,0.0,0.0,27,1017.4,1016.4,30.0,17.4,55,19.2,0.0,34688.65,42,56.28763,27.240772,9.0
2023-12-10,22.1,37671.85,0.0,0.0,28,1016.4,1015.3,28.6,15.1,9,15.8,0.0,34658.32,287,56.28763,27.240772,9.0
2023-12-11,22.5,37646.53,0.0,0.0,28,1015.9,1014.9,28.8,15.8,63,10.8,0.0,34630.19,348,56.28763,27.240772,9.0
2023-12-12,22.5,37623.28,0.0,0.0,23,1013.9,1012.9,29.1,16.6,71,12.5,0.0,34604.28,330,56.28763,27.240772,9.0
2023-12-13,21.5,37602.12,0.0,0.0,48,1013.7,1012.7,26.9,14.9,76,15.6,0.0,34458.8,270,56.28763,27.240772,9.0
2023-12-14,22.1,37583.1,0.1,0.0,54,1013.3,1012.2,26.5,18.4,16,26.3,0.1,34559.32,227,56.28763,27.240772,9.0
2023-12-15,20.9,37566.24,0.0,0.0,42,1016.6,1015.6,25.2,17.1,0,12.4,0.0,34540.37,27,56.28763,27.240772,9.0
2023-12-16,20.9,37551.6,0.0,0.0,35,1021.1,1020.1,26.4,15.6,0,22.1,0.0,34523.82,47,56.28763,27.240772,9.0
2023-12-17,20.4,37539.2,0.0,0.0,31,1021.0,1019.9,25.7,14.4,0,16.4,0.0,34509.71,33,56.28763,27.240772,9.0
2023-12-18,20.6,37529.07,0.0,0.0,32,1019.3,1018.2,26.1,14.8,3,11.9,0.0,34498.09,318,56.28763,27.240772,9.0
2023-12-19,21.2,37521.26,0.0,0.0,48,1019.3,1018.2,26.1,16.4,78,14.4,0.0,33580.66,40,56.28763,27.240772,9.0
2023-12-20,21.0,37515.79,0.0,0.0,51,1019.2,1018.1,25.0,16.5,18,11.6,0.0,34005.87,34,56.28763,27.240772,9.0
2023-12-21,20.6,37512.7,0.0,0.0,50,1017.4,1016.3,25.0,16.1,1,15.8,0.0,34021.24,251,56.28763,27.240772,9.0
2023-12-22,20.4,37512.02,0.0,0.0,50,1016.5,1015.5,25.5,14.9,60,12.2,0.0,34014.41,350,56.28763,27.240772,9.0
2023-12-23,20.9,37513.77,0.0,0.0,50,1016.8,1015.7,25.1,15.3,70,17.2,0.0,32918.63,307,56.28763,27.240772,9.0
2023-12-24,21.5,37517.99,0.0,0.0,61,1019.1,1018.1,26.2,17.2,55,18.0,0.0,33481.84,227,56.28763,27.240772,9.0
2023-12-25,22.2,37524.71,0.0,0.0,63,1018.8,1017.7,26.7,17.1,58,21.4,0.0,33350.18,237,56.28763,27.240772,9.0
2023-12-26,21.9,37533.9,0.0,0.0,60,1018.3,1017.2,27.2,16.6,0,13.6,0.0,33731.91,54,56.28763,27.240772,9.0
2023-12-27,24.1,37545.53,0.0,0.0,39,1018.6,1017.5,30.2,17.6,0,12.0,0.0,33727.07,42,56.28763,27.240772,9.0
2023-12-28,22.4,37559.54,0.0,0.0,44,1016.7,1015.7,27.8,17.3,25,12.6,0.0,33722.21,65,56.28763,27.240772,9.0
2023-12-29,21.9,37575.89,0.0,0.0,70,1016.9,1015.9,25.7,17.2,16,13.2,0.0,33466.75,66,56.28763,27.240772,9.0
2023-12-30,23.3,37594.54,0.0,0.0,47,1017.2,1016.1,29.4,18.7,20,17.1,0.0,33463.57,52,56.28763,27.240772,9.0
2023-12-31,23.4,37615.45,0.0,0.0,32,1016.5,1015.5,28.5,17.8,57,12.6,0.0,33089.21,37,56.28763,27.240772,9.0
2024-01-01,22.9,37638.57,0.0,0.0,55,1016.1,1015.0,27.1,19.2,5,16.8,0.0,33334.27,59,56.28763,27.240772,9.0
2024-01-02,21.8,37663.86,0.0,0.0,60,1015.9,1014.8,26.9,17.5,1,22.2,0.0,33331.9,46,56.28763,27.240772,9.0
2024-01-03,21.7,37691.27,0.0,0.0,56,1013.7,1012.6,25.8,17.0,11,17.6,0.0,33451.28,243,56.28763,27.240772,9.0
2024-01-04,21.0,37720.75,0.0,0.0,54,1013.9,1012.8,25.3,17.5,3,18.8,0.0,33327.3,22,56.28763,27.240772,9.0
2024-01-05,21.3,37752.27,0.0,0.0,47,1015.8,1014.7,25.6,15.9,1,14.6,0.0,33325.14,269,56.28763,27.240772,9.0
2024-01-06,21.1,37785.75,0.0,0.0,53,1016.0,1014.9,26.0,15.7,0,20.9,0.0,33323.08,251,56.28763,27.240772,9.0
2024-01-07,20.3,37821.18,0.0,0.0,52,1018.4,1017.3,24.9,15.0,7,18.1,0.0,33321.16,36,56.28763,27.240772,9.0
2024-01-08,20.3,37858.5,0.0,0.0,31,1021.0,1020.0,25.5,14.3,0,12.0,0.0,33438.84,7,56.28763,27.240772,9.0
2024-01-09,18.9,37897.64,0.0,0.0,27,1020.4,1019.3,24.7,12.0,4,13.2,0.0,33556.16,351,56.28763,27.240772,9.0
2024-01-10,18.7,37938.59,0.0,0.0,41,1019.3,1018.2,23.9,12.0,33,15.9,0.0,32771.23,319,56.28763,27.240772,9.0
2024-01-11,18.6,37981.27,0.0,0.0,54,1017.1,1016.1,23.8,12.7,51,18.1,0.0,32958.34,297,56.28763,27.240772,9.0
2024-01-12,19.0,38025.64,0.0,0.0,61,1015.9,1014.9,23.7,13.2,47,18.9,0.0,32400.0,273,56.28763,27.240772,9.0
2024-01-13,20.3,38071.77,0.0,0.0,54,1016.1,1015.1,25.7,13.9,75,22.9,0.0,33194.17,249,56.28763,27.240772,9.0
2024-01-14,21.0,38120.15,0.0,0.0,56,1016.2,1015.2,26.9,14.6,79,16.1,0.0,32955.25,130,56.28763,27.240772,9.0
2024-01-15,21.7,38170.8,0.0,0.0,63,1015.6,1014.6,29.0,15.7,55,28.6,0.0,33145.22,228,56.28763,27.240772,9.0
2024-01-16,22.6,38223.62,0.0,0.0,63,1013.1,1012.0,30.7,16.0,47,25.9,0.0,33191.75,204,56.28763,27.240772,9.0
2024-01-17,22.3,38278.51,0.0,0.0,60,1012.5,1011.4,28.0,17.3,22,17.3,0.0,33131.9,78,56.28763,27.240772,9.0
2024-01-18,22.0,38335.35,0.0,0.0,59,1014.3,1013.3,27.1,15.9,30,15.6,0.0,33457.27,237,56.28763,27.240772,9.0
2024-01-19,20.7,38394.08,3.3,0.0,70,1016.6,1015.5,24.7,17.2,15,15.4,3.3,33069.06,79,56.28763,27.240772,9.0
2024-01-20,22.0,38454.57,0.0,0.0,44,1018.7,1017.6,27.8,16.4,62,18.1,0.0,33446.75,52,56.28763,27.240772,9.0
2024-01-21,20.8,38516.75,0.0,0.0,53,1017.4,1016.4,25.8,15.3,2,17.9,0.0,33662.49,243,56.28763,27.240772,9.0
2024-01-22,20.7,38580.52,0.0,0.0,54,1019.1,1018.0,25.6,15.4,2,14.1,0.0,33639.5,32,56.28763,27.240772,9.0
2024-01-23,20.8,38645.78,0.0,0.0,48,1018.7,1017.7,26.3,14.9,11,15.1,0.0,33514.08,256,56.28763,27.240772,9.0
2024-01-24,20.3,38712.43,0.0,0.0,62,1016.9,1015.9,25.6,14.6,66,17.6,0.0,33171.55,236,56.28763,27.240772,9.0
2024-01-25,21.0,38780.4,0.0,0.0,70,1015.6,1014.5,25.8,15.5,84,21.2,0.0,33184.03,292,56.28763,27.240772,9.0
2024-01-26,21.8,38849.59,0.3,0.0,72,1015.6,1014.6,25.9,17.8,96,15.9,0.3,32683.82,63,56.28763,27.240772,9.0
2024-01-27,21.4,38919.91,10.3,0.0,79,1015.8,1014.8,24.7,18.5,98,18.1,10.3,31487.05,297,56.28763,27.240772,9.0
2024-01-28,21.1,38991.27,0.1,0.0,68,1014.9,1013.9,26.8,16.3,89,22.1,0.1,32596.21,182,56.28763,27.240772,9.0
2024-01-29,20.2,39063.59,0.0,0.0,60,1016.3,1015.2,24.2,16.3,86,14.5,0.0,33432.0,60,56.28763,27.240772,9.0
2024-01-30,21.0,39136.78,0.0,0.0,54,1016.1,1015.0,25.6,15.1,48,15.9,0.0,32919.62,44,56.28763,27.240772,9.0
2024-01-31,22.1,39210.76,0.0,0.0,67,1015.5,1014.4,26.3,18.0,27,14.0,0.0,33952.22,68,56.28763,27.240772,9.0
2024-02-01,21.5,39285.45,0.8,0.0,52,1013.9,1012.9,25.5,18.7,53,15.4,0.8,33558.64,68,56.28763,27.240772,9.0
2024-02-02,20.1,39360.89,7.2,0.0,73,1011.8,1010.7,24.3,16.0,74,28.8,7.2,24303.46,250,56.28763,27.240772,9.0
2024-02-03,18.0,39437.87,0.0,0.0,45,1015.1,1014.0,23.3,13.4,21,22.4,0.0,34574.5,248,56.28763,27.240772,9.0
2024-02-04,17.3,39516.4,0.0,0.0,46,1017.6,1016.6,22.3,12.1,6,16.3,0.0,35105.87,43,56.28763,27.240772,9.0
2024-02-05,17.8,39596.39,0.0,0.0,38,1016.8,1015.7,23.5,12.0,52,17.2,0.0,33133.21,226,56.28763,27.240772,9.0
2024-02-06,18.8,39677.73,0.0,0.0,27,1016.9,1015.8,24.7,12.2,0,22.3,0.0,35508.36,271,56.28763,27.240772,9.0
2024-02-07,18.3,39760.32,0.0,0.0,49,1020.2,1019.1,23.7,11.5,0,13.0,0.0,35513.71,72,56.28763,27.240772,9.0
2024-02-08,19.1,39844.07,0.0,0.0,57,1020.2,1019.2,23.6,13.2,1,17.1,0.0,35380.95,255,56.28763,27.240772,9.0
2024-02-09,19.4,39928.89,0.0,0.0,59,1019.0,1018.0,23.9,13.3,0,17.4,0.0,35383.01,228,56.28763,27.240772,9.0
2024-02-10,19.9,40014.66,0.0,0.0,51,1019.5,1018.4,24.4,13.6,71,11.8,0.0,34158.43,43,56.28763,27.240772,9.0
2024-02-11,18.7,40101.32,1.3,0.0,64,1019.8,1018.8,21.9,15.4,94,13.4,1.3,243.37,52,56.28763,27.240772,9.0
2024-02-12,20.0,40188.75,0.4,0.0,58,1017.9,1016.8,23.2,15.6,74,16.7,0.4,6847.1,38,56.28763,27.240772,9.0
2024-02-13,21.3,40276.88,0.0,0.0,54,1018.6,1017.5,28.0,14.8,0,15.8,0.0,36227.47,23,56.28763,27.240772,9.0
2024-02-14,22.0,40365.6,0.0,0.0,67,1019.4,1018.4,26.4,16.7,4,14.2,0.0,36230.8,202,56.28763,27.240772,9.0
2024-02-15,22.3,40454.84,0.4,0.0,77,1019.1,1018.1,25.8,18.8,50,17.4,0.4,34506.07,148,56.28763,27.240772,9.0
2024-02-16,23.0,40544.51,0.2,0.0,82,1018.1,1017.1,26.8,19.6,76,16.9,0.2,30602.76,93,56.28763,27.240772,9.0
2024-02-17,23.8,40634.52,0.2,0.0,73,1014.2,1013.2,27.5,19.4,46,19.4,0.2,29636.36,202,56.28763,27.240772,9.0
2024-02-18,22.8,40724.79,0.0,0.0,59,1008.9,1007.8,30.0,16.2,5,38.8,0.0,37108.87,226,56.28763,27.240772,9.0
2024-02-19,20.7,40815.24,0.0,0.0,63,1011.8,1010.8,25.3,15.9,0,20.3,0.0,37702.03,97,56.28763,27.240772,9.0
2024-02-20,21.0,40905.79,0.0,0.0,54,1012.6,1011.5,26.1,16.5,0,30.7,0.0,37903.36,188,56.28763,27.240772,9.0
2024-02-21,21.5,40996.34,0.0,0.0,49,1014.8,1013.7,27.2,15.9,8,20.4,0.0,37958.79,32,56.28763,27.240772,9.0
2024-02-22,21.9,41086.98,0.0,0.0,46,1016.9,1015.9,27.4,16.5,0,19.3,0.0,38307.52,82,56.28763,27.240772,9.0
2024-02-23,21.0,41178.45,0.0,0.0,66,1016.4,1015.3,25.9,15.2,7,23.8,0.0,38331.56,206,56.28763,27.240772,9.0
2024-02-24,22.4,41270.84,0.0,0.0,66,1014.4,1013.3,26.4,17.1,53,14.5,0.0,35324.16,159,56.28763,27.240772,9.0
2024-02-25,20.6,41364.05,30.3,0.0,78,1009.6,1008.5,24.3,17.2,76,17.1,30.3,12436.85,33,56.28763,27.240772,9.0
2024-02-26,19.8,41458.0,4.3,0.0,78,1009.9,1008.8,23.3,16.8,53,20.6,4.3,29711.92,53,56.28763,27.240772,9.0
2024-02-27,19.6,41552.63,0.0,0.0,71,1014.2,1013.2,23.7,16.2,10,14.8,0.0,38605.44,59,56.28763,27.240772,9.0
2024-02-28,19.1,41647.84,0.0,0.0,71,1013.7,1012.6,23.1,15.8,32,12.9,0.0,27309.45,50,56.28763,27.240772,9.0
2024-02-29,19.1,41743.56,0.0,0.0,58,1010.6,1009.5,24.6,12.3,3,32.6,0.0,38988.82,200,56.28763,27.240772,9.0
2024-03-01,13.7,41839.73,0.0,0.0,50,1017.7,1016.6,18.0,9.1,2,33.1,0.0,39088.11,65,56.28763,27.240772,9.0
2024-03-02,13.6,41936.26,0.0,0.0,46,1019.2,1018.1,18.3,8.4,4,16.9,0.0,39187.65,50,56.28763,27.240772,9.0
2024-03-03,16.0,42033.07,0.0,0.0,43,1016.7,1015.7,21.0,8.7,4,17.3,0.0,39252.98,55,56.28763,27.240772,9.0
2024-03-04,18.6,42130.1,5.7,0.0,63,1015.6,1014.5,22.2,13.1,75,15.2,5.7,24825.91,52,56.28763,27.240772,9.0
2024-03-05,18.7,42227.28,5.5,0.0,84,1014.3,1013.2,21.5,16.1,75,15.0,5.5,23954.17,73,56.28763,27.240772,9.0
2024-03-06,19.4,42324.53,0.6,0.0,82,1014.7,1013.6,23.0,15.5,26,16.9,0.6,39360.73,69,56.28763,27.240772,9.0
2024-03-07,20.1,42421.79,0.0,0.0,72,1014.9,1013.9,24.3,15.5,34,14.8,0.0,39395.95,147,56.28763,27.240772,9.0
2024-03-08,20.7,42518.97,0.0,0.0,77,1014.7,1013.7,24.4,16.2,40,13.3,0.0,38714.96,64,56.28763,27.240772,9.0
2024-03-09,20.6,42616.01,17.1,0.0,84,1014.4,1013.3,22.9,17.7,53,21.9,17.1,28388.97,67,56.28763,27.240772,9.0
2024-03-10,20.4,42712.84,0.7,0.0,82,1015.5,1014.4,24.2,17.0,32,19.5,0.7,39499.75,196,56.28763,27.240772,9.0
2024-03-11,21.0,42809.39,0.1,0.0,81,1016.6,1015.6,25.0,17.4,30,12.3,0.1,39187.29,97,56.28763,27.240772,9.0
2024-03-12,21.6,42905.6,0.0,0.0,76,1015.9,1014.8,25.6,17.4,8,17.3,0.0,39567.59,68,56.28763,27.240772,9.0
2024-03-13,22.7,43001.51,0.0,0.0,57,1018.5,1017.5,27.9,17.8,0,21.1,0.0,39600.0,58,56.28763,27.240772,9.0
2024-03-14,22.5,43097.84,0.0,0.0,60,1017.5,1016.5,27.9,17.5,21,15.0,0.0,39600.0,74,56.28763,27.240772,9.0
2024-03-15,22.2,43194.65,0.0,0.0,62,1016.0,1015.0,27.2,17.3,93,13.3,0.0,15119.83,56,56.28763,27.240772,9.0
2024-03-16,23.5,43291.87,0.0,0.0,69,1014.2,1013.1,28.2,18.6,58,16.1,0.0,38306.31,84,56.28763,27.240772,9.0
2024-03-17,24.6,43389.44,0.0,0.0,68,1013.5,1012.4,29.9,19.7,63,18.2,0.0,32568.51,89,56.28763,27.240772,9.0
2024-03-18,25.3,43487.3,0.0,0.0,67,1013.7,1012.6,29.6,20.8,82,15.8,0.0,33450.36,96,56.28763,27.240772,9.0
2024-03-19,26.1,43585.39,0.0,0.0,61,1013.5,1012.4,29.5,22.1,94,12.6,0.0,26633.33,110,56.28763,27.240772,9.0
2024-03-20,26.9,43683.64,0.0,0.0,62,1012.1,1011.1,31.1,22.0,18,17.0,0.0,39600.0,163,56.28763,27.240772,9.0
2024-03-21,25.4,43781.98,0.0,0.0,69,1011.5,1010.4,30.9,20.1,3,27.2,0.0,39600.0,180,56.28763,27.240772,9.0
2024-03-22,26.5,43880.36,0.0,0.0,52,1009.3,1008.3,32.8,19.6,66,23.8,0.0,39312.93,233,56.28763,27.240772,9.0
2024-03-23,26.8,43978.71,0.1,0.0,51,1010.2,1009.1,31.3,22.3,86,28.0,0.1,26518.33,216,56.28763,27.240772,9.0
2024-03-24,26.9,44076.97,0.0,0.0,58,1011.2,1010.2,30.7,22.1,99,13.0,0.0,17978.57,125,56.28763,27.240772,9.0
2024-03-25,28.1,44175.08,0.1,0.0,49,1011.4,1010.3,32.7,24.4,99,23.3,0.1,10835.34,245,56.28763,27.240772,9.0
2024-03-26,25.0,44272.96,0.2,0.0,61,1011.9,1010.8,30.4,20.0,55,35.2,0.2,38985.43,211,56.28763,27.240772,9.0
2024-03-27,23.1,44370.57,0.0,0.0,63,1014.7,1013.7,28.1,18.7,42,29.5,0.0,38990.45,218,56.28763,27.240772,9.0
2024-03-28,23.1,44467.82,0.0,0.0,68,1011.8,1010.8,28.1,18.2,22,25.8,0.0,39600.0,200,56.28763,27.240772,9.0
2024-03-29,23.8,44564.66,0.1,0.0,64,1010.8,1009.8,27.3,19.7,15,16.3,0.1,39600.0,106,56.28763,27.240772,9.0
2024-03-30,26.9,44661.01,0.0,0.0,32,1014.2,1013.2,33.3,21.4,45,20.8,0.0,39618.37,66,56.28763,27.240772,9.0
2024-03-31,25.7,44756.82,0.0,0.0,44,1014.9,1013.9,31.4,20.5,95,19.5,0.0,21533.79,218,56.28763,27.240772,9.0
2024-04-01,24.0,44852.01,0.0,0.0,72,1012.4,1011.3,29.1,20.1,51,24.8,0.0,32182.93,212,56.28763,27.240772,9.0
2024-04-02,24.3,44946.64,0.0,0.0,74,1010.5,1009.4,28.2,20.2,79,17.9,0.0,38538.15,175,56.28763,27.240772,9.0
2024-04-03,25.6,45041.38,0.0,0.0,65,1010.0,1008.9,31.1,20.7,54,20.2,0.0,39600.0,210,56.28763,27.240772,9.0
2024-04-04,25.2,45136.27,0.0,0.0,65,1011.2,1010.2,29.7,20.7,40,21.1,0.0,34010.38,171,56.28763,27.240772,9.0
2024-04-05,25.7,45231.25,0.0,0.0,65,1011.6,1010.5,31.4,20.2,5,20.2,0.0,40039.14,202,56.28763,27.240772,9.0
2024-04-06,26.0,45326.29,0.0,0.0,69,1010.4,1009.4,33.3,20.6,4,21.2,0.0,40030.27,207,56.28763,27.240772,9.0
2024-04-07,27.1,45421.29,0.0,0.0,55,1009.4,1008.4,33.9,20.6,39,15.3,0.0,40152.38,174,56.28763,27.240772,9.0
2024-04-08,28.1,45516.21,0.0,0.0,46,1009.2,1008.2,33.4,22.1,87,24.9,0.0,37632.48,187,56.28763,27.240772,9.0
2024-04-09,27.4,45610.98,0.0,0.0,56,1009.9,1008.9,30.7,23.8,100,12.4,0.0,8540.55,103,56.28763,27.240772,9.0
2024-04-10,28.4,45705.53,0.0,0.0,59,1008.1,1007.1,34.4,23.8,74,20.0,0.0,37717.41,153,56.28763,27.240772,9.0
2024-04-11,30.1,45799.8,0.0,0.0,49,1006.7,1005.7,36.0,24.1,34,27.4,0.0,40532.45,225,56.28763,27.240772,9.0
2024-04-12,28.2,45893.72,0.0,0.0,52,1005.0,1004.0,33.4,22.7,73,31.5,0.0,37584.22,199,56.28763,27.240772,9.0
2024-04-13,26.7,45987.22,0.0,0.0,55,1004.5,1003.5,32.9,22.2,47,33.2,0.0,39600.0,161,56.28763,27.240772,9.0
2024-04-14,25.8,46080.25,0.0,0.0,61,1007.0,1005.9,31.0,21.3,1,34.2,0.0,40945.52,182,56.28763,27.240772,9.0
2024-04-15,27.1,46172.71,4.0,0.0,57,1010.7,1009.7,33.4,21.1,43,25.3,4.0,40943.74,88,56.28763,27.240772,9.0
2024-04-16,22.0,46264.56,56.7,0.0,81,1008.3,1007.2,23.5,20.2,84,25.4,56.7,0.0,37,56.28763,27.240772,9.0
2024-04-17,22.0,46355.71,5.5,0.0,78,1007.3,1006.2,25.5,18.7,32,22.7,5.5,38128.21,236,56.28763,27.240772,9.0
2024-04-18,22.6,46446.09,0.5,0.0,83,1009.0,1007.9,27.0,18.7,34,20.7,0.5,40638.41,50,56.28763,27.240772,9.0
2024-04-19,24.0,46535.63,0.0,0.0,80,1008.3,1007.2,27.0,20.5,6,14.2,0.0,41382.77,134,56.28763,27.240772,9.0
2024-04-20,25.0,46624.25,0.6,0.0,74,1008.4,1007.4,28.1,21.2,20,14.1,0.6,36507.4,23,56.28763,27.240772,9.0
2024-04-21,25.8,46711.87,0.0,0.0,67,1008.9,1007.9,30.0,21.1,21,11.9,0.0,41230.35,152,56.28763,27.240772,9.0
2024-04-22,26.3,46798.54,0.0,0.0,66,1009.5,1008.5,30.8,21.4,17,12.9,0.0,41228.76,108,56.28763,27.240772,9.0
2024-04-23,27.6,46884.9,0.0,0.0,54,1006.4,1005.3,32.6,22.6,13,16.9,0.0,41072.08,74,56.28763,27.240772,9.0
2024-04-24,26.4,46971.0,0.0,0.0,64,1004.6,1003.6,29.9,21.5,27,16.8,0.0,42160.62,204,56.28763,27.240772,9.0
2024-04-25,25.7,47056.76,5.1,0.0,57,1006.7,1005.7,30.3,20.7,23,23.2,5.1,33394.34,17,56.28763,27.240772,9.0
2024-04-26,28.6,47142.13,0.0,0.0,41,1006.9,1005.8,33.5,21.7,3,20.8,0.0,42327.04,39,56.28763,27.240772,9.0
2024-04-27,29.8,47227.04,0.0,0.0,38,1008.2,1007.2,35.0,24.2,51,23.7,0.0,42490.95,82,56.28763,27.240772,9.0
2024-04-28,30.8,47311.41,0.0,0.0,33,1010.3,1009.2,36.6,24.2,36,25.5,0.0,42656.62,72,56.28763,27.240772,9.0
2024-04-29,31.4,47395.18,0.0,0.0,24,1011.1,1010.1,36.9,25.8,15,24.4,0.0,41373.06,101,56.28763,27.240772,9.0
2024-04-30,31.4,47478.27,0.0,0.0,34,1009.7,1008.7,36.4,25.3,18,17.3,0.0,41522.02,138,56.28763,27.240772,9.0
2024-05-01,31.7,47560.62,0.0,0.0,50,1006.7,1005.7,36.9,26.4,52,29.7,0.0,39327.84,147,56.28763,27.240772,9.0
2024-05-02,23.8,47642.15,19.3,0.0,79,1007.4,1006.4,27.6,21.7,72,19.5,19.3,0.0,309,56.28763,27.240772,9.0
2024-05-03,25.0,47722.79,0.0,0.0,77,1006.9,1005.8,29.2,21.1,6,29.2,0.0,42788.27,245,56.28763,27.240772,9.0
2024-05-04,26.8,47802.45,0.0,0.0,73,1008.3,1007.3,31.2,21.4,24,18.9,0.0,41655.59,233,56.28763,27.240772,9.0
2024-05-05,28.0,47881.06,0.0,0.0,69,1007.4,1006.4,33.4,23.0,1,21.9,0.0,42511.09,217,56.28763,27.240772,9.0
2024-05-06,29.2,47958.54,0.0,0.0,61,1007.2,1006.2,34.3,22.6,0,16.9,0.0,43200.0,132,56.28763,27.240772,9.0
2024-05-07,31.4,48034.81,0.0,0.0,50,1006.4,1005.4,37.7,23.8,3,32.8,0.0,43200.0,228,56.28763,27.240772,9.0
2024-05-08,34.2,48109.79,0.0,0.0,33,1005.0,1004.0,41.3,25.7,8,33.4,0.0,43200.0,232,56.28763,27.240772,9.0
2024-05-09,33.2,48183.39,0.0,0.0,34,1003.7,1002.6,42.6,25.1,0,33.5,0.0,43200.0,242,56.28763,27.240772,9.0
2024-05-10,30.5,48255.54,0.0,0.0,53,1006.4,1005.4,36.4,24.9,0,24.9,0.0,43200.0,162,56.28763,27.240772,9.0
2024-05-11,34.0,48326.14,0.0,0.0,30,1007.4,1006.4,42.1,24.8,29,18.9,0.0,43200.0,70,56.28763,27.240772,9.0
2024-05-12,33.9,48395.22,0.0,0.0,28,1007.5,1006.5,39.7,27.5,23,20.1,0.0,41466.66,106,56.28763,27.240772,9.0
2024-05-13,31.9,48463.32,0.0,0.0,43,1006.5,1005.5,37.8,26.5,0,18.9,0.0,43224.91,145,56.28763,27.240772,9.0
2024-05-14,33.6,48530.5,0.0,0.0,35,1006.9,1005.9,39.9,26.1,4,25.9,0.0,43200.0,204,56.28763,27.240772,9.0
2024-05-15,33.4,48596.7,0.0,0.0,42,1007.9,1006.9,39.0,28.3,2,23.7,0.0,43200.0,142,56.28763,27.240772,9.0
2024-05-16,32.9,48661.83,0.0,0.0,47,1008.2,1007.2,37.6,27.7,5,17.2,0.0,43200.0,123,56.28763,27.240772,9.0
2024-05-17,33.3,48725.86,0.0,0.0,48,1006.8,1005.8,38.5,27.4,8,17.4,0.0,43200.0,151,56.28763,27.240772,9.0
2024-05-18,33.4,48788.7,0.0,0.0,48,1004.3,1003.3,39.6,28.2,6,26.1,0.0,43200.0,178,56.28763,27.240772,9.0
2024-05-19,31.8,48850.3,0.0,0.0,57,1002.9,1001.9,37.8,25.5,1,27.2,0.0,43440.26,211,56.28763,27.240772,9.0
2024-05-20,31.2,48910.58,0.0,0.0,56,1004.4,1003.4,37.6,25.1,5,19.7,0.0,43435.69,211,56.28763,27.240772,9.0
2024-05-21,31.7,48969.48,0.0,0.0,50,1004.2,1003.2,37.1,25.3,15,18.4,0.0,43431.03,200,56.28763,27.240772,9.0
2024-05-22,32.0,49026.94,0.0,0.0,55,1002.5,1001.5,38.1,26.0,7,23.7,0.0,43295.92,187,56.28763,27.240772,9.0
2024-05-23,33.0,49082.88,0.0,0.0,49,1000.5,999.5,39.3,27.0,0,30.3,0.0,43421.45,152,56.28763,27.240772,9.0
2024-05-24,33.8,49137.22,0.0,0.0,45,999.9,998.9,39.3,28.1,0,23.7,0.0,43549.02,86,56.28763,27.240772,9.0
2024-05-25,35.2,49189.92,0.0,0.0,41,1000.3,999.3,43.3,27.7,0,17.4,0.0,43545.1,200,56.28763,27.240772,9.0
2024-05-26,35.1,49240.89,0.0,0.0,46,1001.6,1000.6,43.2,28.8,0,15.5,0.0,43406.65,157,56.28763,27.240772,9.0
2024-05-27,34.7,49290.05,0.0,0.0,48,1001.2,1000.2,41.3,28.0,1,18.8,0.0,43537.1,156,56.28763,27.240772,9.0
2024-05-28,35.3,49337.36,0.0,0.0,41,1000.3,999.3,42.2,28.4,0,22.3,0.0,43533.04,178,56.28763,27.240772,9.0
2024-05-29,34.9,49382.71,0.0,0.0,41,999.7,998.7,41.6,28.1,1,20.2,0.0,43528.97,149,56.28763,27.240772,9.0
2024-05-30,37.1,49426.07,0.0,0.0,29,1001.2,1000.2,44.0,28.8,0,19.2,0.0,43663.06,196,56.28763,27.240772,9.0
2024-05-31,38.3,49467.33,0.0,0.0,27,1001.9,1000.9,46.2,29.6,0,24.0,0.0,43659.86,182,56.28763,27.240772,9.0
2024-06-01,37.5,49506.51,0.0,0.0,34,1001.2,1000.2,44.6,31.9,0,24.5,0.0,43656.62,186,56.28763,27.240772,9.0
2024-06-02,36.3,49543.93,0.0,0.0,37,1000.4,999.4,42.4,30.5,0,15.7,0.0,43653.3,125,56.28763,27.240772,9.0
2024-06-03,34.1,49579.62,0.0,0.0,51,1001.6,1000.6,38.8,29.6,0,13.8,0.0,43649.88,107,56.28763,27.240772,9.0
2024-06-04,33.9,49613.57,0.0,0.0,61,1001.7,1000.7,38.6,29.3,1,18.9,0.0,43646.38,177,56.28763,27.240772,9.0
2024-06-05,33.1,49645.73,0.0,0.0,59,1001.7,1000.7,38.4,27.7,1,19.1,0.0,43785.77,198,56.28763,27.240772,9.0
2024-06-06,34.1,49676.08,0.0,0.0,46,1003.0,1002.0,40.5,27.3,0,21.1,0.0,43639.19,187,56.28763,27.240772,9.0
2024-06-07,34.8,49704.58,0.0,0.0,43,1002.1,1001.1,40.8,28.9,3,17.7,0.0,43635.53,125,56.28763,27.240772,9.0
2024-06-08,34.3,49731.21,1.1,0.0,49,1002.0,1001.0,38.7,29.8,10,20.5,1.1,43486.73,128,56.28763,27.240772,9.0
2024-06-09,35.3,49755.94,0.0,0.0,48,1002.4,1001.4,39.8,30.9,8,18.3,0.0,43444.58,172,56.28763,27.240772,9.0
2024-06-10,35.2,49778.73,0.0,0.0,52,1002.7,1001.7,40.6,29.6,7,22.3,0.0,43445.07,199,56.28763,27.240772,9.0
2024-06-11,35.1,49799.56,0.0,0.0,51,1001.9,1000.9,41.6,29.9,9,23.4,0.0,43594.04,186,56.28763,27.240772,9.0
2024-06-12,35.1,49818.4,0.0,0.0,54,1000.7,999.7,41.2,29.9,6,21.9,0.0,43469.78,203,56.28763,27.240772,9.0
2024-06-13,34.1,49835.22,0.0,0.0,60,999.1,998.1,39.6,29.8,6,20.5,0.0,43474.69,158,56.28763,27.240772,9.0
2024-06-14,34.8,49850.01,0.0,0.0,50,997.7,996.7,40.1,29.4,0,18.6,0.0,43759.01,210,56.28763,27.240772,9.0
2024-06-15,34.3,49862.72,0.0,0.0,56,998.8,997.8,39.2,29.3,6,16.5,0.0,43488.09,177,56.28763,27.240772,9.0
2024-06-16,34.7,49873.34,0.0,0.0,57,1000.3,999.3,38.8,29.9,4,17.9,0.0,43217.66,132,56.28763,27.240772,9.0
2024-06-17,37.6,49881.84,0.0,0.0,44,999.9,998.9,43.3,30.1,20,19.7,0.0,43397.36,178,56.28763,27.240772,9.0
2024-06-18,38.6,49888.18,0.0,0.0,41,999.0,998.0,44.5,33.5,57,23.3,0.0,36880.34,194,56.28763,27.240772,9.0
2024-06-19,38.9,49892.38,0.0,0.0,41,997.1,996.1,44.5,33.2,18,21.8,0.0,43288.8,166,56.28763,27.240772,9.0
2024-06-20,39.9,49894.36,0.0,0.0,26,996.0,995.1,46.6,31.3,6,21.3,0.0,43431.01,198,56.28763,27.240772,9.0
2024-06-21,40.4,49894.15,0.0,0.0,18,995.5,994.5,46.5,33.8,13,22.0,0.0,42596.93,152,56.28763,27.240772,9.0
2024-06-22,39.6,49891.7,0.0,0.0,23,996.2,995.2,46.6,34.1,8,23.8,0.0,43195.8,99,56.28763,27.240772,9.0
2024-06-23,36.3,49887.03,0.0,0.0,47,998.2,997.2,41.4,32.3,13,21.1,0.0,42420.62,127,56.28763,27.240772,9.0
2024-06-24,37.5,49880.17,0.0,0.0,47,996.8,995.8,42.5,31.7,19,17.3,0.0,42394.28,161,56.28763,27.240772,9.0
2024-06-25,37.1,49871.16,0.0,0.0,55,994.1,993.1,42.0,32.0,24,19.8,0.0,42277.18,175,56.28763,27.240772,9.0
2024-06-26,36.3,49860.02,0.0,0.0,57,993.0,992.0,42.9,31.0,6,19.7,0.0,42618.0,178,56.28763,27.240772,9.0
2024-06-27,35.5,49846.78,0.0,0.0,56,995.1,994.2,40.5,30.6,2,19.6,0.0,42884.75,191,56.28763,27.240772,9.0
2024-06-28,34.8,49831.47,0.0,0.0,64,994.9,994.0,39.3,30.8,66,19.1,0.0,42366.97,159,56.28763,27.240772,9.0
2024-06-29,35.0,49814.12,0.0,0.0,63,994.8,993.8,39.4,30.3,63,20.0,0.0,42521.4,179,56.28763,27.240772,9.0
2024-06-30,35.6,49794.77,0.0,0.0,56,995.3,994.3,42.2,30.6,15,25.4,0.0,42542.37,207,56.28763,27.240772,9.0
2024-07-01,35.4,49773.43,0.0,0.0,59,993.0,992.0,41.3,30.5,49,28.4,0.0,42427.7,218,56.28763,27.240772,9.0
2024-07-02,36.6,49750.16,0.0,0.0,49,991.4,990.4,42.8,31.0,15,24.7,0.0,40371.87,216,56.28763,27.240772,9.0
2024-07-03,37.0,49724.98,0.0,0.0,48,991.8,990.8,43.8,31.1,4,24.0,0.0,41643.45,210,56.28763,27.240772,9.0
2024-07-04,35.6,49697.93,0.0,0.0,62,994.3,993.4,41.7,30.3,12,22.1,0.0,42066.68,217,56.28763,27.240772,9.0
2024-07-05,35.7,49669.04,0.0,0.0,58,993.9,992.9,40.6,31.2,34,23.6,0.0,42090.29,220,56.28763,27.240772,9.0
2024-07-06,36.0,49638.34,0.0,0.0,58,993.0,992.1,40.8,30.6,39,22.8,0.0,41962.33,216,56.28763,27.240772,9.0
2024-07-07,38.3,49605.87,0.0,0.0,43,993.4,992.4,44.5,32.5,41,22.7,0.0,39970.48,204,56.28763,27.240772,9.0
2024-07-08,37.4,49571.66,0.0,0.0,50,995.8,994.8,44.1,33.1,21,22.7,0.0,42023.41,138,56.28763,27.240772,9.0
2024-07-09,34.9,49535.75,0.0,0.0,57,999.3,998.3,37.6,32.5,30,13.3,0.0,41610.25,103,56.28763,27.240772,9.0
2024-07-10,34.6,49498.18,0.0,0.0,62,1000.6,999.6,37.1,32.2,32,17.1,0.0,40767.85,125,56.28763,27.240772,9.0
2024-07-11,35.1,49458.91,0.2,0.0,67,998.4,997.4,38.6,32.5,43,18.6,0.2,40491.01,156,56.28763,27.240772,9.0
2024-07-12,35.8,49417.57,0.0,0.0,58,994.7,993.7,41.1,31.5,82,23.3,0.0,41394.0,184,56.28763,27.240772,9.0
2024-07-13,35.8,49374.18,0.0,0.0,56,993.9,992.9,40.5,31.3,47,17.8,0.0,41124.63,191,56.28763,27.240772,9.0
2024-07-14,36.0,49328.79,0.0,0.0,59,994.0,993.0,41.2,31.7,1,19.5,0.0,41297.8,168,56.28763,27.240772,9.0
2024-07-15,35.5,49281.49,0.0,0.0,62,995.4,994.4,40.1,31.5,4,18.0,0.0,41175.22,146,56.28763,27.240772,9.0
2024-07-16,35.2,49232.34,0.0,0.0,61,997.2,996.2,38.7,31.8,30,14.0,0.0,40513.76,122,56.28763,27.240772,9.0
2024-07-17,36.0,49181.43,0.0,0.0,62,996.1,995.1,38.4,32.5,42,17.9,0.0,40534.79,160,56.28763,27.240772,9.0
2024-07-18,36.4,49128.83,0.0,0.0,60,995.2,994.2,40.7,33.0,45,18.7,0.0,40344.7,194,56.28763,27.240772,9.0
2024-07-19,36.5,49074.59,0.0,0.0,57,993.0,992.1,39.8,32.7,5,15.8,0.0,41140.68,163,56.28763,27.240772,9.0
2024-07-20,35.8,49018.81,0.0,0.0,61,994.6,993.7,39.9,32.5,6,15.5,0.0,40860.65,132,56.28763,27.240772,9.0
2024-07-21,35.4,48961.54,0.0,0.0,60,995.3,994.3,39.0,32.1,25,16.0,0.0,40890.27,121,56.28763,27.240772,9.0
2024-07-22,35.3,48902.86,0.0,0.0,64,995.7,994.7,39.3,31.7,12,17.2,0.0,40762.44,131,56.28763,27.240772,9.0
2024-07-23,35.4,48842.84,0.0,0.0,68,994.8,993.8,39.1,32.2,35,20.5,0.0,40792.36,178,56.28763,27.240772,9.0
2024-07-24,35.6,48781.55,0.0,0.0,66,991.8,990.8,40.4,32.3,36,21.9,0.0,40823.04,210,56.28763,27.240772,9.0
2024-07-25,35.5,48719.04,0.0,0.0,66,991.3,990.3,40.4,31.0,11,21.9,0.0,41016.95,208,56.28763,27.240772,9.0
2024-07-26,36.0,48655.4,0.0,0.0,63,992.8,991.9,40.9,31.5,24,23.6,0.0,40915.34,202,56.28763,27.240772,9.0
2024-07-27,36.3,48590.68,0.0,0.0,61,994.0,993.0,42.1,32.5,70,29.7,0.0,39553.16,186,56.28763,27.240772,9.0
2024-07-28,36.1,48524.96,0.0,0.0,63,992.3,991.4,40.8,32.7,55,20.9,0.0,40765.71,191,56.28763,27.240772,9.0
2024-07-29,35.8,48458.3,0.0,0.0,62,992.8,991.8,39.8,32.7,38,19.1,0.0,40783.12,204,56.28763,27.240772,9.0
2024-07-30,34.8,48390.75,0.0,0.0,61,996.3,995.3,37.7,32.3,28,14.8,0.0,40792.95,124,56.28763,27.240772,9.0
2024-07-31,34.7,48322.29,0.0,0.0,67,997.1,996.2,37.0,32.0,50,18.3,0.0,40611.05,142,56.28763,27.240772,9.0
2024-08-01,35.2,48252.35,0.2,0.0,67,995.5,994.5,37.8,32.2,40,19.9,0.2,37393.98,150,56.28763,27.240772,9.0
2024-08-02,36.2,48180.9,0.0,0.0,64,992.9,991.9,41.0,32.6,67,20.4,0.0,36419.87,179,56.28763,27.240772,9.0
2024-08-03,35.0,48108.04,0.2,0.0,67,994.6,993.6,37.4,32.7,69,16.9,0.2,37528.65,152,56.28763,27.240772,9.0
2024-08-04,34.3,48033.84,0.9,0.0,76,994.9,993.9,36.8,32.3,65,19.1,0.9,36328.0,167,56.28763,27.240772,9.0
2024-08-05,33.6,47958.39,0.3,0.0,67,997.8,996.8,35.9,31.5,82,17.2,0.3,29615.85,145,56.28763,27.240772,9.0
2024-08-06,33.5,47881.76,3.1,0.0,72,997.8,996.8,36.4,31.6,92,21.5,3.1,24217.74,170,56.28763,27.240772,9.0
2024-08-07,33.1,47804.04,1.7,0.0,75,998.1,997.1,35.1,31.4,81,20.1,1.7,21172.25,164,56.28763,27.240772,9.0
2024-08-08,32.4,47725.3,0.1,0.0,73,999.8,998.8,35.1,30.5,37,18.4,0.1,28373.96,140,56.28763,27.240772,9.0
2024-08-09,32.5,47645.61,0.1,0.0,71,1002.0,1001.0,35.9,30.2,40,15.0,0.1,40478.18,126,56.28763,27.240772,9.0
2024-08-10,32.4,47565.07,0.0,0.0,70,1001.7,1000.7,35.1,30.3,61,16.8,0.0,39708.86,134,56.28763,27.240772,9.0
2024-08-11,32.9,47483.73,0.0,0.0,68,998.7,997.7,35.3,30.0,12,16.3,0.0,39600.0,147,56.28763,27.240772,9.0
2024-08-12,33.5,47401.67,0.0,0.0,71,997.9,996.9,36.2,30.5,42,18.9,0.0,40486.62,129,56.28763,27.240772,9.0
2024-08-13,33.1,47318.96,0.0,0.0,70,1000.3,999.3,35.8,31.1,12,17.1,0.0,40032.42,126,56.28763,27.240772,9.0
2024-08-14,32.9,47235.67,0.0,0.0,67,1001.4,1000.4,35.9,30.8,6,15.4,0.0,40340.38,122,56.28763,27.240772,9.0
2024-08-15,33.0,47151.86,0.0,0.0,69,999.5,998.5,35.7,30.4,31,16.3,0.0,40192.8,132,56.28763,27.240772,9.0
2024-08-16,32.8,47067.62,0.1,0.0,73,997.1,996.1,35.3,30.8,51,16.1,0.1,39896.41,132,56.28763,27.240772,9.0
2024-08-17,32.3,46983.01,0.0,0.0,68,999.5,998.5,35.0,30.7,72,13.8,0.0,28366.65,123,56.28763,27.240772,9.0
2024-08-18,32.2,46898.08,0.1,0.0,68,1002.0,1001.0,34.6,30.5,68,17.0,0.1,37427.08,161,56.28763,27.240772,9.0
2024-08-19,32.1,46812.9,0.6,0.0,69,1001.8,1000.8,34.2,30.1,82,20.2,0.6,37138.63,137,56.28763,27.240772,9.0
2024-08-20,31.4,46727.43,3.1,0.0,75,1002.0,1001.0,33.1,29.9,58,18.4,3.1,29582.37,121,56.28763,27.240772,9.0
2024-08-21,31.8,46641.05,0.0,0.0,68,1003.5,1002.4,34.2,29.7,59,18.8,0.0,39922.23,154,56.28763,27.240772,9.0
2024-08-22,32.4,46553.71,0.0,0.0,68,1002.8,1001.8,35.4,29.7,31,16.2,0.0,37435.19,153,56.28763,27.240772,9.0
2024-08-23,33.1,46465.5,0.0,0.0,68,1002.5,1001.5,36.3,30.3,4,18.8,0.0,40222.54,139,56.28763,27.240772,9.0
2024-08-24,33.5,46376.48,0.0,0.0,65,1002.4,1001.4,36.4,30.4,2,17.7,0.0,40225.96,140,56.28763,27.240772,9.0
2024-08-25,33.9,46286.72,0.0,0.0,66,1000.9,999.9,37.9,30.0,3,17.8,0.0,40373.17,157,56.28763,27.240772,9.0
2024-08-26,35.6,46196.29,0.0,0.0,61,999.0,998.0,41.9,30.6,2,24.9,0.0,40375.77,209,56.28763,27.240772,9.0
2024-08-27,36.1,46105.27,0.0,0.0,60,997.9,996.9,43.0,30.4,6,22.9,0.0,40520.8,199,56.28763,27.240772,9.0
2024-08-28,36.6,46013.7,0.0,0.0,61,997.9,996.9,44.0,30.7,3,22.4,0.0,40380.85,154,56.28763,27.240772,9.0
2024-08-29,34.6,45921.68,0.0,0.0,68,997.7,996.7,38.8,30.2,20,21.3,0.0,39881.68,138,56.28763,27.240772,9.0
2024-08-30,35.5,45829.25,0.0,0.0,51,998.2,997.2,40.6,30.7,17,23.2,0.0,40385.74,121,56.28763,27.240772,9.0
2024-08-31,34.0,45736.48,0.0,0.0,46,1001.1,1000.1,39.4,29.7,0,24.1,0.0,40388.14,122,56.28763,27.240772,9.0
2024-09-01,32.2,45643.44,0.0,0.0,64,1003.3,1002.3,35.9,29.4,59,18.1,0.0,40251.5,133,56.28763,27.240772,9.0
2024-09-02,32.3,45550.18,0.5,0.0,71,1003.0,1002.0,35.7,29.0,29,19.1,0.5,39600.0,118,56.28763,27.240772,9.0
2024-09-03,32.0,45456.77,0.0,0.0,72,1003.3,1002.3,35.5,28.6,10,16.2,0.0,39844.73,100,56.28763,27.240772,9.0
2024-09-04,32.3,45363.28,0.0,0.0,68,1003.3,1002.3,35.5,29.0,6,15.6,0.0,40123.54,123,56.28763,27.240772,9.0
2024-09-05,32.9,45269.75,0.0,0.0,67,1000.8,999.8,36.4,29.3,12,18.6,0.0,40127.14,164,56.28763,27.240772,9.0
2024-09-06,32.9,45176.25,0.0,0.0,69,1001.5,1000.5,36.7,29.5,4,18.1,0.0,40130.73,177,56.28763,27.240772,9.0
2024-09-07,32.3,45082.84,0.0,0.0,72,1003.2,1002.2,35.6,29.0,7,17.6,0.0,40134.29,125,56.28763,27.240772,9.0
2024-09-08,31.8,44989.58,0.2,0.0,72,1004.6,1003.6,35.0,28.7,24,16.3,0.2,39455.1,123,56.28763,27.240772,9.0
2024-09-09,33.3,44896.4,0.0,0.0,71,1002.3,1001.3,39.2,28.4,21,23.5,0.0,39690.46,189,56.28763,27.240772,9.0
2024-09-10,34.2,44802.69,0.0,0.0,66,1000.6,999.6,38.4,30.4,4,22.6,0.0,40144.73,168,56.28763,27.240772,9.0
2024-09-11,35.1,44708.39,0.0,0.0,44,1001.4,1000.4,41.5,29.3,0,19.6,0.0,40279.91,133,56.28763,27.240772,9.0
2024-09-12,32.8,44613.57,0.0,0.0,47,1001.9,1000.9,36.6,29.0,0,15.9,0.0,40413.54,111,56.28763,27.240772,9.0
2024-09-13,32.6,44518.29,0.0,0.0,56,1001.0,1000.0,36.6,28.6,0,14.7,0.0,40224.16,128,56.28763,27.240772,9.0
2024-09-14,32.6,44422.61,0.0,0.0,68,1000.1,999.1,37.0,27.8,4,21.2,0.0,40025.62,175,56.28763,27.240772,9.0
2024-09-15,32.2,44326.59,0.3,0.0,72,1001.8,1000.8,36.0,28.8,22,23.7,0.3,39704.01,186,56.28763,27.240772,9.0
2024-09-16,31.6,44230.29,1.6,0.0,68,1004.8,1003.7,34.6,27.6,18,15.1,1.6,39038.27,164,56.28763,27.240772,9.0
2024-09-17,32.0,44133.79,0.0,0.0,65,1006.1,1005.1,36.3,28.3,4,15.2,0.0,39267.2,131,56.28763,27.240772,9.0
2024-09-18,32.8,44037.11,0.0,0.0,54,1004.7,1003.7,38.2,27.4,2,21.7,0.0,39418.36,215,56.28763,27.240772,9.0
2024-09-19,32.6,43940.36,0.0,0.0,57,1005.2,1004.2,37.8,27.2,1,18.2,0.0,39389.62,207,56.28763,27.240772,9.0
2024-09-20,33.3,43843.55,0.0,0.0,50,1005.5,1004.5,39.0,27.5,0,17.7,0.0,39260.7,220,56.28763,27.240772,9.0
2024-09-21,33.8,43746.78,0.0,0.0,44,1004.8,1003.7,41.1,26.8,0,25.1,0.0,39084.61,197,56.28763,27.240772,9.0
2024-09-22,33.2,43650.08,0.0,0.0,59,1004.7,1003.7,38.2,28.1,0,19.1,0.0,38811.64,127,56.28763,27.240772,9.0
2024-09-23,32.1,43553.52,0.0,0.0,72,1005.0,1004.0,35.7,27.3,1,16.2,0.0,38397.43,122,56.28763,27.240772,9.0
2024-09-24,32.3,43457.16,0.0,0.0,71,1003.3,1002.3,35.8,28.3,16,18.4,0.0,36773.32,137,56.28763,27.240772,9.0
2024-09-25,32.2,43361.07,0.0,0.0,73,1002.0,1000.9,35.5,28.6,1,16.4,0.0,37994.34,138,56.28763,27.240772,9.0
2024-09-26,31.8,43265.29,0.0,0.0,76,1001.6,1000.6,35.6,28.5,8,15.0,0.0,37997.55,124,56.28763,27.240772,9.0
2024-09-27,32.0,43169.89,0.1,0.0,73,1002.4,1001.4,35.9,28.7,21,13.0,0.1,34454.93,117,56.28763,27.240772,9.0
2024-09-28,32.3,43074.93,0.0,0.0,72,1003.3,1002.3,36.5,28.8,4,17.3,0.0,37472.66,141,56.28763,27.240772,9.0
2024-09-29,31.9,42980.34,0.0,0.0,68,1006.7,1005.7,34.4,29.0,16,16.2,0.0,37343.91,126,56.28763,27.240772,9.0
2024-09-30,31.7,42885.46,0.1,0.0,62,1009.2,1008.1,34.8,28.7,10,18.8,0.1,37101.71,178,56.28763,27.240772,9.0
2024-10-01,31.9,42790.24,0.0,0.0,64,1007.7,1006.7,34.7,28.4,6,17.5,0.0,37094.2,166,56.28763,27.240772,9.0
2024-10-02,33.2,42694.74,0.0,0.0,59,1007.7,1006.7,38.0,28.3,1,19.1,0.0,36973.46,221,56.28763,27.240772,9.0
2024-10-03,33.1,42599.03,0.0,0.0,67,1005.9,1004.9,39.7,28.8,7,24.6,0.0,36855.61,210,56.28763,27.240772,9.0
2024-10-04,32.3,42503.18,0.0,0.0,73,1004.3,1003.3,36.9,28.4,19,21.0,0.0,36709.83,215,56.28763,27.240772,9.0
2024-10-05,31.7,42407.24,0.0,0.0,58,1005.6,1004.6,35.7,28.1,7,17.5,0.0,34464.45,216,56.28763,27.240772,9.0
2024-10-06,31.9,42311.3,0.0,0.0,48,1008.1,1007.1,36.3,26.9,4,16.5,0.0,36763.34,231,56.28763,27.240772,9.0
2024-10-07,32.7,42215.41,0.1,0.0,49,1011.4,1010.4,39.4,28.4,16,20.7,0.1,36362.95,93,56.28763,27.240772,9.0
2024-10-08,31.0,42119.64,1.6,0.0,68,1012.4,1011.3,35.0,28.0,15,14.8,1.6,36254.39,150,56.28763,27.240772,9.0
2024-10-09,31.1,42024.05,0.0,0.0,67,1010.1,1009.1,34.1,27.4,19,16.1,0.0,36149.62,163,56.28763,27.240772,9.0
2024-10-10,29.9,41928.73,3.8,0.0,67,1009.3,1008.3,34.3,27.3,14,11.5,3.8,35139.26,328,56.28763,27.240772,9.0
2024-10-11,31.4,41833.74,0.0,0.0,48,1008.4,1007.4,36.2,26.8,1,13.7,0.0,36368.16,231,56.28763,27.240772,9.0
2024-10-12,31.3,41739.14,0.0,0.0,51,1008.0,1007.0,36.2,26.5,1,13.8,0.0,36273.69,217,56.28763,27.240772,9.0
2024-10-13,31.0,41645.0,0.0,0.0,62,1008.0,1006.9,35.4,26.4,3,16.0,0.0,36000.0,158,56.28763,27.240772,9.0
2024-10-14,30.2,41551.41,0.0,0.0,67,1009.1,1008.1,35.0,25.7,1,14.8,0.0,36099.88,147,56.28763,27.240772,9.0
2024-10-15,29.8,41458.43,0.0,0.0,66,1010.8,1009.8,33.6,26.4,5,14.4,0.0,36005.09,89,56.28763,27.240772,9.0
2024-10-16,29.9,41366.13,0.0,0.0,61,1010.7,1009.7,33.6,26.6,3,16.5,0.0,36016.25,191,56.28763,27.240772,9.0
2024-10-17,30.7,41274.6,0.0,0.0,63,1009.1,1008.1,35.1,26.2,2,15.9,0.0,36000.0,213,56.28763,27.240772,9.0
2024-10-18,30.8,41183.89,0.0,0.0,63,1008.6,1007.6,35.5,25.9,2,18.4,0.0,36000.0,205,56.28763,27.240772,9.0
2024-10-19,30.6,41093.96,0.0,0.0,56,1009.9,1008.9,36.1,25.0,1,17.6,0.0,36000.0,192,56.28763,27.240772,9.0
2024-10-20,30.6,41004.07,0.0,0.0,70,1009.6,1008.6,35.4,25.8,10,14.9,0.0,36000.0,163,56.28763,27.240772,9.0
2024-10-21,30.5,40914.16,0.0,0.0,76,1009.2,1008.2,34.0,27.3,20,20.6,0.0,36000.0,191,56.28763,27.240772,9.0
2024-10-22,30.0,40824.3,2.6,0.0,76,1010.6,1009.6,33.0,27.1,36,13.9,2.6,36000.0,203,56.28763,27.240772,9.0
2024-10-23,29.1,40734.59,1.5,0.0,77,1012.4,1011.4,31.7,26.3,19,13.1,1.5,36000.0,88,56.28763,27.240772,9.0
2024-10-24,29.2,40645.09,0.0,0.0,78,1012.5,1011.5,33.0,25.7,6,15.9,0.0,36000.0,137,56.28763,27.240772,9.0
2024-10-25,30.6,40555.89,0.0,0.0,63,1012.1,1011.1,35.1,25.7,15,18.8,0.0,36000.0,235,56.28763,27.240772,9.0
2024-10-26,30.8,40467.06,0.0,0.0,64,1012.9,1011.8,34.3,27.1,5,20.7,0.0,36000.0,129,56.28763,27.240772,9.0
2024-10-27,30.5,40378.7,0.0,0.0,68,1010.9,1009.9,34.8,27.0,6,22.3,0.0,36000.0,191,56.28763,27.240772,9.0
2024-10-28,30.1,40290.88,0.0,0.0,57,1009.0,1008.0,35.3,25.7,13,23.2,0.0,36000.0,77,56.28763,27.240772,9.0
2024-10-29,29.9,40203.69,0.0,0.0,46,1009.3,1008.3,34.7,25.5,7,17.5,0.0,36000.0,310,56.28763,27.240772,9.0
2024-10-30,30.0,40117.21,0.0,0.0,37,1010.4,1009.4,36.0,25.2,4,15.6,0.0,36000.0,39,56.28763,27.240772,9.0
2024-10-31,28.9,40031.55,0.0,0.0,55,1012.3,1011.3,32.9,24.4,32,15.8,0.0,36000.0,170,56.28763,27.240772,9.0
2024-11-01,28.7,39946.78,0.0,0.0,66,1014.6,1013.5,32.4,24.8,1,15.2,0.0,36000.0,135,56.28763,27.240772,9.0
2024-11-02,29.3,39862.99,0.0,0.0,61,1014.1,1013.1,33.8,24.1,0,15.6,0.0,36000.0,224,56.28763,27.240772,9.0
2024-11-03,29.2,39780.28,0.0,0.0,64,1013.1,1012.1,34.2,24.5,1,16.5,0.0,36000.0,218,56.28763,27.240772,9.0
2024-11-04,28.0,39698.74,0.0,0.0,73,1012.2,1011.1,32.9,23.3,11,15.0,0.0,35888.75,208,56.28763,27.240772,9.0
2024-11-05,27.4,39618.47,0.0,0.0,71,1013.1,1012.1,32.3,22.9,7,14.2,0.0,36000.0,137,56.28763,27.240772,9.0
2024-11-06,27.4,39539.56,0.0,0.0,60,1015.4,1014.4,32.8,21.6,5,15.3,0.0,36000.0,169,56.28763,27.240772,9.0
2024-11-07,27.9,39462.11,0.0,0.0,54,1015.0,1013.9,33.4,22.3,0,16.9,0.0,36000.0,228,56.28763,27.240772,9.0
2024-11-08,28.1,39386.08,0.0,0.0,43,1013.4,1012.4,34.0,21.0,10,14.9,0.0,36000.0,262,56.28763,27.240772,9.0
2024-11-09,27.7,39310.72,0.0,0.0,52,1013.8,1012.7,32.2,22.3,1,14.9,0.0,36000.0,8,56.28763,27.240772,9.0
2024-11-10,28.1,39235.97,0.0,0.0,36,1015.1,1014.1,34.0,21.0,5,12.8,0.0,36000.0,28,56.28763,27.240772,9.0
2024-11-11,29.0,39161.92,0.0,0.0,24,1014.6,1013.6,35.4,22.3,7,15.3,0.0,36000.0,8,56.28763,27.240772,9.0
2024-11-12,27.8,39088.64,0.0,0.0,31,1013.0,1012.0,33.2,22.4,0,14.0,0.0,36000.0,356,56.28763,27.240772,9.0
2024-11-13,26.8,39016.23,0.0,0.0,60,1011.0,1009.9,31.5,21.6,22,13.0,0.0,36000.0,180,56.28763,27.240772,9.0
2024-11-14,26.1,38944.77,1.5,0.0,74,1012.2,1011.1,29.6,22.3,21,15.1,1.5,35069.36,58,56.28763,27.240772,9.0
2024-11-15,25.5,38874.34,0.0,0.0,68,1014.0,1012.9,29.9,21.9,6,20.6,0.0,35953.29,58,56.28763,27.240772,9.0
2024-11-16,25.4,38805.05,0.0,0.0,57,1013.5,1012.4,29.2,21.0,1,12.0,0.0,35901.79,312,56.28763,27.240772,9.0
2024-11-17,25.5,38736.98,0.0,0.0,49,1013.3,1012.2,30.2,20.4,0,15.6,0.0,35827.85,245,56.28763,27.240772,9.0
2024-11-18,25.5,38670.23,0.0,0.0,57,1014.8,1013.8,29.9,20.8,0,12.2,0.0,35755.24,293,56.28763,27.240772,9.0
2024-11-19,25.5,38604.88,0.0,0.0,64,1015.7,1014.7,29.5,21.5,3,14.7,0.0,35684.07,152,56.28763,27.240772,9.0
2024-11-20,25.2,38541.04,0.0,0.0,61,1014.7,1013.6,29.5,20.5,0,17.7,0.0,35614.44,239,56.28763,27.240772,9.0
2024-11-21,25.7,38478.79,0.0,0.0,63,1014.2,1013.1,30.3,20.9,0,18.4,0.0,35546.45,235,56.28763,27.240772,9.0
2024-11-22,25.8,38418.23,0.0,0.0,71,1013.6,1012.6,30.2,21.4,30,15.2,0.0,35480.24,28,56.28763,27.240772,9.0
2024-11-23,26.6,38359.47,0.0,0.0,55,1014.1,1013.1,33.6,21.8,52,17.3,0.0,34125.83,39,56.28763,27.240772,9.0
2024-11-24,25.4,38302.59,0.0,0.0,64,1013.3,1012.3,29.3,21.2,4,11.8,0.0,35353.54,209,56.28763,27.240772,9.0
2024-11-25,25.7,38247.72,0.1,0.0,72,1014.9,1013.9,29.0,22.1,18,10.7,0.1,35293.28,95,56.28763,27.240772,9.0
2024-11-26,25.8,38194.93,0.2,0.0,73,1015.4,1014.3,29.6,22.1,13,11.3,0.2,35235.25,88,56.28763,27.240772,9.0
2024-11-27,25.6,38144.33,0.0,0.0,68,1013.2,1012.2,30.1,21.0,2,18.1,0.0,35179.55,232,56.28763,27.240772,9.0
2024-11-28,26.3,38095.92,0.0,0.0,53,1012.7,1011.7,31.0,21.4,50,18.1,0.0,33184.47,234,56.28763,27.240772,9.0
2024-11-29,24.7,38049.12,0.0,0.0,37,1013.8,1012.7,30.2,19.5,8,20.4,0.0,35075.04,237,56.28763,27.240772,9.0
2024-11-30,22.7,38003.9,0.0,0.0,46,1014.1,1013.1,27.0,18.4,2,19.1,0.0,35025.41,48,56.28763,27.240772,9.0
2024-12-01,22.1,37960.3,0.0,0.0,22,1013.5,1012.5,27.4,17.5,0,26.5,0.0,34977.51,52,56.28763,27.240772,9.0
2024-12-02,20.5,37918.37,0.0,0.0,16,1015.0,1014.0,25.8,15.8,0,23.7,0.0,34931.37,53,56.28763,27.240772,9.0
2024-12-03,20.0,37878.18,0.0,0.0,17,1017.6,1016.5,26.3,13.9,0,17.1,0.0,34887.09,47,56.28763,27.240772,9.0
2024-12-04,20.4,37839.79,0.0,0.0,20,1017.7,1016.6,26.6,14.2,0,9.7,0.0,34844.71,271,56.28763,27.240772,9.0
2024-12-05,20.9,37803.23,0.0,0.0,21,1017.8,1016.7,26.8,14.9,0,7.5,0.0,34804.3,5,56.28763,27.240772,9.0
2024-12-06,21.2,37768.59,0.0,0.0,31,1017.7,1016.6,26.7,15.7,0,12.2,0.0,34765.95,1,56.28763,27.240772,9.0
2024-12-07,21.3,37735.9,0.0,0.0,27,1018.6,1017.6,27.9,15.0,0,16.3,0.0,34729.7,40,56.28763,27.240772,9.0
2024-12-08,21.1,37705.23,0.0,0.0,16,1020.6,1019.6,26.7,16.2,0,23.3,0.0,34695.61,45,56.28763,27.240772,9.0
2024-12-09,20.4,37676.63,0.0,0.0,18,1018.3,1017.3,26.5,13.8,60,9.2,0.0,34663.77,24,56.28763,27.240772,9.0
2024-12-10,20.7,37650.16,0.0,0.0,33,1017.5,1016.4,26.2,14.3,2,12.8,0.0,34634.23,52,56.28763,27.240772,9.0
2024-12-11,20.4,37625.87,0.0,0.0,22,1020.4,1019.3,25.7,15.8,1,21.1,0.0,34607.05,51,56.28763,27.240772,9.0
2024-12-12,19.8,37603.82,0.0,0.0,32,1018.6,1017.6,25.3,13.6,14,11.9,0.0,34582.3,46,56.28763,27.240772,9.0
2024-12-13,20.5,37584.05,0.0,0.0,49,1016.7,1015.6,25.4,14.8,7,11.9,0.0,34560.05,45,56.28763,27.240772,9.0
2024-12-14,20.5,37566.64,0.6,0.0,63,1016.3,1015.2,23.7,17.1,39,14.2,0.6,33912.11,53,56.28763,27.240772,9.0
2024-12-15,20.3,37551.61,0.0,0.0,49,1019.4,1018.3,25.1,15.1,3,24.1,0.0,34482.7,77,56.28763,27.240772,9.0
2024-12-16,17.9,37539.04,0.0,0.0,21,1022.3,1021.2,22.8,12.1,0,25.6,0.0,34508.84,58,56.28763,27.240772,9.0
2024-12-17,16.9,37528.97,0.0,0.0,31,1018.9,1017.8,21.9,10.4,62,10.7,0.0,34497.15,0,56.28763,27.240772,9.0
2024-12-18,18.1,37521.43,0.0,0.0,21,1016.7,1015.6,24.0,12.9,0,13.6,0.0,34382.18,46,56.28763,27.240772,9.0
2024-12-19,17.4,37516.3,0.0,0.0,30,1016.1,1015.0,23.5,11.8,25,13.1,0.0,34482.57,8,56.28763,27.240772,9.0
2024-12-20,18.1,37513.54,0.0,0.0,26,1017.2,1016.1,25.1,12.1,13,10.2,0.0,34415.43,33,56.28763,27.240772,9.0
2024-12-21,18.6,37513.14,0.0,0.0,41,1014.4,1013.3,23.7,12.1,6,17.0,0.0,34282.85,259,56.28763,27.240772,9.0
2024-12-22,18.8,37515.08,0.0,0.0,43,1014.3,1013.2,24.3,13.2,0,11.5,0.0,34142.5,46,56.28763,27.240772,9.0
2024-12-23,19.0,37519.34,0.0,0.0,37,1016.6,1015.5,24.8,13.2,1,9.0,0.0,34004.18,10,56.28763,27.240772,9.0
2024-12-24,19.3,37525.89,0.0,0.0,33,1017.9,1016.8,25.6,12.7,2,12.2,0.0,34126.33,58,56.28763,27.240772,9.0
2024-12-25,19.9,37534.71,0.0,0.0,47,1018.4,1017.4,24.7,15.0,2,12.7,0.0,33605.24,49,56.28763,27.240772,9.0
2024-12-26,20.2,37545.79,0.0,0.0,46,1021.5,1020.4,25.4,14.8,1,9.0,0.0,33728.32,50,56.28763,27.240772,9.0
2024-12-27,20.0,37559.08,0.0,0.0,28,1022.4,1021.3,26.2,13.4,5,10.8,0.0,33723.16,42,56.28763,27.240772,9.0
2024-12-28,19.5,37574.57,0.0,0.0,27,1020.7,1019.6,25.1,13.2,45,11.0,0.0,33718.04,251,56.28763,27.240772,9.0
2024-12-29,19.8,37592.24,0.0,0.0,43,1018.8,1017.7,24.9,14.5,88,16.2,0.0,32480.25,3,56.28763,27.240772,9.0
2024-12-30,21.3,37612.05,0.0,0.0,66,1017.8,1016.7,25.0,16.3,95,10.2,0.0,32474.16,64,56.28763,27.240772,9.0
2024-12-31,21.4,37633.99,0.0,0.0,74,1017.0,1015.9,24.9,18.0,96,12.4,0.0,9097.33,63,56.28763,27.240772,9.0
2025-01-01,19.4,37658.02,1.3,0.0,77,1015.0,1014.0,23.8,12.9,44,19.1,1.3,32400.0,247,56.28763,27.240772,9.0
2025-01-02,16.8,37684.11,0.0,0.0,53,1017.9,1016.8,23.0,11.7,2,24.1,0.0,33572.89,79,56.28763,27.240772,9.0
2025-01-03,14.8,37712.24,0.0,0.0,39,1022.1,1021.1,19.4,10.8,0,14.5,0.0,33448.41,55,56.28763,27.240772,9.0
2025-01-04,14.1,37742.37,0.0,0.0,31,1021.6,1020.5,19.4,9.0,0,14.1,0.0,33566.36,62,56.28763,27.240772,9.0
2025-01-05,15.1,37774.48,0.0,0.0,30,1021.3,1020.2,20.9,8.6,0,10.3,0.0,33563.54,40,56.28763,27.240772,9.0
2025-01-06,16.6,37808.54,0.0,0.0,32,1020.9,1019.8,23.3,10.6,29,16.9,0.0,33561.02,49,56.28763,27.240772,9.0
2025-01-07,17.2,37844.58,0.0,0.0,33,1020.4,1019.3,23.2,11.1,99,8.9,0.0,32400.0,39,56.28763,27.240772,9.0
2025-01-08,18.3,37883.03,0.0,0.0,31,1017.5,1016.4,24.3,12.2,54,14.9,0.0,32841.16,44,56.28763,27.240772,9.0
2025-01-09,18.6,37923.88,0.0,0.0,26,1015.7,1014.7,24.7,13.3,21,19.8,0.0,32840.42,39,56.28763,27.240772,9.0
2025-01-10,18.8,37967.03,0.0,0.0,25,1018.8,1017.7,24.2,12.7,0,8.4,0.0,33434.95,350,56.28763,27.240772,9.0
2025-01-11,19.4,38012.39,0.0,0.0,25,1019.3,1018.2,25.7,12.5,32,8.6,0.0,33433.83,24,56.28763,27.240772,9.0
2025-01-12,19.3,38059.88,0.0,0.0,44,1018.6,1017.5,24.6,13.6,71,10.0,0.0,33075.66,67,56.28763,27.240772,9.0
2025-01-13,19.5,38109.4,0.1,0.0,52,1017.9,1016.8,24.4,15.2,37,13.0,0.1,25479.65,60,56.28763,27.240772,9.0
2025-01-14,19.1,38160.88,0.0,0.0,60,1019.1,1018.0,23.9,15.1,5,16.9,0.0,33312.23,60,56.28763,27.240772,9.0
2025-01-15,19.5,38214.21,0.0,0.0,43,1021.5,1020.5,25.0,14.0,0,9.1,0.0,33498.96,13,56.28763,27.240772,9.0
2025-01-16,19.2,38269.32,0.0,0.0,51,1019.6,1018.5,24.3,12.6,29,16.9,0.0,33582.33,245,56.28763,27.240772,9.0
2025-01-17,19.8,38326.11,0.2,0.0,62,1015.1,1014.0,24.0,15.1,24,23.6,0.2,33070.4,239,56.28763,27.240772,9.0
2025-01-18,18.5,38384.51,1.5,0.0,63,1012.4,1011.4,23.6,14.4,27,21.7,1.5,33189.71,46,56.28763,27.240772,9.0
2025-01-19,18.2,38444.43,0.0,0.0,52,1014.8,1013.7,22.9,13.8,3,15.1,0.0,33309.79,81,56.28763,27.240772,9.0
2025-01-20,17.2,38505.77,0.0,0.0,46,1015.9,1014.8,22.1,11.8,1,16.4,0.0,33662.92,228,56.28763,27.240772,9.0
2025-01-21,17.1,38568.46,0.0,0.0,34,1015.8,1014.7,22.8,11.9,0,19.0,0.0,33986.01,231,56.28763,27.240772,9.0
2025-01-22,17.2,38632.43,0.0,0.0,29,1022.0,1020.9,23.0,11.5,0,11.5,0.0,33986.84,47,56.28763,27.240772,9.0
2025-01-23,17.8,38697.58,0.0,0.0,22,1022.3,1021.3,23.0,12.8,10,15.9,0.0,34094.11,50,56.28763,27.240772,9.0
2025-01-24,17.2,38763.84,0.0,0.0,27,1019.2,1018.1,24.3,10.6,0,12.9,0.0,34219.41,62,56.28763,27.240772,9.0
2025-01-25,17.5,38831.11,0.0,0.0,21,1018.0,1016.9,23.8,10.4,0,12.0,0.0,34332.41,252,56.28763,27.240772,9.0
2025-01-26,18.4,38899.34,0.0,0.0,24,1016.8,1015.7,24.3,11.1,0,9.4,0.0,34335.29,303,56.28763,27.240772,9.0
2025-01-27,20.8,38968.57,0.0,0.0,31,1013.9,1012.8,27.5,13.5,18,15.5,0.0,34096.07,213,56.28763,27.240772,9.0
2025-01-28,20.6,39039.53,0.0,0.0,52,1013.2,1012.1,25.7,16.4,19,19.9,0.0,34085.18,107,56.28763,27.240772,9.0
2025-01-29,20.2,39112.24,0.0,0.0,37,1017.8,1016.7,24.9,15.6,1,31.3,0.0,34203.1,53,56.28763,27.240772,9.0
2025-01-30,18.7,39186.6,0.0,0.0,27,1017.8,1016.7,24.1,13.4,9,16.8,0.0,33872.93,59,56.28763,27.240772,9.0
2025-01-31,18.6,39262.5,0.0,0.0,20,1017.4,1016.3,23.8,13.7,3,23.2,0.0,33293.62,50,56.28763,27.240772,9.0
2025-02-01,17.8,39339.84,0.0,0.0,19,1017.4,1016.3,23.4,11.3,0,14.7,0.0,35094.47,38,56.28763,27.240772,9.0
2025-02-02,16.1,39418.52,1.1,0.0,45,1016.4,1015.4,20.6,11.4,21,20.2,1.1,34465.14,55,56.28763,27.240772,9.0
2025-02-03,16.2,39498.45,0.0,0.0,51,1017.0,1016.0,21.6,10.7,0,15.0,0.0,34839.9,147,56.28763,27.240772,9.0
2025-02-04,17.5,39579.51,0.0,0.0,53,1018.5,1017.4,22.7,10.9,1,14.7,0.0,35237.85,128,56.28763,27.240772,9.0
2025-02-05,17.9,39661.62,0.0,0.0,55,1016.8,1015.7,22.7,11.7,15,10.7,0.0,34842.13,72,56.28763,27.240772,9.0
2025-02-06,19.4,39744.68,2.5,0.0,65,1015.6,1014.5,23.9,14.2,96,14.7,2.5,28800.0,52,56.28763,27.240772,9.0
2025-02-07,18.8,39828.6,5.9,0.0,85,1015.1,1014.0,21.4,16.8,73,15.5,5.9,15000.44,37,56.28763,27.240772,9.0
2025-02-08,18.7,39913.28,61.2,0.0,85,1013.8,1012.8,21.3,16.8,83,13.1,61.2,21714.98,42,56.28763,27.240772,9.0
2025-02-09,18.6,39998.64,0.0,0.0,80,1012.7,1011.6,22.5,14.8,62,15.8,0.0,33717.73,206,56.28763,27.240772,9.0
2025-02-10,17.7,40084.59,0.0,0.0,72,1016.1,1015.0,22.1,14.2,33,14.8,0.0,35658.23,43,56.28763,27.240772,9.0
2025-02-11,18.4,40171.03,0.4,0.0,63,1018.3,1017.2,22.9,13.3,72,6.9,0.4,34835.59,19,56.28763,27.240772,9.0
2025-02-12,20.6,40257.89,0.1,0.0,62,1017.7,1016.6,25.2,16.4,53,8.5,0.1,35802.3,59,56.28763,27.240772,9.0
2025-02-13,21.0,40345.07,0.0,0.0,60,1016.8,1015.7,24.2,16.5,96,7.4,0.0,11227.78,35,56.28763,27.240772,9.0
2025-02-14,21.6,40432.49,0.0,0.0,67,1015.3,1014.2,26.6,17.4,48,15.9,0.0,23625.7,136,56.28763,27.240772,9.0
2025-02-15,20.4,40520.07,0.0,0.0,71,1014.3,1013.2,24.6,16.7,86,8.4,0.0,22436.32,241,56.28763,27.240772,9.0
2025-02-16,20.5,40607.88,0.2,0.0,70,1014.3,1013.3,23.4,17.7,95,7.5,0.2,18111.59,68,56.28763,27.240772,9.0
2025-02-17,20.7,40696.69,2.0,0.0,75,1015.2,1014.1,25.0,18.0,62,8.6,2.0,23143.45,96,56.28763,27.240772,9.0
2025-02-18,21.5,40786.55,0.0,0.0,63,1014.7,1013.6,26.3,16.9,54,17.1,0.0,23929.79,218,56.28763,27.240772,9.0
2025-02-19,21.3,40877.39,0.0,0.0,54,1013.7,1012.6,26.9,16.4,4,12.0,0.0,37884.23,65,56.28763,27.240772,9.0
2025-02-20,19.6,40969.11,4.0,0.0,52,1013.1,1012.1,24.6,15.8,55,11.8,4.0,30145.73,52,56.28763,27.240772,9.0
2025-02-21,21.7,41061.62,0.0,0.0,54,1014.1,1013.0,26.7,15.5,2,16.5,0.0,38280.27,160,56.28763,27.240772,9.0
2025-02-22,21.6,41154.86,0.0,0.0,53,1015.3,1014.2,27.5,16.3,33,17.0,0.0,37162.2,140,56.28763,27.240772,9.0
2025-02-23,22.6,41248.72,0.0,0.0,54,1013.8,1012.8,28.1,16.0,71,12.0,0.0,37365.58,70,56.28763,27.240772,9.0
2025-02-24,22.7,41343.14,5.3,0.0,70,1013.2,1012.1,25.5,18.5,90,10.9,5.3,6165.7,1,56.28763,27.240772,9.0
2025-02-25,21.3,41438.04,0.0,0.0,51,1014.3,1013.2,27.3,15.5,70,26.5,0.0,35508.68,247,56.28763,27.240772,9.0
2025-02-26,19.7,41533.34,0.0,0.0,52,1017.2,1016.1,23.7,14.0,98,13.2,0.0,25518.84,171,56.28763,27.240772,9.0
2025-02-27,19.7,41628.95,0.0,0.0,47,1015.1,1014.0,22.8,15.3,80,13.9,0.0,2919.28,238,56.28763,27.240772,9.0
2025-02-28,19.4,41724.8,0.0,0.0,41,1013.6,1012.6,25.7,13.0,40,20.3,0.0,37645.09,207,56.28763,27.240772,9.0
2025-03-01,19.4,41820.82,0.0,0.0,57,1013.5,1012.4,24.9,13.6,3,16.9,0.0,39068.77,204,56.28763,27.240772,9.0
2025-03-02,20.2,41916.94,0.0,0.0,46,1012.0,1010.9,27.7,14.9,3,34.2,0.0,39168.02,223,56.28763,27.240772,9.0
2025-03-03,21.0,42013.07,0.0,0.0,24,1017.6,1016.5,26.7,14.6,1,19.0,0.0,39243.74,55,56.28763,27.240772,9.0
2025-03-04,21.7,42109.14,0.0,0.0,23,1019.4,1018.3,27.1,14.7,60,18.0,0.0,30876.5,67,56.28763,27.240772,9.0
2025-03-05,23.2,42205.08,0.0,0.0,39,1019.0,1017.9,27.8,18.7,61,9.1,0.0,22977.79,65,56.28763,27.240772,9.0
2025-03-06,24.4,42300.82,0.0,0.0,37,1016.9,1015.9,29.2,17.0,73,12.4,0.0,33553.96,168,56.28763,27.240772,9.0
2025-03-07,27.8,42396.28,0.0,0.0,35,1013.9,1012.8,33.5,21.9,87,10.9,0.0,34297.78,119,56.28763,27.240772,9.0
2025-03-08,27.8,42491.53,0.0,0.0,33,1009.7,1008.6,33.2,22.2,78,12.5,0.0,39031.91,142,56.28763,27.240772,9.0
2025-03-09,25.6,42587.29,1.8,0.0,41,1011.6,1010.5,31.3,21.5,99,20.8,1.8,0.0,269,56.28763,27.240772,9.0
2025-03-10,26.3,42683.61,0.4,0.0,46,1013.7,1012.7,31.8,21.3,94,23.2,0.4,34220.74,222,56.28763,27.240772,9.0
2025-03-11,27.7,42780.45,0.0,0.0,39,1013.7,1012.6,33.6,22.1,47,20.2,0.0,39526.56,189,56.28763,27.240772,9.0
2025-03-12,26.6,42877.72,0.0,0.0,47,1012.2,1011.2,32.6,21.7,37,20.6,0.0,37791.04,207,56.28763,27.240772,9.0
2025-03-13,24.6,42975.36,0.0,0.0,62,1011.1,1010.1,30.5,20.0,8,29.1,0.0,39593.09,154,56.28763,27.240772,9.0
2025-03-14,25.4,43073.32,0.0,0.0,38,1012.9,1011.8,30.5,20.0,0,17.1,0.0,39600.0,218,56.28763,27.240772,9.0
2025-03-15,25.6,43171.51,0.0,0.0,33,1014.5,1013.5,30.7,20.5,0,16.4,0.0,39600.0,130,56.28763,27.240772,9.0
2025-03-16,26.7,43269.88,0.0,0.0,26,1015.0,1014.0,32.3,20.1,58,16.8,0.0,39600.0,197,56.28763,27.240772,9.0
2025-03-17,25.1,43368.36,0.0,0.0,34,1013.7,1012.6,29.1,20.4,86,32.2,0.0,12323.95,248,56.28763,27.240772,9.0
2025-03-18,23.7,43466.89,0.0,0.0,53,1012.2,1011.2,30.1,17.8,0,23.8,0.0,39600.0,210,56.28763,27.240772,9.0
2025-03-19,23.8,43565.41,0.0,0.0,71,1013.3,1012.3,30.0,18.8,0,23.9,0.0,39600.0,186,56.28763,27.240772,9.0
2025-03-20,24.6,43663.84,0.0,0.0,65,1015.2,1014.1,31.2,19.0,2,14.7,0.0,39600.0,159,56.28763,27.240772,9.0
2025-03-21,25.9,43762.12,0.0,0.0,42,1015.7,1014.6,33.0,18.9,9,15.2,0.0,39600.0,133,56.28763,27.240772,9.0
2025-03-22,27.5,43860.19,0.0,0.0,38,1013.1,1012.0,33.9,19.9,47,23.7,0.0,39600.0,209,56.28763,27.240772,9.0
2025-03-23,27.2,43957.98,0.0,0.0,47,1012.6,1011.5,32.8,22.1,48,23.6,0.0,35076.8,215,56.28763,27.240772,9.0
2025-03-24,24.8,44055.44,0.0,0.0,60,1011.8,1010.8,31.8,18.4,6,34.9,0.0,39600.0,214,56.28763,27.240772,9.0
2025-03-25,22.7,44152.48,0.0,0.0,54,1011.0,1010.0,27.5,18.1,3,20.8,0.0,39600.0,157,56.28763,27.240772,9.0
2025-03-26,22.9,44249.05,0.0,0.0,45,1012.0,1011.0,27.3,18.5,1,21.5,0.0,39600.0,211,56.28763,27.240772,9.0
2025-03-27,24.3,44345.07,0.0,0.0,32,1013.9,1012.8,30.8,18.8,0,19.9,0.0,39600.0,60,56.28763,27.240772,9.0
2025-03-28,24.7,44440.61,0.0,0.0,30,1014.0,1013.0,31.3,18.8,81,16.5,0.0,38494.87,87,56.28763,27.240772,9.0
2025-03-29,24.6,44536.32,0.0,0.0,37,1012.9,1011.9,30.0,18.2,0,15.3,0.0,39636.47,153,56.28763,27.240772,9.0
2025-03-30,25.9,44632.29,0.0,0.0,38,1012.9,1011.8,32.4,18.3,2,15.3,0.0,39737.55,179,56.28763,27.240772,9.0
2025-03-31,26.8,44728.43,0.0,0.0,35,1012.2,1011.2,33.4,19.6,19,17.0,0.0,39842.62,190,56.28763,27.240772,9.0
2025-04-01,26.7,44824.7,0.0,0.0,45,1010.7,1009.7,33.6,19.9,3,17.2,0.0,39713.56,169,56.28763,27.240772,9.0
2025-04-02,27.7,44921.03,0.0,0.0,47,1009.6,1008.5,35.9,19.4,25,14.2,0.0,39943.02,219,56.28763,27.240772,9.0
2025-04-03,27.4,45017.36,0.0,0.0,55,1010.0,1008.9,34.5,20.8,16,16.0,0.0,39933.83,176,56.28763,27.240772,9.0
2025-04-04,28.6,45113.62,0.0,0.0,43,1010.8,1009.8,35.5,21.5,13,20.5,0.0,39924.02,187,56.28763,27.240772,9.0
2025-04-05,29.9,45209.76,0.0,0.0,33,1011.0,1010.0,37.6,22.4,17,24.0,0.0,40041.0,216,56.28763,27.240772,9.0
2025-04-06,29.7,45305.71,0.0,0.0,35,1010.2,1009.2,38.5,22.2,31,26.1,0.0,40161.35,203,56.28763,27.240772,9.0
2025-04-07,29.7,45401.41,0.0,0.0,42,1009.7,1008.6,36.9,22.4,76,18.2,0.0,39861.84,177,56.28763,27.240772,9.0
2025-04-08,29.3,45496.79,0.0,0.0,50,1008.6,1007.6,36.9,23.0,23,21.9,0.0,37069.86,197,56.28763,27.240772,9.0
2025-04-09,29.5,45591.77,0.0,0.0,47,1008.1,1007.1,36.8,22.8,0,14.4,0.0,40406.63,229,56.28763,27.240772,9.0
2025-04-10,29.4,45686.31,0.0,0.0,51,1005.1,1004.1,37.7,22.6,5,14.3,0.0,40537.54,188,56.28763,27.240772,9.0
2025-04-11,29.2,45780.33,0.0,0.0,54,1002.7,1001.7,37.8,22.1,4,25.4,0.0,40671.3,193,56.28763,27.240772,9.0
2025-04-12,29.7,45873.76,0.0,0.0,46,1004.2,1003.2,36.3,23.0,0,18.9,0.0,40807.79,116,56.28763,27.240772,9.0
2025-04-13,31.5,45966.53,0.0,0.0,40,1007.9,1006.9,37.7,24.9,0,14.8,0.0,40805.59,149,56.28763,27.240772,9.0
2025-04-14,31.8,46058.57,0.0,0.0,37,1008.3,1007.3,38.1,23.9,24,16.6,0.0,40945.74,150,56.28763,27.240772,9.0
2025-04-15,32.1,46149.81,0.0,0.0,39,1007.1,1006.1,40.1,25.0,41,28.3,0.0,39645.55,180,56.28763,27.240772,9.0
2025-04-16,30.0,46240.17,0.0,0.0,52,1006.8,1005.8,37.2,23.7,1,24.9,0.0,41087.73,183,56.28763,27.240772,9.0
2025-04-17,27.6,46329.71,0.0,0.0,61,1006.1,1005.0,35.4,22.4,0,24.5,0.0,41380.72,176,56.28763,27.240772,9.0
2025-04-18,26.8,46419.05,0.0,0.0,65,1006.9,1005.9,32.4,22.0,7,18.9,0.0,41381.9,159,56.28763,27.240772,9.0
2025-04-19,26.5,46508.28,0.0,0.0,65,1008.4,1007.3,30.7,21.8,1,16.8,0.0,41532.29,137,56.28763,27.240772,9.0
2025-04-20,27.6,46597.3,0.0,0.0,53,1009.1,1008.1,34.0,22.0,28,17.7,0.0,41533.9,151,56.28763,27.240772,9.0
2025-04-21,27.8,46686.07,0.0,0.0,53,1011.4,1010.4,34.4,21.6,3,15.0,0.0,41535.12,183,56.28763,27.240772,9.0
2025-04-22,28.3,46774.51,0.0,0.0,51,1012.0,1010.9,34.2,21.5,4,18.4,0.0,41689.35,177,56.28763,27.240772,9.0
2025-04-23,30.3,46862.55,0.0,0.0,42,1008.8,1007.8,37.7,22.1,1,27.7,0.0,42000.12,211,56.28763,27.240772,9.0
2025-04-24,31.2,46950.14,0.0,0.0,41,1006.1,1005.1,38.3,24.4,1,20.5,0.0,42315.17,209,56.28763,27.240772,9.0
2025-04-25,31.7,47037.19,0.0,0.0,40,1006.6,1005.6,39.0,23.5,8,17.1,0.0,42477.57,178,56.28763,27.240772,9.0
2025-04-26,33.7,47123.63,0.0,0.0,26,1006.2,1005.2,40.7,24.6,88,16.5,0.0,41296.52,217,56.28763,27.240772,9.0
2025-04-27,33.8,47209.4,0.0,0.0,29,1006.1,1005.1,40.7,26.7,96,24.7,0.0,39652.73,191,56.28763,27.240772,9.0
2025-04-28,33.4,47294.41,0.0,0.0,28,1004.5,1003.5,43.2,26.8,31,30.4,0.0,39600.0,193,56.28763,27.240772,9.0
2025-04-29,32.9,47378.61,0.0,0.0,32,1003.7,1002.7,39.5,25.1,1,23.5,0.0,43139.45,180,56.28763,27.240772,9.0
2025-04-30,32.8,47461.89,0.0,0.0,34,1004.9,1003.9,39.8,26.6,13,23.2,0.0,43153.68,120,56.28763,27.240772,9.0
2025-05-01,31.9,47544.2,0.0,0.0,45,1006.1,1005.1,38.0,25.8,6,15.5,0.0,41493.35,137,56.28763,27.240772,9.0
2025-05-02,32.1,47625.45,0.0,0.0,51,1005.8,1004.8,39.0,24.9,1,15.4,0.0,43024.57,155,56.28763,27.240772,9.0
2025-05-03,32.6,47705.56,0.0,0.0,50,1004.1,1003.0,39.4,25.7,5,17.5,0.0,43200.0,187,56.28763,27.240772,9.0
2025-05-04,32.1,47784.45,0.0,0.0,55,1002.9,1001.9,38.1,26.1,13,19.2,0.0,43196.27,178,56.28763,27.240772,9.0
2025-05-05,32.5,47862.03,0.0,0.0,52,1002.1,1001.1,39.2,26.7,2,22.9,0.0,43200.0,150,56.28763,27.240772,9.0
2025-05-06,32.1,47938.22,0.0,0.0,52,1001.3,1000.3,38.1,26.8,15,19.9,0.0,43200.0,124,56.28763,27.240772,9.0
2025-05-07,30.0,48013.05,0.0,0.0,61,1001.5,1000.5,37.5,23.8,6,24.5,0.0,43200.0,195,56.28763,27.240772,9.0
2025-05-08,28.5,48087.11,0.0,0.0,66,1003.4,1002.4,34.3,23.1,13,16.3,0.0,40450.84,196,56.28763,27.240772,9.0
2025-05-09,30.3,48160.43,0.0,0.0,55,1005.8,1004.8,37.2,23.6,1,17.6,0.0,43200.0,193,56.28763,27.240772,9.0
2025-05-10,30.2,48232.96,0.0,0.0,58,1007.4,1006.4,34.9,24.8,0,13.5,0.0,43200.0,155,56.28763,27.240772,9.0
2025-05-11,31.5,48304.64,0.0,0.0,47,1005.6,1004.6,36.9,24.5,6,15.9,0.0,43200.0,180,56.28763,27.240772,9.0
2025-05-12,33.1,48375.38,0.0,0.0,35,1003.6,1002.6,39.6,26.1,0,23.5,0.0,43232.38,188,56.28763,27.240772,9.0
2025-05-13,33.3,48445.13,0.0,0.0,30,1003.9,1002.9,40.8,26.8,0,23.9,0.0,43226.25,195,56.28763,27.240772,9.0
2025-05-14,34.0,48513.82,0.0,0.0,29,1004.6,1003.6,41.3,26.6,0,31.0,0.0,43220.0,229,56.28763,27.240772,9.0
2025-05-15,33.7,48581.36,0.0,0.0,38,1004.9,1003.9,42.5,27.1,0,30.7,0.0,43213.65,226,56.28763,27.240772,9.0
2025-05-16,32.7,48647.7,0.0,0.0,50,1003.6,1002.6,40.8,25.8,0,25.6,0.0,43330.55,219,56.28763,27.240772,9.0
2025-05-17,32.2,48712.77,0.0,0.0,59,1002.6,1001.6,40.1,25.2,0,19.7,0.0,43200.66,204,56.28763,27.240772,9.0
2025-05-18,32.0,48776.48,0.0,0.0,64,1003.3,1002.3,38.7,26.4,0,19.0,0.0,43200.0,188,56.28763,27.240772,9.0
2025-05-19,34.2,48838.77,0.0,0.0,50,1002.3,1001.3,42.1,26.7,1,21.3,0.0,43314.21,185,56.28763,27.240772,9.0
2025-05-20,34.6,48899.55,0.0,0.0,43,1001.3,1000.3,42.3,28.3,0,17.5,0.0,43308.62,176,56.28763,27.240772,9.0
2025-05-21,33.4,48958.75,0.0,0.0,53,1001.0,1000.0,38.3,27.9,0,15.5,0.0,43432.02,151,56.28763,27.240772,9.0
2025-05-22,34.5,49016.3,0.0,0.0,49,999.1,998.1,42.0,27.4,1,21.1,0.0,43427.39,180,56.28763,27.240772,9.0
2025-05-23,34.6,49072.13,0.0,0.0,46,997.1,996.2,41.9,28.6,4,15.0,0.0,43422.73,127,56.28763,27.240772,9.0
2025-05-24,33.9,49126.14,0.0,0.0,50,996.8,995.8,38.6,28.6,0,14.1,0.0,43418.02,126,56.28763,27.240772,9.0
2025-05-25,33.5,49178.27,0.0,0.0,56,998.4,997.4,38.7,28.0,0,14.4,0.0,43413.29,157,56.28763,27.240772,9.0
2025-05-26,33.2,49228.42,0.0,0.0,59,999.4,998.3,39.2,27.7,1,19.4,0.0,43274.43,144,56.28763,27.240772,9.0
2025-05-27,34.3,49276.62,0.0,0.0,48,999.1,998.1,40.2,28.9,1,24.1,0.0,43538.84,78,56.28763,27.240772,9.0
2025-05-28,37.5,49323.25,0.0,0.0,26,998.9,997.9,44.5,28.8,1,19.7,0.0,43534.9,210,56.28763,27.240772,9.0
2025-05-29,37.4,49368.37,0.0,0.0,27,998.6,997.6,44.6,31.1,6,17.6,0.0,43280.69,153,56.28763,27.240772,9.0
2025-05-30,35.8,49411.93,0.0,0.0,39,998.3,997.3,41.9,29.5,1,19.4,0.0,43526.67,168,56.28763,27.240772,9.0
2025-05-31,35.1,49453.87,0.0,0.0,48,999.5,998.5,42.5,28.4,8,22.7,0.0,43661.11,205,56.28763,27.240772,9.0
2025-06-01,35.2,49494.16,0.0,0.0,49,1001.3,1000.3,42.9,28.0,7,19.0,0.0,43657.65,200,56.28763,27.240772,9.0
2025-06-02,35.9,49532.77,0.0,0.0,36,999.7,998.7,42.8,28.7,26,20.2,0.0,43654.12,120,56.28763,27.240772,9.0
2025-06-03,35.6,49569.63,0.0,0.0,31,998.3,997.3,42.9,28.8,11,16.6,0.0,43650.52,192,56.28763,27.240772,9.0
2025-06-04,33.0,49604.72,0.0,0.0,58,998.6,997.6,39.4,27.0,7,22.2,0.0,43788.94,221,56.28763,27.240772,9.0
2025-06-05,31.7,49638.0,0.0,0.0,70,1002.3,1001.3,35.7,26.7,9,14.6,0.0,42966.82,195,56.28763,27.240772,9.0
2025-06-06,32.3,49669.41,0.5,0.0,61,1005.2,1004.2,35.7,28.1,19,15.5,0.5,43073.53,194,56.28763,27.240772,9.0
2025-06-07,32.5,49698.9,0.0,0.0,60,1005.7,1004.7,35.9,29.0,1,17.2,0.0,43468.63,185,56.28763,27.240772,9.0
2025-06-08,32.7,49726.46,0.0,0.0,64,1005.0,1004.0,36.9,28.8,8,16.2,0.0,43065.8,173,56.28763,27.240772,9.0
2025-06-09,34.1,49752.04,0.0,0.0,49,1004.7,1003.7,38.3,28.6,2,18.0,0.0,43738.41,198,56.28763,27.240772,9.0
2025-06-10,35.4,49775.57,0.0,0.0,37,1002.1,1001.1,41.3,28.7,1,17.9,0.0,43771.23,208,56.28763,27.240772,9.0
2025-06-11,37.0,49797.04,0.0,0.0,27,1001.5,1000.5,43.4,29.0,1,18.8,0.0,43768.31,203,56.28763,27.240772,9.0
2025-06-12,38.8,49816.4,0.0,0.0,24,1000.6,999.6,45.6,30.3,0,19.9,0.0,43765.45,186,56.28763,27.240772,9.0
2025-06-13,39.3,49833.61,0.0,0.0,29,999.8,998.8,47.3,31.1,0,22.6,0.0,43762.66,124,56.28763,27.240772,9.0
2025-06-14,37.9,49848.64,0.0,0.0,36,998.6,997.6,44.7,31.1,3,26.6,0.0,43759.96,162,56.28763,27.240772,9.0
2025-06-15,37.3,49861.43,0.0,0.0,33,996.3,995.4,43.8,30.8,0,18.9,0.0,43906.45,181,56.28763,27.240772,9.0
2025-06-16,39.3,49871.99,0.0,0.0,18,995.1,994.1,46.5,32.3,0,20.3,0.0,44053.9,202,56.28763,27.240772,9.0
2025-06-17,37.8,49880.37,0.0,0.0,31,995.6,994.6,45.4,30.7,0,19.4,0.0,43902.3,148,56.28763,27.240772,9.0
2025-06-18,35.2,49886.61,0.0,0.0,52,996.8,995.8,41.3,29.8,0,17.7,0.0,43900.21,164,56.28763,27.240772,9.0
2025-06-19,35.4,49890.72,0.0,0.0,49,996.0,995.1,43.0,29.4,0,24.8,0.0,43898.12,218,56.28763,27.240772,9.0
2025-06-20,36.3,49892.71,0.0,0.0,42,996.2,995.2,43.8,28.8,0,24.5,0.0,43703.91,233,56.28763,27.240772,9.0
2025-06-21,36.6,49892.59,0.0,0.0,43,996.9,995.9,44.1,30.2,0,23.0,0.0,43588.5,227,56.28763,27.240772,9.0
2025-06-22,35.9,49890.38,0.0,0.0,51,995.7,994.7,43.1,30.2,2,26.5,0.0,43473.65,221,56.28763,27.240772,9.0
2025-06-23,35.6,49886.09,0.0,0.0,52,994.3,993.3,41.7,30.3,3,24.6,0.0,43359.21,202,56.28763,27.240772,9.0
2025-06-24,34.2,49879.74,0.0,0.0,60,993.4,992.4,40.3,29.1,15,25.2,0.0,43245.02,199,56.28763,27.240772,9.0
2025-06-25,35.3,49871.35,0.0,0.0,48,993.9,992.9,42.1,28.7,8,20.1,0.0,43263.66,195,56.28763,27.240772,9.0
2025-06-26,34.6,49860.92,0.0,0.0,54,995.8,994.8,39.5,30.2,19,15.1,0.0,41797.9,170,56.28763,27.240772,9.0
2025-06-27,33.9,49848.48,0.0,0.0,69,995.4,994.4,38.2,29.7,14,14.6,0.0,42865.1,127,56.28763,27.240772,9.0
2025-06-28,33.8,49834.05,0.0,0.0,68,994.9,993.9,37.7,30.4,86,15.4,0.0,41568.31,119,56.28763,27.240772,9.0
2025-06-29,34.3,49817.64,0.0,0.0,62,993.2,992.2,37.5,30.5,22,13.2,0.0,41979.3,148,56.28763,27.240772,9.0
2025-06-30,34.0,49799.28,0.0,0.0,69,993.5,992.5,37.4,30.2,21,15.1,0.0,42676.82,156,56.28763,27.240772,9.0
2025-07-01,33.6,49778.98,0.3,0.0,73,994.8,993.8,37.2,30.5,16,15.2,0.3,41999.21,142,56.28763,27.240772,9.0
2025-07-02,33.5,49756.76,0.0,0.0,71,995.0,994.0,36.6,30.3,20,13.2,0.0,37078.36,142,56.28763,27.240772,9.0
2025-07-03,33.6,49732.65,0.0,0.0,70,994.9,993.9,37.4,29.9,8,15.1,0.0,41901.72,178,56.28763,27.240772,9.0
2025-07-04,33.1,49706.67,0.5,0.0,75,996.1,995.1,36.7,29.8,67,15.7,0.5,39438.96,156,56.28763,27.240772,9.0
2025-07-05,33.4,49678.83,0.0,0.0,72,995.5,994.5,37.9,30.2,34,20.7,0.0,32265.52,160,56.28763,27.240772,9.0
2025-07-06,33.7,49649.12,0.0,0.0,66,994.2,993.2,38.0,29.8,22,21.8,0.0,41684.45,199,56.28763,27.240772,9.0
2025-07-07,33.5,49617.23,0.0,0.0,61,995.0,994.0,37.8,30.0,32,21.2,0.0,41281.46,215,56.28763,27.240772,9.0
2025-07-08,33.1,49583.19,0.0,0.0,63,996.4,995.4,37.2,28.9,50,21.3,0.0,42012.58,203,56.28763,27.240772,9.0
2025-07-09,33.6,49547.05,0.0,0.0,54,996.3,995.3,37.8,28.8,56,19.4,0.0,41313.55,199,56.28763,27.240772,9.0
2025-07-10,34.1,49508.88,0.0,0.0,51,996.9,995.9,38.6,29.2,44,14.3,0.0,41769.09,189,56.28763,27.240772,9.0
2025-07-11,33.9,49468.74,0.0,0.0,61,998.8,997.8,37.6,30.0,76,13.7,0.0,41209.89,132,56.28763,27.240772,9.0
2025-07-12,33.3,49426.7,0.0,0.0,64,1000.3,999.3,36.8,30.2,36,14.8,0.0,40504.97,152,56.28763,27.240772,9.0
2025-07-13,33.9,49382.83,0.0,0.0,62,1000.0,999.0,37.7,30.3,38,13.0,0.0,41185.47,125,56.28763,27.240772,9.0
2025-07-14,35.9,49337.19,0.0,0.0,52,997.6,996.6,40.9,31.3,45,17.1,0.0,31417.21,119,56.28763,27.240772,9.0
2025-07-15,37.9,49289.84,0.0,0.0,37,996.6,995.6,44.4,33.2,7,17.6,0.0,40721.68,113,56.28763,27.240772,9.0
2025-07-16,37.0,49240.85,0.0,0.0,45,996.9,995.9,43.5,32.3,6,16.4,0.0,40733.43,150,56.28763,27.240772,9.0
2025-07-17,35.8,49190.29,0.0,0.0,58,997.7,996.7,41.1,30.9,4,17.6,0.0,40987.26,146,56.28763,27.240772,9.0
2025-07-18,34.0,49138.21,0.0,0.0,69,999.0,998.0,36.5,30.7,3,15.9,0.0,41106.27,116,56.28763,27.240772,9.0
2025-07-19,33.9,49084.69,0.0,0.0,70,996.4,995.4,37.3,30.4,7,13.4,0.0,41039.23,143,56.28763,27.240772,9.0
2025-07-20,35.7,49029.78,0.0,0.0,62,994.0,993.0,39.8,31.1,24,17.6,0.0,41066.08,158,56.28763,27.240772,9.0
2025-07-21,34.2,48973.55,0.0,0.0,72,996.1,995.1,37.3,31.1,16,15.9,0.0,41042.91,120,56.28763,27.240772,9.0
2025-07-22,33.5,48916.05,0.0,0.0,70,997.0,996.0,36.4,30.9,70,13.5,0.0,40963.12,107,56.28763,27.240772,9.0
2025-07-23,33.7,48857.35,0.1,0.0,71,993.9,992.9,36.8,30.5,45,15.5,0.1,40787.29,141,56.28763,27.240772,9.0
2025-07-24,33.6,48797.52,0.0,0.0,71,992.9,991.9,37.8,30.5,3,14.5,0.0,41138.92,144,56.28763,27.240772,9.0
2025-07-25,33.3,48736.6,0.0,0.0,71,994.4,993.4,36.7,30.3,18,15.2,0.0,41044.95,137,56.28763,27.240772,9.0
2025-07-26,34.0,48674.56,0.0,0.0,63,996.0,995.0,37.8,30.0,7,15.2,0.0,41072.8,147,56.28763,27.240772,9.0
2025-07-27,35.9,48610.89,0.0,0.0,52,995.9,994.9,42.7,30.8,18,18.5,0.0,41091.31,163,56.28763,27.240772,9.0
2025-07-28,37.2,48545.55,0.0,0.0,46,996.2,995.2,44.5,31.6,16,19.3,0.0,40934.04,166,56.28763,27.240772,9.0
2025-07-29,38.2,48478.63,0.0,0.0,40,996.0,995.1,44.8,31.5,22,27.4,0.0,40943.2,209,56.28763,27.240772,9.0
2025-07-30,37.7,48410.22,0.0,0.0,48,994.6,993.6,43.6,32.8,42,20.9,0.0,35409.32,190,56.28763,27.240772,9.0
2025-07-31,38.2,48340.4,0.0,0.0,51,993.9,993.0,46.0,32.4,41,22.6,0.0,38861.79,175,56.28763,27.240772,9.0
2025-08-01,34.3,48269.25,0.0,0.0,67,997.7,996.7,37.1,31.6,6,14.5,0.0,40649.68,108,56.28763,27.240772,9.0
2025-08-02,33.3,48196.85,0.0,0.0,70,999.1,998.1,36.2,30.2,13,16.1,0.0,40775.91,149,56.28763,27.240772,9.0
2025-08-03,32.9,48123.27,0.0,0.0,73,999.8,998.8,35.7,29.9,27,14.0,0.0,40618.34,114,56.28763,27.240772,9.0
2025-08-04,32.7,48048.6,0.0,0.0,71,1001.5,1000.5,35.7,30.0,18,12.6,0.0,40303.3,116,56.28763,27.240772,9.0
2025-08-05,33.1,47972.92,0.0,0.0,72,1000.5,999.5,36.4,29.7,18,14.5,0.0,40623.5,138,56.28763,27.240772,9.0
2025-08-06,33.8,47896.28,0.0,0.0,71,999.9,998.9,36.8,30.7,6,16.2,0.0,40468.56,138,56.28763,27.240772,9.0
2025-08-07,33.3,47818.78,0.0,0.0,73,1001.1,1000.1,36.3,30.4,39,17.2,0.0,39306.93,125,56.28763,27.240772,9.0
2025-08-08,32.8,47740.47,0.0,0.0,71,1002.4,1001.4,35.9,30.1,8,16.0,0.0,40474.75,125,56.28763,27.240772,9.0
2025-08-09,33.2,47661.45,0.0,0.0,70,1003.7,1002.7,36.2,29.7,19,15.3,0.0,40633.02,142,56.28763,27.240772,9.0
2025-08-10,34.0,47581.76,0.0,0.0,68,1002.2,1001.2,37.0,30.3,52,16.7,0.0,38502.93,142,56.28763,27.240772,9.0
2025-08-11,34.8,47501.48,0.0,0.0,62,1001.8,1000.8,39.5,30.4,12,18.4,0.0,40483.54,169,56.28763,27.240772,9.0
2025-08-12,35.4,47420.69,0.0,0.0,60,1000.1,999.1,42.0,30.8,3,28.2,0.0,40486.31,205,56.28763,27.240772,9.0
2025-08-13,35.3,47339.44,0.0,0.0,64,997.9,996.9,40.6,31.1,4,22.0,0.0,40489.05,189,56.28763,27.240772,9.0
2025-08-14,36.5,47257.8,0.0,0.0,58,997.3,996.3,44.5,31.7,14,17.9,0.0,40491.69,167,56.28763,27.240772,9.0
2025-08-15,33.4,47175.73,0.0,0.0,64,999.4,998.4,36.1,30.8,9,15.7,0.0,40494.27,155,56.28763,27.240772,9.0
2025-08-16,33.1,47092.61,0.0,0.0,67,998.8,997.8,36.3,30.5,39,15.5,0.0,40196.13,149,56.28763,27.240772,9.0
2025-08-17,33.6,47008.41,0.0,0.0,68,998.1,997.1,37.1,30.2,12,17.0,0.0,40349.57,136,56.28763,27.240772,9.0
2025-08-18,33.3,46923.2,0.0,0.0,66,999.5,998.5,36.8,29.8,40,16.1,0.0,39600.0,125,56.28763,27.240772,9.0
2025-08-19,33.5,46837.07,0.0,0.0,66,999.1,998.1,36.9,29.7,8,17.7,0.0,40355.63,139,56.28763,27.240772,9.0
2025-08-20,33.3,46750.08,0.0,0.0,67,998.6,997.6,37.1,30.4,6,14.1,0.0,40358.57,119,56.28763,27.240772,9.0
2025-08-21,33.6,46662.3,0.0,0.0,63,1000.5,999.5,36.9,30.2,0,16.5,0.0,40508.26,134,56.28763,27.240772,9.0
2025-08-22,34.3,46573.81,0.0,0.0,67,999.0,998.0,39.0,30.3,11,26.3,0.0,39779.82,188,56.28763,27.240772,9.0
2025-08-23,33.9,46484.68,2.0,0.0,74,997.4,996.4,37.4,31.1,31,22.1,2.0,36866.37,200,56.28763,27.240772,9.0
2025-08-24,34.3,46394.98,0.0,0.0,74,997.9,996.9,38.2,30.7,25,19.3,0.0,40225.07,200,56.28763,27.240772,9.0
2025-08-25,34.0,46304.77,0.0,0.0,71,998.5,997.5,38.0,30.8,17,19.4,0.0,39520.13,181,56.28763,27.240772,9.0
2025-08-26,34.0,46214.12,0.0,0.0,66,999.9,998.9,38.6,30.0,3,16.3,0.0,40375.11,142,56.28763,27.240772,9.0
2025-08-27,33.2,46123.1,0.0,0.0,69,1000.7,999.7,36.5,29.4,13,12.8,0.0,40377.7,144,56.28763,27.240772,9.0
2025-08-28,32.8,46031.77,0.0,0.0,69,1001.3,1000.3,36.8,29.1,25,13.9,0.0,40380.27,126,56.28763,27.240772,9.0
2025-08-29,34.4,45940.2,0.0,0.0,60,999.8,998.8,39.6,28.6,7,16.7,0.0,40382.78,153,56.28763,27.240772,9.0
2025-08-30,34.9,45848.45,0.0,0.0,58,1001.2,1000.2,41.4,30.0,22,18.1,0.0,40385.25,149,56.28763,27.240772,9.0
2025-08-31,33.0,45756.57,0.0,0.0,69,1000.9,999.9,37.5,29.5,37,13.2,0.0,40387.7,109,56.28763,27.240772,9.0
2025-09-01,33.5,45664.64,0.0,0.0,68,997.6,996.6,37.7,29.3,10,16.2,0.0,40390.1,150,56.28763,27.240772,9.0
2025-09-02,33.2,45572.7,0.0,0.0,68,998.1,997.1,36.9,29.8,7,16.4,0.0,40254.06,148,56.28763,27.240772,9.0
2025-09-03,32.6,45480.83,0.0,0.0,69,1000.8,999.7,36.2,29.1,6,15.7,0.0,40257.1,105,56.28763,27.240772,9.0
2025-09-04,31.9,45388.97,0.0,0.0,72,1003.2,1002.2,35.4,28.7,9,15.7,0.0,40123.12,116,56.28763,27.240772,9.0
2025-09-05,32.7,45296.49,0.0,0.0,71,1003.6,1002.6,36.0,27.9,22,15.0,0.0,37883.32,146,56.28763,27.240772,9.0
2025-09-06,34.5,45203.35,0.0,0.0,64,1002.4,1001.4,40.4,29.6,5,24.2,0.0,40130.37,201,56.28763,27.240772,9.0
2025-09-07,34.3,45109.6,0.0,0.0,64,1000.6,999.6,39.3,29.9,7,18.4,0.0,39433.07,178,56.28763,27.240772,9.0
2025-09-08,34.7,45015.32,0.0,0.0,62,999.4,998.4,41.4,29.3,2,18.0,0.0,40256.26,201,56.28763,27.240772,9.0
2025-09-09,31.8,44920.56,0.8,0.0,76,1002.6,1001.6,35.0,28.7,35,15.0,0.8,38361.72,120,56.28763,27.240772,9.0
2025-09-10,31.7,44825.39,0.0,0.0,72,1003.1,1002.1,35.0,28.1,10,13.3,0.0,40144.12,132,56.28763,27.240772,9.0
2025-09-11,31.7,44729.88,1.2,0.0,73,1003.5,1002.5,34.6,29.5,65,15.3,1.2,29437.46,132,56.28763,27.240772,9.0
2025-09-12,31.4,44634.07,2.4,0.0,74,1004.6,1003.6,33.6,29.6,45,16.2,2.4,34734.42,148,56.28763,27.240772,9.0
2025-09-13,31.1,44538.03,0.9,0.0,72,1006.1,1005.1,33.5,29.3,49,16.8,0.9,37173.45,148,56.28763,27.240772,9.0
2025-09-14,31.3,44441.83,0.5,0.0,68,1006.8,1005.8,34.1,28.6,38,15.5,0.5,38405.36,167,56.28763,27.240772,9.0
2025-09-15,32.5,44345.53,0.0,0.0,67,1005.1,1004.0,35.2,28.3,22,14.7,0.0,39349.21,191,56.28763,27.240772,9.0
2025-09-16,33.8,44249.17,0.0,0.0,68,1003.2,1002.2,38.7,29.7,19,20.5,0.0,39193.02,207,56.28763,27.240772,9.0
2025-09-17,34.0,44152.83,0.0,0.0,72,1003.1,1002.1,39.3,30.0,31,20.5,0.0,39421.1,175,56.28763,27.240772,9.0
2025-09-18,32.4,44056.55,0.6,0.0,78,1003.3,1002.3,35.9,28.9,36,16.7,0.6,38322.99,170,56.28763,27.240772,9.0
2025-09-19,32.0,43960.4,0.0,0.0,71,1004.3,1003.2,36.5,28.4,10,12.9,0.0,39264.34,112,56.28763,27.240772,9.0
2025-09-20,31.3,43864.44,0.0,0.0,70,1004.8,1003.8,34.7,28.3,4,12.1,0.0,39111.73,113,56.28763,27.240772,9.0
2025-09-21,31.0,43768.72,0.0,0.0,75,1004.9,1003.9,34.3,27.8,24,15.7,0.0,38415.69,131,56.28763,27.240772,9.0
2025-09-22,31.4,43673.31,0.8,0.0,78,1005.4,1004.4,34.6,28.4,28,13.9,0.8,33198.12,140,56.28763,27.240772,9.0
2025-09-23,31.4,43578.26,1.2,0.0,77,1005.2,1004.2,35.1,28.4,32,13.5,1.2,32971.75,168,56.28763,27.240772,9.0
2025-09-24,31.0,43483.51,0.0,0.0,76,1002.4,1001.4,35.8,26.7,13,16.7,0.0,31783.15,120,56.28763,27.240772,9.0
2025-09-25,30.6,43388.41,0.0,0.0,60,1003.7,1002.7,35.8,26.1,0,14.0,0.0,38542.09,120,56.28763,27.240772,9.0
2025-09-26,31.0,43292.9,0.0,0.0,60,1006.3,1005.3,36.4,26.6,0,14.1,0.0,38258.5,139,56.28763,27.240772,9.0
2025-09-27,31.3,43197.06,0.0,0.0,66,1008.0,1007.0,36.5,25.4,0,15.2,0.0,38000.35,161,56.28763,27.240772,9.0
2025-09-28,32.2,43100.95,0.0,0.0,63,1006.3,1005.3,37.9,26.4,6,19.5,0.0,37608.99,198,56.28763,27.240772,9.0
2025-09-29,35.1,43004.61,0.0,0.0,42,1003.3,1002.3,42.6,27.6,17,15.1,0.0,37983.59,33,56.28763,27.240772,9.0
2025-09-30,33.7,42908.13,0.0,0.0,48,1001.2,1000.2,40.5,28.3,1,15.7,0.0,37849.69,160,56.28763,27.240772,9.0
2025-10-01,33.4,42811.57,0.0,0.0,58,1000.2,999.2,39.5,27.5,2,16.5,0.0,37603.13,164,56.28763,27.240772,9.0
2025-10-02,31.7,42714.99,0.0,0.0,70,1004.0,1003.0,36.1,27.0,2,16.2,0.0,37345.42,144,56.28763,27.240772,9.0
2025-10-03,31.2,42618.45,0.0,0.0,73,1007.2,1006.2,36.4,25.8,3,18.2,0.0,36981.31,188,56.28763,27.240772,9.0
2025-10-04,32.0,42522.01,0.0,0.0,64,1006.9,1005.9,38.6,26.3,0,17.1,0.0,36990.18,125,56.28763,27.240772,9.0
2025-10-05,31.3,42425.75,0.0,0.0,69,1006.8,1005.8,34.8,27.9,6,15.4,0.0,36874.15,125,56.28763,27.240772,9.0
2025-10-06,31.0,42329.73,0.3,0.0,62,1007.9,1006.9,34.9,27.2,4,17.4,0.3,36639.61,99,56.28763,27.240772,9.0
2025-10-07,30.8,42234.0,0.0,0.0,65,1008.7,1007.7,34.5,27.0,6,17.4,0.0,36532.23,121,56.28763,27.240772,9.0
2025-10-08,30.1,42138.65,0.3,0.0,73,1009.8,1008.8,32.8,27.5,24,15.4,0.3,36252.53,112,56.28763,27.240772,9.0
2025-10-09,29.7,42043.73,1.2,0.0,75,1011.6,1010.6,32.7,27.7,35,16.7,1.2,30715.61,152,56.28763,27.240772,9.0
2025-10-10,29.9,41949.31,0.1,0.0,70,1010.0,1008.9,33.5,25.4,10,18.6,0.1,36158.54,193,56.28763,27.240772,9.0
2025-10-11,29.3,41855.46,0.0,0.0,68,1010.1,1009.1,33.8,25.2,4,16.7,0.0,36254.96,183,56.28763,27.240772,9.0
2025-10-12,29.4,41762.26,0.6,0.0,68,1011.0,1010.0,33.6,24.4,4,17.8,0.6,36070.54,193,56.28763,27.240772,9.0
2025-10-13,30.5,41669.75,0.0,0.0,63,1011.0,1009.9,36.0,25.3,6,16.2,0.0,36081.51,202,56.28763,27.240772,9.0
2025-10-14,30.6,41577.91,0.0,0.0,61,1009.0,1008.0,35.2,25.8,1,16.0,0.0,36095.18,136,56.28763,27.240772,9.0
2025-10-15,29.8,41485.98,0.0,0.0,73,1008.7,1007.7,34.0,25.5,1,15.0,0.0,36011.23,150,56.28763,27.240772,9.0
2025-10-16,29.1,41393.94,2.1,0.0,77,1011.0,1009.9,31.8,26.7,37,15.6,2.1,31414.94,130,56.28763,27.240772,9.0
2025-10-17,29.0,41301.84,0.7,0.0,74,1012.8,1011.7,32.7,26.2,21,12.9,0.7,33140.21,118,56.28763,27.240772,9.0
2025-10-18,29.8,41209.77,0.0,0.0,71,1011.3,1010.2,34.0,25.5,8,16.6,0.0,36000.0,218,56.28763,27.240772,9.0
2025-10-19,29.9,41117.79,0.0,0.0,72,1009.4,1008.4,34.3,25.9,11,13.1,0.0,36000.0,205,56.28763,27.240772,9.0
2025-10-20,30.1,41026.0,0.0,0.0,52,1009.2,1008.2,35.8,24.9,1,13.6,0.0,36000.0,228,56.28763,27.240772,9.0
2025-10-21,29.3,40934.45,0.9,0.0,56,1012.0,1011.0,34.7,24.2,3,18.5,0.9,36000.0,208,56.28763,27.240772,9.0
2025-10-22,29.4,40843.24,0.0,0.0,52,1013.5,1012.5,35.3,23.8,0,20.0,0.0,36000.0,221,56.28763,27.240772,9.0
2025-10-23,29.5,40752.43,0.0,0.0,45,1011.9,1010.9,36.1,23.2,0,21.7,0.0,36000.0,217,56.28763,27.240772,9.0
2025-10-24,28.7,40662.12,0.0,0.0,45,1011.3,1010.3,34.6,22.4,0,15.4,0.0,36000.0,246,56.28763,27.240772,9.0
2025-10-25,28.2,40572.38,0.0,0.0,41,1009.7,1008.6,34.6,21.5,0,13.1,0.0,36000.0,237,56.28763,27.240772,9.0
2025-10-26,28.0,40483.3,0.0,0.0,49,1009.7,1008.7,33.8,22.0,0,15.3,0.0,36000.0,231,56.28763,27.240772,9.0
2025-10-27,28.2,40394.95,0.0,0.0,51,1010.7,1009.6,34.2,22.6,0,13.7,0.0,36000.0,175,56.28763,27.240772,9.0
2025-10-28,28.5,40307.44,0.0,0.0,41,1010.8,1009.8,34.7,22.3,0,14.0,0.0,36000.0,208,56.28763,27.240772,9.0
2025-10-29,28.5,40220.83,0.0,0.0,36,1010.0,1008.9,35.7,22.2,0,15.7,0.0,36000.0,247,56.28763,27.240772,9.0
2025-10-30,28.7,40135.23,0.0,0.0,38,1010.0,1009.0,35.6,21.6,0,15.7,0.0,36000.0,249,56.28763,27.240772,9.0
2025-10-31,28.8,40050.72,0.0,0.0,42,1011.8,1010.8,36.3,22.6,0,17.6,0.0,36000.0,237,56.28763,27.240772,9.0
2025-11-01,28.9,39967.39,0.0,0.0,36,1012.3,1011.3,35.2,22.6,0,14.9,0.0,36000.0,268,56.28763,27.240772,9.0
2025-11-02,27.9,39885.33,0.0,0.0,43,1012.9,1011.8,34.8,21.9,0,19.4,0.0,36000.0,246,56.28763,27.240772,9.0
2025-11-03,26.8,39804.5,0.0,0.0,50,1012.8,1011.8,32.3,20.2,0,15.9,0.0,36000.0,238,56.28763,27.240772,9.0
2025-11-04,28.8,39724.14,0.0,0.0,23,1014.8,1013.8,35.1,22.8,2,20.6,0.0,36000.0,46,56.28763,27.240772,9.0
2025-11-05,27.2,39644.18,0.0,0.0,14,1014.5,1013.4,34.0,21.7,0,17.2,0.0,36000.0,53,56.28763,27.240772,9.0
2025-11-06,25.4,39564.71,0.0,0.0,21,1014.5,1013.4,33.1,19.1,0,14.5,0.0,36000.0,66,56.28763,27.240772,9.0
2025-11-07,24.9,39485.82,0.0,0.0,23,1016.2,1015.2,31.9,19.0,0,11.6,0.0,36000.0,62,56.28763,27.240772,9.0
2025-11-08,24.3,39407.59,0.0,0.0,26,1017.3,1016.3,31.6,18.3,9,7.4,0.0,36000.0,343,56.28763,27.240772,9.0
2025-11-09,24.3,39330.12,0.0,0.0,28,1015.8,1014.8,31.0,17.8,88,10.3,0.0,36000.0,298,56.28763,27.240772,9.0
2025-11-10,25.5,39253.48,0.0,0.0,19,1015.0,1013.9,32.7,18.9,60,16.8,0.0,36000.0,39,56.28763,27.240772,9.0
2025-11-11,25.3,39177.77,0.0,0.0,21,1015.7,1014.6,33.3,18.8,0,19.6,0.0,36000.0,39,56.28763,27.240772,9.0
2025-11-12,25.1,39103.09,0.0,0.0,23,1017.5,1016.5,32.4,18.8,44,12.4,0.0,35109.82,37,56.28763,27.240772,9.0
2025-11-13,24.6,39029.52,0.0,0.0,23,1018.2,1017.2,31.3,18.5,0,9.4,0.0,36000.0,339,56.28763,27.240772,9.0
2025-11-14,23.9,38957.16,0.0,0.0,25,1017.1,1016.0,30.9,17.4,2,9.3,0.0,35987.23,347,56.28763,27.240772,9.0
2025-11-15,24.0,38886.11,0.0,0.0,31,1017.2,1016.2,30.3,17.6,44,13.8,0.0,35958.65,266,56.28763,27.240772,9.0
2025-11-16,23.7,38816.46,0.0,0.0,46,1019.5,1018.5,29.3,18.0,77,14.8,0.0,35913.93,247,56.28763,27.240772,9.0
2025-11-17,23.8,38748.32,0.0,0.0,50,1019.1,1018.1,28.8,17.9,98,11.7,0.0,31710.48,268,56.28763,27.240772,9.0
2025-11-18,24.9,38681.77,0.0,0.0,37,1016.0,1014.9,31.8,17.6,52,10.1,0.0,34080.7,320,56.28763,27.240772,9.0
2025-11-19,24.7,38616.93,0.0,0.0,39,1016.0,1014.9,32.8,19.1,2,9.9,0.0,35696.82,61,56.28763,27.240772,9.0
2025-11-20,25.4,38553.91,0.0,0.0,24,1017.3,1016.3,33.8,18.4,1,11.1,0.0,35628.04,44,56.28763,27.240772,9.0
2025-11-21,25.2,38492.78,0.0,0.0,23,1018.5,1017.5,33.2,18.1,0,16.7,0.0,35561.27,43,56.28763,27.240772,9.0
2025-11-22,24.5,38433.68,0.0,0.0,21,1018.6,1017.6,32.3,17.2,0,16.7,0.0,35496.61,47,56.28763,27.240772,9.0
2025-11-23,23.6,38376.57,0.0,0.0,17,1018.2,1017.2,30.7,17.2,0,16.4,0.0,35434.18,42,56.28763,27.240772,9.0
2025-11-24,22.6,38320.81,0.0,0.0,20,1018.0,1016.9,30.2,15.3,0,9.6,0.0,35373.36,36,56.28763,27.240772,9.0
2025-11-25,21.7,38266.36,0.0,0.0,27,1017.7,1016.6,28.5,15.3,0,9.7,0.0,35313.88,15,56.28763,27.240772,9.0
2025-11-26,21.5,38213.28,0.0,0.0,39,1016.9,1015.9,27.1,14.9,27,11.5,0.0,35255.82,353,56.28763,27.240772,9.0
2025-11-27,22.1,38161.63,0.0,0.0,51,1018.0,1016.9,27.7,16.9,1,11.9,0.0,35199.25,55,56.28763,27.240772,9.0
2025-11-28,21.9,38111.5,0.0,0.0,53,1018.3,1017.3,27.5,16.1,1,10.1,0.0,35144.26,43,56.28763,27.240772,9.0
2025-11-29,22.2,38062.94,0.0,0.0,43,1017.0,1016.0,28.0,16.4,0,8.7,0.0,35090.92,319,56.28763,27.240772,9.0
2025-11-30,21.7,38016.02,0.0,0.0,33,1016.6,1015.6,27.9,15.5,0,10.4,0.0,35039.32,288,56.28763,27.240772,9.0
2025-12-01,21.7,37970.83,0.0,0.0,31,1016.7,1015.7,28.0,15.2,2,9.4,0.0,34989.53,3,56.28763,27.240772,9.0
2025-12-02,21.9,37927.42,0.0,0.0,29,1016.3,1015.3,27.5,15.4,67,8.0,0.0,27900.27,17,56.28763,27.240772,9.0
2025-12-03,22.3,37885.87,0.0,0.0,39,1016.4,1015.3,27.9,17.8,56,10.5,0.0,31831.27,208,56.28763,27.240772,9.0
2025-12-04,22.9,37846.26,0.0,0.0,66,1018.3,1017.2,26.9,17.7,75,12.0,0.0,31521.52,71,56.28763,27.240772,9.0
2025-12-05,22.3,37808.64,2.0,0.0,66,1019.1,1018.0,25.3,20.2,71,9.5,2.0,4331.97,26,56.28763,27.240772,9.0
2025-12-06,22.4,37773.1,0.0,0.0,62,1018.8,1017.8,26.8,18.5,7,10.5,0.0,34770.74,240,56.28763,27.240772,9.0
2025-12-07,22.5,37739.7,0.0,0.0,59,1019.7,1018.7,28.4,17.4,1,9.0,0.0,34733.59,25,56.28763,27.240772,9.0
2025-12-08,22.9,37708.51,0.0,0.0,40,1019.9,1018.8,30.1,16.7,18,8.0,0.0,34698.84,37,56.28763,27.240772,9.0
2025-12-09,22.3,37679.62,0.0,0.0,47,1018.5,1017.4,28.0,16.6,67,7.7,0.0,32843.42,53,56.28763,27.240772,9.0
2025-12-10,21.8,37653.07,0.0,0.0,67,1018.1,1017.1,26.7,17.4,98,9.4,0.0,31787.82,44,56.28763,27.240772,9.0
2025-12-11,22.1,37628.96,0.0,0.0,72,1016.2,1015.1,26.0,18.1,93,10.0,0.0,24301.68,58,56.28763,27.240772,9.0
2025-12-12,21.9,37607.35,0.0,0.0,66,1014.5,1013.5,26.7,17.3,8,16.8,0.0,34308.26,286,56.28763,27.240772,9.0
2025-12-13,22.1,37588.25,0.0,0.0,68,1013.6,1012.5,27.1,17.5,52,18.1,0.0,33015.4,255,56.28763,27.240772,9.0
2025-12-14,18.9,37571.41,5.8,0.0,79,1015.5,1014.4,22.9,15.5,25,11.1,5.8,23525.7,34,56.28763,27.240772,9.0
2025-12-15,20.3,37556.8,19.2,0.0,65,1016.0,1014.9,24.8,15.4,62,14.3,19.2,34336.8,36,56.28763,27.240772,9.0
2025-12-16,17.9,37544.41,45.1,0.0,85,1013.7,1012.6,19.3,16.7,97,15.2,45.1,0.0,46,56.28763,27.240772,9.0
2025-12-17,18.0,37534.25,28.1,0.0,81,1015.2,1014.1,20.1,16.5,82,19.3,28.1,21136.62,47,56.28763,27.240772,9.0
2025-12-18,19.0,37526.32,37.5,0.0,81,1016.2,1015.1,21.7,17.0,96,23.3,37.5,2064.38,53,56.28763,27.240772,9.0
2025-12-19,17.8,37520.62,19.9,0.0,75,1012.7,1011.6,21.3,14.5,41,23.4,19.9,23808.93,279,56.28763,27.240772,9.0
2025-12-20,16.2,37517.15,0.0,0.0,74,1015.7,1014.6,20.1,13.0,11,11.8,0.0,33745.37,32,56.28763,27.240772,9.0
2025-12-21,15.5,37515.92,0.0,0.0,68,1020.7,1019.6,19.5,12.2,5,17.8,0.0,33886.83,53,56.28763,27.240772,9.0
2025-12-22,15.5,37516.9,0.0,0.0,62,1021.5,1020.4,20.7,10.8,1,9.3,0.0,33880.75,44,56.28763,27.240772,9.0
2025-12-23,16.3,37520.12,0.0,0.0,65,1019.6,1018.5,21.2,11.9,12,4.8,0.0,33874.55,35,56.28763,27.240772,9.0
2023-01-01,1.6,35041.75,0.0,0.0,61,1031.6,913.8,9.5,-4.4,22,11.0,0.0,30310.1,289,59.648438,36.309315,986.0
2023-01-02,1.7,35079.48,0.0,0.0,57,1034.0,916.0,7.5,-2.2,0,13.4,0.0,30700.8,294,59.648438,36.309315,986.0
2023-01-03,4.1,35120.59,0.0,0.0,41,1031.7,914.9,11.6,-2.5,0,11.2,0.0,30717.67,297,59.648438,36.309315,986.0
2023-01-04,3.1,35164.99,0.0,0.0,52,1025.3,908.8,10.2,-1.9,11,9.8,0.0,30903.45,309,59.648438,36.309315,986.0
2023-01-05,3.9,35212.57,4.2,0.0,61,1019.9,904.4,9.2,-2.0,100,15.0,4.2,4563.98,307,59.648438,36.309315,986.0
2023-01-06,3.2,35263.25,0.0,0.0,88,1020.9,905.0,8.0,-0.8,56,12.2,0.0,12822.8,308,59.648438,36.309315,986.0
2023-01-07,3.5,35316.93,0.0,0.0,77,1018.2,902.7,10.1,-0.2,29,11.8,0.0,30305.33,293,59.648438,36.309315,986.0
2023-01-08,3.2,35373.52,0.0,0.0,76,1021.3,905.4,9.4,-1.6,8,15.8,0.0,31131.76,164,59.648438,36.309315,986.0
2023-01-09,-0.9,35432.92,0.0,0.63,94,1028.3,909.9,3.0,-4.2,100,19.3,0.9,7907.34,159,59.648438,36.309315,986.0
2023-01-10,-5.7,35495.02,0.0,2.31,78,1036.7,915.3,-3.5,-7.7,100,16.9,3.2,0.0,148,59.648438,36.309315,986.0
2023-01-11,-10.2,35559.75,0.0,0.0,65,1046.4,922.0,-6.2,-13.9,69,17.0,0.0,27432.97,144,59.648438,36.309315,986.0
2023-01-12,-12.6,35626.99,0.0,0.0,50,1048.7,922.9,-7.9,-15.8,2,12.5,0.0,31559.18,118,59.648438,36.309315,986.0
2023-01-13,-11.1,35696.66,0.0,0.0,33,1043.4,919.0,-3.4,-17.3,0,11.2,0.0,31717.11,141,59.648438,36.309315,986.0
2023-01-14,-9.0,35768.66,0.0,0.0,20,1038.5,915.5,-1.1,-14.9,13,8.7,0.0,31781.83,215,59.648438,36.309315,986.0
2023-01-15,-5.4,35842.89,0.0,0.0,19,1031.2,910.6,3.1,-13.9,35,11.2,0.0,31847.11,240,59.648438,36.309315,986.0
2023-01-16,-1.7,35919.27,0.0,0.0,40,1026.0,907.6,7.1,-7.0,17,10.2,0.0,31619.45,257,59.648438,36.309315,986.0
2023-01-17,-0.3,35997.71,0.0,0.0,63,1024.9,907.2,8.0,-5.9,63,13.8,0.0,31879.68,298,59.648438,36.309315,986.0
2023-01-18,-0.8,36078.27,0.0,0.0,72,1025.8,907.7,6.4,-5.2,44,10.4,0.0,27240.84,307,59.648438,36.309315,986.0
2023-01-19,-0.3,36161.85,0.0,0.0,71,1028.5,910.4,7.0,-4.6,15,11.4,0.0,32010.29,287,59.648438,36.309315,986.0
2023-01-20,-1.2,36248.44,0.0,0.0,74,1031.7,912.8,5.3,-5.8,12,12.5,0.0,31973.72,155,59.648438,36.309315,986.0
2023-01-21,-1.9,36337.9,0.0,0.0,72,1032.3,913.1,4.7,-6.3,0,12.3,0.0,32249.4,145,59.648438,36.309315,986.0
2023-01-22,-2.6,36430.07,0.0,0.0,72,1033.7,914.0,3.5,-6.8,2,12.8,0.0,32212.59,128,59.648438,36.309315,986.0
2023-01-23,-2.8,36524.8,0.0,0.0,73,1033.4,913.7,3.8,-6.9,4,15.3,0.0,32281.11,248,59.648438,36.309315,986.0
2023-01-24,-3.2,36621.94,0.0,0.0,74,1032.9,913.1,2.5,-6.7,21,15.6,0.0,32570.21,160,59.648438,36.309315,986.0
2023-01-25,-3.3,36721.33,0.0,0.0,69,1031.9,912.1,2.2,-6.8,19,11.1,0.0,32306.83,150,59.648438,36.309315,986.0
2023-01-26,-2.3,36822.84,0.0,0.0,64,1029.6,910.5,4.7,-7.4,4,9.4,0.0,32829.5,262,59.648438,36.309315,986.0
2023-01-27,-1.1,36926.31,0.0,0.0,61,1027.7,909.3,5.9,-6.4,27,11.2,0.0,32904.06,224,59.648438,36.309315,986.0
2023-01-28,0.5,37031.62,0.0,0.0,65,1021.6,904.5,6.2,-4.8,59,10.5,0.0,26292.39,297,59.648438,36.309315,986.0
2023-01-29,2.5,37138.6,0.0,0.0,53,1015.3,899.8,9.3,-1.8,76,11.1,0.0,32812.68,307,59.648438,36.309315,986.0
2023-01-30,3.0,37247.13,0.0,0.0,66,1016.6,901.1,9.7,-2.0,77,12.0,0.0,27989.18,345,59.648438,36.309315,986.0
2023-01-31,6.0,37357.08,2.0,0.0,71,1012.5,898.6,13.3,-2.1,99,12.6,2.0,27481.89,149,59.648438,36.309315,986.0
2023-02-01,6.5,37468.3,2.1,0.0,80,1009.2,895.9,11.9,0.8,74,10.2,2.1,9164.55,259,59.648438,36.309315,986.0
2023-02-02,4.2,37580.68,0.0,0.0,78,1015.5,900.6,11.9,-0.5,31,9.3,0.0,30951.75,323,59.648438,36.309315,986.0
2023-02-03,4.2,37694.07,0.3,0.0,65,1017.2,902.1,12.5,-2.3,27,12.5,0.3,33001.12,300,59.648438,36.309315,986.0
2023-02-04,2.6,37808.36,0.0,0.0,69,1020.8,904.6,10.9,-4.7,47,13.6,0.0,34053.5,302,59.648438,36.309315,986.0
2023-02-05,3.4,37923.41,0.0,0.0,74,1017.3,901.9,10.1,-0.2,44,12.6,0.0,25629.97,300,59.648438,36.309315,986.0
2023-02-06,4.1,38039.12,0.0,0.0,53,1019.0,903.6,12.3,-2.8,48,10.7,0.0,33180.45,319,59.648438,36.309315,986.0
2023-02-07,6.1,38155.55,0.4,0.07,60,1009.8,896.2,16.0,-1.0,37,10.8,0.5,26227.48,324,59.648438,36.309315,986.0
2023-02-08,6.8,38273.85,3.2,0.63,70,1010.1,896.8,14.9,1.5,67,17.7,4.1,30418.03,318,59.648438,36.309315,986.0
2023-02-09,2.0,38394.05,0.6,0.91,75,1021.5,905.1,6.9,-1.3,94,21.9,1.9,21995.97,320,59.648438,36.309315,986.0
2023-02-10,-2.2,38516.04,0.0,0.21,78,1032.4,913.0,1.4,-6.1,88,17.7,0.3,9763.48,137,59.648438,36.309315,986.0
2023-02-11,-2.7,38639.66,0.0,0.0,74,1034.7,914.9,2.8,-6.9,48,10.7,0.0,32400.0,154,59.648438,36.309315,986.0
2023-02-12,-1.4,38764.78,0.3,2.24,82,1026.5,908.2,3.0,-7.1,100,12.0,3.5,15198.67,319,59.648438,36.309315,986.0
2023-02-13,1.8,38891.26,0.6,1.19,91,1021.1,904.6,7.7,-1.6,98,13.5,2.3,17799.93,322,59.648438,36.309315,986.0
2023-02-14,2.5,39018.97,2.7,1.75,89,1024.2,907.6,6.2,-0.3,100,14.0,5.2,0.0,158,59.648438,36.309315,986.0
2023-02-15,4.2,39147.79,9.4,2.1,93,1014.4,899.6,9.4,-1.5,100,17.4,12.4,1357.54,347,59.648438,36.309315,986.0
2023-02-16,5.8,39277.59,4.3,0.0,92,1016.1,901.7,11.2,0.2,100,19.4,4.3,210.99,60,59.648438,36.309315,986.0
2023-02-17,3.7,39408.23,0.0,0.0,86,1026.4,910.1,10.4,-1.2,78,23.9,0.0,34609.96,107,59.648438,36.309315,986.0
2023-02-18,2.9,39539.6,0.1,0.0,83,1026.1,909.4,7.8,-1.6,50,10.5,0.1,21668.15,201,59.648438,36.309315,986.0
2023-02-19,3.9,39671.57,0.0,0.0,62,1019.8,904.3,12.4,-3.2,16,10.9,0.0,35511.99,309,59.648438,36.309315,986.0
2023-02-20,6.0,39804.04,0.0,0.0,56,1018.2,903.7,14.3,-0.6,1,13.1,0.0,35581.96,307,59.648438,36.309315,986.0
2023-02-21,6.4,39936.88,0.0,0.0,58,1011.9,898.2,16.5,-1.3,11,8.1,0.0,35752.93,300,59.648438,36.309315,986.0
2023-02-22,6.4,40069.97,0.0,0.0,56,1013.3,899.5,14.9,0.4,10,10.2,0.0,35825.44,308,59.648438,36.309315,986.0
2023-02-23,8.3,40203.2,0.0,0.0,59,1012.0,899.0,18.7,-0.2,64,9.7,0.0,35662.04,333,59.648438,36.309315,986.0
2023-02-24,7.0,40336.46,0.2,0.0,60,1019.1,904.9,15.2,1.0,83,18.7,0.2,32509.53,141,59.648438,36.309315,986.0
2023-02-25,-0.0,40469.65,0.0,2.45,80,1033.1,914.5,3.5,-3.6,80,18.0,3.5,7184.5,164,59.648438,36.309315,986.0
2023-02-26,5.3,40602.65,0.7,0.0,68,1027.6,911.7,14.4,-4.0,36,15.4,0.7,33677.54,259,59.648438,36.309315,986.0
2023-02-27,7.5,40735.54,0.0,0.0,67,1026.8,911.8,15.5,0.3,1,13.1,0.0,36416.37,155,59.648438,36.309315,986.0
2023-02-28,6.8,40869.41,0.0,0.0,63,1025.0,910.0,14.9,-0.6,0,12.4,0.0,36679.26,129,59.648438,36.309315,986.0
2023-03-01,7.5,41004.36,0.0,0.0,52,1020.7,906.4,17.5,-0.4,0,10.8,0.0,36801.45,312,59.648438,36.309315,986.0
2023-03-02,9.2,41140.26,0.0,0.0,43,1017.8,904.5,18.8,2.2,36,10.2,0.0,36927.16,316,59.648438,36.309315,986.0
2023-03-03,9.7,41277.03,0.0,0.0,47,1021.6,908.0,19.5,2.2,57,17.8,0.0,36803.21,147,59.648438,36.309315,986.0
2023-03-04,11.9,41414.55,0.0,0.0,47,1016.9,904.7,21.9,2.0,26,11.8,0.0,36545.78,307,59.648438,36.309315,986.0
2023-03-05,11.6,41552.72,0.7,0.0,52,1017.8,905.4,19.5,5.1,42,15.0,0.7,30334.72,323,59.648438,36.309315,986.0
2023-03-06,13.3,41691.45,0.0,0.0,45,1015.2,903.7,24.0,5.7,8,11.4,0.0,37329.26,314,59.648438,36.309315,986.0
2023-03-07,16.2,41830.62,0.7,0.0,38,1013.2,903.0,26.2,5.2,76,16.8,0.7,36394.42,320,59.648438,36.309315,986.0
2023-03-08,9.1,41970.16,1.0,0.0,79,1023.5,909.6,12.9,6.1,86,19.4,1.0,14245.75,155,59.648438,36.309315,986.0
2023-03-09,12.9,42109.95,0.1,0.0,72,1015.1,903.4,22.1,5.1,92,9.8,0.1,32776.8,317,59.648438,36.309315,986.0
2023-03-10,15.6,42249.89,3.3,0.0,66,1012.6,902.2,25.0,8.0,99,19.2,3.3,25012.29,287,59.648438,36.309315,986.0
2023-03-11,10.2,42389.9,23.4,0.0,94,1018.8,905.8,12.1,7.4,87,15.2,23.4,0.0,159,59.648438,36.309315,986.0
2023-03-12,11.7,42529.88,0.0,0.0,71,1019.2,906.7,19.3,6.1,36,9.9,0.0,34673.57,299,59.648438,36.309315,986.0
2023-03-13,13.2,42669.73,0.0,0.0,54,1015.4,903.8,22.3,5.7,72,10.3,0.0,32347.21,300,59.648438,36.309315,986.0
2023-03-14,15.6,42809.36,0.0,0.0,44,1016.0,905.3,23.5,7.7,96,17.7,0.0,23264.26,318,59.648438,36.309315,986.0
2023-03-15,13.2,42948.66,0.0,0.0,56,1018.5,906.6,19.9,7.1,64,15.5,0.0,38079.72,124,59.648438,36.309315,986.0
2023-03-16,12.8,43087.55,0.0,0.0,44,1012.9,901.5,20.6,6.1,42,13.1,0.0,38252.4,183,59.648438,36.309315,986.0
2023-03-17,13.7,43225.94,8.4,0.0,62,1009.7,898.9,22.0,7.5,41,9.7,8.4,37996.63,298,59.648438,36.309315,986.0
2023-03-18,12.6,43363.72,1.0,0.0,66,1012.7,901.3,20.5,6.2,18,13.4,1.0,38041.08,93,59.648438,36.309315,986.0
2023-03-19,11.7,43500.98,0.7,0.0,70,1014.2,902.2,18.4,5.9,17,12.2,0.7,37534.5,141,59.648438,36.309315,986.0
2023-03-20,12.0,43638.71,0.0,0.0,62,1011.5,900.0,19.0,5.2,56,15.5,0.0,37554.55,142,59.648438,36.309315,986.0
2023-03-21,13.2,43777.01,0.1,0.0,47,1009.0,898.2,20.4,5.3,54,18.8,0.1,36417.43,108,59.648438,36.309315,986.0
2023-03-22,9.9,43915.78,6.6,0.0,81,1009.0,897.0,12.0,6.8,100,10.9,6.6,0.0,259,59.648438,36.309315,986.0
2023-03-23,9.9,44054.93,0.0,0.0,68,1012.6,900.1,15.1,4.5,93,15.8,0.0,12149.18,153,59.648438,36.309315,986.0
2023-03-24,11.1,44194.4,0.0,0.0,54,1014.9,902.7,18.1,5.1,73,14.3,0.0,33025.42,345,59.648438,36.309315,986.0
2023-03-25,12.0,44334.07,0.0,0.0,50,1015.7,903.7,19.8,4.6,4,11.4,0.0,40043.41,196,59.648438,36.309315,986.0
2023-03-26,13.7,44473.87,0.0,0.0,46,1013.2,902.1,21.8,5.9,20,14.1,0.0,40229.48,58,59.648438,36.309315,986.0
2023-03-27,15.1,44613.71,0.2,0.0,51,1008.3,898.2,23.6,7.6,82,21.8,0.2,27943.65,236,59.648438,36.309315,986.0
2023-03-28,13.2,44753.5,5.6,0.0,69,1009.1,898.3,20.0,9.1,80,15.3,5.6,25819.02,295,59.648438,36.309315,986.0
2023-03-29,14.3,44893.16,0.0,0.0,61,1010.5,899.9,20.8,8.1,12,13.4,0.0,39972.12,287,59.648438,36.309315,986.0
2023-03-30,16.4,45032.59,0.0,0.0,47,1009.4,899.7,24.2,8.6,4,13.3,0.0,41009.56,276,59.648438,36.309315,986.0
2023-03-31,17.7,45171.7,0.0,0.0,36,1008.4,899.2,24.4,10.7,18,14.6,0.0,41362.32,349,59.648438,36.309315,986.0
2023-04-01,14.3,45310.4,0.6,0.0,56,1006.3,896.1,20.5,7.4,69,16.6,0.6,28706.84,152,59.648438,36.309315,986.0
2023-04-02,9.2,45448.61,0.0,0.0,70,1011.2,898.7,13.3,7.4,84,22.4,0.0,25803.07,138,59.648438,36.309315,986.0
2023-04-03,10.4,45586.22,0.0,0.0,55,1012.0,899.8,16.7,5.3,62,16.9,0.0,39583.4,323,59.648438,36.309315,986.0
2023-04-04,9.2,45723.15,4.7,0.0,65,1017.0,903.8,14.9,3.8,44,22.2,4.7,42149.57,139,59.648438,36.309315,986.0
2023-04-05,11.2,45859.3,0.0,0.0,53,1014.0,901.9,17.5,5.9,43,9.8,0.0,41387.25,207,59.648438,36.309315,986.0
2023-04-06,16.2,45994.58,0.0,0.0,34,1008.9,899.1,26.0,5.1,20,18.0,0.0,42835.37,295,59.648438,36.309315,986.0
2023-04-07,18.7,46128.88,0.0,0.0,27,1010.8,901.7,28.2,8.9,24,20.7,0.0,42857.61,280,59.648438,36.309315,986.0
2023-04-08,18.6,46262.27,0.2,0.0,29,1014.6,905.1,28.0,11.1,25,20.9,0.2,42492.72,98,59.648438,36.309315,986.0
2023-04-09,18.3,46395.71,0.0,0.0,35,1016.5,906.7,27.8,10.0,34,28.2,0.0,39701.84,300,59.648438,36.309315,986.0
2023-04-10,15.8,46529.28,0.0,0.0,46,1020.9,909.7,22.9,9.4,35,19.3,0.0,40017.5,139,59.648438,36.309315,986.0
2023-04-11,19.2,46662.88,0.0,0.0,35,1016.6,907.0,28.1,9.1,46,16.8,0.0,42998.4,46,59.648438,36.309315,986.0
2023-04-12,24.3,46796.44,0.0,0.0,18,1010.0,902.9,33.5,12.4,54,21.9,0.0,39257.81,201,59.648438,36.309315,986.0
2023-04-13,26.8,46929.87,0.0,0.0,18,1004.5,898.9,34.1,15.5,74,28.5,0.0,40154.7,210,59.648438,36.309315,986.0
2023-04-14,20.4,47063.05,0.0,0.0,41,1010.3,901.8,27.9,11.8,13,24.5,0.0,43200.0,239,59.648438,36.309315,986.0
2023-04-15,17.0,47195.92,0.0,0.0,41,1014.5,904.4,23.8,10.6,6,15.8,0.0,43200.0,331,59.648438,36.309315,986.0
2023-04-16,15.4,47328.38,0.0,0.0,37,1016.9,906.0,21.6,9.5,69,19.8,0.0,39600.0,119,59.648438,36.309315,986.0
2023-04-17,9.6,47460.33,0.0,0.0,44,1024.4,910.5,13.1,4.1,61,23.4,0.0,39826.75,140,59.648438,36.309315,986.0
2023-04-18,8.8,47591.66,0.0,0.0,28,1026.2,911.8,15.4,3.4,37,16.2,0.0,42492.93,131,59.648438,36.309315,986.0
2023-04-19,11.3,47722.29,0.0,0.0,20,1019.4,906.7,19.4,2.0,0,15.6,0.0,43200.0,117,59.648438,36.309315,986.0
2023-04-20,15.2,47852.12,0.0,0.0,19,1011.9,901.4,25.0,4.8,1,22.7,0.0,43200.0,41,59.648438,36.309315,986.0
2023-04-21,19.1,47981.03,0.0,0.0,19,1008.8,900.0,28.2,7.4,1,22.1,0.0,43200.0,34,59.648438,36.309315,986.0
2023-04-22,22.3,48108.93,0.0,0.0,18,1009.3,901.6,31.5,11.6,53,13.6,0.0,43200.0,347,59.648438,36.309315,986.0
2023-04-23,22.7,48235.71,0.0,0.0,24,1012.3,904.4,29.0,14.6,74,17.1,0.0,28555.06,19,59.648438,36.309315,986.0
2023-04-24,22.5,48361.26,0.0,0.0,23,1013.3,905.2,29.6,12.9,49,20.2,0.0,42305.53,88,59.648438,36.309315,986.0
2023-04-25,22.8,48485.47,0.0,0.0,22,1011.3,903.6,30.5,14.5,9,16.7,0.0,43200.0,118,59.648438,36.309315,986.0
2023-04-26,24.2,48608.23,0.0,0.0,19,1010.0,902.8,33.2,15.4,37,22.8,0.0,36000.0,63,59.648438,36.309315,986.0
2023-04-27,22.0,48729.41,0.0,0.0,25,1010.7,902.8,29.6,14.4,19,19.6,0.0,43200.0,117,59.648438,36.309315,986.0
2023-04-28,22.6,48849.09,0.0,0.0,17,1009.9,902.2,30.5,14.5,33,19.6,0.0,43200.0,113,59.648438,36.309315,986.0
2023-04-29,23.3,48968.14,0.0,0.0,17,1008.6,901.3,30.8,13.9,71,22.5,0.0,43200.0,95,59.648438,36.309315,986.0
2023-04-30,22.1,49086.64,0.0,0.0,23,1007.5,900.0,28.0,14.9,72,21.7,0.0,22852.92,111,59.648438,36.309315,986.0
2023-05-01,21.9,49204.52,0.0,0.0,28,1007.4,899.8,30.1,15.1,62,21.7,0.0,38468.25,313,59.648438,36.309315,986.0
2023-05-02,21.0,49321.65,3.4,0.0,41,1011.3,902.9,29.8,14.5,39,18.7,3.4,32322.04,31,59.648438,36.309315,986.0
2023-05-03,17.6,49437.95,0.9,0.0,56,1015.6,905.7,22.6,12.9,75,17.4,0.9,34297.7,137,59.648438,36.309315,986.0
2023-05-04,15.9,49553.31,1.7,0.0,58,1015.3,904.8,23.5,11.2,57,22.4,1.7,37919.91,112,59.648438,36.309315,986.0
2023-05-05,10.3,49667.63,6.4,0.0,71,1018.1,905.2,14.4,5.2,67,17.1,6.4,10229.3,150,59.648438,36.309315,986.0
2023-05-06,13.5,49780.82,0.0,0.0,57,1015.7,904.2,22.1,4.6,9,11.0,0.0,43200.0,253,59.648438,36.309315,986.0
2023-05-07,15.9,49892.75,0.0,0.0,49,1016.3,905.7,22.7,9.8,0,18.5,0.0,43264.95,31,59.648438,36.309315,986.0
2023-05-08,18.1,50003.32,0.0,0.0,41,1014.0,904.4,26.2,8.4,1,15.6,0.0,43254.92,130,59.648438,36.309315,986.0
2023-05-09,22.9,50112.43,0.0,0.0,25,1011.9,904.1,32.8,12.6,38,21.7,0.0,43373.48,10,59.648438,36.309315,986.0
2023-05-10,23.3,50219.96,0.1,0.0,30,1011.7,904.1,31.0,14.8,100,23.3,0.1,24623.04,146,59.648438,36.309315,986.0
2023-05-11,21.1,50325.79,0.2,0.0,48,1014.9,906.2,27.0,15.4,22,13.0,0.2,43357.07,272,59.648438,36.309315,986.0
2023-05-12,21.3,50429.81,0.0,0.0,42,1017.9,908.9,27.5,13.6,22,14.9,0.0,43348.75,51,59.648438,36.309315,986.0
2023-05-13,22.4,50531.9,0.0,0.0,32,1015.0,906.7,29.0,13.9,12,9.9,0.0,43532.09,101,59.648438,36.309315,986.0
2023-05-14,25.0,50631.93,0.0,0.0,22,1006.3,899.9,32.8,13.5,50,16.1,0.0,43655.3,66,59.648438,36.309315,986.0
2023-05-15,19.6,50729.8,2.1,0.0,52,1007.6,899.2,25.4,15.5,70,19.8,2.1,36015.96,118,59.648438,36.309315,986.0
2023-05-16,13.8,50825.37,6.2,0.0,66,1015.0,903.7,18.2,11.0,97,17.1,6.2,6042.73,148,59.648438,36.309315,986.0
2023-05-17,14.4,50918.51,0.4,0.0,57,1015.1,904.1,19.9,9.4,46,14.8,0.4,22550.98,119,59.648438,36.309315,986.0
2023-05-18,19.1,51009.25,0.0,0.0,41,1013.7,904.4,30.0,8.2,27,25.2,0.0,41894.25,138,59.648438,36.309315,986.0
2023-05-19,22.7,51098.32,0.0,0.0,31,1013.4,905.4,31.7,12.4,38,18.0,0.0,43955.41,78,59.648438,36.309315,986.0
2023-05-20,23.0,51185.79,0.0,0.0,31,1012.5,904.7,30.8,15.5,71,18.4,0.0,29345.42,90,59.648438,36.309315,986.0
2023-05-21,25.1,51271.57,0.0,0.0,30,1010.5,903.6,32.3,15.4,80,22.3,0.0,31972.7,27,59.648438,36.309315,986.0
2023-05-22,24.4,51355.56,0.0,0.0,35,1011.2,904.0,32.2,18.1,69,23.3,0.0,30624.02,314,59.648438,36.309315,986.0
2023-05-23,25.2,51437.69,0.1,0.0,33,1013.6,906.4,32.3,17.2,40,19.8,0.1,40265.77,299,59.648438,36.309315,986.0
2023-05-24,25.8,51517.86,0.0,0.0,27,1014.8,907.7,32.0,18.4,15,14.4,0.0,44408.25,357,59.648438,36.309315,986.0
2023-05-25,25.1,51595.99,0.0,0.0,24,1014.4,907.1,33.0,17.5,28,23.7,0.0,44401.63,59,59.648438,36.309315,986.0
2023-05-26,23.8,51671.98,0.0,0.0,17,1012.7,905.1,30.6,16.2,45,16.6,0.0,44845.3,124,59.648438,36.309315,986.0
2023-05-27,24.3,51745.74,0.0,0.0,16,1010.9,903.7,31.2,16.2,71,17.6,0.0,43426.82,98,59.648438,36.309315,986.0
2023-05-28,24.0,51817.18,0.0,0.0,24,1012.8,905.3,29.9,16.5,43,22.9,0.0,43609.53,40,59.648438,36.309315,986.0
2023-05-29,25.4,51886.21,0.0,0.0,18,1013.4,906.3,32.5,16.6,41,22.5,0.0,45143.46,11,59.648438,36.309315,986.0
2023-05-30,24.9,51952.73,0.0,0.0,16,1012.3,905.2,32.5,15.4,20,17.6,0.0,45138.78,83,59.648438,36.309315,986.0
2023-05-31,25.6,52016.66,0.0,0.0,12,1009.8,903.1,33.5,15.3,24,15.8,0.0,45761.8,72,59.648438,36.309315,986.0
2023-06-01,26.9,52077.89,0.0,0.0,10,1009.1,903.0,34.2,17.1,68,16.3,0.0,39600.0,97,59.648438,36.309315,986.0
2023-06-02,26.4,52136.33,0.0,0.0,23,1011.0,904.5,34.2,17.8,17,22.3,0.0,45292.86,23,59.648438,36.309315,986.0
2023-06-03,25.5,52191.88,0.2,0.0,36,1012.6,905.6,33.0,19.1,27,14.9,0.2,37123.3,322,59.648438,36.309315,986.0
2023-06-04,26.3,52244.46,0.0,0.0,33,1011.5,904.9,32.8,18.9,30,12.4,0.0,44653.93,12,59.648438,36.309315,986.0
2023-06-05,27.6,52293.97,0.0,0.0,23,1010.6,904.6,34.2,18.6,25,16.4,0.0,45609.34,59,59.648438,36.309315,986.0
2023-06-06,28.1,52340.31,0.0,0.0,18,1010.7,904.8,35.5,17.7,34,19.0,0.0,45609.27,40,59.648438,36.309315,986.0
2023-06-07,27.7,52383.47,0.0,0.0,21,1010.8,904.8,35.0,19.1,22,19.8,0.0,45609.06,76,59.648438,36.309315,986.0
2023-06-08,27.1,52423.8,0.0,0.0,32,1011.8,905.5,34.7,18.8,86,21.1,0.0,37044.02,51,59.648438,36.309315,986.0
2023-06-09,23.7,52461.36,0.0,0.0,45,1013.3,905.7,28.8,18.0,52,19.2,0.0,41502.64,112,59.648438,36.309315,986.0
2023-06-10,24.4,52496.12,0.0,0.0,34,1009.9,902.8,30.5,17.8,1,18.3,0.0,45612.99,101,59.648438,36.309315,986.0
2023-06-11,26.1,52528.04,0.0,0.0,22,1006.8,900.7,33.0,18.6,9,17.7,0.0,45937.02,98,59.648438,36.309315,986.0
2023-06-12,27.5,52557.11,0.0,0.0,18,1005.6,900.1,34.6,18.6,15,17.5,0.0,46430.88,61,59.648438,36.309315,986.0
2023-06-13,28.2,52583.29,0.0,0.0,19,1005.0,899.7,35.6,18.3,2,24.6,0.0,46100.09,69,59.648438,36.309315,986.0
2023-06-14,28.4,52606.57,0.0,0.0,17,1004.3,899.2,36.2,19.9,1,19.8,0.0,46601.41,77,59.648438,36.309315,986.0
2023-06-15,28.8,52626.93,0.0,0.0,14,1003.7,898.7,36.2,19.1,3,20.1,0.0,46094.93,16,59.648438,36.309315,986.0
2023-06-16,29.9,52644.34,0.0,0.0,14,1002.5,898.0,36.7,21.1,1,18.4,0.0,46934.98,68,59.648438,36.309315,986.0
2023-06-17,29.0,52658.77,0.0,0.0,19,1001.8,897.1,35.7,21.9,37,23.8,0.0,45831.73,123,59.648438,36.309315,986.0
2023-06-18,29.1,52670.23,0.0,0.0,27,1002.6,897.9,38.4,20.1,1,33.4,0.0,46776.86,99,59.648438,36.309315,986.0
2023-06-19,29.9,52678.68,0.0,0.0,29,1004.2,899.6,38.8,20.8,4,27.0,0.0,46608.62,38,59.648438,36.309315,986.0
2023-06-20,29.1,52684.11,0.0,0.0,31,1005.4,900.4,35.0,22.0,4,20.8,0.0,46448.37,121,59.648438,36.309315,986.0
2023-06-21,29.8,52686.5,0.0,0.0,29,1005.7,901.0,34.5,22.9,14,23.2,0.0,44981.67,79,59.648438,36.309315,986.0
2023-06-22,27.8,52685.84,0.0,0.0,24,1009.5,903.6,33.0,22.3,0,20.5,0.0,46620.05,99,59.648438,36.309315,986.0
2023-06-23,28.1,52682.12,0.0,0.0,20,1011.3,905.3,33.3,21.3,21,20.9,0.0,46289.84,95,59.648438,36.309315,986.0
2023-06-24,27.9,52675.34,0.0,0.0,22,1009.1,903.3,33.3,22.2,23,21.8,0.0,45823.77,84,59.648438,36.309315,986.0
2023-06-25,25.0,52665.46,0.3,0.0,32,1010.0,903.1,28.6,17.9,35,20.6,0.3,38992.59,56,59.648438,36.309315,986.0
2023-06-26,25.5,52652.5,0.0,0.0,23,1007.5,901.1,31.2,18.7,0,16.7,0.0,46962.75,79,59.648438,36.309315,986.0
2023-06-27,27.0,52636.41,0.0,0.0,18,1005.1,899.4,34.2,17.5,0,15.1,0.0,47133.52,107,59.648438,36.309315,986.0
2023-06-28,29.9,52617.01,0.0,0.0,16,1007.3,902.3,37.4,19.6,1,22.6,0.0,46961.22,55,59.648438,36.309315,986.0
2023-06-29,29.7,52594.33,0.0,0.0,19,1006.8,901.9,35.5,21.5,1,21.0,0.0,46646.57,117,59.648438,36.309315,986.0
2023-06-30,29.6,52568.45,0.0,0.0,18,1002.8,898.3,36.3,21.4,6,23.2,0.0,46802.23,107,59.648438,36.309315,986.0
2023-07-01,30.6,52539.4,0.0,0.0,17,1002.9,898.6,37.2,21.6,3,24.5,0.0,46800.89,103,59.648438,36.309315,986.0
2023-07-02,27.3,52507.28,0.0,0.0,35,1009.3,903.3,33.6,20.5,3,26.2,0.0,46302.68,59,59.648438,36.309315,986.0
2023-07-03,25.8,52472.13,0.0,0.0,31,1012.3,905.4,31.8,20.0,1,18.9,0.0,46489.92,112,59.648438,36.309315,986.0
2023-07-04,26.0,52434.04,0.0,0.0,24,1011.4,904.7,32.2,18.4,0,23.2,0.0,46489.26,67,59.648438,36.309315,986.0
2023-07-05,26.7,52393.06,0.0,0.0,23,1009.8,903.6,32.0,19.0,10,22.0,0.0,45106.98,37,59.648438,36.309315,986.0
2023-07-06,26.6,52349.27,0.0,0.0,25,1010.1,903.8,33.2,19.6,21,23.3,0.0,42622.89,3,59.648438,36.309315,986.0
2023-07-07,27.3,52302.75,0.0,0.0,25,1010.6,904.5,32.8,20.9,28,23.3,0.0,40529.65,8,59.648438,36.309315,986.0
2023-07-08,27.2,52253.54,0.0,0.0,20,1009.1,903.1,33.8,19.9,0,20.8,0.0,46483.44,36,59.648438,36.309315,986.0
2023-07-09,27.5,52201.73,0.0,0.0,20,1006.7,901.0,34.0,19.3,0,16.2,0.0,46649.95,71,59.648438,36.309315,986.0
2023-07-10,28.7,52147.39,0.0,0.0,17,1003.9,898.9,36.7,19.3,0,16.0,0.0,46815.11,124,59.648438,36.309315,986.0
2023-07-11,31.0,52090.6,0.0,0.0,13,1005.8,901.3,39.7,20.6,0,20.8,0.0,46475.14,61,59.648438,36.309315,986.0
2023-07-12,30.3,52031.41,0.0,0.0,26,1010.2,905.1,38.9,20.9,0,28.5,0.0,46160.13,24,59.648438,36.309315,986.0
2023-07-13,29.8,51969.9,0.0,0.0,30,1011.6,906.2,37.3,23.1,0,27.0,0.0,46015.09,37,59.648438,36.309315,986.0
2023-07-14,28.3,51906.14,0.0,0.0,27,1012.8,906.8,33.8,21.5,0,22.2,0.0,45847.66,94,59.648438,36.309315,986.0
2023-07-15,29.2,51840.2,0.0,0.0,25,1008.7,903.4,35.0,22.7,0,16.9,0.0,45706.35,92,59.648438,36.309315,986.0
2023-07-16,30.8,51772.16,0.0,0.0,22,1007.3,902.7,36.9,23.5,2,18.0,0.0,45541.63,79,59.648438,36.309315,986.0
2023-07-17,30.7,51701.95,0.0,0.0,28,1006.5,901.9,37.4,24.4,3,19.6,0.0,45378.11,105,59.648438,36.309315,986.0
2023-07-18,26.0,51628.95,0.0,0.0,43,1010.3,903.7,32.1,20.5,3,20.5,0.0,45242.73,121,59.648438,36.309315,986.0
2023-07-19,25.7,51553.17,0.0,0.0,38,1010.8,904.1,31.5,20.2,1,20.2,0.0,45109.91,103,59.648438,36.309315,986.0
2023-07-20,26.8,51474.71,0.0,0.0,32,1011.1,904.7,32.7,19.9,1,17.5,0.0,45112.95,116,59.648438,36.309315,986.0
2023-07-21,26.8,51393.7,0.0,0.0,25,1011.3,904.9,33.3,19.4,0,20.9,0.0,45275.59,84,59.648438,36.309315,986.0
2023-07-22,28.1,51310.25,0.0,0.0,19,1010.9,905.0,34.1,19.3,0,21.5,0.0,45247.94,33,59.648438,36.309315,986.0
2023-07-23,28.1,51224.49,0.0,0.0,21,1010.4,904.6,34.0,20.4,0,24.3,0.0,45119.92,24,59.648438,36.309315,986.0
2023-07-24,28.9,51136.52,0.0,0.0,20,1006.1,900.9,34.9,20.5,0,23.2,0.0,45121.38,21,59.648438,36.309315,986.0
2023-07-25,30.1,51046.46,0.0,0.0,18,1004.9,900.3,36.8,22.0,0,18.7,0.0,45122.33,16,59.648438,36.309315,986.0
2023-07-26,30.6,50954.43,0.0,0.0,21,1007.1,902.5,37.3,23.0,0,23.4,0.0,44691.67,9,59.648438,36.309315,986.0
2023-07-27,29.6,50860.52,0.0,0.0,34,1008.2,903.1,37.2,23.3,8,23.5,0.0,44147.72,44,59.648438,36.309315,986.0
2023-07-28,29.6,50764.86,0.0,0.0,32,1005.5,900.7,35.2,22.5,12,15.5,0.0,43695.48,101,59.648438,36.309315,986.0
2023-07-29,29.8,50667.54,0.0,0.0,26,1004.9,900.2,35.2,22.9,30,24.5,0.0,35581.51,15,59.648438,36.309315,986.0
2023-07-30,29.1,50568.68,0.0,0.0,20,1007.2,902.0,35.3,22.2,0,23.2,0.0,44447.98,13,59.648438,36.309315,986.0
2023-07-31,29.0,50468.37,0.0,0.0,18,1007.4,902.2,35.5,20.8,0,21.0,0.0,44447.46,22,59.648438,36.309315,986.0
2023-08-01,30.4,50366.73,0.0,0.0,19,1006.9,902.2,37.0,22.4,0,23.7,0.0,44152.75,18,59.648438,36.309315,986.0
2023-08-02,30.3,50263.85,0.0,0.0,23,1007.9,903.0,36.1,23.5,0,24.2,0.0,44152.87,39,59.648438,36.309315,986.0
2023-08-03,29.3,50159.83,0.0,0.0,19,1007.1,902.0,35.8,22.0,0,24.0,0.0,44294.09,29,59.648438,36.309315,986.0
2023-08-04,29.3,50054.77,0.0,0.0,21,1009.2,903.9,36.0,21.6,0,24.5,0.0,44012.24,33,59.648438,36.309315,986.0
2023-08-05,29.6,49948.76,0.0,0.0,27,1010.8,905.4,36.0,22.3,2,24.4,0.0,43737.52,24,59.648438,36.309315,986.0
2023-08-06,29.2,49841.74,0.0,0.0,32,1008.8,903.5,35.8,22.9,21,17.4,0.0,43200.0,83,59.648438,36.309315,986.0
2023-08-07,28.5,49732.87,0.0,0.0,29,1005.8,900.6,35.0,21.5,2,22.1,0.0,43745.65,136,59.648438,36.309315,986.0
2023-08-08,28.6,49622.1,0.0,0.0,24,1006.4,901.1,35.5,21.1,22,25.5,0.0,41503.99,7,59.648438,36.309315,986.0
2023-08-09,28.0,49509.57,0.0,0.0,25,1010.8,904.8,35.1,21.3,3,23.2,0.0,43493.93,59,59.648438,36.309315,986.0
2023-08-10,28.0,49395.38,0.0,0.0,23,1012.8,906.6,35.3,20.8,0,27.2,0.0,43501.2,23,59.648438,36.309315,986.0
2023-08-11,28.9,49279.65,0.0,0.0,23,1012.9,907.0,35.5,21.0,15,26.3,0.0,41887.93,26,59.648438,36.309315,986.0
2023-08-12,26.2,49162.5,0.0,0.0,26,1014.3,907.4,33.2,19.9,0,26.4,0.0,43392.87,67,59.648438,36.309315,986.0
2023-08-13,24.4,49044.03,0.0,0.0,25,1015.3,907.7,31.5,16.8,0,27.3,0.0,43401.38,57,59.648438,36.309315,986.0
2023-08-14,22.2,48924.36,0.0,0.0,18,1018.2,909.5,29.8,14.2,0,26.6,0.0,43409.34,94,59.648438,36.309315,986.0
2023-08-15,21.0,48803.59,0.0,0.0,15,1017.8,908.7,28.5,14.1,0,23.2,0.0,43303.86,120,59.648438,36.309315,986.0
2023-08-16,22.0,48681.83,0.0,0.0,16,1015.4,907.0,30.2,12.4,0,21.0,0.0,43313.61,110,59.648438,36.309315,986.0
2023-08-17,24.3,48559.18,0.0,0.0,16,1013.6,906.1,32.0,14.4,0,18.8,0.0,43216.38,39,59.648438,36.309315,986.0
2023-08-18,26.1,48435.73,0.0,0.0,19,1012.0,905.3,33.7,17.5,0,17.1,0.0,43200.0,25,59.648438,36.309315,986.0
2023-08-19,27.1,48311.6,0.0,0.0,17,1010.8,904.6,34.5,18.7,0,18.4,0.0,43200.0,15,59.648438,36.309315,986.0
2023-08-20,27.6,48186.88,0.0,0.0,19,1011.6,905.5,35.0,19.9,5,23.4,0.0,43200.0,49,59.648438,36.309315,986.0
2023-08-21,27.0,48061.65,0.0,0.0,31,1012.2,905.8,33.5,19.6,5,17.5,0.0,43200.0,114,59.648438,36.309315,986.0
2023-08-22,26.1,47936.03,0.0,0.0,35,1012.3,905.6,32.6,20.6,1,19.2,0.0,43200.0,106,59.648438,36.309315,986.0
2023-08-23,27.1,47810.09,0.0,0.0,26,1010.9,904.6,34.8,19.1,2,24.2,0.0,43200.0,70,59.648438,36.309315,986.0
2023-08-24,27.5,47683.93,0.0,0.0,23,1009.3,903.4,34.2,19.6,5,26.5,0.0,40022.57,38,59.648438,36.309315,986.0
2023-08-25,26.8,47557.63,0.0,0.0,26,1008.4,902.3,34.2,21.2,2,26.3,0.0,43200.0,107,59.648438,36.309315,986.0
2023-08-26,25.8,47431.13,1.1,0.0,38,1008.4,902.0,34.2,18.2,31,18.9,1.1,43200.0,98,59.648438,36.309315,986.0
2023-08-27,21.7,47303.54,1.5,0.0,51,1013.7,905.4,27.5,17.0,22,20.2,1.5,42668.14,120,59.648438,36.309315,986.0
2023-08-28,21.1,47174.78,0.0,0.0,37,1011.4,903.1,27.1,15.8,1,15.9,0.0,43200.0,135,59.648438,36.309315,986.0
2023-08-29,26.6,47044.97,0.0,0.0,24,1003.2,897.5,36.2,14.0,2,14.8,0.0,43200.0,245,59.648438,36.309315,986.0
2023-08-30,23.5,46914.19,0.4,0.0,43,1011.0,903.5,30.4,18.0,22,22.9,0.4,39473.32,98,59.648438,36.309315,986.0
2023-08-31,22.1,46782.54,0.0,0.0,45,1015.9,907.4,28.3,16.9,3,19.6,0.0,43200.0,134,59.648438,36.309315,986.0
2023-09-01,23.6,46650.12,0.0,0.0,29,1015.1,907.2,30.2,18.1,1,19.2,0.0,43200.0,129,59.648438,36.309315,986.0
2023-09-02,24.4,46517.01,0.0,0.0,20,1013.5,906.1,31.8,17.2,0,15.9,0.0,43200.0,119,59.648438,36.309315,986.0
2023-09-03,24.9,46383.32,0.0,0.0,21,1012.7,905.5,32.5,15.9,0,19.4,0.0,43200.0,99,59.648438,36.309315,986.0
2023-09-04,23.2,46249.12,0.0,0.0,26,1014.8,906.9,30.2,17.0,0,17.8,0.0,43200.0,125,59.648438,36.309315,986.0
2023-09-05,23.6,46114.5,0.0,0.0,23,1014.5,906.7,31.2,16.5,0,18.2,0.0,43121.63,138,59.648438,36.309315,986.0
2023-09-06,24.2,45979.56,0.0,0.0,18,1013.3,905.8,32.0,16.4,0,16.7,0.0,42989.67,120,59.648438,36.309315,986.0
2023-09-07,26.3,45844.38,0.0,0.0,17,1010.5,904.0,35.0,15.3,0,18.3,0.0,42857.28,74,59.648438,36.309315,986.0
2023-09-08,25.9,45709.03,0.0,0.0,28,1011.9,905.2,33.2,18.4,4,21.0,0.0,42724.54,123,59.648438,36.309315,986.0
2023-09-09,26.0,45573.61,0.0,0.0,29,1008.0,901.7,33.8,18.8,1,18.2,0.0,42591.56,139,59.648438,36.309315,986.0
2023-09-10,26.7,45438.19,0.0,0.0,30,1005.0,899.2,35.0,19.7,0,21.6,0.0,42458.39,77,59.648438,36.309315,986.0
2023-09-11,20.9,45302.87,0.0,0.0,44,1014.4,905.7,26.8,14.7,1,21.8,0.0,42325.12,139,59.648438,36.309315,986.0
2023-09-12,20.0,45167.71,0.0,0.0,35,1014.9,905.8,27.4,13.9,0,22.5,0.0,42191.82,143,59.648438,36.309315,986.0
2023-09-13,21.4,45032.81,0.0,0.0,28,1014.4,905.8,28.9,15.0,0,18.8,0.0,42058.59,137,59.648438,36.309315,986.0
2023-09-14,21.2,44898.24,0.0,0.0,28,1015.0,906.3,28.9,14.8,0,16.9,0.0,41925.48,133,59.648438,36.309315,986.0
2023-09-15,20.1,44763.91,0.0,0.0,30,1016.7,907.5,27.2,13.8,0,17.4,0.0,41626.36,141,59.648438,36.309315,986.0
2023-09-16,18.9,44628.93,0.0,0.0,30,1016.3,906.7,26.1,13.4,1,15.7,0.0,41415.57,139,59.648438,36.309315,986.0
2023-09-17,19.2,44493.22,0.0,0.0,25,1014.6,905.3,26.2,13.1,0,19.2,0.0,41207.39,129,59.648438,36.309315,986.0
2023-09-18,19.8,44356.86,0.0,0.0,24,1014.1,905.1,26.5,12.6,0,16.4,0.0,41001.95,124,59.648438,36.309315,986.0
2023-09-19,19.2,44219.94,0.0,0.0,29,1018.5,908.8,27.0,11.9,0,22.7,0.0,40522.52,103,59.648438,36.309315,986.0
2023-09-20,17.2,44082.56,0.0,0.0,48,1022.7,911.8,23.0,12.6,11,18.4,0.0,40193.07,128,59.648438,36.309315,986.0
2023-09-21,16.9,43944.79,0.0,0.0,37,1021.5,910.7,23.5,11.2,0,18.1,0.0,40138.37,131,59.648438,36.309315,986.0
2023-09-22,16.5,43806.72,0.0,0.0,34,1023.1,911.9,23.1,11.1,0,16.4,0.0,39822.11,122,59.648438,36.309315,986.0
2023-09-23,16.0,43668.44,0.0,0.0,35,1023.0,911.7,23.2,10.1,0,21.4,0.0,39642.59,126,59.648438,36.309315,986.0
2023-09-24,16.2,43530.04,0.0,0.0,31,1021.6,910.5,23.5,9.0,0,20.1,0.0,39467.37,119,59.648438,36.309315,986.0
2023-09-25,16.6,43391.59,0.0,0.0,30,1018.5,907.8,23.9,8.1,0,17.2,0.0,39296.71,123,59.648438,36.309315,986.0
2023-09-26,17.7,43253.17,0.0,0.0,29,1018.2,907.9,24.5,8.7,24,13.1,0.0,38511.23,120,59.648438,36.309315,986.0
2023-09-27,17.7,43114.89,0.0,0.0,30,1019.9,909.5,24.2,10.4,38,18.4,0.0,34587.5,117,59.648438,36.309315,986.0
2023-09-28,17.3,42976.82,0.0,0.0,32,1020.5,909.9,24.0,10.9,3,23.3,0.0,37990.67,115,59.648438,36.309315,986.0
2023-09-29,17.0,42839.05,0.0,0.0,32,1019.8,909.2,23.4,10.1,0,12.6,0.0,38174.86,81,59.648438,36.309315,986.0
2023-09-30,16.7,42701.65,0.0,0.0,31,1018.1,907.5,23.9,9.2,0,13.0,0.0,38177.73,124,59.648438,36.309315,986.0
2023-10-01,17.4,42564.73,0.0,0.0,26,1014.7,904.7,25.4,9.4,0,12.3,0.0,37943.21,140,59.648438,36.309315,986.0
2023-10-02,20.2,42428.36,0.0,0.0,21,1012.1,903.4,28.0,10.6,40,13.5,0.0,37751.12,135,59.648438,36.309315,986.0
2023-10-03,22.7,42292.62,0.0,0.0,20,1012.3,904.4,31.2,14.1,36,21.9,0.0,37471.25,43,59.648438,36.309315,986.0
2023-10-04,21.5,42157.62,0.0,0.0,24,1016.0,907.3,30.5,12.9,17,20.9,0.0,37331.72,109,59.648438,36.309315,986.0
2023-10-05,21.2,42023.26,0.9,0.0,36,1014.2,905.6,30.4,14.5,55,26.6,0.9,36076.22,325,59.648438,36.309315,986.0
2023-10-06,15.1,41888.55,0.0,0.0,60,1021.2,909.7,21.5,10.4,16,24.5,0.0,36666.09,134,59.648438,36.309315,986.0
2023-10-07,15.0,41753.43,0.0,0.0,51,1019.1,907.8,22.2,8.9,1,9.9,0.0,36928.77,196,59.648438,36.309315,986.0
2023-10-08,16.0,41617.98,0.0,0.0,40,1020.5,909.4,23.2,9.1,0,19.6,0.0,37055.77,153,59.648438,36.309315,986.0
2023-10-09,19.3,41482.31,0.0,0.0,32,1014.0,904.8,28.0,9.3,11,10.0,0.0,36926.37,303,59.648438,36.309315,986.0
2023-10-10,19.4,41346.51,0.0,0.0,42,1017.3,907.8,29.3,11.5,16,23.1,0.0,36800.02,135,59.648438,36.309315,986.0
2023-10-11,20.7,41210.67,0.0,0.0,44,1015.5,906.6,31.1,10.8,8,13.5,0.0,36676.86,283,59.648438,36.309315,986.0
2023-10-12,14.9,41074.9,4.1,0.0,66,1025.3,913.3,23.5,8.1,67,20.9,4.1,29357.07,146,59.648438,36.309315,986.0
2023-10-13,7.9,40939.3,0.5,0.0,76,1029.7,914.7,11.6,3.0,70,16.7,0.5,14565.94,147,59.648438,36.309315,986.0
2023-10-14,11.6,40803.96,0.1,0.0,62,1021.6,908.7,19.9,3.2,30,19.8,0.1,36000.0,159,59.648438,36.309315,986.0
2023-10-15,11.8,40668.99,0.0,0.0,59,1021.1,908.4,17.8,5.8,4,15.4,0.0,36219.69,143,59.648438,36.309315,986.0
2023-10-16,12.6,40534.5,0.0,0.0,51,1015.2,903.5,21.1,4.8,10,9.7,0.0,36297.04,207,59.648438,36.309315,986.0
2023-10-17,15.7,40400.57,1.2,0.0,53,1013.4,903.0,24.5,8.9,56,19.4,1.2,27929.95,312,59.648438,36.309315,986.0
2023-10-18,14.9,40267.34,0.0,0.0,63,1020.5,909.0,21.4,9.3,3,14.8,0.0,35926.63,189,59.648438,36.309315,986.0
2023-10-19,15.8,40134.89,0.0,0.0,58,1016.6,905.8,24.0,8.9,16,11.0,0.0,35852.82,288,59.648438,36.309315,986.0
2023-10-20,17.0,40003.34,4.1,0.0,57,1019.0,908.4,25.9,10.9,41,23.2,4.1,35779.46,57,59.648438,36.309315,986.0
2023-10-21,13.6,39872.8,0.5,0.0,73,1021.1,909.1,19.4,8.0,26,11.6,0.5,31619.21,158,59.648438,36.309315,986.0
2023-10-22,16.3,39743.39,0.0,0.0,52,1019.4,908.5,25.9,7.2,24,9.4,0.0,32460.82,237,59.648438,36.309315,986.0
2023-10-23,14.8,39615.21,0.0,0.0,53,1023.2,911.4,21.2,9.0,6,13.9,0.0,35403.55,141,59.648438,36.309315,986.0
2023-10-24,15.8,39488.39,0.0,0.0,48,1016.1,905.4,23.9,7.5,22,10.5,0.0,35329.42,291,59.648438,36.309315,986.0
2023-10-25,16.0,39362.86,0.9,0.0,54,1016.4,905.8,25.2,9.9,97,23.4,0.9,22172.18,303,59.648438,36.309315,986.0
2023-10-26,15.9,39237.51,0.0,0.0,60,1019.1,908.1,22.1,10.6,13,9.8,0.0,35184.75,179,59.648438,36.309315,986.0
2023-10-27,17.1,39112.27,0.0,0.0,46,1015.8,905.6,25.9,9.9,8,11.6,0.0,35113.29,309,59.648438,36.309315,986.0
2023-10-28,18.2,38987.26,0.0,0.0,36,1014.7,905.0,27.1,10.6,49,12.2,0.0,35042.48,315,59.648438,36.309315,986.0
2023-10-29,18.1,38862.59,0.0,0.0,38,1016.9,907.0,27.1,11.1,1,11.2,0.0,34972.38,307,59.648438,36.309315,986.0
2023-10-30,18.9,38738.38,0.0,0.0,41,1019.9,909.9,27.7,11.1,43,18.5,0.0,34430.71,321,59.648438,36.309315,986.0
2023-10-31,12.9,38614.76,0.0,0.0,55,1029.6,916.4,18.5,7.3,38,18.8,0.0,34715.88,140,59.648438,36.309315,986.0
2023-11-01,11.5,38491.83,0.0,0.0,40,1027.0,913.6,20.1,4.2,12,16.2,0.0,34767.25,149,59.648438,36.309315,986.0
2023-11-02,12.0,38369.73,0.0,0.0,30,1021.6,908.9,21.6,3.1,2,11.5,0.0,34700.87,222,59.648438,36.309315,986.0
2023-11-03,14.3,38248.57,0.0,0.0,22,1014.7,903.6,23.5,4.9,91,10.9,0.0,34527.51,302,59.648438,36.309315,986.0
2023-11-04,15.5,38128.51,0.0,0.0,26,1014.3,903.7,22.4,9.0,64,10.5,0.0,29885.24,271,59.648438,36.309315,986.0
2023-11-05,14.2,38009.65,0.0,0.0,45,1017.5,906.1,20.4,8.4,48,15.5,0.0,33398.95,178,59.648438,36.309315,986.0
2023-11-06,13.6,37892.13,0.0,0.0,55,1015.6,904.2,21.2,7.3,14,8.2,0.0,33801.96,305,59.648438,36.309315,986.0
2023-11-07,15.0,37776.1,0.0,0.0,50,1015.0,904.2,22.2,7.4,34,21.8,0.0,32400.0,314,59.648438,36.309315,986.0
2023-11-08,12.4,37661.69,0.3,0.0,69,1023.7,910.9,17.4,8.9,60,23.7,0.3,32400.0,298,59.648438,36.309315,986.0
2023-11-09,9.9,37549.04,0.0,0.0,66,1024.8,911.0,14.9,5.1,41,7.9,0.0,27388.19,138,59.648438,36.309315,986.0
2023-11-10,13.5,37438.28,0.0,0.0,48,1020.2,908.3,22.7,4.3,20,18.4,0.0,33510.08,308,59.648438,36.309315,986.0
2023-11-11,11.1,37329.58,0.0,0.0,72,1028.7,915.0,15.6,7.9,55,19.4,0.0,31855.25,154,59.648438,36.309315,986.0
2023-11-12,11.3,37223.08,0.0,0.0,74,1025.9,912.5,18.5,7.0,24,9.2,0.0,25928.56,213,59.648438,36.309315,986.0
2023-11-13,12.3,37118.92,0.0,0.0,62,1022.5,909.9,21.5,5.7,10,9.3,0.0,33059.98,230,59.648438,36.309315,986.0
2023-11-14,12.8,37017.06,0.0,0.0,51,1017.7,905.8,21.0,5.5,51,10.0,0.0,32991.35,287,59.648438,36.309315,986.0
2023-11-15,14.1,36916.45,0.0,0.0,38,1016.0,904.7,22.8,8.2,14,9.4,0.0,32922.01,298,59.648438,36.309315,986.0
2023-11-16,13.9,36817.0,0.0,0.0,42,1014.0,902.9,22.1,6.7,83,8.8,0.0,29802.62,297,59.648438,36.309315,986.0
2023-11-17,13.9,36718.85,0.0,0.0,40,1012.8,901.8,22.2,7.8,47,12.5,0.0,32492.07,331,59.648438,36.309315,986.0
2023-11-18,11.0,36622.09,0.0,0.0,72,1020.3,907.4,15.7,5.7,14,21.7,0.0,32268.43,182,59.648438,36.309315,986.0
2023-11-19,11.9,36526.86,0.0,0.0,65,1016.9,904.7,20.4,5.3,7,9.6,0.0,31850.54,308,59.648438,36.309315,986.0
2023-11-20,15.5,36433.29,0.0,0.0,48,1009.9,899.8,23.5,5.8,37,24.2,0.0,32245.33,193,59.648438,36.309315,986.0
2023-11-21,15.9,36341.48,0.0,0.0,45,1007.8,898.1,21.1,8.2,53,28.0,0.0,28727.94,246,59.648438,36.309315,986.0
2023-11-22,8.2,36251.59,0.0,0.0,68,1022.5,908.3,14.1,1.9,40,27.8,0.0,31287.09,291,59.648438,36.309315,986.0
2023-11-23,7.4,36163.73,0.0,0.0,49,1019.5,905.3,12.1,1.5,25,14.9,0.0,31841.14,287,59.648438,36.309315,986.0
2023-11-24,9.8,36078.04,0.0,0.0,42,1016.0,903.1,17.2,3.6,89,17.7,0.0,27126.96,194,59.648438,36.309315,986.0
2023-11-25,8.5,35994.64,0.0,0.0,42,1016.5,903.1,17.0,1.9,1,9.2,0.0,31812.39,302,59.648438,36.309315,986.0
2023-11-26,9.9,35913.68,0.0,0.0,31,1013.6,901.0,19.3,3.2,40,14.6,0.0,24174.61,288,59.648438,36.309315,986.0
2023-11-27,11.1,35835.28,0.0,0.0,40,1011.2,899.4,20.0,4.2,9,11.6,0.0,31588.52,335,59.648438,36.309315,986.0
2023-11-28,11.9,35759.59,1.1,0.0,55,1014.3,902.4,19.5,5.5,58,18.1,1.1,29050.65,357,59.648438,36.309315,986.0
2023-11-29,7.4,35686.74,2.7,0.0,86,1026.2,911.4,9.2,5.6,100,15.9,2.7,0.0,148,59.648438,36.309315,986.0
2023-11-30,8.2,35616.88,0.0,0.0,69,1021.5,907.5,14.6,3.9,19,7.2,0.0,29166.63,265,59.648438,36.309315,986.0
2023-12-01,10.2,35550.13,0.0,0.0,44,1020.5,907.3,18.5,2.5,47,10.5,0.0,31164.54,290,59.648438,36.309315,986.0
2023-12-02,9.6,35486.65,0.0,0.0,50,1021.7,908.1,16.4,4.0,0,10.8,0.0,31199.46,297,59.648438,36.309315,986.0
2023-12-03,9.5,35426.57,0.0,0.0,40,1021.8,908.2,18.2,2.3,0,9.8,0.0,31234.36,296,59.648438,36.309315,986.0
2023-12-04,9.6,35369.9,0.0,0.0,30,1020.8,907.4,18.5,2.7,0,9.8,0.0,31180.16,288,59.648438,36.309315,986.0
2023-12-05,10.2,35315.95,0.0,0.0,31,1019.2,906.1,20.4,3.0,0,11.9,0.0,31126.84,301,59.648438,36.309315,986.0
2023-12-06,6.7,35264.66,0.0,0.0,60,1023.5,908.6,13.4,0.8,44,9.7,0.0,31074.03,200,59.648438,36.309315,986.0
2023-12-07,7.9,35216.09,0.0,0.0,42,1016.8,903.1,14.4,0.5,76,10.4,0.0,26702.21,270,59.648438,36.309315,986.0
2023-12-08,7.7,35170.29,0.0,0.0,58,1023.2,908.8,15.5,0.9,10,16.7,0.0,30704.85,186,59.648438,36.309315,986.0
2023-12-09,4.3,35127.33,0.0,0.0,83,1027.4,911.2,10.4,-0.9,77,10.9,0.0,26858.12,188,59.648438,36.309315,986.0
2023-12-10,8.0,35087.26,0.0,0.0,54,1018.0,904.2,16.6,0.2,41,10.5,0.0,29077.39,274,59.648438,36.309315,986.0
2023-12-11,8.2,35050.14,0.0,0.0,62,1023.4,909.1,17.1,3.3,31,22.5,0.0,30396.18,213,59.648438,36.309315,986.0
2023-12-12,2.2,35016.04,0.0,0.0,76,1027.9,910.9,6.4,-1.9,100,13.2,0.0,8063.34,151,59.648438,36.309315,986.0
2023-12-13,0.9,34985.01,0.0,0.0,82,1020.0,903.3,6.9,-2.8,87,8.3,0.0,21935.95,192,59.648438,36.309315,986.0
2023-12-14,4.6,34957.1,0.5,0.0,69,1013.9,899.3,11.9,-2.3,89,17.4,0.5,10800.0,281,59.648438,36.309315,986.0
2023-12-15,4.6,34932.38,0.0,0.0,67,1023.1,907.5,9.0,0.1,82,20.8,0.0,13804.66,312,59.648438,36.309315,986.0
2023-12-16,4.3,34910.89,0.0,0.0,67,1027.2,911.0,10.7,-1.1,0,8.0,0.0,30156.63,226,59.648438,36.309315,986.0
2023-12-17,5.9,34892.69,0.0,0.0,52,1022.7,907.7,11.4,-1.6,0,15.6,0.0,30034.31,277,59.648438,36.309315,986.0
2023-12-18,6.0,34877.83,0.8,0.0,65,1025.3,909.9,12.2,1.5,87,19.2,0.8,28974.88,152,59.648438,36.309315,986.0
2023-12-19,0.8,34866.36,0.5,0.0,89,1031.3,913.3,3.4,-2.0,63,12.8,0.5,4383.89,199,59.648438,36.309315,986.0
2023-12-20,0.9,34858.33,0.0,0.0,85,1032.3,914.1,6.5,-3.1,45,9.1,0.0,22914.32,165,59.648438,36.309315,986.0
2023-12-21,2.7,34853.79,0.0,0.0,68,1023.3,906.9,10.3,-3.5,24,7.4,0.0,29392.09,275,59.648438,36.309315,986.0
2023-12-22,4.9,34852.79,0.0,0.0,50,1015.4,900.8,10.9,-2.0,5,16.1,0.0,30103.38,285,59.648438,36.309315,986.0
2023-12-23,7.8,34855.36,1.2,0.0,54,1012.1,898.9,13.9,0.2,59,20.0,1.2,22196.69,350,59.648438,36.309315,986.0
2023-12-24,9.0,34861.55,0.0,0.0,63,1013.5,900.6,17.8,1.7,2,13.5,0.0,29796.61,31,59.648438,36.309315,986.0
2023-12-25,10.3,34871.43,0.0,0.0,57,1015.7,903.0,20.0,2.7,31,14.3,0.0,29799.92,116,59.648438,36.309315,986.0
2023-12-26,6.6,34884.92,0.0,0.0,63,1021.8,907.1,14.3,2.5,25,14.2,0.0,29528.62,312,59.648438,36.309315,986.0
2023-12-27,6.6,34901.98,0.0,0.0,53,1025.7,910.6,15.0,0.5,1,11.0,0.0,30128.66,297,59.648438,36.309315,986.0
2023-12-28,10.2,34922.54,0.5,0.0,42,1017.1,904.3,18.4,1.5,60,14.5,0.5,27791.62,292,59.648438,36.309315,986.0
2023-12-29,1.8,34946.53,0.2,0.0,78,1033.2,915.3,7.1,-1.8,92,19.9,0.2,0.0,153,59.648438,36.309315,986.0
2023-12-30,2.3,34973.9,0.0,0.0,71,1027.7,910.7,9.8,-4.0,1,10.7,0.0,30289.61,280,59.648438,36.309315,986.0
2023-12-31,5.3,35004.57,0.0,0.0,39,1020.4,905.3,13.2,-2.2,0,10.5,0.0,30542.86,285,59.648438,36.309315,986.0
2024-01-01,7.3,35038.47,0.0,0.0,50,1021.4,907.0,14.1,1.1,70,13.9,0.0,29571.22,239,59.648438,36.309315,986.0
2024-01-02,4.1,35075.55,0.0,0.0,69,1024.7,908.7,9.8,-0.9,8,10.0,0.0,30388.3,179,59.648438,36.309315,986.0
2024-01-03,5.4,35115.72,0.0,0.0,55,1014.3,900.0,12.2,-2.2,71,13.1,0.0,30216.52,278,59.648438,36.309315,986.0
2024-01-04,7.3,35158.93,0.1,0.0,56,1016.2,902.3,14.1,1.0,34,11.7,0.1,19562.08,287,59.648438,36.309315,986.0
2024-01-05,6.5,35205.09,0.0,0.0,52,1015.4,901.4,15.2,0.4,42,10.6,0.0,31013.95,310,59.648438,36.309315,986.0
2024-01-06,7.8,35254.14,2.0,0.0,52,1015.2,901.7,14.6,0.4,61,22.7,2.0,28803.89,319,59.648438,36.309315,986.0
2024-01-07,2.6,35306.01,4.8,0.14,86,1026.5,909.7,6.8,-2.9,70,18.5,5.0,15050.34,345,59.648438,36.309315,986.0
2024-01-08,4.9,35360.62,0.0,0.0,47,1021.2,905.9,12.4,-4.0,15,15.6,0.0,31215.57,286,59.648438,36.309315,986.0
2024-01-09,8.1,35417.9,0.0,0.0,35,1017.3,903.7,16.2,1.8,53,17.5,0.0,30903.81,290,59.648438,36.309315,986.0
2024-01-10,6.0,35477.78,0.0,0.0,51,1015.3,901.1,15.6,0.0,48,16.1,0.0,31330.79,7,59.648438,36.309315,986.0
2024-01-11,4.8,35540.19,0.0,0.0,67,1020.4,905.2,9.9,0.6,85,18.8,0.0,29664.31,158,59.648438,36.309315,986.0
2024-01-12,5.3,35605.05,0.0,0.0,67,1010.1,896.2,14.0,-1.5,78,12.2,0.0,27515.24,316,59.648438,36.309315,986.0
2024-01-13,7.6,35672.44,0.0,0.0,55,1010.9,897.8,15.8,0.7,35,12.7,0.0,31413.83,24,59.648438,36.309315,986.0
2024-01-14,4.9,35743.1,0.0,0.0,74,1017.0,902.1,11.9,-0.6,71,20.0,0.0,29949.24,117,59.648438,36.309315,986.0
2024-01-15,1.9,35817.04,0.0,0.0,79,1022.8,906.2,7.9,-1.8,39,19.2,0.0,26860.89,167,59.648438,36.309315,986.0
2024-01-16,2.4,35894.11,0.0,0.0,82,1023.4,906.9,10.6,-2.6,46,17.2,0.0,29682.11,162,59.648438,36.309315,986.0
2024-01-17,5.0,35974.16,0.0,0.0,58,1019.0,904.0,13.8,-2.8,56,12.4,0.0,27223.19,285,59.648438,36.309315,986.0
2024-01-18,6.1,36057.04,0.0,0.0,55,1023.2,908.1,13.7,-0.4,79,12.3,0.0,26562.89,291,59.648438,36.309315,986.0
2024-01-19,1.9,36142.6,0.0,0.0,81,1028.5,911.2,7.3,-2.7,38,8.4,0.0,20558.69,140,59.648438,36.309315,986.0
2024-01-20,3.7,36230.72,0.0,0.0,59,1023.9,907.8,12.5,-3.7,16,9.8,0.0,31958.81,287,59.648438,36.309315,986.0
2024-01-21,6.2,36321.24,0.0,0.0,35,1019.1,904.5,14.2,-1.2,88,11.3,0.0,25200.0,277,59.648438,36.309315,986.0
2024-01-22,6.9,36414.03,0.0,0.0,40,1022.8,908.1,14.7,-0.2,33,11.1,0.0,32412.81,243,59.648438,36.309315,986.0
2024-01-23,3.6,36508.93,0.0,0.0,78,1027.0,910.5,9.3,-0.6,43,14.8,0.0,32377.66,167,59.648438,36.309315,986.0
2024-01-24,2.0,36605.84,2.2,0.14,92,1020.9,904.5,5.8,-0.5,78,9.5,2.4,19675.29,213,59.648438,36.309315,986.0
2024-01-25,0.3,36704.59,1.0,1.05,91,1024.6,907.1,2.0,-3.0,100,15.7,2.5,0.0,173,59.648438,36.309315,986.0
2024-01-26,2.7,36805.06,0.0,0.0,82,1020.5,904.4,10.6,-3.8,89,10.5,0.0,23492.52,248,59.648438,36.309315,986.0
2024-01-27,6.9,36907.13,1.0,0.0,73,1012.1,898.6,13.8,1.8,71,9.6,1.0,26875.66,320,59.648438,36.309315,986.0
2024-01-28,6.7,37010.66,6.9,0.0,77,1013.0,899.3,13.0,3.9,75,21.3,6.9,30847.21,302,59.648438,36.309315,986.0
2024-01-29,2.9,37115.52,1.4,0.0,86,1025.3,908.8,5.8,0.6,99,14.2,1.4,2432.73,190,59.648438,36.309315,986.0
2024-01-30,1.8,37221.61,0.0,0.0,84,1029.3,911.9,6.6,-3.7,64,13.9,0.0,28983.3,158,59.648438,36.309315,986.0
2024-01-31,0.4,37328.78,0.0,0.0,72,1030.4,912.3,6.8,-4.1,45,10.7,0.0,32275.57,255,59.648438,36.309315,986.0
2024-02-01,-0.9,37436.91,0.0,0.0,77,1027.7,909.4,5.1,-5.8,30,9.5,0.0,31295.2,200,59.648438,36.309315,986.0
2024-02-02,-0.9,37546.11,0.0,4.83,85,1016.2,899.2,2.2,-4.1,100,23.0,6.9,4855.86,260,59.648438,36.309315,986.0
2024-02-03,-1.1,37657.46,0.0,0.07,67,1020.2,902.6,4.8,-7.0,61,26.2,0.1,28800.0,302,59.648438,36.309315,986.0
2024-02-04,-2.4,37771.0,0.0,0.0,73,1022.9,904.6,2.0,-9.8,25,15.3,0.0,33655.09,279,59.648438,36.309315,986.0
2024-02-05,1.1,37886.59,0.0,0.0,66,1018.1,901.7,7.4,-3.7,11,12.8,0.0,34061.39,293,59.648438,36.309315,986.0
2024-02-06,3.8,38004.08,0.3,0.0,66,1012.8,898.0,10.9,-1.4,70,15.8,0.3,30132.66,21,59.648438,36.309315,986.0
2024-02-07,4.3,38123.33,0.0,0.0,67,1020.6,905.2,12.4,-2.2,19,13.0,0.0,34359.19,348,59.648438,36.309315,986.0
2024-02-08,5.6,38244.19,0.0,0.0,58,1020.7,905.7,14.4,-0.7,6,10.6,0.0,34373.5,317,59.648438,36.309315,986.0
2024-02-09,7.2,38366.53,0.0,0.0,52,1018.7,904.6,15.4,-0.1,4,13.1,0.0,34648.23,296,59.648438,36.309315,986.0
2024-02-10,8.0,38490.2,0.0,0.0,48,1020.7,906.7,16.2,0.5,60,11.4,0.0,34542.52,299,59.648438,36.309315,986.0
2024-02-11,8.9,38615.07,0.0,0.0,46,1022.7,908.7,16.6,1.4,70,7.9,0.0,34264.8,311,59.648438,36.309315,986.0
2024-02-12,8.6,38741.01,0.0,0.0,50,1023.1,909.0,17.0,0.3,1,10.8,0.0,34844.97,277,59.648438,36.309315,986.0
2024-02-13,9.7,38867.89,0.0,0.0,43,1020.3,906.9,17.8,1.3,1,11.6,0.0,34912.92,289,59.648438,36.309315,986.0
2024-02-14,10.8,38995.58,0.0,0.0,39,1017.7,905.0,20.9,3.7,41,11.5,0.0,34981.9,302,59.648438,36.309315,986.0
2024-02-15,11.2,39123.96,0.0,0.0,42,1017.0,904.6,21.1,3.0,46,11.0,0.0,35051.82,334,59.648438,36.309315,986.0
2024-02-16,9.1,39252.9,1.0,0.0,62,1019.1,905.6,16.8,2.0,98,20.6,1.0,5994.26,160,59.648438,36.309315,986.0
2024-02-17,4.0,39382.28,1.2,0.28,82,1017.1,901.9,11.8,0.2,79,20.4,1.6,25200.0,146,59.648438,36.309315,986.0
2024-02-18,1.1,39511.98,1.2,0.77,88,1019.4,902.8,3.6,-2.0,93,17.9,2.3,4044.83,133,59.648438,36.309315,986.0
2024-02-19,-0.2,39641.89,0.0,0.0,74,1023.7,906.1,5.8,-4.0,80,18.4,0.0,21810.23,157,59.648438,36.309315,986.0
2024-02-20,0.5,39771.88,0.0,0.0,72,1025.6,908.0,6.9,-4.3,40,16.3,0.0,32826.25,152,59.648438,36.309315,986.0
2024-02-21,2.0,39901.85,0.0,0.0,71,1026.2,909.2,8.8,-3.5,23,14.0,0.0,32544.8,138,59.648438,36.309315,986.0
2024-02-22,3.0,40031.88,0.0,0.0,69,1026.0,909.4,10.1,-3.2,9,14.5,0.0,35698.02,206,59.648438,36.309315,986.0
2024-02-23,4.1,40163.08,0.0,0.0,68,1024.7,908.6,11.8,-2.6,32,13.2,0.0,34582.15,184,59.648438,36.309315,986.0
2024-02-24,4.6,40295.54,4.5,0.07,75,1025.3,909.4,10.9,-1.4,78,16.4,4.6,35711.88,146,59.648438,36.309315,986.0
2024-02-25,-1.4,40429.13,0.1,2.94,82,1028.4,909.8,1.1,-5.2,100,16.9,4.3,0.0,154,59.648438,36.309315,986.0
2024-02-26,-4.5,40563.75,0.1,2.87,73,1030.9,910.8,-2.3,-6.3,99,17.0,4.2,3600.0,148,59.648438,36.309315,986.0
2024-02-27,-3.5,40699.29,0.0,0.14,66,1031.6,911.8,1.0,-6.3,84,10.4,0.2,36042.82,166,59.648438,36.309315,986.0
2024-02-28,-2.2,40835.63,0.0,1.33,68,1029.9,910.8,2.7,-6.8,98,12.2,1.8,32192.53,162,59.648438,36.309315,986.0
2024-02-29,-3.0,40972.67,0.0,4.27,79,1028.8,909.5,-1.4,-4.0,100,16.2,6.1,0.0,163,59.648438,36.309315,986.0
2024-03-01,-1.9,41110.3,0.1,0.98,73,1028.2,909.5,1.9,-5.2,99,14.3,1.4,9151.25,2,59.648438,36.309315,986.0
2024-03-02,-2.0,41248.41,0.0,0.0,71,1025.9,907.4,4.2,-5.9,35,12.2,0.0,35342.89,84,59.648438,36.309315,986.0
2024-03-03,-0.3,41386.9,0.0,0.0,68,1022.4,904.9,6.4,-6.2,9,11.0,0.0,37059.02,117,59.648438,36.309315,986.0
2024-03-04,2.6,41525.67,0.0,0.0,65,1019.2,903.3,10.1,-4.1,81,11.3,0.0,35416.96,149,59.648438,36.309315,986.0
2024-03-05,2.1,41664.62,6.0,0.0,89,1019.5,903.3,5.7,-1.6,100,6.8,6.0,290.15,272,59.648438,36.309315,986.0
2024-03-06,4.4,41803.64,0.0,0.0,72,1018.4,903.2,11.2,-0.4,51,7.9,0.0,30132.95,323,59.648438,36.309315,986.0
2024-03-07,6.7,41942.64,0.0,0.0,66,1015.4,901.4,15.1,-1.1,20,7.7,0.0,37201.43,346,59.648438,36.309315,986.0
2024-03-08,9.4,42081.52,0.0,0.0,62,1013.6,900.9,17.8,2.4,61,13.3,0.0,36516.14,273,59.648438,36.309315,986.0
2024-03-09,7.5,42220.17,0.6,0.0,85,1016.4,902.6,11.8,4.8,91,16.0,0.6,12443.29,150,59.648438,36.309315,986.0
2024-03-10,9.5,42358.5,0.0,0.0,82,1017.0,904.0,15.2,5.1,70,12.8,0.0,28250.71,158,59.648438,36.309315,986.0
2024-03-11,10.9,42496.41,5.9,0.14,69,1017.5,904.9,19.2,4.1,73,23.9,6.1,36776.41,152,59.648438,36.309315,986.0
2024-03-12,4.3,42633.8,14.3,0.42,90,1026.1,910.1,5.7,2.2,92,15.8,14.9,1042.08,152,59.648438,36.309315,986.0
2024-03-13,5.6,42770.77,0.2,0.0,73,1025.6,910.1,11.6,0.9,30,7.6,0.2,33749.01,281,59.648438,36.309315,986.0
2024-03-14,6.1,42908.31,0.0,0.0,73,1028.9,913.2,11.4,0.2,62,19.5,0.0,38078.61,148,59.648438,36.309315,986.0
2024-03-15,8.7,43046.52,0.0,0.0,75,1022.3,908.3,16.9,1.5,75,10.9,0.0,34964.2,195,59.648438,36.309315,986.0
2024-03-16,11.5,43185.32,0.2,0.0,73,1015.8,903.6,18.8,3.4,79,15.0,0.2,32222.53,275,59.648438,36.309315,986.0
2024-03-17,12.6,43324.61,0.4,0.0,70,1017.6,905.6,19.4,7.3,25,24.0,0.4,38244.62,158,59.648438,36.309315,986.0
2024-03-18,12.5,43464.3,0.0,0.0,72,1019.5,907.2,18.8,6.8,51,16.6,0.0,37336.46,160,59.648438,36.309315,986.0
2024-03-19,18.6,43604.31,0.0,0.0,48,1008.6,899.7,28.6,6.5,83,27.8,0.0,36105.39,194,59.648438,36.309315,986.0
2024-03-20,14.7,43744.54,1.1,0.0,66,1007.7,897.5,22.2,6.4,40,21.3,1.1,34967.55,284,59.648438,36.309315,986.0
2024-03-21,11.7,43884.91,0.0,0.0,64,1016.2,904.0,18.5,6.2,24,17.7,0.0,38735.92,281,59.648438,36.309315,986.0
2024-03-22,11.9,44025.34,0.0,0.0,68,1014.9,903.0,18.1,6.9,78,12.6,0.0,37164.29,152,59.648438,36.309315,986.0
2024-03-23,15.2,44165.72,0.3,0.0,51,1010.1,899.9,22.4,8.1,36,9.7,0.3,36418.83,257,59.648438,36.309315,986.0
2024-03-24,16.4,44305.98,0.0,0.0,48,1013.0,902.9,25.0,7.2,52,14.3,0.0,36913.9,17,59.648438,36.309315,986.0
2024-03-25,19.3,44446.02,0.0,0.0,42,1006.0,897.7,25.4,13.0,94,25.4,0.0,12752.63,179,59.648438,36.309315,986.0
2024-03-26,15.9,44585.75,0.0,0.0,42,1008.2,898.4,22.1,6.1,17,21.4,0.0,37567.68,217,59.648438,36.309315,986.0
2024-03-27,14.5,44725.09,0.0,0.0,36,1013.1,902.2,22.6,5.7,26,24.1,0.0,40741.57,260,59.648438,36.309315,986.0
2024-03-28,8.8,44863.95,1.1,0.0,63,1021.4,907.6,14.2,5.6,100,16.3,1.1,22407.45,151,59.648438,36.309315,986.0
2024-03-29,9.3,45002.22,0.0,0.0,45,1020.8,907.3,15.1,4.2,54,18.2,0.0,36378.17,102,59.648438,36.309315,986.0
2024-03-30,10.6,45139.82,0.0,0.0,37,1021.8,908.6,18.0,3.7,6,9.9,0.0,41348.3,147,59.648438,36.309315,986.0
2024-03-31,13.5,45276.65,0.0,0.0,36,1019.8,907.9,21.4,4.5,68,18.1,0.0,38672.36,343,59.648438,36.309315,986.0
2024-04-01,8.8,45412.62,10.8,0.0,70,1021.5,907.6,16.6,4.4,57,21.4,10.8,30673.55,290,59.648438,36.309315,986.0
2024-04-02,8.7,45547.81,0.6,0.0,62,1021.8,907.9,13.6,4.0,29,10.5,0.6,39355.91,94,59.648438,36.309315,986.0
2024-04-03,10.5,45683.17,0.0,0.0,53,1017.5,904.7,17.6,3.0,4,13.9,0.0,42175.89,112,59.648438,36.309315,986.0
2024-04-04,14.7,45818.77,0.0,0.0,37,1013.5,902.7,23.1,4.8,19,15.3,0.0,41387.64,305,59.648438,36.309315,986.0
2024-04-05,14.9,45954.55,0.0,0.0,45,1015.2,904.3,24.1,8.1,55,22.3,0.0,42677.59,142,59.648438,36.309315,986.0
2024-04-06,15.0,46090.4,0.0,0.0,48,1017.5,906.3,23.0,8.1,6,19.2,0.0,42690.04,132,59.648438,36.309315,986.0
2024-04-07,16.7,46226.25,0.0,0.0,36,1016.4,906.0,25.0,7.9,57,17.4,0.0,37775.94,146,59.648438,36.309315,986.0
2024-04-08,16.2,46362.01,0.2,0.0,41,1017.2,906.5,22.5,10.6,93,23.1,0.2,22041.5,147,59.648438,36.309315,986.0
2024-04-09,15.0,46497.57,0.0,0.0,50,1022.0,910.4,20.6,9.2,18,17.7,0.0,42719.96,114,59.648438,36.309315,986.0
2024-04-10,15.7,46632.86,0.0,0.0,46,1016.5,905.7,23.4,7.5,29,16.6,0.0,43200.0,134,59.648438,36.309315,986.0
2024-04-11,16.4,46767.79,0.4,0.0,50,1010.0,900.2,22.4,8.9,56,15.5,0.4,35558.47,354,59.648438,36.309315,986.0
2024-04-12,11.0,46902.25,8.3,0.0,79,1013.0,901.0,13.8,9.1,100,14.7,8.3,0.0,231,59.648438,36.309315,986.0
2024-04-13,10.6,47036.15,7.0,0.0,78,1014.3,901.9,14.2,8.4,98,16.8,7.0,11869.91,118,59.648438,36.309315,986.0
2024-04-14,8.8,47169.4,3.3,0.0,85,1016.1,902.9,10.6,6.8,95,12.4,3.3,0.0,158,59.648438,36.309315,986.0
2024-04-15,11.5,47301.9,0.0,0.0,72,1020.0,907.4,17.0,6.8,21,13.0,0.0,43185.62,94,59.648438,36.309315,986.0
2024-04-16,13.0,47433.54,0.0,0.0,67,1021.7,909.4,19.4,6.3,88,15.9,0.0,38592.62,126,59.648438,36.309315,986.0
2024-04-17,13.0,47564.23,0.0,0.0,61,1017.4,905.6,17.6,7.4,99,14.7,0.0,29516.72,49,59.648438,36.309315,986.0
2024-04-18,15.3,47693.86,0.0,0.0,45,1012.1,901.7,22.5,9.4,68,17.8,0.0,39600.0,330,59.648438,36.309315,986.0
2024-04-19,16.4,47822.33,0.0,0.0,37,1009.1,899.4,23.7,8.2,23,13.8,0.0,43200.0,351,59.648438,36.309315,986.0
2024-04-20,17.5,47949.53,0.0,0.0,38,1010.6,901.1,25.0,8.6,3,11.8,0.0,43200.0,287,59.648438,36.309315,986.0
2024-04-21,18.5,48075.34,0.1,0.0,43,1010.3,901.2,26.5,10.1,19,13.8,0.1,43200.0,294,59.648438,36.309315,986.0
2024-04-22,19.6,48199.83,0.7,0.0,43,1013.1,904.0,26.9,12.2,61,18.4,0.7,37092.83,303,59.648438,36.309315,986.0
2024-04-23,19.2,48323.91,0.0,0.0,39,1014.2,905.0,27.0,13.0,55,22.3,0.0,42561.79,22,59.648438,36.309315,986.0
2024-04-24,16.9,48447.66,16.0,0.0,61,1015.3,905.1,23.2,10.9,90,23.2,16.0,25200.0,66,59.648438,36.309315,986.0
2024-04-25,14.2,48570.99,3.4,0.0,77,1017.8,906.4,17.5,11.9,99,11.2,3.4,2617.25,136,59.648438,36.309315,986.0
2024-04-26,13.2,48693.8,0.9,0.0,72,1016.6,904.9,17.9,8.0,60,10.2,0.9,17434.1,291,59.648438,36.309315,986.0
2024-04-27,14.5,48816.0,0.3,0.0,49,1018.2,906.8,20.9,7.1,24,17.2,0.3,43200.0,344,59.648438,36.309315,986.0
2024-04-28,12.5,48937.48,0.0,0.0,38,1021.3,908.9,20.0,5.1,2,16.7,0.0,43200.0,144,59.648438,36.309315,986.0
2024-04-29,12.0,49058.14,0.0,0.0,30,1022.3,909.5,18.8,4.6,0,16.1,0.0,43200.0,142,59.648438,36.309315,986.0
2024-04-30,14.4,49177.89,0.0,0.0,31,1019.8,908.2,22.8,4.7,17,9.2,0.0,43200.0,134,59.648438,36.309315,986.0
2024-05-01,16.4,49296.62,0.0,0.0,34,1015.0,904.6,24.2,6.4,94,14.1,0.0,42867.57,139,59.648438,36.309315,986.0
2024-05-02,16.1,49414.21,0.6,0.0,48,1007.7,898.0,20.5,9.9,100,12.2,0.6,8924.53,287,59.648438,36.309315,986.0
2024-05-03,16.7,49530.57,0.2,0.0,69,1003.3,894.3,22.2,12.1,72,10.9,0.2,21921.43,297,59.648438,36.309315,986.0
2024-05-04,17.2,49645.57,0.7,0.0,64,1004.3,895.4,24.0,10.8,38,11.4,0.7,30813.05,310,59.648438,36.309315,986.0
2024-05-05,18.8,49759.12,0.1,0.0,58,1009.7,900.8,26.9,9.5,6,21.3,0.1,43200.0,344,59.648438,36.309315,986.0
2024-05-06,22.7,49871.08,0.0,0.0,42,1010.4,902.7,31.2,11.9,60,18.2,0.0,37989.15,275,59.648438,36.309315,986.0
2024-05-07,23.7,49981.35,0.2,0.0,37,1009.1,901.9,31.3,15.9,56,18.5,0.2,41386.52,279,59.648438,36.309315,986.0
2024-05-08,22.1,50089.81,7.6,0.0,54,1009.9,902.1,32.0,14.4,58,18.0,7.6,43246.46,154,59.648438,36.309315,986.0
2024-05-09,14.4,50196.33,22.7,0.0,81,1015.7,904.6,18.4,10.5,100,17.7,22.7,4933.67,138,59.648438,36.309315,986.0
2024-05-10,12.9,50300.78,6.4,0.0,76,1019.9,907.8,17.9,8.3,51,12.5,6.4,24734.86,140,59.648438,36.309315,986.0
2024-05-11,15.1,50403.05,0.0,0.0,68,1020.7,909.3,21.9,8.1,3,15.3,0.0,43350.42,142,59.648438,36.309315,986.0
2024-05-12,18.5,50503.16,0.0,0.0,58,1013.5,904.0,26.9,9.4,10,12.4,0.0,43536.3,322,59.648438,36.309315,986.0
2024-05-13,23.0,50601.91,0.0,0.0,45,1007.4,900.1,31.9,13.4,68,10.9,0.0,41941.9,57,59.648438,36.309315,986.0
2024-05-14,22.2,50699.36,0.4,0.0,56,1009.1,901.5,28.9,17.0,92,16.7,0.4,36921.36,141,59.648438,36.309315,986.0
2024-05-15,20.0,50795.42,0.6,0.0,70,1015.2,906.1,24.5,15.8,73,16.8,0.6,30924.1,144,59.648438,36.309315,986.0
2024-05-16,18.8,50890.01,1.3,0.0,77,1016.6,906.9,23.9,14.9,80,15.5,1.3,30988.36,157,59.648438,36.309315,986.0
2024-05-17,17.0,50983.02,1.6,0.0,80,1012.5,902.6,22.6,11.6,46,16.2,1.6,31963.6,261,59.648438,36.309315,986.0
2024-05-18,14.2,51074.36,28.2,0.0,84,1014.6,903.5,19.5,9.2,92,19.8,28.2,6611.74,134,59.648438,36.309315,986.0
2024-05-19,11.9,51163.92,0.8,0.0,75,1019.4,907.0,15.4,8.9,99,16.6,0.8,10249.02,140,59.648438,36.309315,986.0
2024-05-20,14.6,51251.62,0.0,0.0,70,1017.2,906.0,20.1,9.2,18,19.1,0.0,43991.71,142,59.648438,36.309315,986.0
2024-05-21,16.4,51337.35,0.0,0.0,60,1017.2,906.6,23.0,10.9,53,16.6,0.0,43200.0,140,59.648438,36.309315,986.0
2024-05-22,16.0,51421.02,0.0,0.0,59,1016.9,906.2,21.2,10.6,39,15.9,0.0,43965.54,125,59.648438,36.309315,986.0
2024-05-23,17.6,51502.5,0.6,0.0,60,1012.3,902.7,24.6,9.9,33,13.5,0.6,40454.0,134,59.648438,36.309315,986.0
2024-05-24,17.3,51581.72,0.2,0.0,71,1014.4,904.5,23.9,11.1,57,16.3,0.2,31597.63,126,59.648438,36.309315,986.0
2024-05-25,17.5,51658.55,0.0,0.0,62,1019.2,908.9,22.0,13.1,78,16.6,0.0,14796.24,137,59.648438,36.309315,986.0
2024-05-26,17.6,51732.9,0.0,0.0,53,1018.9,908.6,23.2,10.8,6,17.0,0.0,44538.95,113,59.648438,36.309315,986.0
2024-05-27,21.1,51804.66,0.0,0.0,41,1013.7,905.1,29.9,11.1,13,17.9,0.0,44688.45,122,59.648438,36.309315,986.0
2024-05-28,21.1,51873.72,0.0,0.0,32,1016.1,907.3,27.4,14.0,14,19.5,0.0,44219.92,98,59.648438,36.309315,986.0
2024-05-29,21.3,51939.97,0.0,0.0,32,1014.9,906.3,28.0,13.3,3,14.9,0.0,44985.66,68,59.648438,36.309315,986.0
2024-05-30,21.9,52003.31,0.0,0.0,34,1015.8,907.3,29.2,13.3,0,17.0,0.0,45294.98,104,59.648438,36.309315,986.0
2024-05-31,22.6,52063.63,0.0,0.0,28,1016.5,908.2,30.6,13.6,0,18.3,0.0,45294.2,93,59.648438,36.309315,986.0
2024-06-01,23.4,52120.91,0.0,0.0,23,1013.4,905.6,31.5,13.9,0,13.3,0.0,45608.48,100,59.648438,36.309315,986.0
2024-06-02,24.5,52175.65,0.0,0.0,22,1011.4,904.2,32.9,15.2,2,21.3,0.0,45608.98,53,59.648438,36.309315,986.0
2024-06-03,23.2,52227.88,0.0,0.0,34,1014.2,906.4,30.0,16.5,0,21.1,0.0,45609.29,28,59.648438,36.309315,986.0
2024-06-04,23.2,52277.57,0.0,0.0,37,1014.2,906.3,29.5,16.5,16,19.0,0.0,44970.32,48,59.648438,36.309315,986.0
2024-06-05,22.2,52324.66,0.4,0.0,40,1014.4,906.1,28.0,16.5,27,17.9,0.4,41367.03,340,59.648438,36.309315,986.0
2024-06-06,23.5,52369.11,0.0,0.0,21,1014.3,906.5,30.1,15.6,0,14.4,0.0,45932.21,12,59.648438,36.309315,986.0
2024-06-07,24.4,52410.86,0.0,0.0,16,1012.2,904.9,32.0,15.6,0,15.4,0.0,46418.17,4,59.648438,36.309315,986.0
2024-06-08,25.9,52449.88,0.0,0.0,19,1009.9,903.3,33.2,16.0,2,19.5,0.0,46094.2,347,59.648438,36.309315,986.0
2024-06-09,27.3,52486.12,0.0,0.0,18,1010.0,904.0,34.5,18.5,0,15.6,0.0,46261.49,12,59.648438,36.309315,986.0
2024-06-10,28.5,52519.53,0.0,0.0,17,1010.0,904.3,36.2,18.7,0,17.0,0.0,46263.29,4,59.648438,36.309315,986.0
2024-06-11,29.6,52550.08,0.0,0.0,19,1009.7,904.4,37.3,20.6,6,20.1,0.0,46264.84,19,59.648438,36.309315,986.0
2024-06-12,29.6,52577.71,0.0,0.0,22,1009.5,904.2,37.4,21.0,38,21.7,0.0,40569.37,35,59.648438,36.309315,986.0
2024-06-13,28.6,52602.39,0.0,0.0,23,1008.9,903.3,35.7,21.0,24,21.3,0.0,46105.45,55,59.648438,36.309315,986.0
2024-06-14,27.0,52624.07,0.0,0.0,22,1008.4,902.4,33.2,20.6,27,22.4,0.0,45938.84,81,59.648438,36.309315,986.0
2024-06-15,27.1,52642.73,0.0,0.0,24,1007.7,901.8,33.0,21.4,43,17.7,0.0,45770.95,93,59.648438,36.309315,986.0
2024-06-16,27.5,52658.31,0.0,0.0,26,1008.4,902.5,34.7,20.4,13,16.5,0.0,42339.12,83,59.648438,36.309315,986.0
2024-06-17,28.3,52670.78,0.0,0.0,25,1011.1,905.2,34.6,20.0,11,19.1,0.0,44044.19,7,59.648438,36.309315,986.0
2024-06-18,28.8,52680.1,0.0,0.0,21,1011.0,905.3,35.0,21.5,28,23.2,0.0,41445.64,351,59.648438,36.309315,986.0
2024-06-19,29.4,52686.25,0.0,0.0,20,1009.5,904.2,35.2,23.0,24,23.5,0.0,39001.32,343,59.648438,36.309315,986.0
2024-06-20,27.8,52689.17,0.0,0.0,30,1008.7,902.9,33.2,21.8,9,23.0,0.0,45097.03,340,59.648438,36.309315,986.0
2024-06-21,27.9,52688.86,0.0,0.0,30,1006.5,901.0,33.8,21.2,23,20.1,0.0,46108.48,346,59.648438,36.309315,986.0
2024-06-22,26.8,52685.25,0.0,0.0,34,1006.9,901.0,33.5,21.1,21,15.5,0.0,40993.39,15,59.648438,36.309315,986.0
2024-06-23,26.8,52678.4,0.0,0.0,37,1009.7,903.5,33.0,20.8,34,18.0,0.0,41646.43,106,59.648438,36.309315,986.0
2024-06-24,25.6,52668.34,0.0,0.0,41,1010.4,903.7,32.0,20.2,9,18.7,0.0,46130.88,113,59.648438,36.309315,986.0
2024-06-25,27.1,52655.12,0.0,0.0,29,1006.4,900.7,33.5,18.9,23,17.4,0.0,46473.72,85,59.648438,36.309315,986.0
2024-06-26,28.1,52638.76,0.0,0.0,21,1003.5,898.3,34.3,19.0,0,17.4,0.0,46803.69,71,59.648438,36.309315,986.0
2024-06-27,28.3,52619.34,0.0,0.0,29,1004.9,899.7,36.7,20.4,29,23.1,0.0,46289.68,81,59.648438,36.309315,986.0
2024-06-28,24.1,52596.88,0.0,0.0,47,1009.3,902.3,28.7,19.0,38,21.2,0.0,43777.75,123,59.648438,36.309315,986.0
2024-06-29,23.7,52571.43,0.4,0.0,39,1007.8,900.8,29.2,18.3,45,19.4,0.4,24962.3,137,59.648438,36.309315,986.0
2024-06-30,25.8,52543.04,0.0,0.0,34,1009.0,902.6,31.6,19.6,6,19.1,0.0,46303.29,105,59.648438,36.309315,986.0
2024-07-01,25.2,52511.77,0.0,0.0,32,1009.1,902.5,30.4,20.2,0,19.2,0.0,46319.29,107,59.648438,36.309315,986.0
2024-07-02,25.3,52477.66,0.0,0.0,28,1006.3,899.9,31.3,18.8,1,19.6,0.0,46490.15,100,59.648438,36.309315,986.0
2024-07-03,25.2,52440.75,0.0,0.0,20,1005.8,899.5,32.8,18.4,47,20.5,0.0,31633.56,135,59.648438,36.309315,986.0
2024-07-04,27.3,52401.11,0.0,0.0,17,1006.5,900.8,34.8,19.5,34,16.3,0.0,40723.8,112,59.648438,36.309315,986.0
2024-07-05,28.3,52358.79,0.0,0.0,19,1006.1,900.8,35.0,20.5,0,20.6,0.0,46657.85,43,59.648438,36.309315,986.0
2024-07-06,28.0,52313.83,0.0,0.0,21,1005.4,900.0,35.5,20.5,0,25.1,0.0,46486.2,4,59.648438,36.309315,986.0
2024-07-07,26.9,52266.3,0.0,0.0,21,1007.4,901.4,33.7,18.9,0,22.0,0.0,46484.3,42,59.648438,36.309315,986.0
2024-07-08,28.6,52216.23,0.0,0.0,21,1008.3,902.8,35.3,19.9,8,27.6,0.0,44981.95,41,59.648438,36.309315,986.0
2024-07-09,29.2,52163.7,0.0,0.0,26,1009.4,904.0,36.0,21.1,15,24.1,0.0,42620.52,72,59.648438,36.309315,986.0
2024-07-10,29.7,52108.74,0.0,0.0,24,1010.6,905.2,37.5,24.0,8,23.8,0.0,43473.79,102,59.648438,36.309315,986.0
2024-07-11,28.8,52051.32,0.0,0.0,21,1008.1,902.7,36.5,20.6,0,24.7,0.0,46016.24,47,59.648438,36.309315,986.0
2024-07-12,27.7,51990.9,0.2,0.0,33,1005.8,900.3,34.3,22.2,25,21.2,0.2,40785.25,327,59.648438,36.309315,986.0
2024-07-13,26.0,51927.5,0.7,0.0,46,1005.0,899.0,31.0,21.3,21,15.0,0.7,44590.63,11,59.648438,36.309315,986.0
2024-07-14,26.5,51861.21,0.0,0.0,29,1005.0,899.2,35.2,18.4,6,18.9,0.0,45043.96,37,59.648438,36.309315,986.0
2024-07-15,24.5,51792.16,0.0,0.0,25,1008.9,902.0,31.0,18.1,0,20.5,0.0,45705.64,103,59.648438,36.309315,986.0
2024-07-16,26.0,51720.45,0.0,0.0,29,1009.4,902.9,32.7,18.1,0,19.1,0.0,45541.3,80,59.648438,36.309315,986.0
2024-07-17,27.5,51646.18,0.0,0.0,28,1008.9,903.0,35.2,19.5,5,28.5,0.0,45078.75,79,59.648438,36.309315,986.0
2024-07-18,28.1,51569.48,0.0,0.0,28,1007.3,901.8,33.5,21.0,36,19.3,0.0,40704.93,54,59.648438,36.309315,986.0
2024-07-19,27.3,51490.45,0.0,0.0,28,1005.7,900.1,34.8,21.1,6,22.5,0.0,44628.58,124,59.648438,36.309315,986.0
2024-07-20,27.8,51409.18,0.0,0.0,26,1005.4,900.0,33.8,19.9,0,18.0,0.0,45274.98,81,59.648438,36.309315,986.0
2024-07-21,28.2,51325.79,0.0,0.0,23,1005.1,899.9,35.1,20.6,0,20.3,0.0,45117.39,81,59.648438,36.309315,986.0
2024-07-22,29.1,51240.39,0.0,0.0,21,1005.6,900.6,35.3,21.0,1,20.0,0.0,44961.59,54,59.648438,36.309315,986.0
2024-07-23,29.6,51153.07,0.0,0.0,27,1004.1,899.4,36.0,21.4,11,20.2,0.0,43896.8,66,59.648438,36.309315,986.0
2024-07-24,29.6,51063.95,0.0,0.0,32,1000.8,896.4,36.1,21.5,5,15.7,0.0,44686.04,90,59.648438,36.309315,986.0
2024-07-25,30.0,50973.11,0.0,0.0,31,1000.5,896.3,37.1,22.8,2,20.7,0.0,44536.64,69,59.648438,36.309315,986.0
2024-07-26,29.6,50880.66,0.0,0.0,32,1004.2,899.5,35.2,23.0,0,17.7,0.0,44453.24,104,59.648438,36.309315,986.0
2024-07-27,31.3,50786.7,0.0,0.0,28,1003.5,899.4,39.1,21.7,0,19.6,0.0,44451.98,99,59.648438,36.309315,986.0
2024-07-28,31.4,50691.32,0.0,0.0,25,1005.1,900.8,38.4,24.1,0,21.1,0.0,44450.43,56,59.648438,36.309315,986.0
2024-07-29,29.0,50594.62,0.0,0.0,32,1005.8,900.7,35.2,23.0,0,26.2,0.0,44299.86,41,59.648438,36.309315,986.0
2024-07-30,26.6,50496.69,0.0,0.0,33,1007.7,901.7,32.2,21.6,1,18.0,0.0,44152.04,124,59.648438,36.309315,986.0
2024-07-31,29.0,50397.47,0.0,0.0,25,1004.6,899.6,36.2,21.5,0,15.5,0.0,44298.13,117,59.648438,36.309315,986.0
2024-08-01,29.4,50296.16,0.0,0.0,27,1006.4,901.4,36.2,21.2,7,23.8,0.0,44009.05,103,59.648438,36.309315,986.0
2024-08-02,28.4,50192.71,0.0,0.0,33,1006.4,901.1,34.4,23.0,1,20.1,0.0,44010.7,97,59.648438,36.309315,986.0
2024-08-03,28.7,50087.27,0.0,0.0,25,1005.4,900.3,34.5,22.8,0,17.3,0.0,44011.98,100,59.648438,36.309315,986.0
2024-08-04,28.7,49979.95,0.0,0.0,21,1006.3,901.0,34.7,22.0,0,18.4,0.0,43874.62,113,59.648438,36.309315,986.0
2024-08-05,29.4,49870.86,0.0,0.0,20,1006.6,901.6,35.9,20.5,0,18.8,0.0,43877.03,93,59.648438,36.309315,986.0
2024-08-06,28.8,49760.13,0.0,0.0,20,1006.1,901.0,35.8,21.8,0,16.5,0.0,43878.98,118,59.648438,36.309315,986.0
2024-08-07,28.9,49647.87,0.0,0.0,17,1005.3,900.3,36.7,19.0,0,19.2,0.0,43748.56,97,59.648438,36.309315,986.0
2024-08-08,30.6,49534.19,0.0,0.0,16,1005.6,901.0,39.2,19.9,0,19.8,0.0,43622.16,114,59.648438,36.309315,986.0
2024-08-09,29.2,49419.21,0.0,0.0,41,1009.9,904.4,36.0,23.5,0,21.8,0.0,43372.91,87,59.648438,36.309315,986.0
2024-08-10,28.8,49303.03,0.0,0.0,32,1010.0,904.4,34.5,23.0,1,17.8,0.0,43382.37,115,59.648438,36.309315,986.0
2024-08-11,28.9,49185.75,0.0,0.0,23,1008.4,903.0,35.2,22.3,0,17.3,0.0,43391.4,107,59.648438,36.309315,986.0
2024-08-12,29.2,49067.49,0.0,0.0,21,1007.1,902.0,35.8,21.0,0,16.3,0.0,43280.73,103,59.648438,36.309315,986.0
2024-08-13,29.6,48948.35,0.0,0.0,29,1008.0,902.9,36.4,23.1,21,20.5,0.0,37132.87,103,59.648438,36.309315,986.0
2024-08-14,29.6,48828.42,0.0,0.0,34,1008.5,903.4,36.5,22.6,5,18.6,0.0,43200.0,118,59.648438,36.309315,986.0
2024-08-15,29.9,48707.81,0.0,0.0,36,1008.9,903.8,36.2,23.6,3,24.0,0.0,43200.0,62,59.648438,36.309315,986.0
2024-08-16,27.3,48586.62,0.0,0.0,39,1008.4,902.5,32.0,22.1,7,19.2,0.0,43200.0,110,59.648438,36.309315,986.0
2024-08-17,24.9,48464.93,0.0,0.0,43,1011.4,904.4,31.0,19.1,9,25.8,0.0,43200.0,102,59.648438,36.309315,986.0
2024-08-18,22.8,48342.84,0.0,0.0,44,1015.7,907.5,28.2,18.1,23,20.6,0.0,43200.0,114,59.648438,36.309315,986.0
2024-08-19,23.1,48220.45,0.0,0.0,28,1013.3,905.4,29.4,16.2,8,16.5,0.0,43200.0,105,59.648438,36.309315,986.0
2024-08-20,22.9,48097.68,0.0,0.0,20,1011.6,903.9,30.6,14.6,0,25.3,0.0,43200.0,111,59.648438,36.309315,986.0
2024-08-21,23.8,47973.64,0.0,0.0,20,1012.5,905.0,31.0,15.9,0,19.2,0.0,43200.0,74,59.648438,36.309315,986.0
2024-08-22,24.8,47848.29,0.0,0.0,23,1010.4,903.4,31.9,16.4,0,14.5,0.0,43200.0,113,59.648438,36.309315,986.0
2024-08-23,26.0,47721.71,0.0,0.0,21,1009.9,903.4,33.5,17.7,0,17.4,0.0,43200.0,108,59.648438,36.309315,986.0
2024-08-24,27.0,47594.02,0.0,0.0,20,1011.8,905.4,34.2,18.4,0,18.9,0.0,43200.0,49,59.648438,36.309315,986.0
2024-08-25,27.3,47465.31,0.0,0.0,21,1011.1,904.9,34.8,19.2,0,16.6,0.0,43200.0,39,59.648438,36.309315,986.0
2024-08-26,28.1,47335.69,0.0,0.0,22,1009.5,903.7,36.0,19.6,0,19.3,0.0,43200.0,97,59.648438,36.309315,986.0
2024-08-27,27.8,47205.24,0.0,0.0,20,1009.5,903.6,36.3,20.0,7,23.2,0.0,43200.0,112,59.648438,36.309315,986.0
2024-08-28,25.1,47074.08,0.0,0.0,21,1013.2,906.1,31.7,18.6,0,25.3,0.0,43200.0,67,59.648438,36.309315,986.0
2024-08-29,20.8,46942.28,0.0,0.0,29,1015.5,906.7,27.2,13.5,0,25.1,0.0,43200.0,121,59.648438,36.309315,986.0
2024-08-30,20.6,46809.94,0.0,0.0,29,1014.5,905.6,27.5,13.0,0,18.1,0.0,43200.0,89,59.648438,36.309315,986.0
2024-08-31,22.1,46677.16,0.0,0.0,24,1013.4,905.2,29.9,13.2,0,18.2,0.0,43200.0,103,59.648438,36.309315,986.0
2024-09-01,23.2,46544.01,0.0,0.0,23,1015.6,907.6,30.3,14.9,0,21.8,0.0,43200.0,29,59.648438,36.309315,986.0
2024-09-02,21.8,46410.6,0.0,0.0,22,1018.2,909.4,28.5,15.0,0,23.1,0.0,43200.0,100,59.648438,36.309315,986.0
2024-09-03,20.6,46276.99,0.0,0.0,16,1015.5,906.5,29.5,11.5,0,13.5,0.0,43200.0,123,59.648438,36.309315,986.0
2024-09-04,22.6,46143.29,0.0,0.0,14,1011.6,903.8,32.5,10.4,0,11.8,0.0,43149.93,127,59.648438,36.309315,986.0
2024-09-05,24.3,46009.57,0.0,0.0,13,1007.7,900.9,34.8,12.9,0,16.4,0.0,43019.24,116,59.648438,36.309315,986.0
2024-09-06,23.1,45875.92,0.0,0.0,21,1013.3,905.5,31.3,15.8,0,22.2,0.0,42888.42,96,59.648438,36.309315,986.0
2024-09-07,19.8,45742.42,0.0,0.0,26,1018.9,909.3,26.4,13.9,0,17.0,0.0,42757.56,136,59.648438,36.309315,986.0
2024-09-08,19.9,45609.15,0.0,0.0,20,1018.8,909.3,27.1,13.4,0,16.7,0.0,42626.75,124,59.648438,36.309315,986.0
2024-09-09,18.7,45476.04,0.0,0.0,20,1019.0,909.1,25.9,12.2,0,18.4,0.0,42495.84,126,59.648438,36.309315,986.0
2024-09-10,18.4,45342.17,0.0,0.0,22,1017.2,907.3,26.0,10.7,0,12.6,0.0,42363.93,122,59.648438,36.309315,986.0
2024-09-11,19.7,45207.49,0.0,0.0,22,1013.8,904.7,27.8,10.4,0,14.3,0.0,42231.04,134,59.648438,36.309315,986.0
2024-09-12,21.6,45072.07,0.0,0.0,17,1011.4,903.2,30.0,12.4,0,19.0,0.0,42097.23,137,59.648438,36.309315,986.0
2024-09-13,21.4,44936.01,0.0,0.0,19,1011.0,902.8,28.5,14.8,1,19.3,0.0,41855.48,110,59.648438,36.309315,986.0
2024-09-14,20.6,44799.4,0.0,0.0,22,1010.1,901.7,27.4,13.0,20,18.0,0.0,41641.88,111,59.648438,36.309315,986.0
2024-09-15,20.4,44662.31,0.0,0.0,28,1011.0,902.5,26.6,12.9,69,11.9,0.0,37095.39,68,59.648438,36.309315,986.0
2024-09-16,19.0,44524.84,0.0,0.0,52,1013.0,903.8,26.1,13.6,30,19.4,0.0,39397.46,274,59.648438,36.309315,986.0
2024-09-17,19.5,44387.07,0.0,0.0,45,1014.9,905.6,26.1,14.0,3,17.1,0.0,40733.49,121,59.648438,36.309315,986.0
2024-09-18,19.0,44249.08,0.0,0.0,41,1015.8,906.3,25.9,12.1,8,19.0,0.0,40397.31,124,59.648438,36.309315,986.0
2024-09-19,18.0,44110.96,0.0,0.0,43,1017.7,907.6,24.8,10.8,25,17.4,0.0,40206.27,129,59.648438,36.309315,986.0
2024-09-20,19.0,43972.8,0.0,0.0,32,1016.5,906.9,25.3,12.7,1,19.1,0.0,40018.8,146,59.648438,36.309315,986.0
2024-09-21,20.8,43834.66,0.0,0.0,28,1014.2,905.5,29.0,12.1,4,17.8,0.0,39835.16,159,59.648438,36.309315,986.0
2024-09-22,21.2,43696.64,0.0,0.0,27,1016.4,907.6,28.4,15.1,0,16.3,0.0,39602.13,142,59.648438,36.309315,986.0
2024-09-23,23.0,43558.82,0.0,0.0,26,1015.2,907.1,31.4,14.7,0,16.2,0.0,39465.46,146,59.648438,36.309315,986.0
2024-09-24,25.2,43421.28,0.0,0.0,22,1011.2,904.3,35.3,14.4,0,15.0,0.0,39309.23,154,59.648438,36.309315,986.0
2024-09-25,23.8,43284.11,0.0,0.0,45,1012.4,904.9,31.9,17.6,0,21.6,0.0,38794.71,70,59.648438,36.309315,986.0
2024-09-26,19.9,43147.38,0.0,0.0,52,1016.3,907.1,26.0,15.9,56,19.0,0.0,28678.15,123,59.648438,36.309315,986.0
2024-09-27,16.7,43011.18,0.0,0.0,37,1019.6,908.9,23.0,10.4,29,23.9,0.0,33781.33,128,59.648438,36.309315,986.0
2024-09-28,14.9,42875.59,0.0,0.0,24,1019.4,908.0,21.8,9.2,60,19.0,0.0,37423.02,129,59.648438,36.309315,986.0
2024-09-29,11.9,42740.53,0.1,0.0,37,1020.3,907.8,16.6,6.1,73,14.8,0.1,6266.09,137,59.648438,36.309315,986.0
2024-09-30,13.9,42605.05,0.0,0.0,33,1017.4,905.9,21.5,5.7,3,11.6,0.0,37940.66,174,59.648438,36.309315,986.0
2024-10-01,18.2,42469.05,0.0,0.0,28,1011.9,902.6,27.0,8.1,15,8.9,0.0,36000.0,305,59.648438,36.309315,986.0
2024-10-02,21.4,42332.64,0.0,0.0,29,1010.0,901.9,31.3,11.9,0,13.8,0.0,37608.86,328,59.648438,36.309315,986.0
2024-10-03,23.9,42195.91,0.0,0.0,27,1009.6,902.4,34.1,14.6,10,19.4,0.0,37467.55,64,59.648438,36.309315,986.0
2024-10-04,19.3,42058.96,0.0,0.0,44,1014.2,905.0,26.5,14.2,18,18.5,0.0,37195.21,95,59.648438,36.309315,986.0
2024-10-05,18.0,41921.86,0.0,0.0,48,1017.0,907.0,23.8,12.4,36,19.6,0.0,35130.18,122,59.648438,36.309315,986.0
2024-10-06,16.6,41784.73,0.0,0.0,58,1021.7,910.7,20.2,13.9,87,15.4,0.0,17284.14,131,59.648438,36.309315,986.0
2024-10-07,16.7,41647.64,0.0,0.0,52,1022.8,911.7,22.1,10.4,8,11.7,0.0,36799.91,120,59.648438,36.309315,986.0
2024-10-08,17.4,41510.7,0.0,0.0,42,1018.4,908.0,25.5,9.7,2,10.5,0.0,36926.84,177,59.648438,36.309315,986.0
2024-10-09,19.3,41374.01,0.0,0.0,33,1015.0,905.7,28.3,10.6,11,17.9,0.0,36800.23,342,59.648438,36.309315,986.0
2024-10-10,19.0,41237.64,0.0,0.0,31,1012.7,903.4,27.7,10.1,0,10.0,0.0,36799.3,309,59.648438,36.309315,986.0
2024-10-11,20.1,41101.73,0.0,0.0,37,1013.7,904.8,30.3,12.4,0,22.6,0.0,36797.59,168,59.648438,36.309315,986.0
2024-10-12,19.0,40966.33,0.0,0.0,48,1014.7,905.3,26.5,12.1,5,15.7,0.0,36558.36,162,59.648438,36.309315,986.0
2024-10-13,17.0,40831.58,0.1,0.0,48,1015.7,905.5,23.6,10.9,35,19.1,0.1,29040.06,149,59.648438,36.309315,986.0
2024-10-14,16.8,40697.55,0.0,0.0,51,1015.8,905.5,25.0,9.1,6,17.4,0.0,36331.83,171,59.648438,36.309315,986.0
2024-10-15,14.4,40564.37,0.0,0.0,62,1020.1,908.5,21.4,9.1,15,17.9,0.0,36312.1,143,59.648438,36.309315,986.0
2024-10-16,13.2,40432.12,0.0,0.0,65,1021.5,909.3,19.8,7.8,7,18.4,0.0,36016.14,150,59.648438,36.309315,986.0
2024-10-17,15.9,40300.92,0.0,0.0,53,1017.5,906.7,24.8,7.4,1,17.6,0.0,36050.34,172,59.648438,36.309315,986.0
2024-10-18,19.8,40170.88,0.0,0.0,36,1013.2,904.2,29.6,10.2,1,10.4,0.0,35872.43,295,59.648438,36.309315,986.0
2024-10-19,21.9,40041.9,0.0,0.0,25,1012.5,904.3,32.0,12.8,3,13.4,0.0,35801.66,340,59.648438,36.309315,986.0
2024-10-20,18.8,39912.93,0.0,0.0,42,1014.1,904.7,27.8,10.8,11,17.4,0.0,35730.59,153,59.648438,36.309315,986.0
2024-10-21,13.9,39783.9,0.1,0.0,63,1015.7,904.4,19.9,9.2,43,19.5,0.1,34132.22,152,59.648438,36.309315,986.0
2024-10-22,10.9,39654.9,2.9,0.0,71,1020.5,907.6,15.2,8.4,88,18.5,2.9,23257.5,148,59.648438,36.309315,986.0
2024-10-23,9.4,39526.05,0.3,0.0,77,1025.4,911.4,11.9,7.8,99,16.3,0.3,4171.46,152,59.648438,36.309315,986.0
2024-10-24,10.1,39397.46,0.8,0.0,68,1023.4,909.8,14.1,7.0,60,14.9,0.8,28078.56,156,59.648438,36.309315,986.0
2024-10-25,7.2,39269.25,16.7,0.0,84,1020.1,905.8,10.8,3.5,69,24.2,16.7,7841.56,290,59.648438,36.309315,986.0
2024-10-26,8.8,39141.53,0.0,0.0,72,1022.3,908.4,14.4,2.3,72,11.2,0.0,28832.78,281,59.648438,36.309315,986.0
2024-10-27,11.1,39014.43,0.6,0.0,68,1024.3,911.0,15.9,7.2,86,18.5,0.6,22680.74,154,59.648438,36.309315,986.0
2024-10-28,6.4,38888.04,0.4,0.0,81,1026.9,911.5,10.1,2.3,78,13.0,0.4,10818.96,158,59.648438,36.309315,986.0
2024-10-29,6.5,38762.52,0.0,0.0,77,1023.9,909.0,13.4,1.5,27,12.2,0.0,31315.53,203,59.648438,36.309315,986.0
2024-10-30,7.9,38637.98,0.0,0.0,71,1023.9,909.5,15.4,1.6,39,11.1,0.0,31374.99,208,59.648438,36.309315,986.0
2024-10-31,9.5,38514.54,0.0,0.0,63,1022.4,908.7,16.4,2.2,75,10.9,0.0,30118.77,211,59.648438,36.309315,986.0
2024-11-01,13.7,38392.32,0.0,0.0,50,1021.8,909.7,22.5,5.8,56,14.2,0.0,32400.0,229,59.648438,36.309315,986.0
2024-11-02,13.7,38271.48,0.0,0.0,50,1021.1,909.1,20.4,7.5,37,9.4,0.0,34246.82,273,59.648438,36.309315,986.0
2024-11-03,15.7,38152.14,0.0,0.0,51,1015.1,904.5,24.0,8.9,29,11.4,0.0,34235.11,337,59.648438,36.309315,986.0
2024-11-04,14.8,38034.43,0.3,0.0,64,1015.3,904.4,24.6,8.9,40,27.9,0.3,33536.19,97,59.648438,36.309315,986.0
2024-11-05,17.1,37918.5,0.1,0.0,63,1012.9,903.0,27.5,8.7,53,22.3,0.1,33397.84,271,59.648438,36.309315,986.0
2024-11-06,7.2,37804.47,0.6,0.0,78,1029.8,914.5,11.4,3.5,100,20.5,0.6,0.0,152,59.648438,36.309315,986.0
2024-11-07,7.7,37692.51,0.1,0.0,75,1030.7,915.4,13.1,4.2,64,17.1,0.1,22346.66,149,59.648438,36.309315,986.0
2024-11-08,6.5,37582.55,0.0,0.0,77,1031.2,915.4,11.4,3.0,40,13.9,0.0,29660.68,154,59.648438,36.309315,986.0
2024-11-09,6.0,37473.51,0.0,0.0,75,1030.3,914.5,11.4,1.5,52,12.6,0.0,32605.57,177,59.648438,36.309315,986.0
2024-11-10,6.2,37365.29,0.0,0.0,68,1028.5,912.9,13.1,0.9,1,8.6,0.0,33343.57,199,59.648438,36.309315,986.0
2024-11-11,8.8,37258.03,0.0,0.0,65,1023.4,909.3,17.3,0.6,15,10.3,0.0,33272.98,245,59.648438,36.309315,986.0
2024-11-12,10.1,37151.84,0.0,0.0,67,1020.8,907.5,17.3,4.5,83,16.0,0.0,25095.6,198,59.648438,36.309315,986.0
2024-11-13,5.0,37046.86,1.7,0.0,85,1028.9,912.8,7.3,2.4,100,15.4,1.7,0.0,143,59.648438,36.309315,986.0
2024-11-14,2.9,36943.2,0.0,0.0,84,1028.4,911.5,5.4,0.2,88,8.1,0.0,7422.51,145,59.648438,36.309315,986.0
2024-11-15,4.9,36841.0,0.0,0.0,66,1022.7,907.2,12.6,-0.9,28,7.4,0.0,28383.58,291,59.648438,36.309315,986.0
2024-11-16,7.5,36740.39,0.0,0.0,63,1016.7,902.9,13.9,0.9,11,8.1,0.0,32569.57,275,59.648438,36.309315,986.0
2024-11-17,9.8,36641.51,0.0,0.0,63,1017.7,904.6,17.1,4.1,16,9.9,0.0,31947.53,251,59.648438,36.309315,986.0
2024-11-18,8.3,36544.49,0.0,0.0,74,1018.8,905.1,14.9,3.0,14,10.0,0.0,32214.46,242,59.648438,36.309315,986.0
2024-11-19,8.8,36449.46,7.2,0.0,82,1017.4,904.0,13.8,4.4,37,10.8,7.2,22227.32,286,59.648438,36.309315,986.0
2024-11-20,10.9,36356.58,4.8,0.0,79,1020.2,907.3,17.5,5.7,71,10.5,4.8,26680.48,246,59.648438,36.309315,986.0
2024-11-21,9.6,36265.97,0.0,0.0,85,1022.1,908.5,14.6,5.7,68,10.5,0.0,25002.02,161,59.648438,36.309315,986.0
2024-11-22,10.3,36177.79,0.9,0.0,81,1021.9,908.6,17.4,5.8,54,15.9,0.9,25289.82,305,59.648438,36.309315,986.0
2024-11-23,9.9,36092.18,0.1,0.0,83,1024.3,910.6,14.1,7.7,68,9.8,0.1,18982.05,133,59.648438,36.309315,986.0
2024-11-24,9.0,36009.29,0.0,0.0,70,1017.1,903.8,14.8,5.3,26,8.1,0.0,23950.55,278,59.648438,36.309315,986.0
2024-11-25,9.8,35929.25,0.0,0.0,50,1017.8,904.7,17.1,4.5,13,10.7,0.0,31665.92,272,59.648438,36.309315,986.0
2024-11-26,10.9,35852.24,0.0,0.0,48,1018.3,905.5,19.0,3.2,0,9.9,0.0,31605.21,277,59.648438,36.309315,986.0
2024-11-27,13.2,35778.39,0.0,0.0,50,1012.5,901.3,22.1,5.2,65,10.4,0.0,31269.21,316,59.648438,36.309315,986.0
2024-11-28,11.5,35707.71,2.0,0.0,67,1013.8,901.8,20.2,5.9,71,14.2,2.0,28814.5,142,59.648438,36.309315,986.0
2024-11-29,5.7,35639.36,0.3,0.0,72,1021.7,906.7,10.2,0.2,57,17.5,0.3,16805.55,200,59.648438,36.309315,986.0
2024-11-30,4.8,35573.27,0.0,0.0,66,1026.7,910.7,10.6,-0.8,52,15.8,0.0,31094.77,255,59.648438,36.309315,986.0
2024-12-01,2.5,35509.53,0.0,0.0,71,1029.7,912.6,4.3,1.2,86,11.4,0.0,7906.34,135,59.648438,36.309315,986.0
2024-12-02,2.0,35448.22,0.0,0.0,69,1029.2,911.9,4.8,-0.6,80,8.7,0.0,24398.86,139,59.648438,36.309315,986.0
2024-12-03,0.5,35389.43,0.0,0.0,77,1028.3,910.5,6.1,-3.7,30,9.1,0.0,28985.63,243,59.648438,36.309315,986.0
2024-12-04,2.2,35333.24,0.0,0.0,71,1026.2,909.2,9.0,-3.3,25,10.1,0.0,31142.16,228,59.648438,36.309315,986.0
2024-12-05,2.7,35279.73,0.0,0.0,73,1027.6,910.7,10.0,-3.1,27,12.4,0.0,30830.53,227,59.648438,36.309315,986.0
2024-12-06,2.0,35229.0,0.0,0.0,83,1031.4,913.8,6.9,-1.5,66,13.0,0.0,25677.37,162,59.648438,36.309315,986.0
2024-12-07,2.1,35181.12,0.3,0.0,79,1033.8,916.0,7.2,-1.0,73,14.8,0.3,25297.73,149,59.648438,36.309315,986.0
2024-12-08,-1.1,35136.18,0.0,0.0,82,1037.4,917.9,1.9,-4.6,91,11.2,0.0,6933.46,143,59.648438,36.309315,986.0
2024-12-09,-0.8,35094.27,0.0,0.0,73,1029.0,910.6,3.7,-5.2,91,10.7,0.0,10800.0,210,59.648438,36.309315,986.0
2024-12-10,0.8,35055.46,0.0,0.0,74,1032.6,914.4,5.0,-3.3,92,14.1,0.0,18000.0,138,59.648438,36.309315,986.0
2024-12-11,1.3,35019.84,0.0,0.0,59,1030.1,912.4,7.1,-3.4,4,7.9,0.0,30348.52,295,59.648438,36.309315,986.0
2024-12-12,4.6,34987.5,0.0,0.0,37,1018.2,903.1,10.8,-2.3,26,15.1,0.0,30489.19,290,59.648438,36.309315,986.0
2024-12-13,7.1,34958.51,0.1,0.0,45,1012.8,899.3,16.2,1.1,50,8.6,0.1,28639.04,234,59.648438,36.309315,986.0
2024-12-14,5.6,34932.96,0.6,5.11,54,1015.0,900.7,13.2,-2.0,93,24.1,7.9,19471.31,327,59.648438,36.309315,986.0
2024-12-15,-7.3,34910.91,0.0,4.27,90,1041.2,918.7,-2.7,-13.4,91,15.6,6.1,2863.31,153,59.648438,36.309315,986.0
2024-12-16,-8.7,34892.46,0.0,0.0,69,1032.5,910.4,-4.4,-13.7,42,11.1,0.0,27041.4,270,59.648438,36.309315,986.0
2024-12-17,-3.2,34877.68,0.0,0.0,68,1023.1,904.4,0.2,-7.2,70,15.8,0.0,19916.48,279,59.648438,36.309315,986.0
2024-12-18,-4.3,34866.6,0.0,0.0,71,1020.8,901.9,-1.6,-7.9,0,9.3,0.0,30120.91,282,59.648438,36.309315,986.0
2024-12-19,-4.4,34859.07,0.0,0.0,72,1022.6,903.4,0.0,-7.6,9,12.1,0.0,30116.35,279,59.648438,36.309315,986.0
2024-12-20,-3.1,34855.03,0.0,0.0,78,1026.9,907.8,1.6,-7.1,39,11.3,0.0,29790.71,268,59.648438,36.309315,986.0
2024-12-21,-0.9,34854.44,0.0,0.0,82,1023.8,906.0,2.7,-7.0,91,11.1,0.0,24491.5,181,59.648438,36.309315,986.0
2024-12-22,-0.7,34857.29,0.0,0.0,87,1024.4,906.6,3.7,-3.7,32,9.5,0.0,24177.34,295,59.648438,36.309315,986.0
2024-12-23,2.0,34863.54,0.0,0.0,57,1021.6,905.1,10.6,-4.0,0,9.3,0.0,30106.38,292,59.648438,36.309315,986.0
2024-12-24,1.9,34873.15,0.0,0.0,50,1021.9,905.4,8.9,-3.3,59,7.6,0.0,29389.23,285,59.648438,36.309315,986.0
2024-12-25,3.3,34886.11,0.0,0.0,54,1023.4,907.2,10.6,-0.9,49,13.9,0.0,29417.26,287,59.648438,36.309315,986.0
2024-12-26,2.9,34902.35,0.0,0.0,63,1029.0,912.0,10.1,-1.7,2,11.8,0.0,30128.33,289,59.648438,36.309315,986.0
2024-12-27,2.3,34921.86,0.0,0.0,65,1027.1,910.1,9.5,-3.0,13,10.5,0.0,30248.56,278,59.648438,36.309315,986.0
2024-12-28,3.8,34944.6,0.5,0.0,52,1018.7,903.3,10.3,-1.5,20,9.9,0.5,29275.11,275,59.648438,36.309315,986.0
2024-12-29,4.2,34970.52,0.0,0.0,64,1019.2,903.8,11.9,-0.6,8,8.5,0.0,30004.42,308,59.648438,36.309315,986.0
2024-12-30,4.5,34999.59,0.0,0.0,79,1024.3,908.5,9.9,-0.9,59,14.2,0.0,30084.75,188,59.648438,36.309315,986.0
2024-12-31,3.9,35031.75,2.9,0.0,89,1025.8,909.7,5.8,2.3,100,7.0,2.9,0.0,183,59.648438,36.309315,986.0
2025-01-01,2.8,35066.98,0.5,0.0,85,1028.7,911.7,5.3,0.3,97,10.4,0.5,3867.09,133,59.648438,36.309315,986.0
2025-01-02,1.1,35105.23,0.3,0.21,83,1032.0,914.0,4.6,-0.9,92,9.6,0.6,7355.34,170,59.648438,36.309315,986.0
2025-01-03,1.2,35146.45,0.0,0.0,84,1027.6,910.1,4.9,-1.1,100,11.5,0.0,15891.74,119,59.648438,36.309315,986.0
2025-01-04,0.8,35190.6,0.0,0.0,77,1021.5,904.6,6.7,-2.3,43,8.0,0.0,25504.09,263,59.648438,36.309315,986.0
2025-01-05,2.5,35237.63,0.0,0.0,54,1022.9,906.5,9.1,-1.9,1,6.8,0.0,31089.14,285,59.648438,36.309315,986.0
2025-01-06,3.2,35287.5,0.0,0.0,46,1024.5,908.2,7.9,-2.2,53,14.2,0.0,30774.38,276,59.648438,36.309315,986.0
2025-01-07,2.4,35340.27,0.0,0.0,81,1034.9,917.1,6.2,0.4,99,11.8,0.0,15316.39,160,59.648438,36.309315,986.0
2025-01-08,0.9,35396.53,0.0,0.0,83,1036.8,918.1,4.2,-2.5,88,10.3,0.0,10862.62,145,59.648438,36.309315,986.0
2025-01-09,1.0,35456.28,0.0,0.0,79,1030.7,912.8,8.9,-3.3,86,12.3,0.0,28413.09,123,59.648438,36.309315,986.0
2025-01-10,1.2,35519.37,0.0,0.0,66,1028.6,911.0,9.1,-4.2,34,7.1,0.0,30996.74,262,59.648438,36.309315,986.0
2025-01-11,1.6,35585.68,0.0,0.0,39,1023.7,906.8,10.1,-4.7,0,9.0,0.0,31520.71,285,59.648438,36.309315,986.0
2025-01-12,5.3,35655.06,0.0,0.0,39,1019.7,904.7,13.9,-2.0,0,11.7,0.0,31583.42,276,59.648438,36.309315,986.0
2025-01-13,5.1,35727.4,0.0,0.0,53,1022.4,907.0,10.9,-0.6,91,11.5,0.0,23185.73,306,59.648438,36.309315,986.0
2025-01-14,4.1,35802.54,0.0,0.0,68,1025.0,909.0,9.9,-0.4,83,9.0,0.0,23307.14,277,59.648438,36.309315,986.0
2025-01-15,4.9,35880.38,0.0,0.0,62,1024.0,908.4,11.4,-1.0,54,9.4,0.0,30311.17,299,59.648438,36.309315,986.0
2025-01-16,4.1,35960.76,0.0,0.0,72,1021.1,905.5,10.8,-0.6,42,11.5,0.0,31550.26,78,59.648438,36.309315,986.0
2025-01-17,1.1,36043.57,2.0,0.77,94,1023.6,906.5,3.0,-1.3,91,9.7,3.1,0.0,139,59.648438,36.309315,986.0
2025-01-18,1.3,36128.67,0.0,0.0,74,1022.0,905.2,6.3,-3.0,36,8.5,0.0,20807.63,245,59.648438,36.309315,986.0
2025-01-19,1.7,36215.94,0.0,0.0,63,1016.7,900.7,8.7,-3.4,70,8.7,0.0,30833.24,342,59.648438,36.309315,986.0
2025-01-20,4.5,36305.26,0.0,0.0,60,1016.9,902.0,11.2,-1.5,55,12.8,0.0,32015.67,313,59.648438,36.309315,986.0
2025-01-21,2.0,36396.5,1.6,0.14,77,1025.6,908.7,4.1,-0.8,79,16.2,1.8,727.98,326,59.648438,36.309315,986.0
2025-01-22,1.0,36489.54,0.0,0.0,66,1034.2,915.9,6.7,-3.1,21,11.1,0.0,32257.81,326,59.648438,36.309315,986.0
2025-01-23,0.5,36584.25,0.0,0.0,83,1036.3,917.5,4.9,-2.3,70,10.7,0.0,18801.76,171,59.648438,36.309315,986.0
2025-01-24,1.6,36680.52,0.0,0.0,56,1026.1,908.9,9.3,-4.0,57,9.9,0.0,26931.88,275,59.648438,36.309315,986.0
2025-01-25,4.4,36778.24,0.0,0.0,48,1022.0,906.4,13.2,-1.5,49,9.4,0.0,32913.52,235,59.648438,36.309315,986.0
2025-01-26,3.0,36877.29,0.0,0.0,75,1027.8,911.0,9.8,-2.5,3,12.7,0.0,32872.94,166,59.648438,36.309315,986.0
2025-01-27,1.4,36977.74,0.0,0.0,79,1027.8,910.4,5.9,-3.5,96,12.1,0.0,12876.65,161,59.648438,36.309315,986.0
2025-01-28,0.8,37080.65,0.0,1.19,80,1027.0,909.4,3.2,-0.9,99,12.3,1.7,8976.54,145,59.648438,36.309315,986.0
2025-01-29,1.7,37186.05,0.0,0.0,72,1031.2,913.5,6.9,-0.9,48,14.2,0.0,32240.77,123,59.648438,36.309315,986.0
2025-01-30,1.4,37293.79,0.0,0.0,69,1032.2,914.3,6.3,-2.4,61,12.9,0.0,32424.47,141,59.648438,36.309315,986.0
2025-01-31,1.0,37403.7,0.0,0.0,71,1032.0,914.0,7.1,-3.2,17,12.4,0.0,32732.73,125,59.648438,36.309315,986.0
2025-02-01,1.4,37515.64,0.0,0.0,68,1027.9,910.4,9.1,-4.4,18,13.2,0.0,33004.54,162,59.648438,36.309315,986.0
2025-02-02,1.4,37629.48,0.0,0.0,70,1025.4,908.2,7.9,-4.0,47,12.4,0.0,33517.49,163,59.648438,36.309315,986.0
2025-02-03,1.2,37745.04,0.0,0.0,73,1022.9,906.0,7.4,-3.2,36,13.4,0.0,32738.24,186,59.648438,36.309315,986.0
2025-02-04,2.2,37862.21,0.0,0.0,59,1020.6,904.3,9.4,-4.2,5,9.2,0.0,34059.49,290,59.648438,36.309315,986.0
2025-02-05,4.2,37980.82,0.0,0.0,44,1020.1,904.7,12.2,-2.5,25,8.0,0.0,34206.73,294,59.648438,36.309315,986.0
2025-02-06,5.2,38100.75,0.3,0.0,61,1015.0,900.6,12.3,-2.5,76,9.9,0.3,33809.04,241,59.648438,36.309315,986.0
2025-02-07,6.8,38221.86,1.9,0.28,66,1013.4,899.7,15.6,1.4,57,17.5,2.3,34232.54,184,59.648438,36.309315,986.0
2025-02-08,2.0,38344.03,1.5,1.61,82,1023.2,906.5,5.2,-0.4,97,16.6,3.8,655.79,259,59.648438,36.309315,986.0
2025-02-09,-2.3,38467.1,0.6,6.44,92,1024.6,906.0,-0.4,-4.3,100,11.3,9.8,0.0,148,59.648438,36.309315,986.0
2025-02-10,-5.7,38590.96,0.1,0.28,86,1029.0,908.5,-2.0,-10.4,75,10.6,0.4,28006.98,245,59.648438,36.309315,986.0
2025-02-11,-7.0,38715.49,0.0,0.0,80,1030.5,909.4,-1.2,-11.6,25,10.1,0.0,32400.0,263,59.648438,36.309315,986.0
2025-02-12,-5.2,38840.55,0.0,0.0,77,1029.6,909.3,1.0,-9.8,22,9.3,0.0,34898.39,262,59.648438,36.309315,986.0
2025-02-13,-2.0,38966.04,0.0,0.07,74,1025.6,907.0,2.7,-6.3,84,8.9,0.1,28768.02,247,59.648438,36.309315,986.0
2025-02-14,0.1,39091.81,0.0,0.0,77,1021.2,904.1,6.4,-4.9,19,10.6,0.0,34746.62,278,59.648438,36.309315,986.0
2025-02-15,1.8,39217.77,0.5,0.0,82,1020.6,904.2,7.1,-3.4,63,18.5,0.5,30228.91,279,59.648438,36.309315,986.0
2025-02-16,3.3,39343.99,0.1,0.0,80,1023.4,907.2,9.4,-1.0,62,11.3,0.1,31460.32,219,59.648438,36.309315,986.0
2025-02-17,4.0,39471.61,4.1,0.0,80,1018.7,903.3,9.6,-1.8,92,21.1,4.1,25898.38,289,59.648438,36.309315,986.0
2025-02-18,4.8,39600.69,0.8,1.47,76,1021.3,906.0,9.1,1.9,77,20.9,2.9,21600.0,267,59.648438,36.309315,986.0
2025-02-19,5.2,39731.11,0.0,0.0,74,1021.6,906.4,11.2,-0.3,28,9.7,0.0,34125.11,268,59.648438,36.309315,986.0
2025-02-20,6.2,39862.76,0.0,0.0,63,1016.5,902.2,13.6,-1.4,70,8.5,0.0,32947.43,293,59.648438,36.309315,986.0
2025-02-21,8.0,39995.51,0.0,0.0,65,1013.4,900.2,16.4,1.5,15,9.5,0.0,35678.65,337,59.648438,36.309315,986.0
2025-02-22,5.8,40129.24,0.2,0.0,82,1018.4,903.8,11.9,0.4,79,20.8,0.2,31987.78,147,59.648438,36.309315,986.0
2025-02-23,3.8,40263.83,0.4,0.0,88,1014.9,899.9,13.4,-1.2,84,19.7,0.4,22861.12,138,59.648438,36.309315,986.0
2025-02-24,1.0,40399.17,0.4,0.42,91,1015.8,899.6,9.1,-2.3,92,19.9,1.0,21127.18,149,59.648438,36.309315,986.0
2025-02-25,-2.5,40535.16,0.2,5.11,89,1021.6,903.3,-0.7,-6.8,97,17.4,7.5,0.0,144,59.648438,36.309315,986.0
2025-02-26,-4.7,40671.66,0.0,0.0,67,1024.0,904.6,-0.2,-7.4,41,11.4,0.0,32961.12,281,59.648438,36.309315,986.0
2025-02-27,-2.2,40808.59,0.0,0.0,67,1020.9,902.8,3.7,-9.1,17,14.4,0.0,36678.86,280,59.648438,36.309315,986.0
2025-02-28,0.8,40945.82,0.0,0.0,68,1022.3,905.3,6.0,-3.4,48,12.3,0.0,36437.15,245,59.648438,36.309315,986.0
2025-03-01,1.2,41083.25,0.1,0.0,73,1021.0,904.3,9.1,-5.1,60,14.6,0.1,36644.12,165,59.648438,36.309315,986.0
2025-03-02,-4.3,41220.77,0.1,3.01,87,1026.7,907.1,-1.8,-8.4,85,14.8,4.4,0.0,152,59.648438,36.309315,986.0
2025-03-03,-4.1,41358.29,0.0,0.0,61,1029.7,909.9,2.3,-8.9,6,8.9,0.0,37185.7,302,59.648438,36.309315,986.0
2025-03-04,1.2,41495.7,0.0,0.0,46,1025.6,908.3,8.8,-7.2,66,10.0,0.0,36931.77,276,59.648438,36.309315,986.0
2025-03-05,4.4,41632.88,0.0,0.0,60,1023.3,907.6,10.8,-1.5,80,8.9,0.0,22598.48,227,59.648438,36.309315,986.0
2025-03-06,7.2,41769.75,0.0,0.0,62,1020.8,906.4,15.1,-0.3,70,12.6,0.0,36131.41,281,59.648438,36.309315,986.0
2025-03-07,9.0,41906.2,0.0,0.0,58,1023.7,909.7,17.5,2.0,48,13.2,0.0,36930.62,299,59.648438,36.309315,986.0
2025-03-08,10.3,42042.32,0.5,0.0,59,1017.9,905.0,17.3,2.0,91,13.3,0.5,29627.28,182,59.648438,36.309315,986.0
2025-03-09,8.1,42179.13,6.7,0.0,84,1019.7,905.8,11.1,5.9,100,12.7,6.7,3749.97,157,59.648438,36.309315,986.0
2025-03-10,8.7,42316.75,0.7,0.0,85,1021.5,907.6,13.0,5.6,96,13.3,0.7,16042.42,166,59.648438,36.309315,986.0
2025-03-11,10.0,42455.06,0.8,0.0,85,1021.5,908.1,14.2,7.9,99,13.8,0.8,6710.09,157,59.648438,36.309315,986.0
2025-03-12,10.2,42593.99,0.0,0.0,76,1022.0,908.7,14.5,4.9,73,11.0,0.0,22908.89,135,59.648438,36.309315,986.0
2025-03-13,9.3,42733.43,0.0,0.0,69,1022.8,909.0,16.2,3.3,31,13.3,0.0,34325.5,161,59.648438,36.309315,986.0
2025-03-14,9.8,42873.3,0.0,0.0,54,1023.6,909.9,18.4,2.3,0,10.7,0.0,38369.82,182,59.648438,36.309315,986.0
2025-03-15,11.7,43013.49,0.0,0.0,36,1022.5,909.6,21.3,2.0,0,12.8,0.0,38553.5,191,59.648438,36.309315,986.0
2025-03-16,13.4,43153.93,0.0,0.0,34,1021.1,909.0,22.5,4.8,8,14.0,0.0,38653.13,205,59.648438,36.309315,986.0
2025-03-17,14.6,43294.52,0.0,0.0,31,1015.6,904.5,24.1,4.4,0,11.3,0.0,38954.41,303,59.648438,36.309315,986.0
2025-03-18,15.4,43435.17,0.0,0.0,30,1011.9,901.5,24.9,6.5,0,8.9,0.0,39110.27,320,59.648438,36.309315,986.0
2025-03-19,17.0,43575.79,0.0,0.0,25,1012.5,902.6,27.1,7.8,2,11.8,0.0,38832.56,311,59.648438,36.309315,986.0
2025-03-20,18.8,43716.28,0.0,0.0,26,1015.0,905.4,29.1,9.6,50,11.1,0.0,38677.38,343,59.648438,36.309315,986.0
2025-03-21,16.2,43856.57,0.1,0.0,51,1017.7,907.0,23.5,10.6,74,15.7,0.1,30983.55,148,59.648438,36.309315,986.0
2025-03-22,17.9,43996.54,0.0,0.0,54,1013.3,903.7,27.0,9.1,49,10.0,0.0,39421.71,181,59.648438,36.309315,986.0
2025-03-23,13.9,44136.13,15.7,0.0,74,1015.9,904.5,21.1,8.6,88,18.7,15.7,25482.29,108,59.648438,36.309315,986.0
2025-03-24,4.6,44275.23,14.6,0.0,94,1024.8,909.0,8.2,2.2,100,15.4,14.6,0.0,152,59.648438,36.309315,986.0
2025-03-25,3.5,44413.75,3.5,0.07,84,1024.8,908.5,6.4,1.7,96,10.8,3.6,8635.59,143,59.648438,36.309315,986.0
2025-03-26,3.1,44551.61,3.6,1.19,84,1022.9,906.7,7.0,1.1,93,12.2,5.3,18356.71,325,59.648438,36.309315,986.0
2025-03-27,4.5,44688.69,0.1,0.07,69,1021.6,906.1,10.4,-1.2,17,9.6,0.2,40021.9,304,59.648438,36.309315,986.0
2025-03-28,8.0,44825.09,0.0,0.0,61,1019.4,905.5,15.4,-0.2,13,11.6,0.0,40495.68,280,59.648438,36.309315,986.0
2025-03-29,11.7,44961.76,0.0,0.0,66,1017.6,905.3,19.8,3.0,6,11.4,0.0,40690.55,232,59.648438,36.309315,986.0
2025-03-30,13.8,45098.79,0.0,0.0,71,1018.5,906.8,21.9,5.3,3,11.3,0.0,41185.33,188,59.648438,36.309315,986.0
2025-03-31,16.7,45236.11,0.0,0.0,56,1015.1,904.8,25.5,8.8,23,10.3,0.0,41391.09,287,59.648438,36.309315,986.0
2025-04-01,17.5,45373.61,2.1,0.0,50,1016.1,906.0,26.1,9.9,60,14.4,2.1,33479.93,304,59.648438,36.309315,986.0
2025-04-02,16.2,45511.23,0.0,0.0,59,1016.7,906.1,23.5,9.4,38,12.2,0.0,38863.36,114,59.648438,36.309315,986.0
2025-04-03,18.8,45648.85,0.0,0.0,58,1010.0,901.0,29.3,8.3,80,15.8,0.0,37316.98,299,59.648438,36.309315,986.0
2025-04-04,19.4,45786.41,0.0,0.0,53,1013.5,904.4,27.8,13.1,88,11.5,0.0,38272.03,113,59.648438,36.309315,986.0
2025-04-05,18.5,45923.82,0.0,0.0,57,1014.2,904.7,25.2,11.6,48,11.1,0.0,41872.19,129,59.648438,36.309315,986.0
2025-04-06,21.3,46060.99,0.0,0.0,45,1012.7,904.3,30.1,13.2,87,10.9,0.0,40987.96,316,59.648438,36.309315,986.0
2025-04-07,18.9,46197.82,0.0,0.0,55,1017.2,907.5,24.8,13.1,98,9.2,0.0,11500.59,149,59.648438,36.309315,986.0
2025-04-08,15.3,46334.21,8.2,0.0,83,1017.1,906.2,20.0,10.4,68,13.6,8.2,15006.75,301,59.648438,36.309315,986.0
2025-04-09,17.2,46470.09,0.0,0.0,68,1016.3,906.1,24.9,9.2,25,11.9,0.0,42381.86,216,59.648438,36.309315,986.0
2025-04-10,18.9,46605.36,0.0,0.0,57,1009.7,900.8,27.9,10.7,3,9.7,0.0,43200.0,305,59.648438,36.309315,986.0
2025-04-11,20.7,46739.91,0.0,0.0,48,1005.3,897.5,30.2,11.8,69,14.6,0.0,39903.04,168,59.648438,36.309315,986.0
2025-04-12,20.3,46873.67,0.3,0.0,56,1007.0,898.8,26.8,14.1,50,13.0,0.3,38914.55,128,59.648438,36.309315,986.0
2025-04-13,19.2,47006.5,5.5,0.0,59,1014.2,904.9,24.6,14.6,27,11.1,5.5,41724.96,120,59.648438,36.309315,986.0
2025-04-14,21.2,47138.34,0.0,0.0,53,1017.0,908.1,26.9,13.9,49,14.4,0.0,43200.0,142,59.648438,36.309315,986.0
2025-04-15,19.5,47269.07,5.2,0.0,65,1014.5,905.3,27.2,13.6,48,15.2,5.2,30562.25,92,59.648438,36.309315,986.0
2025-04-16,18.7,47398.58,1.7,0.0,65,1009.9,900.9,25.9,12.0,51,19.2,1.7,42583.89,140,59.648438,36.309315,986.0
2025-04-17,10.9,47526.95,6.3,0.0,76,1016.9,904.4,13.9,7.6,100,18.3,6.3,736.37,41,59.648438,36.309315,986.0
2025-04-18,8.2,47655.08,8.1,0.0,79,1021.2,907.2,12.5,5.7,97,18.2,8.1,5359.57,315,59.648438,36.309315,986.0
2025-04-19,8.7,47783.09,0.9,0.0,73,1022.7,908.7,13.2,4.3,49,7.3,0.9,31611.68,154,59.648438,36.309315,986.0
2025-04-20,10.3,47910.84,0.0,0.0,62,1021.0,907.8,17.0,3.6,3,16.6,0.0,43200.0,157,59.648438,36.309315,986.0
2025-04-21,12.4,48038.28,0.0,0.0,63,1020.5,908.1,19.5,4.7,6,13.6,0.0,43200.0,144,59.648438,36.309315,986.0
2025-04-22,16.1,48165.3,0.0,0.0,55,1018.7,907.9,24.3,6.8,18,11.2,0.0,43200.0,285,59.648438,36.309315,986.0
2025-04-23,17.7,48291.8,0.5,0.0,52,1016.0,906.0,26.0,9.4,22,11.7,0.5,39550.4,317,59.648438,36.309315,986.0
2025-04-24,20.2,48417.68,0.0,0.0,46,1010.8,902.2,28.5,10.9,48,17.2,0.0,43200.0,306,59.648438,36.309315,986.0
2025-04-25,22.8,48542.84,0.0,0.0,37,1010.4,902.7,31.1,13.8,2,14.0,0.0,43200.0,328,59.648438,36.309315,986.0
2025-04-26,23.9,48667.19,0.0,0.0,37,1010.2,903.0,32.5,14.2,18,14.1,0.0,43200.0,323,59.648438,36.309315,986.0
2025-04-27,25.3,48790.62,0.0,0.0,35,1011.0,904.1,35.1,16.0,81,18.0,0.0,38305.98,316,59.648438,36.309315,986.0
2025-04-28,24.0,48913.01,0.1,0.0,42,1013.1,905.6,32.2,17.0,82,11.2,0.1,25737.54,324,59.648438,36.309315,986.0
2025-04-29,18.1,49034.27,0.0,0.0,59,1019.0,908.9,24.8,10.7,62,15.1,0.0,39807.17,127,59.648438,36.309315,986.0
2025-04-30,15.3,49154.29,0.0,0.0,57,1019.4,908.2,21.7,9.8,48,16.0,0.0,40845.1,138,59.648438,36.309315,986.0
2025-05-01,17.4,49272.94,0.0,0.0,50,1019.4,909.0,23.6,10.8,69,14.9,0.0,34877.02,131,59.648438,36.309315,986.0
2025-05-02,19.1,49390.11,0.0,0.0,45,1018.3,908.6,26.3,11.6,5,14.0,0.0,43200.0,112,59.648438,36.309315,986.0
2025-05-03,22.1,49505.7,0.0,0.0,33,1013.6,905.4,29.7,12.6,0,13.2,0.0,43200.0,65,59.648438,36.309315,986.0
2025-05-04,22.6,49619.58,0.0,0.0,29,1013.5,905.4,30.7,12.6,0,14.8,0.0,43200.0,134,59.648438,36.309315,986.0
2025-05-05,23.3,49731.63,0.0,0.0,22,1011.0,903.5,31.9,13.6,0,12.8,0.0,43200.0,97,59.648438,36.309315,986.0
2025-05-06,25.5,49841.72,0.0,0.0,17,1005.2,899.0,34.5,14.4,33,20.5,0.0,43268.67,349,59.648438,36.309315,986.0
2025-05-07,21.2,49949.89,0.8,0.0,54,1009.2,901.2,27.6,15.3,53,19.3,0.8,39913.98,3,59.648438,36.309315,986.0
2025-05-08,17.9,50056.99,0.2,0.0,60,1014.1,904.4,23.1,13.4,45,12.1,0.2,26328.43,353,59.648438,36.309315,986.0
2025-05-09,20.3,50163.09,0.0,0.0,44,1016.2,907.0,26.8,12.6,5,10.1,0.0,43239.27,75,59.648438,36.309315,986.0
2025-05-10,21.8,50268.09,0.0,0.0,33,1016.2,907.6,28.5,12.9,9,15.0,0.0,43361.08,53,59.648438,36.309315,986.0
2025-05-11,22.5,50371.89,0.0,0.0,29,1013.6,905.5,29.4,14.1,10,12.2,0.0,43352.98,114,59.648438,36.309315,986.0
2025-05-12,24.4,50474.41,0.0,0.0,24,1009.6,902.6,31.5,14.9,1,12.8,0.0,43540.44,31,59.648438,36.309315,986.0
2025-05-13,25.3,50575.52,0.0,0.0,21,1007.6,901.1,33.0,15.4,10,15.4,0.0,43662.81,87,59.648438,36.309315,986.0
2025-05-14,28.2,50675.15,0.0,0.0,19,1005.6,900.2,38.2,17.0,16,13.0,0.0,43606.27,308,59.648438,36.309315,986.0
2025-05-15,26.9,50773.17,0.0,0.0,32,1009.9,903.8,34.3,19.5,20,17.0,0.0,43635.64,122,59.648438,36.309315,986.0
2025-05-16,25.4,50869.49,0.0,0.0,43,1011.7,904.8,33.7,18.3,30,20.8,0.0,42988.55,116,59.648438,36.309315,986.0
2025-05-17,20.9,50964.0,0.0,0.0,51,1017.7,908.6,25.5,16.9,66,16.9,0.0,25657.72,135,59.648438,36.309315,986.0
2025-05-18,21.1,51056.59,0.0,0.0,40,1016.9,908.0,27.1,15.1,2,16.2,0.0,43868.18,124,59.648438,36.309315,986.0
2025-05-19,24.8,51147.14,0.0,0.0,32,1012.2,905.1,33.5,14.4,0,16.6,0.0,44149.68,81,59.648438,36.309315,986.0
2025-05-20,26.9,51235.57,0.0,0.0,24,1011.7,905.3,35.0,17.2,2,17.9,0.0,44141.12,99,59.648438,36.309315,986.0
2025-05-21,27.8,51321.73,0.0,0.0,25,1010.4,904.4,37.0,18.9,5,17.5,0.0,44423.38,122,59.648438,36.309315,986.0
2025-05-22,24.8,51405.53,0.0,0.0,38,1014.3,907.0,31.9,18.0,20,18.4,0.0,43866.78,105,59.648438,36.309315,986.0
2025-05-23,22.4,51486.84,0.0,0.0,37,1015.4,907.1,27.4,17.1,8,18.0,0.0,43963.64,107,59.648438,36.309315,986.0
2025-05-24,21.8,51565.56,0.0,0.0,25,1010.7,902.8,27.5,16.1,47,16.1,0.0,30197.12,127,59.648438,36.309315,986.0
2025-05-25,22.2,51641.56,0.0,0.0,27,1011.0,903.1,28.1,15.6,38,18.6,0.0,44846.67,88,59.648438,36.309315,986.0
2025-05-26,20.6,51714.72,0.6,0.0,40,1014.1,905.3,26.5,15.7,54,16.6,0.6,42812.62,101,59.648438,36.309315,986.0
2025-05-27,20.2,51785.05,0.0,0.0,36,1013.5,904.7,25.3,14.1,22,21.2,0.0,44545.44,79,59.648438,36.309315,986.0
2025-05-28,21.2,51853.13,0.0,0.0,31,1012.6,904.2,27.2,13.7,2,15.8,0.0,44841.08,104,59.648438,36.309315,986.0
2025-05-29,21.8,51919.02,0.0,0.0,23,1010.0,902.0,28.8,15.3,2,19.4,0.0,45139.3,116,59.648438,36.309315,986.0
2025-05-30,22.1,51982.64,0.0,0.0,20,1010.2,902.4,28.5,14.4,0,15.2,0.0,45606.41,91,59.648438,36.309315,986.0
2025-05-31,23.7,52043.95,0.0,0.0,21,1013.3,905.6,30.3,14.9,0,18.7,0.0,45607.45,65,59.648438,36.309315,986.0
2025-06-01,24.6,52102.86,0.0,0.0,19,1015.2,907.7,31.8,15.6,0,18.5,0.0,45608.24,80,59.648438,36.309315,986.0
2025-06-02,25.1,52159.32,0.0,0.0,17,1011.7,904.7,32.3,16.0,0,16.8,0.0,45925.16,82,59.648438,36.309315,986.0
2025-06-03,25.7,52213.27,0.0,0.0,13,1007.0,900.7,33.2,15.9,0,13.8,0.0,46403.43,104,59.648438,36.309315,986.0
2025-06-04,25.5,52264.62,0.0,0.0,25,1005.0,898.8,33.1,17.1,0,18.7,0.0,46088.54,76,59.648438,36.309315,986.0
2025-06-05,22.2,52313.33,0.6,0.0,40,1009.4,901.7,29.3,16.6,35,19.3,0.6,44647.45,31,59.648438,36.309315,986.0
2025-06-06,18.5,52359.32,2.9,0.0,52,1014.9,905.3,24.0,14.9,46,16.3,2.9,36419.61,11,59.648438,36.309315,986.0
2025-06-07,20.4,52402.54,0.0,0.0,48,1015.4,906.4,25.7,14.2,24,16.0,0.0,44798.59,103,59.648438,36.309315,986.0
2025-06-08,17.1,52442.92,1.0,0.0,68,1016.6,906.4,21.3,12.8,75,9.9,1.0,21658.04,205,59.648438,36.309315,986.0
2025-06-09,18.6,52480.39,0.0,0.0,66,1015.0,905.4,24.8,11.9,14,16.3,0.0,45446.39,108,59.648438,36.309315,986.0
2025-06-10,20.3,52514.9,0.0,0.0,60,1012.8,904.0,26.2,14.2,40,9.2,0.0,41908.41,296,59.648438,36.309315,986.0
2025-06-11,20.8,52546.38,2.0,0.0,58,1014.2,905.5,29.4,15.1,29,20.2,2.0,41246.06,327,59.648438,36.309315,986.0
2025-06-12,22.5,52574.78,0.0,0.0,51,1014.1,906.0,29.2,14.9,6,15.1,0.0,45771.91,67,59.648438,36.309315,986.0
2025-06-13,25.2,52600.03,0.0,0.0,33,1013.3,906.2,32.0,16.4,5,17.1,0.0,45604.96,16,59.648438,36.309315,986.0
2025-06-14,25.9,52622.06,0.0,0.0,24,1011.3,904.6,31.5,17.3,0,18.3,0.0,46435.49,19,59.648438,36.309315,986.0
2025-06-15,27.1,52640.84,0.0,0.0,20,1007.5,901.6,33.8,18.2,0,17.0,0.0,46772.55,18,59.648438,36.309315,986.0
2025-06-16,28.0,52656.32,0.0,0.0,18,1005.0,899.7,35.5,18.8,0,13.7,0.0,47104.65,36,59.648438,36.309315,986.0
2025-06-17,28.8,52668.63,0.0,0.0,22,1004.7,899.7,36.7,18.9,0,16.5,0.0,46937.8,99,59.648438,36.309315,986.0
2025-06-18,26.7,52677.79,0.0,0.0,37,1007.7,901.7,33.8,20.3,0,17.5,0.0,46777.54,98,59.648438,36.309315,986.0
2025-06-19,25.3,52683.82,0.0,0.0,38,1010.6,903.8,30.1,20.0,6,17.9,0.0,46116.93,96,59.648438,36.309315,986.0
2025-06-20,25.3,52686.74,0.0,0.0,31,1011.8,904.9,30.4,19.4,3,15.8,0.0,46135.66,86,59.648438,36.309315,986.0
2025-06-21,26.6,52686.56,0.0,0.0,22,1008.5,902.3,33.5,19.0,0,14.6,0.0,46950.12,99,59.648438,36.309315,986.0
2025-06-22,28.7,52683.33,0.0,0.0,18,1007.8,902.4,35.7,19.0,0,18.5,0.0,46790.37,80,59.648438,36.309315,986.0
2025-06-23,28.3,52677.03,0.0,0.0,24,1006.5,901.2,35.3,20.6,0,16.7,0.0,46961.68,97,59.648438,36.309315,986.0
2025-06-24,28.3,52667.71,0.0,0.0,28,1005.1,899.8,36.0,20.1,0,17.5,0.0,46962.11,53,59.648438,36.309315,986.0
2025-06-25,24.7,52655.39,0.0,0.0,39,1010.6,903.6,31.6,18.8,0,22.8,0.0,46632.31,71,59.648438,36.309315,986.0
2025-06-26,23.8,52640.09,0.0,0.0,30,1012.8,905.2,29.0,18.3,0,15.7,0.0,46632.51,116,59.648438,36.309315,986.0
2025-06-27,25.1,52621.84,0.0,0.0,26,1009.0,902.3,32.0,17.6,0,15.6,0.0,46975.03,115,59.648438,36.309315,986.0
2025-06-28,25.8,52600.66,0.0,0.0,23,1008.6,902.1,32.6,17.3,0,20.7,0.0,47131.59,64,59.648438,36.309315,986.0
2025-06-29,26.2,52576.59,0.0,0.0,20,1004.5,898.6,32.4,19.6,0,14.0,0.0,47130.17,112,59.648438,36.309315,986.0
2025-06-30,28.1,52549.66,0.0,0.0,16,1002.4,897.4,35.8,18.9,0,16.9,0.0,46972.9,112,59.648438,36.309315,986.0
2025-07-01,30.4,52519.89,0.0,0.0,14,1002.7,898.4,38.7,20.8,0,19.3,0.0,46971.39,97,59.648438,36.309315,986.0
2025-07-02,30.8,52487.32,0.0,0.0,21,1003.9,899.6,38.0,22.6,0,17.3,0.0,46644.58,109,59.648438,36.309315,986.0
2025-07-03,31.1,52451.98,0.0,0.0,24,1003.6,899.4,38.4,23.3,0,17.1,0.0,46814.06,107,59.648438,36.309315,986.0
2025-07-04,31.1,52413.91,0.0,0.0,22,1004.3,900.1,38.0,22.7,0,18.2,0.0,46812.1,42,59.648438,36.309315,986.0
2025-07-05,30.2,52373.14,0.0,0.0,23,1004.7,900.1,36.6,23.4,0,18.1,0.0,46658.48,90,59.648438,36.309315,986.0
2025-07-06,29.4,52329.61,0.0,0.0,21,1004.1,899.3,36.2,22.9,0,20.7,0.0,46806.88,106,59.648438,36.309315,986.0
2025-07-07,28.5,52282.93,0.0,0.0,22,1005.7,900.5,34.5,21.9,12,23.4,0.0,46484.73,53,59.648438,36.309315,986.0
2025-07-08,28.3,52233.1,0.0,0.0,27,1006.8,901.4,33.5,22.8,18,17.9,0.0,40293.68,58,59.648438,36.309315,986.0
2025-07-09,28.7,52180.21,0.0,0.0,28,1006.8,901.5,32.7,23.2,35,18.2,0.0,37432.26,49,59.648438,36.309315,986.0
2025-07-10,27.6,52124.38,0.0,0.0,20,1009.1,903.2,32.5,21.6,13,17.3,0.0,46016.48,102,59.648438,36.309315,986.0
2025-07-11,26.1,52065.69,0.0,0.0,18,1010.9,904.3,31.9,19.5,1,17.0,0.0,46328.31,104,59.648438,36.309315,986.0
2025-07-12,26.1,52004.24,0.0,0.0,19,1010.2,903.7,33.2,17.8,0,21.7,0.0,46158.64,54,59.648438,36.309315,986.0
2025-07-13,27.0,51940.14,0.0,0.0,20,1009.8,903.6,33.0,19.1,0,21.4,0.0,46013.76,3,59.648438,36.309315,986.0
2025-07-14,28.3,51873.48,0.0,0.0,21,1008.1,902.5,34.0,22.2,19,21.7,0.0,40004.18,358,59.648438,36.309315,986.0
2025-07-15,27.6,51804.35,0.0,0.0,27,1007.1,901.5,32.9,21.0,15,20.0,0.0,44551.89,355,59.648438,36.309315,986.0
2025-07-16,28.8,51732.86,0.0,0.0,21,1006.7,901.5,35.6,20.6,0,16.1,0.0,45705.32,55,59.648438,36.309315,986.0
2025-07-17,29.8,51659.1,0.0,0.0,17,1006.7,901.8,36.7,21.2,0,16.1,0.0,45867.84,26,59.648438,36.309315,986.0
2025-07-18,30.8,51583.16,0.0,0.0,16,1007.5,902.8,37.5,21.9,0,20.6,0.0,45703.54,10,59.648438,36.309315,986.0
2025-07-19,31.1,51505.15,0.0,0.0,21,1007.3,902.7,37.2,23.0,1,20.7,0.0,45406.87,10,59.648438,36.309315,986.0
2025-07-20,29.6,51425.16,0.0,0.0,22,1006.1,901.2,36.2,22.1,0,22.0,0.0,45407.34,39,59.648438,36.309315,986.0
2025-07-21,27.9,51343.27,0.0,0.0,17,1007.0,901.4,34.7,20.6,0,18.0,0.0,45566.71,92,59.648438,36.309315,986.0
2025-07-22,28.7,51259.58,0.0,0.0,17,1005.4,900.2,36.3,19.2,0,18.8,0.0,45406.82,28,59.648438,36.309315,986.0
2025-07-23,28.6,51174.18,0.0,0.0,12,1004.0,898.9,36.4,20.4,0,21.0,0.0,45562.91,352,59.648438,36.309315,986.0
2025-07-24,30.1,51087.18,0.0,0.0,13,1003.4,898.9,36.8,21.9,0,20.9,0.0,45122.65,7,59.648438,36.309315,986.0
2025-07-25,30.3,50998.63,0.0,0.0,17,1004.2,899.7,36.8,23.4,0,19.2,0.0,44968.57,19,59.648438,36.309315,986.0
2025-07-26,30.0,50908.5,0.0,0.0,26,1007.0,902.1,36.0,23.0,6,21.7,0.0,44387.63,40,59.648438,36.309315,986.0
2025-07-27,27.4,50816.02,0.0,0.0,35,1008.7,902.8,33.0,22.5,13,18.4,0.0,44452.39,110,59.648438,36.309315,986.0
2025-07-28,28.2,50721.18,0.0,0.0,29,1006.3,900.9,34.5,20.9,0,17.3,0.0,44450.93,91,59.648438,36.309315,986.0
2025-07-29,29.4,50624.11,0.0,0.0,24,1005.1,900.2,36.4,21.3,6,17.1,0.0,43405.21,69,59.648438,36.309315,986.0
2025-07-30,30.3,50524.9,0.0,0.0,24,1005.5,900.8,38.8,22.0,12,21.2,0.0,40108.72,36,59.648438,36.309315,986.0
2025-07-31,28.7,50423.71,0.0,0.0,27,1007.0,901.7,36.2,22.8,8,21.4,0.0,44152.54,63,59.648438,36.309315,986.0
2025-08-01,27.9,50320.63,0.0,0.0,23,1008.4,902.7,35.0,21.0,0,22.6,0.0,44297.09,105,59.648438,36.309315,986.0
2025-08-02,26.6,50215.8,0.0,0.0,24,1010.5,904.1,33.8,20.1,0,20.9,0.0,44152.83,114,59.648438,36.309315,986.0
2025-08-03,26.4,50109.32,0.0,0.0,27,1010.7,904.2,32.2,19.1,0,15.5,0.0,44011.8,97,59.648438,36.309315,986.0
2025-08-04,27.2,50001.3,0.0,0.0,27,1011.0,904.7,33.5,18.9,0,18.7,0.0,43874.14,86,59.648438,36.309315,986.0
2025-08-05,27.3,49891.86,0.0,0.0,25,1010.6,904.5,33.2,20.3,0,17.6,0.0,43876.63,55,59.648438,36.309315,986.0
2025-08-06,26.7,49781.11,0.0,0.0,16,1010.0,903.8,33.8,19.9,0,21.4,0.0,43878.66,67,59.648438,36.309315,986.0
2025-08-07,26.8,49669.16,0.0,0.0,14,1009.7,903.5,34.4,18.2,0,19.9,0.0,43747.9,52,59.648438,36.309315,986.0
2025-08-08,27.2,49556.1,0.0,0.0,17,1010.5,904.3,34.2,19.0,0,19.6,0.0,43751.09,48,59.648438,36.309315,986.0
2025-08-09,27.5,49442.04,0.0,0.0,22,1012.3,906.0,33.7,19.6,0,19.1,0.0,43626.09,31,59.648438,36.309315,986.0
2025-08-10,29.1,49327.1,0.0,0.0,23,1011.4,905.8,35.0,20.4,0,19.6,0.0,43505.4,27,59.648438,36.309315,986.0
2025-08-11,29.9,49211.35,0.0,0.0,25,1011.2,905.9,35.8,22.6,3,19.7,0.0,43266.6,28,59.648438,36.309315,986.0
2025-08-12,28.6,49094.9,0.0,0.0,28,1011.5,905.7,34.7,22.4,0,16.8,0.0,43397.73,97,59.648438,36.309315,986.0
2025-08-13,27.5,48977.86,0.0,0.0,25,1011.8,905.6,34.7,20.4,0,21.3,0.0,43288.52,71,59.648438,36.309315,986.0
2025-08-14,26.7,48860.29,0.0,0.0,32,1013.2,906.6,32.2,21.2,1,18.3,0.0,43200.0,63,59.648438,36.309315,986.0
2025-08-15,25.7,48742.15,0.0,0.0,32,1011.4,904.7,30.8,20.2,0,16.9,0.0,43200.0,90,59.648438,36.309315,986.0
2025-08-16,26.1,48622.56,0.0,0.0,30,1009.7,903.2,32.5,18.5,6,17.7,0.0,43200.0,90,59.648438,36.309315,986.0
2025-08-17,25.0,48501.46,0.0,0.0,29,1012.1,905.0,31.0,18.9,7,17.6,0.0,43200.0,102,59.648438,36.309315,986.0
2025-08-18,23.9,48378.96,0.0,0.0,28,1013.1,905.6,29.8,17.6,0,14.5,0.0,43200.0,103,59.648438,36.309315,986.0
2025-08-19,24.5,48255.17,0.0,0.0,21,1009.5,902.5,32.2,15.4,0,15.2,0.0,43200.0,126,59.648438,36.309315,986.0
2025-08-20,25.4,48130.2,0.0,0.0,18,1009.5,902.8,33.5,16.2,0,15.1,0.0,43200.0,109,59.648438,36.309315,986.0
2025-08-21,26.6,48004.16,0.0,0.0,16,1007.9,901.8,35.2,16.5,0,14.8,0.0,43200.0,103,59.648438,36.309315,986.0
2025-08-22,28.6,47877.13,0.0,0.0,24,1006.8,901.5,36.8,19.0,0,20.3,0.0,43200.0,32,59.648438,36.309315,986.0
2025-08-23,26.2,47749.23,0.0,0.0,34,1008.2,902.0,33.4,20.0,2,20.1,0.0,43200.0,120,59.648438,36.309315,986.0
2025-08-24,25.3,47620.55,0.0,0.0,28,1009.2,902.6,32.0,18.6,0,17.1,0.0,43200.0,109,59.648438,36.309315,986.0
2025-08-25,24.9,47491.19,0.0,0.0,26,1009.9,903.0,32.5,16.1,0,16.4,0.0,43200.0,111,59.648438,36.309315,986.0
2025-08-26,25.9,47361.24,0.0,0.0,19,1011.2,904.5,34.0,16.9,0,16.5,0.0,43200.0,58,59.648438,36.309315,986.0
2025-08-27,26.6,47230.8,0.0,0.0,17,1011.2,904.8,34.5,17.6,0,19.4,0.0,43200.0,51,59.648438,36.309315,986.0
2025-08-28,26.5,47099.96,0.0,0.0,17,1011.6,905.1,34.8,18.1,0,20.0,0.0,43200.0,23,59.648438,36.309315,986.0
2025-08-29,26.4,46968.8,0.0,0.0,17,1012.3,905.7,36.0,18.2,0,20.3,0.0,43200.0,21,59.648438,36.309315,986.0
2025-08-30,27.2,46837.42,0.0,0.0,18,1014.0,907.5,34.5,18.6,0,21.7,0.0,43200.0,37,59.648438,36.309315,986.0
2025-08-31,24.8,46705.91,0.0,0.0,18,1013.7,906.4,31.4,16.9,0,19.4,0.0,43200.0,101,59.648438,36.309315,986.0
2025-09-01,22.2,46574.34,0.0,0.0,18,1009.4,901.6,30.5,13.8,0,16.2,0.0,43200.0,126,59.648438,36.309315,986.0
2025-09-02,22.7,46442.82,0.0,0.0,17,1008.4,901.0,30.9,14.4,0,17.6,0.0,43200.0,57,59.648438,36.309315,986.0
2025-09-03,24.1,46311.4,0.0,0.0,21,1008.1,901.2,31.5,16.6,0,15.3,0.0,43200.0,89,59.648438,36.309315,986.0
2025-09-04,25.4,46180.03,0.0,0.0,19,1008.3,901.7,34.2,15.4,0,22.9,0.0,43182.44,51,59.648438,36.309315,986.0
2025-09-05,25.6,46047.81,0.0,0.0,20,1011.7,904.9,32.6,17.1,0,14.1,0.0,43056.67,120,59.648438,36.309315,986.0
2025-09-06,25.9,45914.65,0.0,0.0,19,1012.6,905.7,33.2,18.4,1,17.6,0.0,42926.29,104,59.648438,36.309315,986.0
2025-09-07,25.8,45780.66,0.0,0.0,20,1010.7,904.0,33.3,17.6,0,18.2,0.0,42794.92,109,59.648438,36.309315,986.0
2025-09-08,25.7,45645.93,0.0,0.0,25,1011.1,904.4,33.3,17.8,0,17.3,0.0,42662.63,107,59.648438,36.309315,986.0
2025-09-09,25.9,45510.55,0.0,0.0,27,1012.0,905.3,33.5,17.1,0,16.4,0.0,42529.51,122,59.648438,36.309315,986.0
2025-09-10,26.5,45374.6,0.0,0.0,25,1011.2,904.7,34.2,18.5,0,16.3,0.0,42395.64,122,59.648438,36.309315,986.0
2025-09-11,26.7,45238.16,0.0,0.0,23,1008.9,902.7,34.8,17.9,0,15.0,0.0,42261.12,120,59.648438,36.309315,986.0
2025-09-12,26.0,45101.34,0.0,0.0,27,1008.3,901.9,34.0,17.5,0,16.6,0.0,42126.01,115,59.648438,36.309315,986.0
2025-09-13,22.9,44964.21,0.0,0.0,52,1015.8,907.7,29.0,17.5,6,19.1,0.0,41564.88,100,59.648438,36.309315,986.0
2025-09-14,21.0,44826.84,0.0,0.0,51,1018.2,909.2,27.4,16.7,34,16.7,0.0,28471.01,125,59.648438,36.309315,986.0
2025-09-15,19.9,44689.34,0.0,0.0,48,1019.3,909.7,26.1,15.1,13,18.4,0.0,40649.91,132,59.648438,36.309315,986.0
2025-09-16,18.1,44551.79,0.0,0.0,44,1018.6,908.5,23.6,13.4,4,16.8,0.0,40790.36,133,59.648438,36.309315,986.0
2025-09-17,19.5,44414.25,0.0,0.0,38,1015.9,906.5,27.4,12.1,1,17.5,0.0,40887.73,122,59.648438,36.309315,986.0
2025-09-18,19.2,44276.82,0.0,0.0,35,1016.2,906.7,25.1,13.6,1,17.5,0.0,40687.75,120,59.648438,36.309315,986.0
2025-09-19,22.3,44139.59,0.0,0.0,29,1010.3,902.5,31.0,12.2,0,16.1,0.0,40490.95,149,59.648438,36.309315,986.0
2025-09-20,25.5,44002.61,0.0,0.0,25,1005.5,899.2,37.7,15.1,3,18.7,0.0,40297.51,220,59.648438,36.309315,986.0
2025-09-21,20.4,43865.99,0.0,0.0,47,1014.1,905.3,26.0,15.3,12,18.7,0.0,37771.58,121,59.648438,36.309315,986.0
2025-09-22,18.6,43729.8,0.0,0.0,47,1020.5,910.3,24.0,14.4,8,16.6,0.0,38874.13,131,59.648438,36.309315,986.0
2025-09-23,17.8,43594.13,0.0,0.0,42,1022.4,911.7,23.4,13.4,29,15.3,0.0,39044.04,132,59.648438,36.309315,986.0
2025-09-24,16.9,43458.88,0.8,0.0,39,1015.4,905.2,23.5,10.9,14,14.7,0.8,33948.26,131,59.648438,36.309315,986.0
2025-09-25,17.8,43323.13,0.0,0.0,35,1013.1,903.5,24.8,10.6,4,14.9,0.0,38941.06,118,59.648438,36.309315,986.0
2025-09-26,18.5,43186.8,0.0,0.0,38,1016.5,906.7,26.0,10.6,0,16.1,0.0,38790.75,122,59.648438,36.309315,986.0
2025-09-27,19.8,43049.97,0.0,0.0,34,1018.8,909.2,27.1,11.9,0,15.3,0.0,38530.03,137,59.648438,36.309315,986.0
2025-09-28,20.7,42912.74,0.0,0.0,28,1017.5,908.4,28.2,12.6,1,15.5,0.0,38170.73,126,59.648438,36.309315,986.0
2025-09-29,20.7,42775.2,0.0,0.0,34,1016.6,907.6,28.9,13.8,0,16.6,0.0,38033.37,128,59.648438,36.309315,986.0
2025-09-30,20.7,42637.43,0.0,0.0,36,1011.4,902.9,29.0,11.9,0,13.0,0.0,38036.62,142,59.648438,36.309315,986.0
2025-10-01,19.8,42499.52,0.0,0.0,37,1013.6,904.6,27.8,13.6,0,18.5,0.0,37753.76,125,59.648438,36.309315,986.0
2025-10-02,17.0,42361.57,0.0,0.0,37,1019.7,909.1,23.4,11.6,0,16.2,0.0,37472.93,130,59.648438,36.309315,986.0
2025-10-03,15.9,42223.66,0.0,0.0,36,1022.4,911.1,22.0,10.4,0,16.1,0.0,37333.07,137,59.648438,36.309315,986.0
2025-10-04,15.7,42085.87,0.0,0.0,30,1022.3,910.9,23.5,9.1,0,17.4,0.0,37329.55,132,59.648438,36.309315,986.0
2025-10-05,14.2,41948.32,0.0,0.0,22,1022.6,910.6,21.6,6.8,0,15.4,0.0,37325.3,129,59.648438,36.309315,986.0
2025-10-06,14.8,41811.07,0.0,0.0,22,1018.5,907.2,24.0,4.8,0,10.4,0.0,37450.75,153,59.648438,36.309315,986.0
2025-10-07,16.3,41674.23,0.0,0.0,22,1017.0,906.3,25.0,7.3,0,13.3,0.0,37185.8,130,59.648438,36.309315,986.0
2025-10-08,16.5,41537.89,0.0,0.0,23,1016.3,905.8,24.7,7.7,0,11.6,0.0,37054.09,172,59.648438,36.309315,986.0
2025-10-09,18.2,41402.15,0.0,0.0,22,1015.6,905.8,28.0,8.6,0,18.0,0.0,36925.31,191,59.648438,36.309315,986.0
2025-10-10,19.6,41267.09,0.0,0.0,20,1012.3,903.4,29.8,10.1,0,12.8,0.0,36799.6,299,59.648438,36.309315,986.0
2025-10-11,20.4,41132.82,0.0,0.0,32,1013.5,904.7,28.5,13.8,0,18.9,0.0,36677.12,115,59.648438,36.309315,986.0
2025-10-12,18.1,40999.42,0.0,0.0,47,1016.5,906.6,25.5,11.1,0,16.8,0.0,36558.02,147,59.648438,36.309315,986.0
2025-10-13,20.0,40867.01,0.0,0.0,39,1015.0,905.9,29.1,10.4,0,10.8,0.0,36559.15,195,59.648438,36.309315,986.0
2025-10-14,21.2,40735.49,0.0,0.0,33,1016.1,907.3,30.3,13.6,0,16.9,0.0,36445.12,278,59.648438,36.309315,986.0
2025-10-15,18.0,40603.84,0.0,0.0,50,1018.5,908.3,24.8,12.3,0,13.7,0.0,36334.98,143,59.648438,36.309315,986.0
2025-10-16,17.6,40471.96,0.0,0.0,45,1018.5,908.2,25.5,10.2,0,17.5,0.0,36261.98,143,59.648438,36.309315,986.0
2025-10-17,16.1,40339.97,0.0,0.0,49,1023.3,912.0,23.1,9.6,22,15.2,0.0,36077.22,134,59.648438,36.309315,986.0
2025-10-18,14.9,40207.98,0.0,0.0,49,1023.1,911.3,21.5,9.4,23,14.4,0.0,35762.6,132,59.648438,36.309315,986.0
2025-10-19,13.6,40076.09,0.0,0.0,46,1020.2,908.3,20.2,7.5,0,15.7,0.0,35824.21,145,59.648438,36.309315,986.0
2025-10-20,15.4,39944.4,0.0,0.0,37,1014.8,904.1,24.6,6.7,17,9.2,0.0,35750.91,230,59.648438,36.309315,986.0
2025-10-21,18.3,39813.02,0.0,0.0,28,1014.9,905.2,28.0,9.8,22,11.7,0.0,35524.66,245,59.648438,36.309315,986.0
2025-10-22,18.1,39682.08,0.0,0.0,33,1018.5,908.4,27.6,10.6,19,16.5,0.0,35511.36,154,59.648438,36.309315,986.0
2025-10-23,15.9,39551.68,0.0,0.0,44,1019.3,908.3,22.8,10.0,15,13.2,0.0,35369.33,154,59.648438,36.309315,986.0
2025-10-24,16.8,39421.94,0.0,0.0,43,1017.1,906.7,25.8,9.2,0,14.1,0.0,35292.95,152,59.648438,36.309315,986.0
2025-10-25,16.5,39292.96,0.0,0.0,44,1015.0,904.7,24.0,8.9,50,13.1,0.0,27418.37,181,59.648438,36.309315,986.0
2025-10-26,17.5,39164.88,0.0,0.0,36,1013.2,903.5,26.7,9.4,10,15.5,0.0,35143.26,304,59.648438,36.309315,986.0
2025-10-27,18.4,39037.82,0.0,0.0,35,1013.7,904.2,27.8,11.2,24,10.8,0.0,35070.16,291,59.648438,36.309315,986.0
2025-10-28,16.1,38911.88,0.0,0.0,54,1017.7,906.9,23.5,9.5,0,12.9,0.0,34998.36,181,59.648438,36.309315,986.0
2025-10-29,16.5,38787.21,0.0,0.0,53,1015.6,905.3,25.1,8.4,0,10.2,0.0,34927.98,269,59.648438,36.309315,986.0
2025-10-30,17.2,38663.92,0.0,0.0,45,1016.4,906.2,27.0,9.5,14,13.5,0.0,34859.11,184,59.648438,36.309315,986.0
2025-10-31,12.5,38542.16,0.0,0.0,75,1026.7,913.7,17.0,9.2,58,18.8,0.0,32318.74,133,59.648438,36.309315,986.0
2025-11-01,12.9,38422.04,0.0,0.0,58,1021.5,909.2,19.6,8.1,19,9.6,0.0,31930.7,244,59.648438,36.309315,986.0
2025-11-02,13.7,38303.71,0.0,0.0,49,1020.9,908.9,22.8,7.2,3,18.6,0.0,34533.7,148,59.648438,36.309315,986.0
2025-11-03,9.0,38187.09,5.1,0.0,82,1026.4,912.1,13.3,5.0,64,15.3,5.1,17829.66,166,59.648438,36.309315,986.0
2025-11-04,7.4,38071.09,0.0,0.0,70,1030.3,915.0,13.1,3.4,17,14.1,0.0,34226.89,160,59.648438,36.309315,986.0
2025-11-05,6.5,37955.63,0.0,0.0,70,1029.5,913.9,12.2,1.2,44,13.1,0.0,31817.68,159,59.648438,36.309315,986.0
2025-11-06,6.8,37840.82,0.0,0.0,62,1024.8,909.8,16.1,-0.5,20,15.3,0.0,33932.22,193,59.648438,36.309315,986.0
2025-11-07,9.0,37726.8,0.0,0.0,46,1024.1,910.0,17.4,1.5,0,11.5,0.0,33789.67,231,59.648438,36.309315,986.0
2025-11-08,10.5,37613.67,0.0,0.0,45,1023.8,910.3,19.8,2.3,0,12.9,0.0,33650.42,248,59.648438,36.309315,986.0
2025-11-09,11.7,37501.57,0.0,0.0,41,1022.7,909.8,21.0,4.4,1,11.4,0.0,33514.57,277,59.648438,36.309315,986.0
2025-11-10,11.3,37390.64,0.0,0.0,41,1023.8,910.6,19.2,5.0,0,16.0,0.0,33482.95,188,59.648438,36.309315,986.0
2025-11-11,11.1,37281.0,0.0,0.0,39,1023.0,909.9,19.2,3.6,0,10.6,0.0,33409.3,277,59.648438,36.309315,986.0
2025-11-12,12.3,37172.79,0.0,0.0,31,1021.9,909.3,21.1,3.7,6,9.6,0.0,33213.64,301,59.648438,36.309315,986.0
2025-11-13,13.3,37066.13,0.0,0.0,23,1022.2,909.9,22.6,5.9,23,11.2,0.0,33140.68,296,59.648438,36.309315,986.0
2025-11-14,12.7,36961.18,0.0,0.0,28,1021.7,909.3,21.5,5.4,20,10.2,0.0,32599.03,305,59.648438,36.309315,986.0
2025-11-15,13.2,36858.08,0.0,0.0,23,1018.8,906.9,21.2,4.2,88,10.1,0.0,28772.24,294,59.648438,36.309315,986.0
2025-11-16,14.5,36756.96,0.0,0.0,24,1020.3,908.7,22.5,8.8,47,11.6,0.0,29400.95,329,59.648438,36.309315,986.0
2025-11-17,13.3,36657.98,0.0,0.0,31,1023.1,910.8,22.0,6.1,0,9.3,0.0,32512.52,292,59.648438,36.309315,986.0
2025-11-18,11.4,36561.27,0.0,0.0,45,1025.5,912.2,18.5,5.8,18,12.7,0.0,26948.51,163,59.648438,36.309315,986.0
2025-11-19,9.7,36467.0,0.0,0.0,54,1027.7,913.5,16.6,4.5,0,13.4,0.0,32269.55,155,59.648438,36.309315,986.0
2025-11-20,9.4,36375.3,0.0,0.0,43,1029.1,914.6,17.0,2.0,0,9.6,0.0,32203.9,207,59.648438,36.309315,986.0
2025-11-21,9.5,36286.34,0.0,0.0,39,1029.7,915.2,17.5,2.3,0,7.7,0.0,32138.7,239,59.648438,36.309315,986.0
2025-11-22,9.2,36200.29,0.0,0.0,35,1028.4,913.9,18.5,0.9,0,11.6,0.0,31972.17,202,59.648438,36.309315,986.0
2025-11-23,8.9,36117.09,0.0,0.0,27,1027.1,912.6,18.2,1.0,0,11.4,0.0,31909.89,188,59.648438,36.309315,986.0
2025-11-24,9.4,36035.84,0.0,0.0,21,1024.9,910.9,19.2,0.2,0,9.0,0.0,31847.66,261,59.648438,36.309315,986.0
2025-11-25,10.0,35956.45,0.0,0.0,19,1021.1,907.8,19.9,1.2,0,9.5,0.0,31785.13,291,59.648438,36.309315,986.0
2025-11-26,9.4,35879.02,0.0,0.0,23,1019.9,906.5,19.2,1.9,0,10.9,0.0,31722.55,203,59.648438,36.309315,986.0
2025-11-27,6.4,35803.65,0.0,0.0,48,1024.2,909.1,14.5,-0.5,23,11.9,0.0,31469.99,196,59.648438,36.309315,986.0
2025-11-28,5.8,35730.46,0.0,0.0,56,1025.6,910.1,14.1,-1.5,0,12.6,0.0,31503.84,237,59.648438,36.309315,986.0
2025-11-29,6.4,35659.54,0.0,0.0,59,1023.8,908.8,14.4,0.5,0,9.3,0.0,31442.95,251,59.648438,36.309315,986.0
2025-11-30,6.7,35590.99,0.0,0.0,51,1021.6,907.0,14.9,-0.5,0,9.9,0.0,31382.55,267,59.648438,36.309315,986.0
2025-12-01,7.5,35524.93,0.0,0.0,39,1019.7,905.5,15.2,-0.3,0,8.3,0.0,31322.73,289,59.648438,36.309315,986.0
2025-12-02,9.1,35461.46,0.0,0.0,38,1018.2,904.8,16.5,2.7,25,8.8,0.0,31172.97,279,59.648438,36.309315,986.0
2025-12-03,6.9,35400.68,5.9,0.0,76,1022.1,907.5,10.3,4.7,94,11.1,5.9,5833.74,250,59.648438,36.309315,986.0
2025-12-04,7.0,35342.71,0.8,0.0,81,1027.2,912.1,10.2,4.8,82,9.2,0.8,9721.61,150,59.648438,36.309315,986.0
2025-12-05,6.3,35287.65,0.0,0.0,84,1027.2,911.8,11.4,2.1,59,7.8,0.0,25684.03,205,59.648438,36.309315,986.0
2025-12-06,6.7,35235.6,0.0,0.0,76,1023.6,908.7,13.8,1.4,44,8.2,0.0,28075.78,281,59.648438,36.309315,986.0
2025-12-07,7.7,35186.68,0.0,0.0,60,1023.3,908.8,14.4,2.7,5,8.3,0.0,30709.46,282,59.648438,36.309315,986.0
2025-12-08,10.2,35141.0,0.0,0.0,55,1022.1,908.7,16.3,4.3,62,6.9,0.0,30033.62,276,59.648438,36.309315,986.0
2025-12-09,11.1,35098.64,0.0,0.0,57,1021.1,908.2,19.1,5.7,77,10.6,0.0,27238.79,222,59.648438,36.309315,986.0
2025-12-10,10.1,35059.74,0.0,0.0,65,1018.6,905.5,17.5,3.5,77,8.9,0.0,29703.41,209,59.648438,36.309315,986.0
2025-12-11,11.3,35024.38,0.7,0.0,61,1016.2,903.8,20.5,5.8,93,19.5,0.7,29822.27,150,59.648438,36.309315,986.0
2025-12-12,8.2,34992.68,1.3,0.0,83,1016.0,902.6,14.5,4.8,74,16.3,1.3,26346.79,130,59.648438,36.309315,986.0
2025-12-13,6.7,34964.66,0.4,0.0,81,1013.0,899.3,12.1,3.0,45,8.4,0.4,22153.15,279,59.648438,36.309315,986.0
2025-12-14,6.0,34939.96,1.2,0.0,76,1018.7,904.2,13.4,1.0,53,14.9,1.2,29745.54,126,59.648438,36.309315,986.0
2025-12-15,1.8,34918.52,1.4,0.21,93,1025.6,908.6,5.2,-0.2,91,9.7,1.7,7117.28,213,59.648438,36.309315,986.0
2025-12-16,5.0,34900.34,3.7,0.0,82,1019.4,904.3,9.1,-0.6,100,9.7,3.7,1259.71,223,59.648438,36.309315,986.0
2025-12-17,1.6,34885.43,6.0,6.93,97,1026.8,909.6,4.5,-1.0,100,11.9,15.9,0.0,148,59.648438,36.309315,986.0
2025-12-18,-0.8,34873.79,0.0,0.35,97,1034.4,915.4,-0.1,-2.0,98,8.0,0.5,3455.13,131,59.648438,36.309315,986.0
2025-12-19,-1.0,34865.43,0.2,10.5,97,1028.1,909.7,0.2,-1.8,100,11.6,15.2,0.0,128,59.648438,36.309315,986.0
2025-12-20,-2.0,34860.33,0.0,3.01,96,1025.4,906.9,-0.2,-3.9,100,9.0,4.3,562.41,129,59.648438,36.309315,986.0
2025-12-21,-5.2,34858.52,0.0,0.0,91,1028.2,908.1,-0.6,-7.9,63,11.5,0.0,18333.03,290,59.648438,36.309315,986.0
2025-12-22,-2.6,34859.96,0.0,0.0,89,1026.5,907.6,0.6,-7.3,56,11.6,0.0,29400.08,256,59.648438,36.309315,986.0
2025-12-23,-1.3,34864.68,0.0,0.0,81,1025.4,907.2,2.8,-4.2,52,10.1,0.0,29471.03,273,59.648438,36.309315,986.0
2023-01-01,8.7,34744.6,0.0,0.0,91,1032.9,1032.4,13.6,4.3,65,9.2,0.0,20479.83,205,49.5894,37.223198,4.0
2023-01-02,6.9,34783.74,0.0,0.0,82,1031.6,1031.1,12.7,2.8,12,7.8,0.0,29900.18,215,49.5894,37.223198,4.0
2023-01-03,7.2,34826.39,0.0,0.0,80,1029.1,1028.6,13.8,2.0,5,8.9,0.0,29898.28,222,49.5894,37.223198,4.0
2023-01-04,13.9,34872.45,0.0,0.0,35,1018.0,1017.5,18.1,6.1,64,25.0,0.0,26583.02,209,49.5894,37.223198,4.0
2023-01-05,8.8,34921.81,7.2,0.0,93,1021.1,1020.6,11.1,6.1,92,14.0,7.2,10938.31,292,49.5894,37.223198,4.0
2023-01-06,12.4,34974.38,0.0,0.0,59,1015.0,1014.5,17.2,4.6,19,28.5,0.0,29750.25,180,49.5894,37.223198,4.0
2023-01-07,12.3,35030.07,0.6,0.0,62,1015.9,1015.5,16.4,8.3,65,30.8,0.6,29419.34,196,49.5894,37.223198,4.0
2023-01-08,5.0,35088.76,18.0,0.0,96,1024.9,1024.4,8.2,2.8,100,23.7,18.0,0.0,292,49.5894,37.223198,4.0
2023-01-09,2.6,35150.37,26.1,4.83,98,1030.6,1030.0,3.8,1.5,100,32.4,33.0,0.0,291,49.5894,37.223198,4.0
2023-01-10,3.0,35214.78,3.2,0.0,94,1035.3,1034.8,3.8,2.0,100,23.9,3.2,0.0,293,49.5894,37.223198,4.0
2023-01-11,3.9,35281.9,0.3,0.0,87,1039.1,1038.6,6.2,2.5,92,15.0,0.3,7081.76,250,49.5894,37.223198,4.0
2023-01-12,4.4,35351.64,0.5,0.0,90,1037.3,1036.8,6.3,2.9,92,7.6,0.5,7792.91,263,49.5894,37.223198,4.0
2023-01-13,4.1,35423.88,0.0,0.0,87,1032.3,1031.8,8.9,0.7,56,9.4,0.0,19818.83,209,49.5894,37.223198,4.0
2023-01-14,3.9,35498.54,0.0,0.0,85,1028.7,1028.2,9.2,0.7,85,9.2,0.0,24234.03,211,49.5894,37.223198,4.0
2023-01-15,3.6,35575.52,3.6,0.0,95,1026.3,1025.8,6.2,1.7,85,10.1,3.6,2493.08,212,49.5894,37.223198,4.0
2023-01-16,4.4,35654.71,0.0,0.0,91,1024.5,1024.0,10.5,0.6,80,9.8,0.0,27165.76,233,49.5894,37.223198,4.0
2023-01-17,6.7,35736.03,0.0,0.0,90,1024.8,1024.2,11.8,1.7,65,9.9,0.0,30325.0,253,49.5894,37.223198,4.0
2023-01-18,7.6,35819.54,0.0,0.0,91,1025.7,1025.2,12.3,5.1,63,8.9,0.0,28423.67,246,49.5894,37.223198,4.0
2023-01-19,7.6,35906.17,0.0,0.0,94,1029.2,1028.7,11.3,5.4,91,11.3,0.0,14835.29,304,49.5894,37.223198,4.0
2023-01-20,7.6,35995.93,0.0,0.0,91,1029.8,1029.3,12.2,5.2,80,8.6,0.0,21331.93,239,49.5894,37.223198,4.0
2023-01-21,7.7,36088.65,0.5,0.0,88,1031.4,1030.9,11.0,6.1,83,7.0,0.5,21600.0,281,49.5894,37.223198,4.0
2023-01-22,6.7,36184.18,5.2,0.0,92,1034.1,1033.6,8.2,5.2,93,8.4,5.2,15127.62,292,49.5894,37.223198,4.0
2023-01-23,5.7,36282.35,7.2,0.0,93,1034.7,1034.2,7.2,4.8,100,13.4,7.2,2984.5,284,49.5894,37.223198,4.0
2023-01-24,4.9,36383.01,14.3,0.0,93,1034.9,1034.4,5.6,4.1,100,14.5,14.3,0.0,281,49.5894,37.223198,4.0
2023-01-25,4.5,36486.01,4.3,0.0,95,1030.7,1030.2,5.3,3.2,100,10.6,4.3,0.0,265,49.5894,37.223198,4.0
2023-01-26,5.4,36591.18,2.9,0.0,93,1028.4,1027.9,6.8,4.7,100,15.3,2.9,0.0,275,49.5894,37.223198,4.0
2023-01-27,5.5,36698.39,0.0,0.0,91,1025.3,1024.8,9.9,2.0,70,8.0,0.0,7957.49,242,49.5894,37.223198,4.0
2023-01-28,5.6,36807.48,0.0,0.0,84,1016.9,1016.4,13.2,0.5,70,8.0,0.0,27106.12,240,49.5894,37.223198,4.0
2023-01-29,7.5,36918.31,0.0,0.0,89,1014.0,1013.5,12.1,4.3,95,10.7,0.0,18491.25,270,49.5894,37.223198,4.0
2023-01-30,8.4,37030.73,5.8,0.0,91,1014.9,1014.4,11.6,5.8,100,9.5,5.8,9671.51,270,49.5894,37.223198,4.0
2023-01-31,7.5,37144.61,26.7,0.0,95,1010.0,1009.5,9.4,6.2,100,11.0,26.7,484.0,208,49.5894,37.223198,4.0
2023-02-01,8.1,37259.81,0.0,0.0,90,1011.1,1010.6,13.2,4.9,74,9.6,0.0,21660.38,215,49.5894,37.223198,4.0
2023-02-02,11.8,37376.18,0.0,0.0,58,1011.1,1010.6,17.6,5.2,68,26.6,0.0,29890.35,191,49.5894,37.223198,4.0
2023-02-03,8.8,37493.61,0.0,0.0,89,1019.0,1018.5,12.5,6.8,77,14.6,0.0,22783.0,310,49.5894,37.223198,4.0
2023-02-04,7.8,37611.96,0.0,0.0,76,1017.9,1017.4,13.9,3.3,59,14.5,0.0,30743.53,131,49.5894,37.223198,4.0
2023-02-05,7.3,37731.09,0.0,0.0,88,1014.2,1013.7,12.1,2.8,69,11.8,0.0,21286.44,297,49.5894,37.223198,4.0
2023-02-06,9.0,37850.88,0.0,0.0,91,1013.0,1012.5,14.1,6.2,82,9.5,0.0,19800.39,264,49.5894,37.223198,4.0
2023-02-07,9.6,37971.44,1.0,0.0,90,1008.1,1007.6,13.8,7.3,76,13.0,1.0,25789.54,322,49.5894,37.223198,4.0
2023-02-08,5.9,38093.9,44.3,0.07,94,1019.2,1018.7,8.2,2.3,100,21.5,44.4,0.0,306,49.5894,37.223198,4.0
2023-02-09,2.0,38218.34,34.1,9.38,99,1030.4,1029.9,4.4,0.7,100,15.3,47.5,0.0,297,49.5894,37.223198,4.0
2023-02-10,0.8,38344.61,4.3,6.58,97,1035.3,1034.8,1.7,-0.7,100,11.6,13.7,1130.02,237,49.5894,37.223198,4.0
2023-02-11,0.7,38472.56,0.3,0.0,95,1031.9,1031.4,3.3,-2.3,93,8.8,0.3,31407.99,202,49.5894,37.223198,4.0
2023-02-12,1.4,38602.06,3.2,0.0,98,1024.8,1024.3,3.4,-0.8,99,9.9,3.2,0.0,185,49.5894,37.223198,4.0
2023-02-13,3.7,38732.96,3.0,0.0,94,1022.1,1021.6,8.6,-0.1,60,18.7,3.0,31932.12,217,49.5894,37.223198,4.0
2023-02-14,2.5,38865.12,5.4,0.0,92,1024.7,1024.2,5.3,0.0,96,18.9,5.4,0.0,227,49.5894,37.223198,4.0
2023-02-15,3.8,38998.43,0.0,0.0,92,1014.3,1013.8,9.1,-0.5,87,9.8,0.0,27154.35,211,49.5894,37.223198,4.0
2023-02-16,4.5,39132.73,7.7,0.0,93,1021.7,1021.2,7.4,2.0,100,11.5,7.7,8147.31,243,49.5894,37.223198,4.0
2023-02-17,4.9,39267.91,0.0,0.0,76,1027.3,1026.8,11.7,0.2,31,10.8,0.0,28602.02,185,49.5894,37.223198,4.0
2023-02-18,5.2,39403.83,0.0,0.0,80,1022.7,1022.2,12.6,-0.4,34,8.9,0.0,35868.68,247,49.5894,37.223198,4.0
2023-02-19,11.1,39540.38,0.0,0.0,50,1015.8,1015.3,18.7,3.5,68,20.3,0.0,32721.15,220,49.5894,37.223198,4.0
2023-02-20,14.5,39677.42,0.0,0.0,45,1012.8,1012.3,19.8,5.5,27,26.6,0.0,35615.74,193,49.5894,37.223198,4.0
2023-02-21,11.3,39814.84,0.0,0.0,68,1011.8,1011.3,16.8,5.5,69,28.3,0.0,35865.67,248,49.5894,37.223198,4.0
2023-02-22,10.6,39952.52,0.0,0.0,85,1010.5,1010.0,16.8,6.2,72,13.2,0.0,27593.36,348,49.5894,37.223198,4.0
2023-02-23,9.4,40090.34,4.6,0.0,88,1015.0,1014.5,13.9,6.7,93,16.6,4.6,26452.42,309,49.5894,37.223198,4.0
2023-02-24,4.2,40228.18,24.3,0.0,95,1028.6,1028.1,7.9,2.8,98,27.7,24.3,0.0,305,49.5894,37.223198,4.0
2023-02-25,6.0,40365.94,0.0,0.0,80,1025.9,1025.4,12.2,2.5,32,10.0,0.0,36000.0,174,49.5894,37.223198,4.0
2023-02-26,8.9,40503.5,0.0,0.0,86,1024.7,1024.2,17.0,3.5,57,9.2,0.0,29551.46,231,49.5894,37.223198,4.0
2023-02-27,10.3,40640.94,0.0,0.0,85,1025.0,1024.5,17.8,5.8,19,7.9,0.0,36000.0,261,49.5894,37.223198,4.0
2023-02-28,10.8,40779.39,0.0,0.0,90,1023.1,1022.6,17.8,6.2,63,8.5,0.0,25687.19,251,49.5894,37.223198,4.0
2023-03-01,10.9,40918.95,0.0,0.0,84,1017.3,1016.8,18.9,5.4,75,8.3,0.0,36000.0,254,49.5894,37.223198,4.0
2023-03-02,10.3,41059.5,0.1,0.0,87,1017.7,1017.2,14.6,6.2,90,10.3,0.1,15955.02,330,49.5894,37.223198,4.0
2023-03-03,10.4,41200.93,0.5,0.0,86,1021.1,1020.6,16.1,8.1,97,10.2,0.5,12112.56,202,49.5894,37.223198,4.0
2023-03-04,12.7,41343.13,0.0,0.0,81,1014.2,1013.7,26.4,7.9,84,19.1,0.0,27448.72,226,49.5894,37.223198,4.0
2023-03-05,11.9,41486.01,0.0,0.0,86,1015.3,1014.8,20.2,7.9,82,12.3,0.0,27309.34,224,49.5894,37.223198,4.0
2023-03-06,21.9,41629.45,0.0,0.0,40,1005.7,1005.2,29.2,8.1,83,26.4,0.0,36000.0,190,49.5894,37.223198,4.0
2023-03-07,9.1,41773.36,10.2,0.0,84,1020.6,1020.1,12.8,5.3,93,14.0,10.2,2749.4,275,49.5894,37.223198,4.0
2023-03-08,10.0,41917.63,10.2,0.0,90,1020.2,1019.7,12.8,7.6,98,9.5,10.2,285.65,100,49.5894,37.223198,4.0
2023-03-09,10.2,42062.17,26.3,0.0,91,1013.9,1013.4,12.8,8.3,100,8.6,26.3,48.77,222,49.5894,37.223198,4.0
2023-03-10,12.9,42206.86,0.0,0.0,88,1014.2,1013.7,19.2,8.4,45,9.0,0.0,26696.36,172,49.5894,37.223198,4.0
2023-03-11,14.5,42351.62,0.0,0.0,71,1014.5,1014.1,22.0,8.6,15,15.9,0.0,36402.98,206,49.5894,37.223198,4.0
2023-03-12,17.0,42496.35,0.0,0.0,61,1011.3,1010.8,27.4,9.9,75,14.9,0.0,36390.52,214,49.5894,37.223198,4.0
2023-03-13,16.8,42640.93,0.0,0.0,69,1012.8,1012.3,24.0,11.2,87,24.2,0.0,12580.47,258,49.5894,37.223198,4.0
2023-03-14,10.9,42785.29,0.2,0.0,85,1023.2,1022.7,12.7,9.3,99,11.9,0.2,0.0,337,49.5894,37.223198,4.0
2023-03-15,11.3,42929.31,0.6,0.0,84,1017.6,1017.2,14.1,9.6,99,12.7,0.6,3812.91,67,49.5894,37.223198,4.0
2023-03-16,11.9,43072.91,5.5,0.0,88,1010.2,1009.7,16.1,8.9,100,11.6,5.5,12908.31,92,49.5894,37.223198,4.0
2023-03-17,13.3,43215.98,0.4,0.0,83,1011.9,1011.5,17.0,9.6,92,13.8,0.4,14327.43,312,49.5894,37.223198,4.0
2023-03-18,13.4,43358.42,0.1,0.0,88,1015.3,1014.8,18.6,9.9,68,13.0,0.1,36000.0,335,49.5894,37.223198,4.0
2023-03-19,12.5,43500.32,5.2,0.0,91,1015.1,1014.6,14.6,11.2,100,9.5,5.2,9.79,346,49.5894,37.223198,4.0
2023-03-20,12.3,43642.71,11.0,0.0,92,1012.1,1011.6,15.4,10.8,100,9.9,11.0,509.49,339,49.5894,37.223198,4.0
2023-03-21,11.3,43785.69,15.9,0.0,96,1012.1,1011.6,12.4,9.8,100,11.2,15.9,0.0,328,49.5894,37.223198,4.0
2023-03-22,10.1,43929.15,10.9,0.0,88,1015.7,1015.2,11.8,9.6,100,13.0,10.9,0.0,246,49.5894,37.223198,4.0
2023-03-23,12.8,44073.02,0.0,0.0,73,1016.4,1015.9,19.7,7.4,37,8.8,0.0,30949.54,247,49.5894,37.223198,4.0
2023-03-24,13.1,44217.2,0.0,0.0,81,1014.7,1014.2,20.5,7.1,65,8.3,0.0,37200.08,286,49.5894,37.223198,4.0
2023-03-25,13.4,44361.6,0.0,0.0,85,1015.7,1015.2,18.2,9.6,51,10.1,0.0,38138.71,309,49.5894,37.223198,4.0
2023-03-26,15.5,44506.13,0.0,0.0,83,1009.3,1008.9,21.2,11.3,93,9.8,0.0,33175.38,334,49.5894,37.223198,4.0
2023-03-27,14.7,44650.71,4.1,0.0,81,1007.4,1006.9,19.3,11.1,98,10.9,4.1,32607.04,284,49.5894,37.223198,4.0
2023-03-28,14.4,44795.23,0.7,0.0,82,1011.3,1010.8,19.9,10.7,56,13.5,0.7,28252.84,212,49.5894,37.223198,4.0
2023-03-29,21.0,44939.62,0.0,0.0,55,1004.7,1004.3,27.7,11.6,1,27.0,0.0,31564.94,195,49.5894,37.223198,4.0
2023-03-30,18.9,45083.78,1.6,0.0,56,1008.4,1008.0,29.0,9.6,67,22.3,1.6,36106.82,230,49.5894,37.223198,4.0
2023-03-31,7.5,45227.61,15.7,0.0,90,1015.1,1014.6,9.4,5.8,100,17.4,15.7,0.0,264,49.5894,37.223198,4.0
2023-04-01,7.3,45371.03,12.8,0.0,88,1015.4,1014.9,9.6,5.2,92,16.1,12.8,24406.62,248,49.5894,37.223198,4.0
2023-04-02,9.3,45513.93,0.7,0.0,83,1012.6,1012.1,14.6,4.0,87,12.4,0.7,28171.69,304,49.5894,37.223198,4.0
2023-04-03,11.5,45656.22,0.1,0.0,84,1015.2,1014.7,18.0,5.8,47,11.8,0.1,37583.51,81,49.5894,37.223198,4.0
2023-04-04,13.8,45797.81,0.0,0.0,84,1017.7,1017.2,20.2,8.2,32,8.0,0.0,39454.66,269,49.5894,37.223198,4.0
2023-04-05,15.2,45938.6,0.0,0.0,86,1009.9,1009.5,22.4,10.4,35,8.0,0.0,31493.97,274,49.5894,37.223198,4.0
2023-04-06,13.6,46078.48,0.0,0.0,81,1009.4,1008.9,19.3,8.1,27,14.4,0.0,35224.61,303,49.5894,37.223198,4.0
2023-04-07,13.7,46217.36,0.0,0.0,81,1013.4,1012.9,20.7,8.5,23,12.0,0.0,39131.26,289,49.5894,37.223198,4.0
2023-04-08,14.8,46355.32,0.0,0.0,82,1014.3,1013.8,24.5,9.2,71,21.4,0.0,32555.59,256,49.5894,37.223198,4.0
2023-04-09,13.8,46493.31,0.0,0.0,71,1022.8,1022.4,18.9,9.5,71,13.5,0.0,37496.75,289,49.5894,37.223198,4.0
2023-04-10,14.4,46631.45,0.0,0.0,81,1019.4,1019.0,20.5,9.9,98,9.6,0.0,27039.77,57,49.5894,37.223198,4.0
2023-04-11,16.1,46769.63,0.0,0.0,83,1010.5,1010.0,22.1,11.7,82,10.3,0.0,32725.67,97,49.5894,37.223198,4.0
2023-04-12,21.6,46907.77,0.4,0.0,62,1001.5,1001.1,30.0,11.6,93,25.9,0.4,21600.0,175,49.5894,37.223198,4.0
2023-04-13,22.0,47045.77,2.5,0.0,45,1001.6,1001.1,27.1,18.0,57,30.2,2.5,34106.97,188,49.5894,37.223198,4.0
2023-04-14,17.6,47183.54,0.0,0.0,57,1012.4,1011.9,23.2,12.1,24,22.0,0.0,39999.63,220,49.5894,37.223198,4.0
2023-04-15,17.3,47320.98,0.0,0.0,65,1016.2,1015.7,23.2,12.4,4,19.4,0.0,40466.95,262,49.5894,37.223198,4.0
2023-04-16,12.1,47458.0,4.2,0.0,89,1024.2,1023.7,14.5,9.6,97,17.7,4.2,0.0,38,49.5894,37.223198,4.0
2023-04-17,11.3,47594.49,1.2,0.0,85,1026.4,1025.9,13.6,9.9,97,11.7,1.2,0.0,62,49.5894,37.223198,4.0
2023-04-18,13.1,47730.37,0.0,0.0,82,1023.4,1022.9,17.5,10.2,72,10.8,0.0,8471.12,61,49.5894,37.223198,4.0
2023-04-19,15.1,47865.52,0.0,0.0,82,1015.7,1015.2,22.1,9.2,45,13.4,0.0,39677.08,42,49.5894,37.223198,4.0
2023-04-20,17.8,47999.84,0.0,0.0,82,1007.3,1006.8,25.4,12.3,51,10.6,0.0,36063.24,336,49.5894,37.223198,4.0
2023-04-21,20.0,48133.23,0.5,0.0,77,1003.8,1003.4,32.0,13.4,79,14.0,0.5,35693.07,240,49.5894,37.223198,4.0
2023-04-22,16.7,48265.58,0.0,0.0,76,1011.7,1011.2,22.1,12.9,65,12.1,0.0,38092.9,304,49.5894,37.223198,4.0
2023-04-23,17.6,48396.77,0.0,0.0,72,1014.1,1013.7,23.8,12.2,76,11.9,0.0,30871.2,304,49.5894,37.223198,4.0
2023-04-24,17.6,48526.7,0.1,0.0,77,1011.2,1010.7,23.5,13.0,78,13.7,0.1,36000.0,319,49.5894,37.223198,4.0
2023-04-25,17.9,48655.25,3.0,0.0,80,1011.2,1010.7,22.0,14.5,98,15.1,3.0,29556.89,334,49.5894,37.223198,4.0
2023-04-26,17.4,48782.3,5.7,0.0,86,1014.0,1013.6,21.5,13.9,52,11.0,5.7,26598.01,342,49.5894,37.223198,4.0
2023-04-27,18.3,48907.75,0.1,0.0,86,1011.7,1011.2,24.5,14.1,61,9.7,0.1,33471.76,8,49.5894,37.223198,4.0
2023-04-28,19.7,49031.61,0.0,0.0,83,1009.4,1008.9,25.4,15.1,31,11.0,0.0,31717.58,350,49.5894,37.223198,4.0
2023-04-29,20.5,49154.86,0.0,0.0,81,1006.6,1006.2,27.5,14.6,40,17.9,0.0,40210.34,321,49.5894,37.223198,4.0
2023-04-30,21.2,49277.54,1.5,0.0,79,1005.2,1004.7,29.0,16.4,49,18.5,1.5,30033.03,222,49.5894,37.223198,4.0
2023-05-01,17.7,49399.57,0.3,0.0,82,1010.9,1010.4,20.5,15.4,81,17.7,0.3,26068.15,334,49.5894,37.223198,4.0
2023-05-02,15.7,49520.85,5.5,0.0,87,1018.3,1017.8,19.0,13.8,71,12.5,5.5,21831.09,38,49.5894,37.223198,4.0
2023-05-03,13.9,49641.27,35.4,0.0,93,1021.5,1021.0,15.4,12.3,100,21.7,35.4,0.0,9,49.5894,37.223198,4.0
2023-05-04,12.7,49760.73,70.4,0.0,90,1022.9,1022.4,16.5,9.6,56,14.0,70.4,13058.59,293,49.5894,37.223198,4.0
2023-05-05,16.0,49879.12,0.0,0.0,78,1016.4,1016.0,23.3,9.3,2,14.1,0.0,43232.09,109,49.5894,37.223198,4.0
2023-05-06,17.1,49996.34,0.0,0.0,85,1015.2,1014.7,22.6,12.6,22,13.7,0.0,42557.28,307,49.5894,37.223198,4.0
2023-05-07,18.8,50112.27,0.0,0.0,83,1012.8,1012.3,25.1,13.4,64,12.8,0.0,38414.23,48,49.5894,37.223198,4.0
2023-05-08,17.8,50226.8,0.1,0.0,85,1009.9,1009.4,21.4,13.9,46,16.7,0.1,35416.71,316,49.5894,37.223198,4.0
2023-05-09,18.2,50339.82,2.3,0.0,81,1015.0,1014.5,23.2,14.6,72,14.2,2.3,29667.89,55,49.5894,37.223198,4.0
2023-05-10,17.0,50451.21,9.6,0.0,92,1015.8,1015.3,18.8,14.4,84,11.9,9.6,5981.56,53,49.5894,37.223198,4.0
2023-05-11,19.1,50560.86,0.0,0.0,87,1016.3,1015.8,26.0,15.2,74,11.5,0.0,26616.77,353,49.5894,37.223198,4.0
2023-05-12,17.9,50668.62,2.6,0.0,89,1019.9,1019.4,20.2,15.9,96,12.1,2.6,2982.62,49,49.5894,37.223198,4.0
2023-05-13,16.9,50774.41,4.6,0.0,90,1015.8,1015.4,19.5,14.7,100,11.7,4.6,80.64,19,49.5894,37.223198,4.0
2023-05-14,14.4,50878.07,7.8,0.0,92,1015.2,1014.8,15.8,12.9,100,15.4,7.8,0.0,337,49.5894,37.223198,4.0
2023-05-15,12.4,50979.49,26.1,0.0,93,1018.2,1017.7,13.8,10.1,80,17.4,26.1,0.0,345,49.5894,37.223198,4.0
2023-05-16,15.3,51078.53,0.0,0.0,72,1018.3,1017.8,21.4,9.6,7,11.4,0.0,44909.77,144,49.5894,37.223198,4.0
2023-05-17,17.4,51175.07,1.1,0.0,75,1012.6,1012.1,24.5,8.9,34,20.4,1.1,45396.36,358,49.5894,37.223198,4.0
2023-05-18,18.2,51269.12,0.1,0.0,81,1013.6,1013.1,23.0,14.9,59,14.4,0.1,42928.0,108,49.5894,37.223198,4.0
2023-05-19,19.8,51361.46,0.0,0.0,82,1013.5,1013.0,25.5,15.0,88,13.6,0.0,28050.27,329,49.5894,37.223198,4.0
2023-05-20,19.5,51452.12,1.0,0.0,81,1013.6,1013.1,24.0,16.0,76,15.8,1.0,43133.94,344,49.5894,37.223198,4.0
2023-05-21,19.6,51541.05,0.1,0.0,83,1009.8,1009.4,24.5,14.9,79,11.0,0.1,37233.08,2,49.5894,37.223198,4.0
2023-05-22,21.2,51628.14,0.0,0.0,85,1009.9,1009.5,26.9,15.9,68,12.6,0.0,37352.88,331,49.5894,37.223198,4.0
2023-05-23,23.3,51713.3,0.0,0.0,84,1012.8,1012.3,28.7,18.9,29,8.4,0.0,37530.81,352,49.5894,37.223198,4.0
2023-05-24,23.8,51796.43,0.0,0.0,79,1012.0,1011.5,30.1,19.4,71,15.6,0.0,37441.38,300,49.5894,37.223198,4.0
2023-05-25,23.8,51877.45,0.0,0.0,79,1011.4,1010.9,28.1,19.5,86,12.0,0.0,32208.23,290,49.5894,37.223198,4.0
2023-05-26,24.1,51956.25,11.8,0.0,76,1010.2,1009.8,27.7,20.1,75,14.3,11.8,36148.48,318,49.5894,37.223198,4.0
2023-05-27,24.0,52032.75,0.0,0.0,79,1010.0,1009.6,30.5,19.4,24,12.4,0.0,42469.12,332,49.5894,37.223198,4.0
2023-05-28,23.7,52106.86,0.0,0.0,81,1012.2,1011.7,28.5,19.5,44,13.2,0.0,45618.99,332,49.5894,37.223198,4.0
2023-05-29,24.7,52178.46,0.0,0.0,78,1010.3,1009.8,30.4,19.9,63,11.6,0.0,44195.2,326,49.5894,37.223198,4.0
2023-05-30,25.7,52247.46,0.1,0.0,76,1008.8,1008.3,31.2,21.0,94,11.6,0.1,31375.42,319,49.5894,37.223198,4.0
2023-05-31,24.4,52313.77,5.6,0.0,80,1009.6,1009.2,29.4,20.0,65,15.3,5.6,33261.48,299,49.5894,37.223198,4.0
2023-06-01,22.7,52377.3,3.7,0.0,81,1011.8,1011.4,26.1,19.6,33,16.2,3.7,42026.61,339,49.5894,37.223198,4.0
2023-06-02,23.5,52437.92,0.0,0.0,81,1013.9,1013.4,28.6,19.4,55,13.7,0.0,42020.98,24,49.5894,37.223198,4.0
2023-06-03,24.4,52495.57,0.0,0.0,78,1013.2,1012.8,31.3,19.9,36,12.5,0.0,44430.84,44,49.5894,37.223198,4.0
2023-06-04,25.5,52550.12,0.0,0.0,78,1010.5,1010.0,31.4,20.2,24,12.2,0.0,44721.94,346,49.5894,37.223198,4.0
2023-06-05,24.3,52601.5,0.2,0.0,79,1010.6,1010.1,28.6,20.7,85,13.1,0.2,38033.48,320,49.5894,37.223198,4.0
2023-06-06,23.3,52649.59,0.1,0.0,77,1014.5,1014.1,26.2,20.9,92,19.1,0.1,31213.25,340,49.5894,37.223198,4.0
2023-06-07,20.3,52694.37,17.6,0.0,89,1017.2,1016.8,23.1,17.9,100,17.1,17.6,600.53,326,49.5894,37.223198,4.0
2023-06-08,18.9,52736.23,20.7,0.0,93,1019.7,1019.2,21.4,17.4,100,12.1,20.7,0.0,296,49.5894,37.223198,4.0
2023-06-09,21.1,52775.21,0.4,0.0,78,1015.5,1015.0,25.6,16.5,62,13.7,0.4,43133.75,103,49.5894,37.223198,4.0
2023-06-10,22.7,52811.28,0.0,0.0,80,1009.4,1009.0,27.5,17.6,54,8.4,0.0,44480.09,88,49.5894,37.223198,4.0
2023-06-11,23.8,52844.41,0.6,0.0,83,1006.3,1005.9,29.5,19.8,41,16.1,0.6,37191.93,291,49.5894,37.223198,4.0
2023-06-12,25.8,52874.58,0.0,0.0,77,1005.3,1004.8,31.9,20.4,9,10.9,0.0,45572.12,102,49.5894,37.223198,4.0
2023-06-13,25.9,52901.76,0.0,0.0,80,1004.7,1004.2,32.3,20.5,42,14.0,0.0,43381.63,337,49.5894,37.223198,4.0
2023-06-14,25.8,52925.93,0.0,0.0,81,1005.3,1004.9,31.1,22.1,53,13.4,0.0,38765.2,305,49.5894,37.223198,4.0
2023-06-15,25.6,52947.05,0.0,0.0,74,1005.4,1005.0,30.3,21.6,4,14.3,0.0,46029.52,300,49.5894,37.223198,4.0
2023-06-16,24.2,52965.12,1.0,0.0,75,1006.9,1006.5,28.1,20.6,26,11.9,1.0,45737.44,341,49.5894,37.223198,4.0
2023-06-17,25.1,52980.11,0.0,0.0,71,1004.8,1004.3,31.1,20.1,3,13.6,0.0,45895.47,56,49.5894,37.223198,4.0
2023-06-18,26.7,52991.99,0.2,0.0,72,1002.5,1002.1,33.5,20.2,9,12.0,0.2,46055.71,281,49.5894,37.223198,4.0
2023-06-19,25.1,53000.77,0.1,0.0,77,1008.7,1008.2,28.5,22.0,45,14.1,0.1,37660.39,314,49.5894,37.223198,4.0
2023-06-20,24.2,53006.4,4.2,0.0,80,1007.7,1007.3,28.7,20.2,79,14.7,4.2,34828.2,355,49.5894,37.223198,4.0
2023-06-21,21.0,53008.89,3.5,0.0,82,1012.6,1012.2,23.9,18.2,66,16.5,3.5,19480.23,303,49.5894,37.223198,4.0
2023-06-22,22.4,53008.21,0.0,0.0,67,1013.9,1013.4,26.4,19.0,29,11.2,0.0,36925.2,317,49.5894,37.223198,4.0
2023-06-23,21.5,53004.35,0.4,0.0,72,1016.7,1016.2,25.0,20.2,79,14.3,0.4,2865.53,266,49.5894,37.223198,4.0
2023-06-24,22.0,52997.3,0.4,0.0,73,1015.2,1014.7,24.5,19.7,73,11.6,0.4,16027.97,274,49.5894,37.223198,4.0
2023-06-25,23.6,52987.05,0.0,0.0,60,1012.7,1012.2,28.8,18.4,9,12.1,0.0,45341.15,286,49.5894,37.223198,4.0
2023-06-26,25.0,52973.59,0.0,0.0,61,1006.6,1006.2,30.9,17.8,0,8.0,0.0,45883.12,195,49.5894,37.223198,4.0
2023-06-27,25.6,52956.89,0.0,0.0,69,1004.3,1003.9,31.5,20.6,16,15.8,0.0,43187.18,314,49.5894,37.223198,4.0
2023-06-28,25.3,52936.76,0.1,0.0,71,1010.7,1010.3,29.8,21.0,30,12.0,0.1,36443.75,342,49.5894,37.223198,4.0
2023-06-29,25.1,52913.22,0.0,0.0,71,1007.6,1007.1,29.5,20.7,29,10.7,0.0,43514.43,41,49.5894,37.223198,4.0
2023-06-30,25.8,52886.35,0.0,0.0,70,1004.9,1004.5,31.5,21.2,21,13.3,0.0,42058.97,335,49.5894,37.223198,4.0
2023-07-01,22.5,52856.2,2.8,0.0,89,1009.2,1008.8,25.1,20.9,87,16.2,2.8,8081.45,336,49.5894,37.223198,4.0
2023-07-02,22.8,52822.86,1.9,0.0,87,1012.8,1012.4,25.5,20.7,54,10.6,1.9,13580.48,15,49.5894,37.223198,4.0
2023-07-03,24.6,52786.39,0.0,0.0,75,1012.6,1012.2,28.4,20.8,36,9.1,0.0,37360.46,122,49.5894,37.223198,4.0
2023-07-04,25.9,52746.85,0.0,0.0,68,1012.2,1011.7,30.5,21.4,40,10.7,0.0,42849.98,318,49.5894,37.223198,4.0
2023-07-05,26.0,52704.32,0.1,0.0,71,1012.6,1012.2,30.3,22.4,27,14.9,0.1,44186.0,328,49.5894,37.223198,4.0
2023-07-06,26.1,52658.89,0.0,0.0,61,1012.5,1012.1,30.4,22.5,22,12.6,0.0,44705.61,313,49.5894,37.223198,4.0
2023-07-07,27.2,52610.61,0.0,0.0,60,1010.3,1009.9,33.3,21.8,0,13.0,0.0,44901.76,295,49.5894,37.223198,4.0
2023-07-08,28.2,52559.55,0.0,0.0,67,1004.4,1003.9,34.2,22.8,9,13.6,0.0,44934.13,284,49.5894,37.223198,4.0
2023-07-09,28.3,52505.79,0.0,0.0,62,1000.2,999.7,33.7,24.1,1,11.0,0.0,44798.11,301,49.5894,37.223198,4.0
2023-07-10,28.5,52449.41,0.0,0.0,58,1000.5,1000.1,34.5,23.0,0,16.8,0.0,45003.39,306,49.5894,37.223198,4.0
2023-07-11,26.8,52390.48,1.0,0.0,75,1009.6,1009.2,30.4,23.4,65,15.8,1.0,35245.15,23,49.5894,37.223198,4.0
2023-07-12,23.0,52329.08,10.2,0.0,83,1017.0,1016.5,24.8,21.6,98,13.0,10.2,2173.97,317,49.5894,37.223198,4.0
2023-07-13,24.5,52265.27,0.3,0.0,82,1016.7,1016.2,27.2,22.4,79,8.5,0.3,16541.56,339,49.5894,37.223198,4.0
2023-07-14,24.5,52199.13,0.4,0.0,81,1013.9,1013.4,27.3,22.1,65,9.0,0.4,17209.07,319,49.5894,37.223198,4.0
2023-07-15,25.8,52130.73,0.0,0.0,68,1009.0,1008.5,30.0,22.0,6,10.6,0.0,43700.96,221,49.5894,37.223198,4.0
2023-07-16,25.2,52060.16,1.9,0.0,81,1010.3,1009.8,29.0,22.1,55,16.3,1.9,34009.04,310,49.5894,37.223198,4.0
2023-07-17,21.9,51987.34,5.6,0.0,92,1013.3,1012.8,23.4,20.1,95,14.8,5.6,0.0,2,49.5894,37.223198,4.0
2023-07-18,20.7,51911.63,3.9,0.0,93,1014.3,1013.8,22.1,19.2,95,10.0,3.9,0.0,321,49.5894,37.223198,4.0
2023-07-19,22.7,51833.04,0.0,0.0,79,1011.9,1011.4,25.1,19.1,72,6.9,0.0,2398.01,201,49.5894,37.223198,4.0
2023-07-20,24.5,51751.68,0.0,0.0,79,1011.2,1010.8,28.1,21.8,57,7.6,0.0,23238.72,177,49.5894,37.223198,4.0
2023-07-21,26.3,51667.69,0.1,0.0,76,1009.8,1009.3,30.7,23.0,29,10.1,0.1,42286.01,264,49.5894,37.223198,4.0
2023-07-22,26.9,51581.17,0.0,0.0,71,1011.7,1011.3,32.0,22.7,4,13.0,0.0,43910.16,306,49.5894,37.223198,4.0
2023-07-23,26.8,51492.25,0.0,0.0,68,1009.4,1008.9,31.2,23.5,35,12.3,0.0,40629.18,289,49.5894,37.223198,4.0
2023-07-24,27.0,51401.05,0.0,0.0,67,1005.0,1004.6,31.5,22.9,22,12.5,0.0,43948.73,284,49.5894,37.223198,4.0
2023-07-25,25.5,51307.7,8.3,0.0,72,1009.2,1008.7,28.6,22.5,49,15.1,8.3,35567.01,294,49.5894,37.223198,4.0
2023-07-26,24.5,51212.3,5.9,0.0,79,1012.8,1012.3,27.9,21.6,44,11.9,5.9,34872.77,292,49.5894,37.223198,4.0
2023-07-27,26.1,51114.96,0.0,0.0,71,1010.2,1009.8,31.4,21.4,11,13.8,0.0,41385.16,93,49.5894,37.223198,4.0
2023-07-28,27.7,51015.82,0.0,0.0,70,1004.6,1004.2,34.3,21.9,2,7.6,0.0,43806.01,52,49.5894,37.223198,4.0
2023-07-29,25.6,50914.97,3.4,0.0,83,1009.1,1008.7,28.9,23.5,85,15.7,3.4,11698.12,350,49.5894,37.223198,4.0
2023-07-30,23.7,50812.52,5.7,0.0,92,1010.2,1009.7,24.9,21.8,100,14.5,5.7,0.0,339,49.5894,37.223198,4.0
2023-07-31,24.2,50708.59,1.3,0.0,87,1009.4,1008.9,27.5,22.0,99,11.8,1.3,12032.41,295,49.5894,37.223198,4.0
2023-08-01,26.3,50603.27,0.0,0.0,75,1008.0,1007.5,29.9,23.5,49,11.2,0.0,36720.2,260,49.5894,37.223198,4.0
2023-08-02,27.2,50496.68,0.0,0.0,74,1006.1,1005.7,33.0,22.5,8,11.9,0.0,43522.32,306,49.5894,37.223198,4.0
2023-08-03,27.6,50388.93,0.0,0.0,74,1007.4,1007.0,32.2,23.8,26,12.2,0.0,41057.28,292,49.5894,37.223198,4.0
2023-08-04,27.2,50280.09,0.0,0.0,62,1010.9,1010.4,31.1,23.6,23,16.2,0.0,43384.8,290,49.5894,37.223198,4.0
2023-08-05,27.8,50170.28,0.0,0.0,51,1012.7,1012.3,33.5,24.2,29,12.0,0.0,42852.23,221,49.5894,37.223198,4.0
2023-08-06,27.8,50059.43,0.0,0.0,53,1009.1,1008.6,33.0,23.6,25,10.9,0.0,42923.07,266,49.5894,37.223198,4.0
2023-08-07,28.9,49946.68,0.0,0.0,59,1005.4,1004.9,35.4,22.6,20,10.9,0.0,42603.89,333,49.5894,37.223198,4.0
2023-08-08,29.1,49831.97,0.1,0.0,68,1008.1,1007.7,34.3,24.8,8,15.5,0.1,42458.61,308,49.5894,37.223198,4.0
2023-08-09,30.1,49715.43,0.0,0.0,61,1010.6,1010.2,36.8,24.9,1,15.1,0.0,43013.69,47,49.5894,37.223198,4.0
2023-08-10,30.1,49597.2,0.0,0.0,61,1012.5,1012.0,37.3,24.8,0,15.3,0.0,42827.98,45,49.5894,37.223198,4.0
2023-08-11,30.0,49477.37,0.0,0.0,59,1012.6,1012.1,37.1,24.0,0,13.2,0.0,42777.38,25,49.5894,37.223198,4.0
2023-08-12,29.9,49356.07,0.0,0.0,62,1013.1,1012.7,36.3,24.7,1,14.9,0.0,42476.35,318,49.5894,37.223198,4.0
2023-08-13,29.4,49233.42,0.0,0.0,64,1014.5,1014.0,35.3,24.0,1,13.4,0.0,42702.38,315,49.5894,37.223198,4.0
2023-08-14,29.0,49109.54,0.0,0.0,64,1016.8,1016.4,34.3,24.2,3,11.8,0.0,42498.06,342,49.5894,37.223198,4.0
2023-08-15,28.8,48984.52,0.0,0.0,58,1015.6,1015.2,35.5,22.7,6,16.6,0.0,42287.88,56,49.5894,37.223198,4.0
2023-08-16,27.3,48858.49,0.0,0.0,55,1013.7,1013.2,33.8,21.0,0,15.5,0.0,42537.84,27,49.5894,37.223198,4.0
2023-08-17,27.0,48731.54,0.0,0.0,55,1011.7,1011.2,34.0,20.5,0,13.6,0.0,42488.63,19,49.5894,37.223198,4.0
2023-08-18,27.1,48603.78,0.0,0.0,60,1011.5,1011.1,33.2,21.6,28,14.4,0.0,41615.17,315,49.5894,37.223198,4.0
2023-08-19,27.1,48475.31,0.0,0.0,63,1012.5,1012.0,31.7,23.0,46,13.7,0.0,36584.21,314,49.5894,37.223198,4.0
2023-08-20,26.6,48346.24,0.3,0.0,70,1014.1,1013.6,30.1,23.7,39,15.4,0.3,33095.7,281,49.5894,37.223198,4.0
2023-08-21,27.9,48216.66,0.0,0.0,64,1012.0,1011.5,34.5,23.4,13,16.2,0.0,41542.52,91,49.5894,37.223198,4.0
2023-08-22,28.5,48086.66,0.0,0.0,66,1010.2,1009.8,34.7,22.9,10,10.6,0.0,41755.67,285,49.5894,37.223198,4.0
2023-08-23,29.4,47956.36,0.0,0.0,63,1010.8,1010.4,35.8,25.1,10,16.6,0.0,40569.72,42,49.5894,37.223198,4.0
2023-08-24,29.1,47825.83,0.0,0.0,68,1008.7,1008.3,35.5,24.5,29,13.2,0.0,38362.41,10,49.5894,37.223198,4.0
2023-08-25,26.0,47695.16,8.5,0.0,84,1008.8,1008.4,29.2,22.4,96,15.6,8.5,27489.38,311,49.5894,37.223198,4.0
2023-08-26,22.0,47564.29,13.3,0.0,94,1014.0,1013.5,23.2,20.8,96,14.3,13.3,0.0,334,49.5894,37.223198,4.0
2023-08-27,22.7,47432.3,0.3,0.0,83,1013.9,1013.4,25.9,20.8,73,9.4,0.3,11771.5,317,49.5894,37.223198,4.0
2023-08-28,24.7,47299.11,0.0,0.0,74,1006.1,1005.7,30.4,21.1,25,9.9,0.0,40527.64,258,49.5894,37.223198,4.0
2023-08-29,24.9,47164.82,0.1,0.0,75,1004.5,1004.1,29.0,21.4,61,16.3,0.1,32400.0,289,49.5894,37.223198,4.0
2023-08-30,21.9,47029.55,10.7,0.0,93,1012.8,1012.4,23.5,20.6,94,20.9,10.7,12109.58,298,49.5894,37.223198,4.0
2023-08-31,23.9,46893.39,0.0,0.0,81,1014.5,1014.1,28.0,21.2,51,9.7,0.0,26028.3,186,49.5894,37.223198,4.0
2023-09-01,25.8,46756.42,0.0,0.0,74,1013.4,1012.9,32.0,21.0,11,12.5,0.0,39632.48,330,49.5894,37.223198,4.0
2023-09-02,26.4,46618.76,0.0,0.0,70,1013.0,1012.5,32.3,21.9,10,13.0,0.0,40058.14,342,49.5894,37.223198,4.0
2023-09-03,25.6,46480.49,0.0,0.0,74,1013.2,1012.8,29.0,23.0,61,9.6,0.0,18513.6,177,49.5894,37.223198,4.0
2023-09-04,25.9,46341.71,0.0,0.0,75,1010.8,1010.4,31.2,23.0,57,17.5,0.0,30718.66,254,49.5894,37.223198,4.0
2023-09-05,27.0,46202.5,0.0,0.0,73,1011.4,1010.9,32.8,23.2,5,14.0,0.0,39955.78,56,49.5894,37.223198,4.0
2023-09-06,27.6,46062.95,0.0,0.0,76,1009.9,1009.4,33.7,22.5,9,12.0,0.0,39692.75,324,49.5894,37.223198,4.0
2023-09-07,25.2,45923.16,8.2,0.0,87,1012.6,1012.1,28.2,23.0,83,14.6,8.2,23433.53,308,49.5894,37.223198,4.0
2023-09-08,23.4,45783.2,9.4,0.0,92,1012.4,1012.0,24.2,22.2,100,10.0,9.4,727.95,13,49.5894,37.223198,4.0
2023-09-09,23.0,45643.18,2.5,0.0,86,1008.9,1008.4,26.5,21.1,97,12.9,2.5,14400.0,311,49.5894,37.223198,4.0
2023-09-10,21.4,45503.16,9.7,0.0,90,1010.9,1010.4,25.0,18.6,92,18.7,9.7,18834.52,339,49.5894,37.223198,4.0
2023-09-11,20.4,45363.24,0.3,0.0,74,1015.0,1014.6,23.5,18.5,79,15.1,0.3,27960.75,63,49.5894,37.223198,4.0
2023-09-12,21.1,45223.5,0.0,0.0,78,1014.1,1013.6,24.2,18.7,61,11.0,0.0,28864.58,281,49.5894,37.223198,4.0
2023-09-13,21.0,45084.02,5.1,0.0,85,1015.3,1014.8,24.0,19.2,69,17.1,5.1,36080.15,304,49.5894,37.223198,4.0
2023-09-14,18.6,44944.88,19.1,0.0,93,1017.3,1016.8,19.6,17.5,100,17.1,19.1,0.0,286,49.5894,37.223198,4.0
2023-09-15,19.5,44806.0,3.1,0.0,88,1018.5,1018.0,21.1,18.2,89,14.3,3.1,0.0,242,49.5894,37.223198,4.0
2023-09-16,21.3,44666.45,0.0,0.0,77,1016.3,1015.8,25.9,17.9,21,9.0,0.0,34415.37,277,49.5894,37.223198,4.0
2023-09-17,22.0,44526.14,1.3,0.0,79,1014.3,1013.8,26.0,19.1,68,11.2,1.3,30921.0,270,49.5894,37.223198,4.0
2023-09-18,18.5,44385.16,15.9,0.0,95,1016.9,1016.5,20.3,17.1,99,32.4,15.9,0.0,297,49.5894,37.223198,4.0
2023-09-19,16.8,44243.61,25.0,0.0,95,1023.0,1022.5,17.8,16.1,99,26.5,25.0,0.0,295,49.5894,37.223198,4.0
2023-09-20,18.9,44101.57,1.2,0.0,91,1021.7,1021.2,21.0,17.1,100,6.9,1.2,0.0,268,49.5894,37.223198,4.0
2023-09-21,20.6,43959.14,0.4,0.0,86,1020.3,1019.8,24.0,18.9,63,9.4,0.4,21715.11,272,49.5894,37.223198,4.0
2023-09-22,21.6,43816.41,0.0,0.0,80,1021.5,1021.0,25.8,18.0,34,8.5,0.0,33222.86,250,49.5894,37.223198,4.0
2023-09-23,21.5,43673.45,0.0,0.0,77,1021.8,1021.3,25.5,18.6,29,10.1,0.0,38189.71,261,49.5894,37.223198,4.0
2023-09-24,21.7,43530.36,0.0,0.0,77,1019.4,1018.9,25.8,18.4,56,11.3,0.0,36579.81,251,49.5894,37.223198,4.0
2023-09-25,20.8,43387.23,6.1,0.0,87,1017.9,1017.4,23.9,18.6,94,14.4,6.1,16521.87,290,49.5894,37.223198,4.0
2023-09-26,19.1,43244.13,13.0,0.0,88,1020.8,1020.3,21.5,18.0,99,17.5,13.0,1894.06,275,49.5894,37.223198,4.0
2023-09-27,19.9,43101.17,0.5,0.0,86,1022.2,1021.7,23.8,17.4,44,9.4,0.5,25560.18,274,49.5894,37.223198,4.0
2023-09-28,20.8,42958.43,0.0,0.0,80,1021.0,1020.5,25.0,17.4,21,9.0,0.0,31786.23,194,49.5894,37.223198,4.0
2023-09-29,20.9,42815.99,0.0,0.0,81,1019.1,1018.6,25.3,17.9,12,9.8,0.0,38449.46,324,49.5894,37.223198,4.0
2023-09-30,21.2,42673.94,0.0,0.0,78,1015.9,1015.4,25.1,18.0,73,13.4,0.0,35035.29,180,49.5894,37.223198,4.0
2023-10-01,21.5,42532.38,0.0,0.0,77,1013.3,1012.8,25.8,18.6,54,10.4,0.0,36194.5,231,49.5894,37.223198,4.0
2023-10-02,21.0,42391.38,0.0,0.0,81,1009.4,1008.9,26.5,17.4,67,10.9,0.0,26530.21,240,49.5894,37.223198,4.0
2023-10-03,21.6,42251.05,8.9,0.0,84,1013.7,1013.2,26.1,17.3,80,14.8,8.9,32798.55,298,49.5894,37.223198,4.0
2023-10-04,18.8,42111.46,20.4,0.0,93,1018.7,1018.2,20.2,17.4,94,21.7,20.4,0.0,286,49.5894,37.223198,4.0
2023-10-05,16.1,41972.54,24.8,0.0,87,1023.3,1022.9,19.8,12.6,67,20.7,24.8,18258.86,252,49.5894,37.223198,4.0
2023-10-06,17.3,41833.26,0.0,0.0,79,1019.6,1019.1,22.5,12.9,17,10.5,0.0,36758.43,120,49.5894,37.223198,4.0
2023-10-07,18.7,41693.55,0.1,0.0,80,1018.9,1018.4,23.1,13.8,26,10.4,0.1,37087.45,266,49.5894,37.223198,4.0
2023-10-08,19.7,41553.49,0.0,0.0,81,1015.0,1014.6,24.7,16.3,8,10.5,0.0,36762.77,174,49.5894,37.223198,4.0
2023-10-09,20.8,41413.2,5.5,0.0,84,1010.7,1010.2,26.2,15.4,64,13.6,5.5,35472.13,272,49.5894,37.223198,4.0
2023-10-10,18.1,41272.77,38.8,0.0,95,1017.6,1017.1,19.0,17.4,100,16.8,38.8,0.0,283,49.5894,37.223198,4.0
2023-10-11,16.8,41132.3,4.9,0.0,91,1019.3,1018.8,18.2,14.7,100,15.5,4.9,0.0,289,49.5894,37.223198,4.0
2023-10-12,14.7,40991.9,49.8,0.0,95,1030.5,1030.0,15.8,13.6,99,19.8,49.8,0.0,344,49.5894,37.223198,4.0
2023-10-13,16.1,40851.66,1.9,0.0,89,1023.5,1023.0,18.7,13.9,93,8.4,1.9,17858.13,263,49.5894,37.223198,4.0
2023-10-14,16.3,40711.7,0.5,0.0,92,1022.4,1021.9,19.0,14.1,63,9.5,0.5,8661.83,256,49.5894,37.223198,4.0
2023-10-15,17.0,40572.11,0.0,0.0,86,1017.4,1017.0,21.6,13.2,22,10.7,0.0,34016.5,140,49.5894,37.223198,4.0
2023-10-16,17.8,40433.01,0.0,0.0,87,1008.9,1008.4,23.5,13.6,46,9.9,0.0,32518.01,226,49.5894,37.223198,4.0
2023-10-17,18.3,40294.49,18.5,0.0,90,1016.6,1016.1,23.0,15.8,84,12.5,18.5,26069.69,349,49.5894,37.223198,4.0
2023-10-18,17.7,40156.68,6.1,0.0,91,1018.5,1018.0,20.2,16.5,94,10.6,6.1,15859.71,298,49.5894,37.223198,4.0
2023-10-19,18.5,40019.68,10.9,0.0,88,1015.2,1014.7,24.0,14.8,70,18.4,10.9,30930.58,284,49.5894,37.223198,4.0
2023-10-20,16.3,39883.6,8.8,0.0,93,1022.2,1021.7,18.9,14.4,63,12.3,8.8,17248.78,282,49.5894,37.223198,4.0
2023-10-21,18.0,39748.56,0.0,0.0,87,1017.6,1017.1,23.0,14.1,32,10.7,0.0,32470.2,261,49.5894,37.223198,4.0
2023-10-22,19.4,39614.68,0.0,0.0,77,1021.2,1020.7,25.5,15.1,14,10.1,0.0,33179.66,250,49.5894,37.223198,4.0
2023-10-23,18.4,39482.07,0.0,0.0,86,1020.3,1019.9,22.4,15.0,28,8.8,0.0,32689.39,236,49.5894,37.223198,4.0
2023-10-24,18.4,39350.86,0.0,0.0,86,1013.1,1012.6,23.5,14.4,43,10.1,0.0,32829.27,239,49.5894,37.223198,4.0
2023-10-25,19.0,39220.96,0.2,0.0,85,1016.0,1015.5,23.0,15.4,60,13.0,0.2,32513.85,281,49.5894,37.223198,4.0
2023-10-26,19.0,39091.27,0.0,0.0,87,1013.9,1013.4,25.1,15.1,68,7.8,0.0,29987.1,224,49.5894,37.223198,4.0
2023-10-27,19.8,38961.67,0.0,0.0,86,1011.6,1011.1,26.4,14.6,78,8.7,0.0,32720.65,214,49.5894,37.223198,4.0
2023-10-28,19.6,38832.3,0.0,0.0,78,1011.7,1011.2,26.1,15.1,23,11.9,0.0,32400.0,217,49.5894,37.223198,4.0
2023-10-29,20.2,38703.29,0.1,0.0,76,1015.2,1014.7,26.5,14.9,27,10.4,0.1,32990.4,262,49.5894,37.223198,4.0
2023-10-30,17.5,38574.74,1.9,0.0,88,1026.4,1025.9,20.4,13.4,95,18.4,1.9,4684.48,300,49.5894,37.223198,4.0
2023-10-31,16.8,38446.78,0.0,0.0,81,1026.5,1026.0,20.4,13.5,99,6.7,0.0,24308.6,209,49.5894,37.223198,4.0
2023-11-01,17.2,38319.54,0.0,0.0,85,1020.8,1020.4,21.4,14.2,98,7.7,0.0,16363.65,204,49.5894,37.223198,4.0
2023-11-02,18.0,38193.15,0.0,0.0,94,1015.8,1015.3,23.0,14.3,91,7.1,0.0,23662.77,252,49.5894,37.223198,4.0
2023-11-03,19.0,38067.74,0.0,0.0,90,1012.3,1011.8,24.1,14.5,68,8.7,0.0,21836.89,210,49.5894,37.223198,4.0
2023-11-04,16.7,37943.43,78.5,0.0,96,1016.2,1015.7,17.6,15.9,97,18.4,78.5,0.0,263,49.5894,37.223198,4.0
2023-11-05,17.5,37820.38,0.1,0.0,89,1015.9,1015.4,22.4,13.2,11,7.6,0.1,32400.0,135,49.5894,37.223198,4.0
2023-11-06,17.2,37698.7,0.0,0.0,89,1011.3,1010.8,23.0,12.3,49,7.9,0.0,32400.0,233,49.5894,37.223198,4.0
2023-11-07,18.1,37578.56,5.6,0.0,82,1018.8,1018.4,22.9,14.9,61,12.6,5.6,32400.0,71,49.5894,37.223198,4.0
2023-11-08,15.7,37460.08,0.1,0.0,90,1024.1,1023.7,18.9,11.8,26,9.4,0.1,31592.43,133,49.5894,37.223198,4.0
2023-11-09,15.9,37343.41,0.0,0.0,89,1015.4,1015.0,21.9,11.4,39,7.3,0.0,32400.0,198,49.5894,37.223198,4.0
2023-11-10,16.3,37228.71,9.0,0.0,94,1022.7,1022.2,18.5,15.0,100,11.4,9.0,0.0,327,49.5894,37.223198,4.0
2023-11-11,16.2,37116.13,4.7,0.0,91,1025.7,1025.3,18.6,13.8,86,9.5,4.7,24196.58,282,49.5894,37.223198,4.0
2023-11-12,16.7,37005.81,0.0,0.0,91,1019.7,1019.2,21.5,13.6,81,7.1,0.0,28800.0,213,49.5894,37.223198,4.0
2023-11-13,16.9,36897.92,0.0,0.0,82,1017.2,1016.7,22.9,11.8,58,9.4,0.0,28792.79,239,49.5894,37.223198,4.0
2023-11-14,18.8,36792.4,0.0,0.0,89,1012.7,1012.3,24.8,14.6,57,13.9,0.0,32400.0,250,49.5894,37.223198,4.0
2023-11-15,16.6,36688.17,0.4,0.0,87,1014.6,1014.1,19.4,14.0,96,9.0,0.4,9848.59,233,49.5894,37.223198,4.0
2023-11-16,19.7,36585.14,0.0,0.0,62,1007.7,1007.3,25.6,15.6,22,25.1,0.0,32400.0,210,49.5894,37.223198,4.0
2023-11-17,17.4,36483.43,9.4,0.0,74,1014.1,1013.6,24.1,13.2,63,25.2,9.4,25200.0,255,49.5894,37.223198,4.0
2023-11-18,15.5,36383.17,0.0,0.0,90,1015.8,1015.3,20.0,13.0,78,7.1,0.0,32159.29,225,49.5894,37.223198,4.0
2023-11-19,16.6,36284.49,0.0,0.0,80,1008.4,1007.9,21.6,12.6,42,21.7,0.0,25200.0,172,49.5894,37.223198,4.0
2023-11-20,21.3,36187.51,0.5,0.0,40,998.9,998.4,26.1,19.0,66,29.0,0.5,14776.31,197,49.5894,37.223198,4.0
2023-11-21,14.3,36092.37,3.0,0.0,70,1009.1,1008.6,19.0,9.8,33,24.5,3.0,32400.0,236,49.5894,37.223198,4.0
2023-11-22,13.0,35999.2,0.0,0.0,63,1020.6,1020.2,18.0,7.2,7,19.5,0.0,32369.5,212,49.5894,37.223198,4.0
2023-11-23,14.3,35908.12,0.2,0.0,62,1012.3,1011.8,22.7,7.2,91,25.7,0.2,25737.2,212,49.5894,37.223198,4.0
2023-11-24,13.4,35819.29,0.4,0.0,85,1012.7,1012.2,18.7,9.6,33,9.4,0.4,30535.7,213,49.5894,37.223198,4.0
2023-11-25,16.4,35732.84,0.0,0.0,57,1008.4,1007.9,24.5,7.2,51,35.9,0.0,32275.7,199,49.5894,37.223198,4.0
2023-11-26,23.0,35648.89,0.0,0.0,27,1004.7,1004.2,24.7,20.5,29,31.9,0.0,29117.67,186,49.5894,37.223198,4.0
2023-11-27,21.6,35567.62,1.3,0.0,51,1003.5,1003.0,26.5,15.5,51,36.1,1.3,32158.28,200,49.5894,37.223198,4.0
2023-11-28,11.2,35489.14,16.8,0.0,93,1019.8,1019.3,15.1,9.9,100,19.6,16.8,0.0,291,49.5894,37.223198,4.0
2023-11-29,11.7,35413.6,0.7,0.0,88,1021.4,1020.9,16.2,8.5,54,9.2,0.7,24978.39,239,49.5894,37.223198,4.0
2023-11-30,12.3,35341.14,0.0,0.0,90,1016.9,1016.5,18.0,8.6,76,10.0,0.0,31291.09,219,49.5894,37.223198,4.0
2023-12-01,13.7,35271.93,0.0,0.0,85,1022.2,1021.7,18.3,9.4,25,10.4,0.0,31831.48,185,49.5894,37.223198,4.0
2023-12-02,12.2,35206.09,0.0,0.0,88,1017.9,1017.5,18.3,8.9,26,8.7,0.0,31250.68,226,49.5894,37.223198,4.0
2023-12-03,12.3,35143.78,0.0,0.0,77,1017.3,1016.8,19.5,6.0,0,9.7,0.0,31689.21,208,49.5894,37.223198,4.0
2023-12-04,12.5,35085.0,0.0,0.0,76,1017.2,1016.7,19.9,6.3,29,10.5,0.0,31623.97,228,49.5894,37.223198,4.0
2023-12-05,12.5,35029.05,0.3,0.0,80,1022.2,1021.7,18.4,5.3,40,14.8,0.3,31562.04,258,49.5894,37.223198,4.0
2023-12-06,12.1,34975.84,0.5,0.0,91,1020.0,1019.6,16.9,8.9,81,9.0,0.5,17428.65,198,49.5894,37.223198,4.0
2023-12-07,12.9,34925.45,1.7,0.0,91,1016.8,1016.3,17.2,8.4,89,13.7,1.7,19842.08,278,49.5894,37.223198,4.0
2023-12-08,13.2,34877.94,15.0,0.0,94,1023.4,1022.9,14.4,12.4,100,13.4,15.0,3600.0,279,49.5894,37.223198,4.0
2023-12-09,13.3,34833.37,0.5,0.0,89,1020.1,1019.7,16.8,9.9,99,13.4,0.5,9908.09,216,49.5894,37.223198,4.0
2023-12-10,16.8,34791.8,0.0,0.0,70,1015.2,1014.7,24.0,10.7,85,33.0,0.0,29969.69,220,49.5894,37.223198,4.0
2023-12-11,13.1,34753.3,1.4,0.0,89,1025.0,1024.5,14.3,11.1,99,14.9,1.4,378.11,80,49.5894,37.223198,4.0
2023-12-12,12.7,34717.92,1.5,0.0,88,1019.3,1018.8,16.4,10.6,98,6.6,1.5,16704.42,198,49.5894,37.223198,4.0
2023-12-13,12.2,34685.72,11.6,0.0,94,1013.2,1012.7,14.2,10.8,100,16.6,11.6,0.0,253,49.5894,37.223198,4.0
2023-12-14,10.4,34656.76,30.6,0.0,94,1020.3,1019.8,11.6,9.8,100,19.1,30.6,0.0,325,49.5894,37.223198,4.0
2023-12-15,10.1,34631.11,0.0,0.0,90,1023.2,1022.7,15.2,7.2,44,9.3,0.0,30499.15,196,49.5894,37.223198,4.0
2023-12-16,10.8,34608.81,0.0,0.0,92,1023.2,1022.7,16.1,7.4,85,8.1,0.0,21934.37,223,49.5894,37.223198,4.0
2023-12-17,11.3,34589.92,16.7,0.0,91,1021.3,1020.8,16.9,7.2,93,24.0,16.7,12953.86,290,49.5894,37.223198,4.0
2023-12-18,6.8,34574.5,9.2,0.0,84,1030.6,1030.1,7.8,5.3,91,27.1,9.2,0.0,255,49.5894,37.223198,4.0
2023-12-19,8.6,34562.61,0.0,0.0,78,1028.9,1028.4,11.1,5.7,88,6.2,0.0,14139.22,239,49.5894,37.223198,4.0
2023-12-20,8.1,34554.27,0.0,0.0,85,1027.2,1026.7,13.1,4.7,32,7.6,0.0,30255.06,226,49.5894,37.223198,4.0
2023-12-21,8.6,34549.56,0.0,0.0,85,1017.5,1017.0,14.6,4.2,24,8.2,0.0,30735.6,190,49.5894,37.223198,4.0
2023-12-22,16.2,34548.52,0.0,0.0,43,1006.5,1006.0,19.9,6.8,68,33.5,0.0,15832.44,196,49.5894,37.223198,4.0
2023-12-23,20.1,34551.18,0.0,0.0,34,1001.7,1001.3,21.6,19.0,45,39.4,0.0,29869.36,183,49.5894,37.223198,4.0
2023-12-24,19.0,34557.62,0.0,0.0,45,1005.5,1005.0,23.0,11.8,52,33.3,0.0,28156.44,187,49.5894,37.223198,4.0
2023-12-25,10.6,34567.86,0.0,0.0,70,1016.7,1016.2,17.9,5.8,60,25.7,0.0,18357.91,218,49.5894,37.223198,4.0
2023-12-26,15.8,34581.86,0.0,0.0,54,1017.3,1016.8,21.0,10.7,24,25.4,0.0,30807.12,206,49.5894,37.223198,4.0
2023-12-27,12.9,34599.56,0.0,0.0,85,1019.6,1019.1,17.9,10.0,55,9.4,0.0,28800.0,209,49.5894,37.223198,4.0
2023-12-28,12.3,34620.9,8.9,0.0,79,1021.2,1020.8,17.0,9.1,98,17.4,8.9,18000.0,347,49.5894,37.223198,4.0
2023-12-29,9.0,34645.79,0.5,0.0,90,1028.7,1028.2,12.9,5.8,62,9.0,0.5,20795.41,270,49.5894,37.223198,4.0
2023-12-30,9.2,34674.19,0.0,0.0,89,1022.9,1022.4,14.9,5.9,31,6.9,0.0,29616.87,231,49.5894,37.223198,4.0
2023-12-31,10.7,34706.01,0.0,0.0,91,1017.9,1017.4,14.9,7.1,74,7.1,0.0,29470.83,239,49.5894,37.223198,4.0
2024-01-01,10.3,34741.19,0.6,0.0,90,1023.9,1023.4,13.1,7.3,76,8.2,0.6,7895.69,217,49.5894,37.223198,4.0
2024-01-02,9.7,34779.66,0.0,0.0,92,1018.9,1018.4,15.8,6.1,78,8.3,0.0,29469.05,218,49.5894,37.223198,4.0
2024-01-03,12.0,34821.34,0.0,0.0,75,1011.8,1011.3,19.6,6.6,66,25.5,0.0,4020.23,219,49.5894,37.223198,4.0
2024-01-04,11.5,34866.16,0.0,0.0,75,1012.6,1012.1,17.0,6.8,57,22.6,0.0,29753.28,181,49.5894,37.223198,4.0
2024-01-05,16.7,34914.05,1.5,0.0,56,1010.3,1009.8,21.5,10.6,90,29.8,1.5,24313.63,192,49.5894,37.223198,4.0
2024-01-06,10.7,34964.93,6.7,0.0,69,1022.0,1021.5,13.4,7.3,58,21.2,6.7,12005.42,209,49.5894,37.223198,4.0
2024-01-07,11.4,35018.73,0.0,0.0,56,1019.5,1019.1,18.3,4.8,4,26.1,0.0,30606.1,174,49.5894,37.223198,4.0
2024-01-08,14.6,35075.38,0.0,0.0,48,1012.3,1011.8,20.8,7.9,87,30.7,0.0,19662.17,210,49.5894,37.223198,4.0
2024-01-09,17.2,35134.79,0.0,0.0,36,1011.1,1010.6,22.2,9.9,86,33.9,0.0,24843.12,209,49.5894,37.223198,4.0
2024-01-10,9.2,35196.89,15.9,0.0,95,1017.8,1017.3,11.2,7.2,100,14.0,15.9,0.0,272,49.5894,37.223198,4.0
2024-01-11,7.9,35261.62,6.5,0.0,94,1018.4,1017.9,9.2,5.6,99,12.3,6.5,0.0,269,49.5894,37.223198,4.0
2024-01-12,9.8,35328.88,0.0,0.0,86,1005.8,1005.3,16.7,5.8,72,27.6,0.0,16589.1,171,49.5894,37.223198,4.0
2024-01-13,7.6,35398.77,18.3,1.61,82,1012.4,1011.9,17.0,1.3,91,24.4,20.6,3632.22,255,49.5894,37.223198,4.0
2024-01-14,1.4,35472.04,9.8,3.85,97,1022.2,1021.7,2.0,0.8,100,17.6,15.3,0.0,232,49.5894,37.223198,4.0
2024-01-15,4.0,35548.71,0.0,0.0,92,1022.3,1021.8,6.9,1.6,98,8.8,0.0,0.0,229,49.5894,37.223198,4.0
2024-01-16,6.8,35628.61,0.0,0.0,87,1018.9,1018.4,12.7,4.0,68,12.3,0.0,21600.0,220,49.5894,37.223198,4.0
2024-01-17,11.5,35711.6,0.2,0.0,65,1019.5,1019.0,16.0,5.6,46,26.8,0.2,30947.53,251,49.5894,37.223198,4.0
2024-01-18,8.9,35797.52,1.0,0.0,93,1026.3,1025.9,10.4,6.3,79,11.4,1.0,0.0,272,49.5894,37.223198,4.0
2024-01-19,8.9,35886.23,0.0,0.0,92,1021.4,1020.9,15.4,5.7,81,6.5,0.0,21421.4,217,49.5894,37.223198,4.0
2024-01-20,10.2,35977.56,0.0,0.0,90,1018.2,1017.7,14.9,7.2,93,7.3,0.0,25200.0,205,49.5894,37.223198,4.0
2024-01-21,12.9,36071.39,1.8,0.0,71,1017.8,1017.3,20.9,7.1,45,14.8,1.8,30488.77,252,49.5894,37.223198,4.0
2024-01-22,9.0,36167.55,26.5,0.0,96,1027.2,1026.7,11.3,5.2,100,19.8,26.5,0.0,308,49.5894,37.223198,4.0
2024-01-23,5.1,36265.91,10.8,0.0,94,1028.8,1028.3,5.9,4.0,100,16.0,10.8,0.0,262,49.5894,37.223198,4.0
2024-01-24,1.9,36366.33,14.3,7.42,98,1027.4,1026.9,4.6,0.8,100,23.2,24.9,0.0,266,49.5894,37.223198,4.0
2024-01-25,2.5,36468.66,0.0,0.0,89,1022.0,1021.5,6.2,0.0,68,8.6,0.0,21347.41,213,49.5894,37.223198,4.0
2024-01-26,4.3,36572.76,0.0,0.0,93,1017.0,1016.5,8.3,-0.2,94,7.7,0.0,11969.37,214,49.5894,37.223198,4.0
2024-01-27,7.5,36678.51,1.8,0.0,93,1011.2,1010.7,12.4,3.6,93,12.7,1.8,18000.0,241,49.5894,37.223198,4.0
2024-01-28,7.0,36785.77,9.2,0.0,88,1020.4,1019.9,10.3,3.8,81,15.2,9.2,14349.78,238,49.5894,37.223198,4.0
2024-01-29,6.3,36894.4,7.4,0.0,94,1026.5,1026.0,8.9,2.8,90,20.7,7.4,3871.67,282,49.5894,37.223198,4.0
2024-01-30,5.0,37004.29,18.9,0.0,96,1032.6,1032.1,6.1,4.3,100,25.1,18.9,0.0,292,49.5894,37.223198,4.0
2024-01-31,5.1,37115.29,9.4,0.0,93,1031.3,1030.8,6.1,4.3,100,13.3,9.4,0.0,248,49.5894,37.223198,4.0
2024-02-01,5.5,37227.3,7.0,0.0,93,1024.9,1024.4,6.2,4.7,100,15.2,7.0,0.0,251,49.5894,37.223198,4.0
2024-02-02,5.1,37340.39,7.7,0.0,94,1018.8,1018.3,6.3,2.0,84,14.5,7.7,0.0,266,49.5894,37.223198,4.0
2024-02-03,5.9,37455.7,0.0,0.0,82,1018.2,1017.7,13.2,0.8,7,10.4,0.0,32764.93,194,49.5894,37.223198,4.0
2024-02-04,10.2,37573.27,0.0,0.0,52,1016.0,1015.5,15.6,1.9,72,23.8,0.0,30122.27,208,49.5894,37.223198,4.0
2024-02-05,13.7,37692.96,0.0,0.0,48,1010.4,1009.9,17.8,5.7,60,29.3,0.0,28380.9,187,49.5894,37.223198,4.0
2024-02-06,14.6,37814.62,0.0,0.0,51,1008.4,1008.0,19.5,7.2,47,34.7,0.0,32020.41,189,49.5894,37.223198,4.0
2024-02-07,12.6,37938.08,0.0,0.0,60,1015.7,1015.2,19.5,7.2,6,29.1,0.0,34272.34,196,49.5894,37.223198,4.0
2024-02-08,13.9,38063.2,0.0,0.0,55,1014.6,1014.2,21.8,7.1,3,22.6,0.0,34662.31,218,49.5894,37.223198,4.0
2024-02-09,14.6,38189.84,0.0,0.0,55,1014.3,1013.8,21.2,8.6,75,23.9,0.0,34414.35,213,49.5894,37.223198,4.0
2024-02-10,12.5,38317.86,0.0,0.0,70,1018.3,1017.8,19.5,8.1,28,11.0,0.0,34974.41,250,49.5894,37.223198,4.0
2024-02-11,11.9,38447.11,0.0,0.0,75,1020.5,1020.0,19.1,6.3,12,9.1,0.0,33075.07,254,49.5894,37.223198,4.0
2024-02-12,12.2,38577.46,0.0,0.0,78,1019.8,1019.3,20.0,6.4,14,8.7,0.0,35379.31,242,49.5894,37.223198,4.0
2024-02-13,12.0,38708.77,0.0,0.0,80,1014.9,1014.4,19.8,6.8,98,6.6,0.0,34195.46,231,49.5894,37.223198,4.0
2024-02-14,14.7,38840.92,0.8,0.0,74,1012.9,1012.4,21.6,9.8,96,12.6,0.8,25907.78,261,49.5894,37.223198,4.0
2024-02-15,11.7,38973.77,8.4,0.0,93,1016.5,1016.0,14.5,9.6,92,12.8,8.4,0.0,284,49.5894,37.223198,4.0
2024-02-16,7.4,39107.19,17.5,0.0,96,1022.3,1021.8,9.4,5.5,100,16.3,17.5,0.0,286,49.5894,37.223198,4.0
2024-02-17,5.0,39241.06,25.8,0.0,94,1023.8,1023.3,5.9,3.2,100,15.3,25.8,0.0,266,49.5894,37.223198,4.0
2024-02-18,5.8,39375.26,4.4,0.0,93,1025.8,1025.3,7.3,4.7,100,11.2,4.4,2064.98,306,49.5894,37.223198,4.0
2024-02-19,6.7,39509.66,0.0,0.0,86,1024.3,1023.8,10.9,3.1,46,8.5,0.0,27657.26,74,49.5894,37.223198,4.0
2024-02-20,7.9,39644.15,0.1,0.0,84,1024.0,1023.5,12.4,2.7,68,10.6,0.1,34345.17,293,49.5894,37.223198,4.0
2024-02-21,9.1,39778.6,0.0,0.0,85,1025.8,1025.3,13.0,6.2,87,10.9,0.0,27449.18,313,49.5894,37.223198,4.0
2024-02-22,8.8,39913.12,1.3,0.0,87,1025.1,1024.6,11.9,6.6,96,12.7,1.3,9094.13,308,49.5894,37.223198,4.0
2024-02-23,9.1,40048.84,7.4,0.0,87,1025.7,1025.2,14.1,6.4,99,23.8,7.4,14024.14,301,49.5894,37.223198,4.0
2024-02-24,6.3,40185.85,21.6,0.0,93,1031.6,1031.1,7.2,4.8,100,19.1,21.6,0.0,316,49.5894,37.223198,4.0
2024-02-25,3.0,40324.03,38.0,10.01,98,1034.0,1033.5,5.1,0.5,100,18.1,52.3,0.0,317,49.5894,37.223198,4.0
2024-02-26,0.4,40463.27,2.1,25.97,95,1034.3,1033.8,1.0,-0.2,100,22.9,39.2,0.0,283,49.5894,37.223198,4.0
2024-02-27,0.6,40603.45,1.7,2.38,92,1032.7,1032.2,1.8,-0.6,98,8.7,5.1,7396.53,230,49.5894,37.223198,4.0
2024-02-28,0.9,40744.46,1.1,0.14,91,1032.6,1032.1,2.2,-0.9,88,10.2,1.3,21357.36,225,49.5894,37.223198,4.0
2024-02-29,-0.1,40886.18,0.3,0.0,83,1032.6,1032.0,3.8,-4.9,47,9.2,0.3,25200.0,187,49.5894,37.223198,4.0
2024-03-01,1.0,41028.51,0.0,0.0,78,1030.5,1030.0,7.2,-4.8,8,11.2,0.0,36000.0,192,49.5894,37.223198,4.0
2024-03-02,2.9,41171.33,0.0,0.0,78,1023.7,1023.2,9.2,-3.6,33,9.4,0.0,36000.0,199,49.5894,37.223198,4.0
2024-03-03,5.2,41314.54,0.0,0.0,85,1019.2,1018.7,9.5,-0.2,86,9.3,0.0,30569.98,200,49.5894,37.223198,4.0
2024-03-04,6.6,41458.04,4.7,0.0,94,1019.8,1019.3,9.0,4.2,100,8.4,4.7,0.0,209,49.5894,37.223198,4.0
2024-03-05,7.8,41601.71,0.0,0.0,84,1018.5,1018.0,13.2,4.0,52,7.9,0.0,23695.49,177,49.5894,37.223198,4.0
2024-03-06,9.8,41745.46,0.0,0.0,84,1012.8,1012.3,18.4,3.0,49,10.6,0.0,32400.0,220,49.5894,37.223198,4.0
2024-03-07,11.5,41889.19,0.0,0.0,79,1010.7,1010.2,21.4,5.8,70,16.6,0.0,36000.0,293,49.5894,37.223198,4.0
2024-03-08,9.6,42032.78,3.4,0.0,90,1016.9,1016.4,12.2,7.8,98,8.0,3.4,2425.01,307,49.5894,37.223198,4.0
2024-03-09,11.2,42176.14,0.1,0.0,85,1015.4,1014.9,17.0,7.6,76,12.1,0.1,29944.89,280,49.5894,37.223198,4.0
2024-03-10,9.4,42319.16,15.1,0.0,91,1018.1,1017.6,14.6,6.8,100,22.7,15.1,10946.2,290,49.5894,37.223198,4.0
2024-03-11,8.7,42461.74,3.8,0.0,90,1023.6,1023.1,10.3,6.8,100,9.4,3.8,0.0,301,49.5894,37.223198,4.0
2024-03-12,8.4,42603.8,6.9,0.0,90,1027.6,1027.1,11.8,4.7,65,10.9,6.9,14171.35,91,49.5894,37.223198,4.0
2024-03-13,9.3,42745.39,1.7,0.0,88,1025.1,1024.6,13.9,4.4,100,13.7,1.7,3752.77,269,49.5894,37.223198,4.0
2024-03-14,10.8,42887.59,0.1,0.0,83,1023.0,1022.5,15.9,8.4,94,13.0,0.1,27062.32,275,49.5894,37.223198,4.0
2024-03-15,11.4,43030.49,0.0,0.0,85,1016.5,1016.1,16.9,8.3,81,9.9,0.0,17914.33,274,49.5894,37.223198,4.0
2024-03-16,11.3,43173.98,5.1,0.0,89,1015.4,1014.9,15.8,9.5,93,15.2,5.1,10780.06,330,49.5894,37.223198,4.0
2024-03-17,12.2,43317.98,0.0,0.0,84,1019.5,1019.0,16.3,9.4,100,9.7,0.0,1547.38,315,49.5894,37.223198,4.0
2024-03-18,12.3,43462.4,9.4,0.0,92,1016.7,1016.2,15.7,10.2,100,6.7,9.4,0.0,254,49.5894,37.223198,4.0
2024-03-19,10.6,43607.14,24.7,0.0,95,1010.4,1009.9,13.1,9.0,100,12.1,24.7,0.0,275,49.5894,37.223198,4.0
2024-03-20,10.3,43752.12,1.9,0.0,91,1013.6,1013.1,12.2,8.5,100,13.3,1.9,0.0,305,49.5894,37.223198,4.0
2024-03-21,11.6,43897.24,0.2,0.0,87,1018.4,1018.0,15.6,8.6,96,13.7,0.2,8.0,76,49.5894,37.223198,4.0
2024-03-22,12.1,44042.42,1.5,0.0,88,1012.0,1011.5,16.4,8.9,100,8.8,1.5,2767.95,193,49.5894,37.223198,4.0
2024-03-23,12.3,44187.55,0.0,0.0,85,1011.8,1011.3,16.8,8.6,95,13.7,0.0,20050.95,2,49.5894,37.223198,4.0
2024-03-24,10.6,44332.55,12.7,0.0,95,1014.3,1013.8,12.3,9.0,100,11.9,12.7,0.0,297,49.5894,37.223198,4.0
2024-03-25,10.6,44477.34,3.3,0.0,91,1006.2,1005.7,13.0,8.4,98,10.1,3.3,0.0,254,49.5894,37.223198,4.0
2024-03-26,16.7,44621.81,0.0,0.0,51,1007.5,1007.1,23.0,7.6,70,37.7,0.0,31594.26,188,49.5894,37.223198,4.0
2024-03-27,10.3,44765.87,0.0,0.0,75,1019.1,1018.6,16.1,7.2,36,15.9,0.0,30044.72,247,49.5894,37.223198,4.0
2024-03-28,11.8,44909.43,0.0,0.0,76,1021.1,1020.6,18.0,6.7,8,11.4,0.0,39548.76,277,49.5894,37.223198,4.0
2024-03-29,13.1,45052.38,0.0,0.0,73,1019.4,1018.9,20.8,5.9,0,8.4,0.0,39984.82,265,49.5894,37.223198,4.0
2024-03-30,13.8,45194.65,0.4,0.0,74,1018.7,1018.2,20.5,8.4,27,11.7,0.4,39334.38,294,49.5894,37.223198,4.0
2024-03-31,13.9,45336.13,0.0,0.0,78,1024.6,1024.1,19.2,9.5,18,13.0,0.0,39969.7,172,49.5894,37.223198,4.0
2024-04-01,13.9,45476.72,0.0,0.0,84,1024.1,1023.7,19.1,10.0,21,10.2,0.0,37817.82,294,49.5894,37.223198,4.0
2024-04-02,14.0,45616.5,0.0,0.0,78,1020.0,1019.5,20.9,8.8,52,12.4,0.0,38890.04,105,49.5894,37.223198,4.0
2024-04-03,15.3,45756.46,0.0,0.0,78,1012.8,1012.3,22.8,8.9,10,11.2,0.0,39349.94,183,49.5894,37.223198,4.0
2024-04-04,13.4,45896.69,0.0,0.0,73,1016.9,1016.4,19.5,8.6,49,18.2,0.0,38620.97,288,49.5894,37.223198,4.0
2024-04-05,14.6,46037.09,0.0,0.0,74,1015.7,1015.2,21.2,8.9,29,10.2,0.0,40072.48,99,49.5894,37.223198,4.0
2024-04-06,13.1,46177.58,0.3,0.0,80,1019.1,1018.6,16.4,9.6,92,14.6,0.3,753.75,324,49.5894,37.223198,4.0
2024-04-07,12.8,46318.06,0.1,0.0,79,1021.0,1020.5,14.9,9.8,94,13.9,0.1,755.34,329,49.5894,37.223198,4.0
2024-04-08,12.7,46458.45,2.2,0.0,86,1023.9,1023.4,15.0,10.6,93,14.1,2.2,9960.51,311,49.5894,37.223198,4.0
2024-04-09,13.8,46598.66,0.1,0.0,83,1022.0,1021.5,18.0,10.4,57,11.8,0.1,29977.57,55,49.5894,37.223198,4.0
2024-04-10,14.1,46738.58,7.4,0.0,86,1015.3,1014.8,17.1,10.0,100,7.3,7.4,8712.83,346,49.5894,37.223198,4.0
2024-04-11,13.1,46878.12,30.2,0.0,92,1017.8,1017.4,14.2,11.7,100,21.6,30.2,0.0,262,49.5894,37.223198,4.0
2024-04-12,14.0,47017.2,3.7,0.0,81,1020.3,1019.8,18.5,9.9,55,14.6,3.7,28006.36,247,49.5894,37.223198,4.0
2024-04-13,13.3,47155.7,0.0,0.0,76,1017.0,1016.5,19.5,8.3,1,11.2,0.0,40631.64,69,49.5894,37.223198,4.0
2024-04-14,14.8,47293.54,0.0,0.0,73,1015.7,1015.2,21.6,8.2,1,10.5,0.0,40785.93,318,49.5894,37.223198,4.0
2024-04-15,14.6,47430.6,0.0,0.0,84,1019.7,1019.2,19.9,9.7,78,11.4,0.0,39233.0,307,49.5894,37.223198,4.0
2024-04-16,16.1,47566.78,0.0,0.0,80,1019.6,1019.2,23.0,10.4,11,14.6,0.0,40390.62,113,49.5894,37.223198,4.0
2024-04-17,17.1,47701.99,0.0,0.0,83,1014.7,1014.3,24.1,10.9,15,10.1,0.0,40034.95,128,49.5894,37.223198,4.0
2024-04-18,18.3,47836.1,0.0,0.0,77,1009.6,1009.1,26.1,9.9,3,9.3,0.0,40934.77,259,49.5894,37.223198,4.0
2024-04-19,19.3,47969.02,0.0,0.0,78,1008.3,1007.9,25.4,14.2,31,11.6,0.0,40766.55,282,49.5894,37.223198,4.0
2024-04-20,19.8,48100.63,0.0,0.0,72,1010.7,1010.3,25.2,15.4,18,10.2,0.0,40928.34,305,49.5894,37.223198,4.0
2024-04-21,20.3,48230.82,0.0,0.0,75,1008.5,1008.0,26.8,14.4,66,10.5,0.0,36191.8,280,49.5894,37.223198,4.0
2024-04-22,18.2,48359.64,16.8,0.0,81,1017.4,1016.9,21.6,15.9,95,18.7,16.8,15026.88,262,49.5894,37.223198,4.0
2024-04-23,17.4,48488.05,5.8,0.0,78,1021.4,1020.9,20.4,15.3,97,13.1,5.8,7327.41,198,49.5894,37.223198,4.0
2024-04-24,18.3,48616.12,0.0,0.0,64,1019.9,1019.5,24.3,12.9,20,11.2,0.0,40680.16,212,49.5894,37.223198,4.0
2024-04-25,18.1,48743.77,0.0,0.0,67,1017.0,1016.5,25.4,11.3,4,13.2,0.0,42310.27,125,49.5894,37.223198,4.0
2024-04-26,18.7,48870.88,0.0,0.0,74,1016.6,1016.1,25.8,11.8,7,12.1,0.0,41963.88,115,49.5894,37.223198,4.0
2024-04-27,19.2,48997.36,0.0,0.0,75,1019.7,1019.3,26.0,14.0,10,16.0,0.0,41886.38,92,49.5894,37.223198,4.0
2024-04-28,19.8,49123.12,0.0,0.0,73,1019.9,1019.5,26.9,13.6,0,7.7,0.0,42291.3,329,49.5894,37.223198,4.0
2024-04-29,20.1,49248.04,0.0,0.0,75,1018.2,1017.7,27.3,14.2,4,12.7,0.0,41900.27,64,49.5894,37.223198,4.0
2024-04-30,20.3,49372.0,0.0,0.0,73,1016.3,1015.9,27.4,14.5,73,11.7,0.0,38328.32,331,49.5894,37.223198,4.0
2024-05-01,19.2,49494.93,0.0,0.0,74,1014.1,1013.6,23.9,15.1,83,12.6,0.0,34118.52,310,49.5894,37.223198,4.0
2024-05-02,17.6,49616.7,0.3,0.0,77,1008.3,1007.8,21.7,13.9,91,12.2,0.3,26217.92,309,49.5894,37.223198,4.0
2024-05-03,17.3,49737.18,6.3,0.0,75,1003.2,1002.7,24.4,12.8,94,17.8,6.3,25776.02,318,49.5894,37.223198,4.0
2024-05-04,16.9,49856.28,0.0,0.0,77,1006.0,1005.6,22.2,12.9,80,17.1,0.0,34359.03,118,49.5894,37.223198,4.0
2024-05-05,20.1,49973.86,0.0,0.0,77,1004.9,1004.4,28.5,12.9,45,15.2,0.0,39009.7,106,49.5894,37.223198,4.0
2024-05-06,17.3,50089.83,16.1,0.0,89,1012.6,1012.1,20.9,14.2,98,15.2,16.1,1808.04,329,49.5894,37.223198,4.0
2024-05-07,16.2,50204.05,10.9,0.0,89,1011.8,1011.3,18.6,14.2,100,14.0,10.9,3929.0,316,49.5894,37.223198,4.0
2024-05-08,16.8,50316.39,43.6,0.0,90,1014.7,1014.2,22.6,14.6,92,15.5,43.6,22088.88,303,49.5894,37.223198,4.0
2024-05-09,16.3,50426.73,7.0,0.0,87,1019.1,1018.6,20.6,12.5,59,7.1,7.0,28849.71,129,49.5894,37.223198,4.0
2024-05-10,18.7,50534.94,0.0,0.0,82,1017.0,1016.5,24.8,12.0,36,9.8,0.0,42318.62,254,49.5894,37.223198,4.0
2024-05-11,20.5,50640.9,0.0,0.0,83,1013.5,1013.1,26.7,15.1,44,11.4,0.0,43278.52,127,49.5894,37.223198,4.0
2024-05-12,22.3,50744.63,0.3,0.0,81,1004.5,1004.1,31.0,16.2,59,13.5,0.3,35347.46,299,49.5894,37.223198,4.0
2024-05-13,17.3,50846.95,16.8,0.0,92,1009.9,1009.5,18.9,15.9,97,15.0,16.8,4471.16,326,49.5894,37.223198,4.0
2024-05-14,16.2,50947.94,12.4,0.0,91,1012.1,1011.6,18.5,14.1,100,21.7,12.4,1850.82,300,49.5894,37.223198,4.0
2024-05-15,16.1,51047.5,6.4,0.0,92,1018.0,1017.6,18.2,14.1,98,18.1,6.4,0.0,330,49.5894,37.223198,4.0
2024-05-16,17.1,51145.52,11.4,0.0,91,1018.0,1017.5,19.4,15.8,97,15.0,11.4,3957.46,61,49.5894,37.223198,4.0
2024-05-17,16.5,51241.93,15.1,0.0,90,1016.2,1015.7,20.6,13.9,99,16.3,15.1,5775.41,14,49.5894,37.223198,4.0
2024-05-18,15.4,51336.61,2.1,0.0,83,1019.1,1018.6,18.2,13.2,86,17.9,2.1,11287.55,74,49.5894,37.223198,4.0
2024-05-19,16.8,51429.46,0.6,0.0,81,1016.6,1016.1,20.9,12.7,65,19.4,0.6,33434.29,67,49.5894,37.223198,4.0
2024-05-20,16.5,51520.38,6.2,0.0,91,1017.2,1016.7,19.6,14.2,100,10.2,6.2,9763.32,25,49.5894,37.223198,4.0
2024-05-21,15.7,51609.26,5.9,0.0,94,1020.0,1019.5,16.6,13.9,100,11.2,5.9,0.0,18,49.5894,37.223198,4.0
2024-05-22,16.2,51696.01,2.5,0.0,94,1018.1,1017.7,17.9,15.1,100,12.5,2.5,427.09,340,49.5894,37.223198,4.0
2024-05-23,18.4,51780.5,0.0,0.0,84,1014.7,1014.2,22.5,14.3,57,11.3,0.0,43766.92,102,49.5894,37.223198,4.0
2024-05-24,18.4,51862.65,0.2,0.0,83,1015.8,1015.4,22.2,14.1,69,14.8,0.2,41591.44,65,49.5894,37.223198,4.0
2024-05-25,17.4,51942.33,13.1,0.0,88,1019.4,1018.9,20.1,15.1,87,11.6,13.1,11670.03,341,49.5894,37.223198,4.0
2024-05-26,18.3,52019.44,0.6,0.0,87,1013.8,1013.3,21.0,14.8,73,13.4,0.6,16436.73,246,49.5894,37.223198,4.0
2024-05-27,19.9,52093.87,0.0,0.0,80,1016.0,1015.5,23.9,16.4,26,12.6,0.0,45466.57,314,49.5894,37.223198,4.0
2024-05-28,20.0,52165.5,0.0,0.0,80,1017.0,1016.5,24.8,16.4,8,11.4,0.0,45129.48,13,49.5894,37.223198,4.0
2024-05-29,21.3,52234.23,0.0,0.0,84,1012.8,1012.4,27.2,15.6,40,13.4,0.0,43436.94,14,49.5894,37.223198,4.0
2024-05-30,22.7,52299.93,0.0,0.0,86,1012.9,1012.5,28.1,18.5,52,11.9,0.0,30990.68,3,49.5894,37.223198,4.0
2024-05-31,24.7,52362.5,0.0,0.0,80,1011.0,1010.5,30.9,19.4,22,11.3,0.0,39600.0,25,49.5894,37.223198,4.0
2024-06-01,23.8,52421.93,0.0,0.0,76,1010.8,1010.3,27.2,19.1,2,14.7,0.0,44442.77,302,49.5894,37.223198,4.0
2024-06-02,22.1,52478.72,3.0,0.0,76,1017.8,1017.3,25.0,18.8,24,13.0,3.0,44537.43,118,49.5894,37.223198,4.0
2024-06-03,23.8,52532.92,0.0,0.0,65,1017.3,1016.8,29.1,18.2,2,11.4,0.0,45929.31,142,49.5894,37.223198,4.0
2024-06-04,23.7,52584.48,0.0,0.0,66,1016.1,1015.7,29.5,18.7,1,11.2,0.0,46216.35,23,49.5894,37.223198,4.0
2024-06-05,23.9,52633.34,0.0,0.0,69,1014.6,1014.1,29.5,18.5,11,10.9,0.0,45287.96,38,49.5894,37.223198,4.0
2024-06-06,24.7,52679.46,0.0,0.0,69,1013.1,1012.6,30.5,19.3,12,10.5,0.0,45893.78,111,49.5894,37.223198,4.0
2024-06-07,25.7,52722.79,0.0,0.0,71,1010.8,1010.4,32.5,19.9,11,12.0,0.0,45586.95,25,49.5894,37.223198,4.0
2024-06-08,24.5,52763.29,0.0,0.0,73,1010.9,1010.4,29.2,20.2,33,10.9,0.0,45880.16,321,49.5894,37.223198,4.0
2024-06-09,24.6,52800.9,0.0,0.0,74,1008.5,1008.1,29.5,20.4,54,13.3,0.0,35076.16,360,49.5894,37.223198,4.0
2024-06-10,25.2,52835.58,0.3,0.0,80,1009.6,1009.2,29.6,20.4,84,12.6,0.3,34768.23,323,49.5894,37.223198,4.0
2024-06-11,24.2,52867.28,0.8,0.0,82,1010.6,1010.1,28.4,21.1,72,9.7,0.8,19919.02,352,49.5894,37.223198,4.0
2024-06-12,24.9,52895.96,0.0,0.0,75,1010.8,1010.3,29.3,21.0,26,12.6,0.0,44819.24,306,49.5894,37.223198,4.0
2024-06-13,26.3,52921.58,0.0,0.0,66,1010.5,1010.1,31.8,21.5,29,10.9,0.0,45578.64,322,49.5894,37.223198,4.0
2024-06-14,25.2,52944.09,1.3,0.0,74,1010.2,1009.7,30.1,21.5,39,13.2,1.3,40393.86,58,49.5894,37.223198,4.0
2024-06-15,25.3,52963.45,0.6,0.0,76,1008.2,1007.7,29.7,21.1,27,12.7,0.6,44383.3,79,49.5894,37.223198,4.0
2024-06-16,26.7,52979.62,0.0,0.0,74,1008.9,1008.4,32.9,21.0,37,13.7,0.0,41245.53,96,49.5894,37.223198,4.0
2024-06-17,27.9,52992.57,0.0,0.0,74,1011.7,1011.3,33.6,22.4,11,11.1,0.0,45752.62,51,49.5894,37.223198,4.0
2024-06-18,27.7,53002.25,0.0,0.0,76,1013.1,1012.6,33.6,23.0,27,10.6,0.0,39133.34,352,49.5894,37.223198,4.0
2024-06-19,27.1,53008.62,0.9,0.0,75,1014.5,1014.0,31.3,23.1,16,10.9,0.9,44220.64,330,49.5894,37.223198,4.0
2024-06-20,27.5,53011.66,0.0,0.0,66,1011.5,1011.0,32.2,23.0,3,10.9,0.0,45785.14,322,49.5894,37.223198,4.0
2024-06-21,27.0,53011.33,0.0,0.0,68,1007.9,1007.4,32.8,22.4,17,17.3,0.0,44503.91,6,49.5894,37.223198,4.0
2024-06-22,24.6,53007.59,3.4,0.0,84,1008.6,1008.2,27.6,22.1,72,14.8,3.4,28981.77,325,49.5894,37.223198,4.0
2024-06-23,24.0,53000.48,7.1,0.0,86,1010.4,1010.0,28.0,22.0,76,18.2,7.1,19722.36,25,49.5894,37.223198,4.0
2024-06-24,25.1,52990.04,0.4,0.0,83,1008.7,1008.2,29.0,22.2,75,12.9,0.4,14582.86,38,49.5894,37.223198,4.0
2024-06-25,26.6,52976.31,0.0,0.0,73,1005.5,1005.0,31.7,22.2,53,14.0,0.0,45254.43,302,49.5894,37.223198,4.0
2024-06-26,26.6,52959.34,5.5,0.0,73,1004.2,1003.8,32.0,21.0,50,28.3,5.5,42612.4,320,49.5894,37.223198,4.0
2024-06-27,20.2,52939.18,22.6,0.0,86,1012.8,1012.4,23.1,18.4,54,28.6,22.6,19415.51,307,49.5894,37.223198,4.0
2024-06-28,21.5,52915.86,0.1,0.0,87,1009.6,1009.2,23.0,19.6,85,7.3,0.1,0.0,324,49.5894,37.223198,4.0
2024-06-29,22.5,52889.45,1.2,0.0,78,1010.2,1009.7,25.2,20.0,97,13.1,1.2,22974.54,301,49.5894,37.223198,4.0
2024-06-30,21.6,52859.98,1.0,0.0,84,1013.2,1012.7,23.3,20.0,88,9.0,1.0,6392.1,271,49.5894,37.223198,4.0
2024-07-01,22.2,52827.52,20.3,0.0,82,1010.8,1010.4,25.3,19.6,88,10.8,20.3,14956.68,316,49.5894,37.223198,4.0
2024-07-02,21.0,52792.11,15.6,0.0,88,1007.2,1006.8,22.7,19.5,98,9.2,15.6,3328.65,349,49.5894,37.223198,4.0
2024-07-03,22.8,52753.82,0.0,0.0,81,1005.8,1005.4,26.4,20.0,35,9.2,0.0,33408.47,251,49.5894,37.223198,4.0
2024-07-04,24.9,52712.68,0.0,0.0,70,1006.1,1005.6,30.2,20.1,0,9.3,0.0,45329.62,201,49.5894,37.223198,4.0
2024-07-05,26.5,52668.76,0.0,0.0,73,1005.9,1005.4,32.3,20.4,1,7.9,0.0,45362.59,26,49.5894,37.223198,4.0
2024-07-06,26.4,52622.1,0.2,0.0,76,1005.8,1005.4,31.5,21.7,33,10.7,0.2,38777.07,344,49.5894,37.223198,4.0
2024-07-07,25.8,52572.78,0.2,0.0,77,1008.0,1007.5,29.8,22.0,25,14.5,0.2,44424.55,332,49.5894,37.223198,4.0
2024-07-08,26.2,52520.83,0.0,0.0,73,1009.1,1008.6,30.8,22.1,15,12.6,0.0,44282.81,326,49.5894,37.223198,4.0
2024-07-09,27.2,52466.32,0.0,0.0,65,1009.4,1008.9,32.5,22.8,9,10.9,0.0,44823.55,300,49.5894,37.223198,4.0
2024-07-10,27.3,52409.31,0.0,0.0,70,1010.6,1010.1,32.2,23.5,25,11.2,0.0,42371.68,304,49.5894,37.223198,4.0
2024-07-11,27.4,52349.73,0.0,0.0,70,1010.5,1010.0,32.1,24.0,18,14.2,0.0,43815.5,322,49.5894,37.223198,4.0
2024-07-12,26.5,52287.05,0.0,0.0,75,1009.1,1008.6,30.6,22.5,15,11.0,0.0,43014.86,333,49.5894,37.223198,4.0
2024-07-13,26.9,52221.28,0.0,0.0,70,1007.2,1006.7,32.2,22.4,19,13.4,0.0,43636.15,39,49.5894,37.223198,4.0
2024-07-14,26.1,52152.52,0.4,0.0,66,1008.4,1007.9,30.1,21.5,69,14.8,0.4,32104.3,32,49.5894,37.223198,4.0
2024-07-15,25.9,52080.9,0.0,0.0,64,1009.5,1009.1,31.0,21.0,2,13.5,0.0,44255.52,49,49.5894,37.223198,4.0
2024-07-16,26.2,52006.52,0.0,0.0,63,1009.4,1008.9,32.3,20.8,14,16.2,0.0,43747.93,36,49.5894,37.223198,4.0
2024-07-17,26.6,51929.5,0.0,0.0,68,1010.5,1010.0,31.2,22.0,6,12.8,0.0,43914.93,14,49.5894,37.223198,4.0
2024-07-18,26.1,51849.95,0.1,0.0,71,1009.9,1009.4,28.7,22.9,81,12.4,0.1,18208.35,12,49.5894,37.223198,4.0
2024-07-19,25.8,51768.0,0.9,0.0,74,1007.3,1006.9,29.5,23.0,72,10.0,0.9,21748.37,305,49.5894,37.223198,4.0
2024-07-20,26.5,51683.73,0.4,0.0,75,1004.5,1004.1,30.5,23.0,85,10.9,0.4,28735.49,87,49.5894,37.223198,4.0
2024-07-21,25.7,51597.27,1.0,0.0,80,1006.9,1006.5,29.4,23.4,93,12.9,1.0,9596.54,326,49.5894,37.223198,4.0
2024-07-22,26.4,51508.73,0.0,0.0,73,1007.9,1007.5,30.9,23.0,44,8.7,0.0,37945.73,312,49.5894,37.223198,4.0
2024-07-23,27.8,51418.21,0.0,0.0,69,1005.0,1004.6,33.2,22.8,10,15.5,0.0,43780.52,58,49.5894,37.223198,4.0
2024-07-24,28.7,51325.82,0.2,0.0,70,1000.8,1000.3,35.1,23.6,26,17.1,0.2,43359.92,36,49.5894,37.223198,4.0
2024-07-25,25.9,51231.66,2.5,0.0,81,1003.3,1002.8,29.9,23.4,95,10.2,2.5,22711.04,356,49.5894,37.223198,4.0
2024-07-26,25.7,51135.84,1.1,0.0,82,1003.8,1003.3,29.0,23.5,72,9.3,1.1,21600.0,344,49.5894,37.223198,4.0
2024-07-27,25.3,51038.45,1.9,0.0,82,1007.3,1006.9,28.5,21.8,82,13.0,1.9,16105.26,323,49.5894,37.223198,4.0
2024-07-28,22.7,50939.61,14.3,0.0,91,1011.9,1011.5,25.8,19.6,100,20.6,14.3,4068.03,323,49.5894,37.223198,4.0
2024-07-29,19.7,50839.4,20.1,0.0,92,1013.9,1013.4,20.6,19.1,100,16.8,20.1,0.0,287,49.5894,37.223198,4.0
2024-07-30,22.5,50737.93,0.1,0.0,79,1007.4,1007.0,26.5,19.0,52,9.1,0.1,29207.31,149,49.5894,37.223198,4.0
2024-07-31,24.8,50635.12,0.0,0.0,74,1006.0,1005.6,28.9,19.9,2,11.2,0.0,42699.89,283,49.5894,37.223198,4.0
2024-08-01,25.7,50530.15,0.0,0.0,71,1010.2,1009.8,29.5,22.1,52,12.0,0.0,36041.52,298,49.5894,37.223198,4.0
2024-08-02,23.6,50422.99,3.6,0.0,86,1008.1,1007.6,25.6,21.6,71,11.3,3.6,1293.83,281,49.5894,37.223198,4.0
2024-08-03,25.5,50313.76,0.0,0.0,72,1005.7,1005.3,30.1,21.4,27,10.4,0.0,42611.96,304,49.5894,37.223198,4.0
2024-08-04,26.5,50202.59,0.0,0.0,72,1005.7,1005.2,30.9,22.1,14,11.6,0.0,42833.58,316,49.5894,37.223198,4.0
2024-08-05,27.4,50089.6,0.0,0.0,75,1004.4,1003.9,32.4,22.2,2,10.8,0.0,43013.66,45,49.5894,37.223198,4.0
2024-08-06,27.7,49974.91,0.0,0.0,72,1003.5,1003.1,32.2,23.9,17,12.2,0.0,40679.36,299,49.5894,37.223198,4.0
2024-08-07,27.6,49858.65,0.0,0.0,70,1005.2,1004.7,31.5,24.4,19,12.1,0.0,42296.87,307,49.5894,37.223198,4.0
2024-08-08,26.7,49740.93,0.4,0.0,72,1010.5,1010.0,30.2,23.9,64,12.9,0.4,35755.77,347,49.5894,37.223198,4.0
2024-08-09,25.6,49621.86,2.0,0.0,81,1011.8,1011.3,28.8,23.0,61,8.1,2.0,14830.66,354,49.5894,37.223198,4.0
2024-08-10,26.8,49501.56,0.0,0.0,72,1009.6,1009.1,30.1,23.0,39,11.9,0.0,36389.79,99,49.5894,37.223198,4.0
2024-08-11,26.5,49380.14,0.2,0.0,72,1009.7,1009.2,29.6,23.3,79,14.6,0.2,17023.21,288,49.5894,37.223198,4.0
2024-08-12,26.6,49257.71,0.0,0.0,61,1007.9,1007.4,31.1,23.1,26,10.0,0.0,40692.94,249,49.5894,37.223198,4.0
2024-08-13,26.8,49134.37,0.1,0.0,67,1009.9,1009.5,31.1,23.5,52,14.9,0.1,14383.42,310,49.5894,37.223198,4.0
2024-08-14,27.8,49010.23,0.0,0.0,69,1009.7,1009.2,33.0,23.3,16,9.8,0.0,40631.88,95,49.5894,37.223198,4.0
2024-08-15,25.2,48885.38,3.5,0.0,84,1013.0,1012.6,28.5,22.7,60,11.8,3.5,20940.37,318,49.5894,37.223198,4.0
2024-08-16,24.2,48759.95,0.8,0.0,79,1011.5,1011.0,27.6,21.0,95,11.9,0.8,5176.67,327,49.5894,37.223198,4.0
2024-08-17,22.8,48634.0,0.6,0.0,82,1014.8,1014.3,26.4,20.7,90,9.0,0.6,6712.17,303,49.5894,37.223198,4.0
2024-08-18,23.1,48507.64,10.4,0.0,86,1014.5,1014.0,25.8,21.2,88,10.1,10.4,12968.74,281,49.5894,37.223198,4.0
2024-08-19,25.0,48380.98,0.6,0.0,78,1011.6,1011.2,29.0,22.3,55,9.7,0.6,24360.23,185,49.5894,37.223198,4.0
2024-08-20,26.3,48253.94,0.0,0.0,70,1011.6,1011.1,31.5,22.4,6,13.5,0.0,41515.08,41,49.5894,37.223198,4.0
2024-08-21,26.6,48125.59,0.0,0.0,62,1010.0,1009.5,32.7,21.5,1,11.5,0.0,41755.59,126,49.5894,37.223198,4.0
2024-08-22,27.5,47995.88,0.0,0.0,71,1006.3,1005.8,33.7,21.9,4,8.8,0.0,41755.45,319,49.5894,37.223198,4.0
2024-08-23,28.1,47864.92,0.0,0.0,75,1008.3,1007.9,34.0,23.5,6,13.9,0.0,41250.06,346,49.5894,37.223198,4.0
2024-08-24,27.5,47732.8,0.0,0.0,71,1010.5,1010.1,32.3,23.9,18,14.2,0.0,40596.93,335,49.5894,37.223198,4.0
2024-08-25,26.6,47599.65,0.0,0.0,72,1009.0,1008.6,29.8,23.6,60,14.3,0.0,33781.75,289,49.5894,37.223198,4.0
2024-08-26,26.2,47465.55,0.0,0.0,70,1007.9,1007.4,31.0,23.1,32,15.5,0.0,36812.85,284,49.5894,37.223198,4.0
2024-08-27,27.3,47330.62,0.0,0.0,57,1011.4,1010.9,32.6,23.3,3,13.8,0.0,40939.36,292,49.5894,37.223198,4.0
2024-08-28,26.7,47194.93,2.1,0.0,64,1014.0,1013.5,31.2,23.0,59,12.0,2.1,32721.88,281,49.5894,37.223198,4.0
2024-08-29,24.7,47058.61,6.4,0.0,87,1014.3,1013.9,28.5,22.5,54,12.6,6.4,27977.88,305,49.5894,37.223198,4.0
2024-08-30,25.8,46921.73,0.6,0.0,72,1011.9,1011.5,30.8,22.4,33,13.0,0.6,36411.85,330,49.5894,37.223198,4.0
2024-08-31,26.0,46784.39,0.0,0.0,64,1012.2,1011.8,31.3,21.6,14,14.1,0.0,40192.81,308,49.5894,37.223198,4.0
2024-09-01,26.1,46646.68,0.0,0.0,64,1013.2,1012.7,32.2,21.9,2,11.8,0.0,40354.48,240,49.5894,37.223198,4.0
2024-09-02,26.5,46508.7,0.0,0.0,70,1013.6,1013.2,32.7,21.4,10,10.8,0.0,39922.62,38,49.5894,37.223198,4.0
2024-09-03,26.9,46370.54,0.0,0.0,71,1010.9,1010.4,32.5,22.5,2,12.8,0.0,40082.58,1,49.5894,37.223198,4.0
2024-09-04,26.8,46232.27,0.0,0.0,72,1008.5,1008.1,32.5,22.5,42,14.4,0.0,39811.16,340,49.5894,37.223198,4.0
2024-09-05,25.8,46093.99,0.0,0.0,61,1010.2,1009.8,30.1,22.4,8,16.2,0.0,39966.71,302,49.5894,37.223198,4.0
2024-09-06,23.9,45955.78,13.9,0.0,62,1015.6,1015.2,28.9,20.4,31,22.5,13.9,39979.5,305,49.5894,37.223198,4.0
2024-09-07,23.1,45817.74,0.0,0.0,71,1018.9,1018.5,26.4,20.7,74,16.8,0.0,24971.45,300,49.5894,37.223198,4.0
2024-09-08,23.1,45679.94,0.0,0.0,74,1017.8,1017.3,26.1,20.6,59,8.2,0.0,33914.57,252,49.5894,37.223198,4.0
2024-09-09,24.0,45542.29,0.0,0.0,74,1015.6,1015.2,28.7,20.8,10,11.6,0.0,39600.0,198,49.5894,37.223198,4.0
2024-09-10,25.2,45403.88,0.0,0.0,76,1012.1,1011.7,30.8,20.6,27,10.9,0.0,37248.39,99,49.5894,37.223198,4.0
2024-09-11,26.1,45264.62,0.0,0.0,81,1009.1,1008.7,31.6,21.0,22,10.3,0.0,39029.53,14,49.5894,37.223198,4.0
2024-09-12,25.8,45124.61,0.0,0.0,77,1010.5,1010.0,30.0,22.8,35,13.3,0.0,38817.76,302,49.5894,37.223198,4.0
2024-09-13,24.8,44983.93,0.0,0.0,71,1011.3,1010.8,28.8,20.3,37,14.6,0.0,36000.0,303,49.5894,37.223198,4.0
2024-09-14,23.5,44842.69,1.9,0.0,69,1012.2,1011.8,27.2,20.5,50,17.4,1.9,36396.98,292,49.5894,37.223198,4.0
2024-09-15,21.0,44700.96,0.7,0.0,67,1014.7,1014.3,24.0,19.0,68,15.0,0.7,10420.86,275,49.5894,37.223198,4.0
2024-09-16,21.5,44558.83,0.4,0.0,67,1013.3,1012.8,24.9,18.1,67,10.1,0.4,31265.66,176,49.5894,37.223198,4.0
2024-09-17,21.1,44416.39,2.5,0.0,81,1015.1,1014.6,23.6,19.1,99,13.6,2.5,1470.88,288,49.5894,37.223198,4.0
2024-09-18,19.3,44273.74,4.6,0.0,90,1018.2,1017.7,21.0,18.4,99,11.7,4.6,0.0,272,49.5894,37.223198,4.0
2024-09-19,19.4,44130.95,5.1,0.0,88,1017.8,1017.3,20.9,18.2,98,10.7,5.1,7322.14,294,49.5894,37.223198,4.0
2024-09-20,20.1,43988.1,0.7,0.0,82,1015.5,1015.0,22.8,17.9,86,10.1,0.7,19496.57,238,49.5894,37.223198,4.0
2024-09-21,21.0,43845.29,0.0,0.0,86,1015.2,1014.7,24.0,18.0,56,14.8,0.0,35025.26,294,49.5894,37.223198,4.0
2024-09-22,22.1,43702.6,0.0,0.0,86,1014.4,1014.0,25.5,20.0,63,7.6,0.0,19607.33,242,49.5894,37.223198,4.0
2024-09-23,23.7,43560.12,0.0,0.0,80,1010.8,1010.4,29.5,19.6,37,10.5,0.0,37354.27,151,49.5894,37.223198,4.0
2024-09-24,22.9,43417.93,2.2,0.0,87,1012.8,1012.3,25.5,20.1,83,12.4,2.2,13757.6,312,49.5894,37.223198,4.0
2024-09-25,21.3,43276.11,3.5,0.0,93,1017.4,1016.9,22.9,19.2,94,10.2,3.5,0.0,315,49.5894,37.223198,4.0
2024-09-26,19.8,43134.75,4.0,0.0,92,1019.6,1019.1,22.2,18.0,91,17.0,4.0,5408.51,319,49.5894,37.223198,4.0
2024-09-27,18.9,42993.95,10.0,0.0,90,1020.5,1020.0,20.8,17.5,99,13.4,10.0,4995.63,300,49.5894,37.223198,4.0
2024-09-28,16.8,42853.77,12.7,0.0,89,1022.9,1022.4,18.1,15.0,80,11.7,12.7,0.0,242,49.5894,37.223198,4.0
2024-09-29,17.4,42714.13,0.7,0.0,75,1022.3,1021.8,21.1,14.4,26,11.4,0.7,32829.94,226,49.5894,37.223198,4.0
2024-09-30,17.7,42574.06,0.0,0.0,75,1015.0,1014.5,23.2,14.2,12,11.9,0.0,39186.28,166,49.5894,37.223198,4.0
2024-10-01,19.7,42433.46,0.0,0.0,80,1007.9,1007.4,26.0,14.2,11,9.9,0.0,39128.82,168,49.5894,37.223198,4.0
2024-10-02,21.3,42292.42,0.0,0.0,85,1006.4,1005.9,27.3,16.6,58,12.4,0.0,32599.36,244,49.5894,37.223198,4.0
2024-10-03,19.6,42151.06,0.5,0.0,80,1015.7,1015.2,22.6,17.2,57,9.5,0.5,20321.76,262,49.5894,37.223198,4.0
2024-10-04,18.9,42009.45,3.3,0.0,90,1018.1,1017.7,20.7,17.0,95,7.7,3.3,11501.81,347,49.5894,37.223198,4.0
2024-10-05,18.0,41867.71,8.9,0.0,92,1019.8,1019.3,20.9,15.1,42,11.2,8.9,23245.12,291,49.5894,37.223198,4.0
2024-10-06,18.7,41725.91,0.0,0.0,81,1019.7,1019.3,24.0,14.4,1,12.6,0.0,37250.63,133,49.5894,37.223198,4.0
2024-10-07,19.6,41584.16,0.0,0.0,82,1017.0,1016.6,26.2,13.6,29,8.2,0.0,36763.11,230,49.5894,37.223198,4.0
2024-10-08,21.3,41442.56,0.0,0.0,88,1015.6,1015.2,27.4,16.7,33,9.4,0.0,35308.82,253,49.5894,37.223198,4.0
2024-10-09,21.4,41301.21,0.1,0.0,84,1015.6,1015.2,25.3,17.4,30,11.8,0.1,30065.58,241,49.5894,37.223198,4.0
2024-10-10,21.4,41160.2,0.0,0.0,87,1010.8,1010.4,27.0,17.4,38,8.0,0.0,35019.0,241,49.5894,37.223198,4.0
2024-10-11,21.7,41019.64,0.3,0.0,86,1013.7,1013.2,25.4,19.1,89,12.7,0.3,28871.73,57,49.5894,37.223198,4.0
2024-10-12,21.8,40879.62,0.4,0.0,83,1014.8,1014.4,25.1,18.9,81,10.9,0.4,33326.25,72,49.5894,37.223198,4.0
2024-10-13,21.5,40740.26,0.3,0.0,83,1015.3,1014.9,25.5,19.0,63,13.4,0.3,32779.58,6,49.5894,37.223198,4.0
2024-10-14,18.5,40601.65,4.8,0.0,93,1017.3,1016.9,19.5,16.7,99,17.6,4.8,111.26,300,49.5894,37.223198,4.0
2024-10-15,18.4,40463.9,0.2,0.0,87,1019.3,1018.8,21.0,16.7,96,13.9,0.2,8194.37,292,49.5894,37.223198,4.0
2024-10-16,19.2,40327.12,0.0,0.0,88,1017.9,1017.5,22.0,17.0,81,11.1,0.0,5111.61,16,49.5894,37.223198,4.0
2024-10-17,19.7,40191.41,0.0,0.0,85,1011.0,1010.5,25.2,16.0,31,10.3,0.0,33795.32,150,49.5894,37.223198,4.0
2024-10-18,18.1,40056.9,4.5,0.0,91,1010.7,1010.3,23.1,15.4,99,20.0,4.5,365.97,293,49.5894,37.223198,4.0
2024-10-19,16.4,39923.48,1.9,0.0,87,1015.8,1015.4,18.5,14.9,100,14.7,1.9,90.11,274,49.5894,37.223198,4.0
2024-10-20,13.5,39790.07,21.6,0.0,93,1020.1,1019.6,15.4,12.6,100,22.9,21.6,0.0,284,49.5894,37.223198,4.0
2024-10-21,12.6,39656.58,45.8,0.0,94,1019.6,1019.1,13.9,10.4,99,25.1,45.8,0.0,279,49.5894,37.223198,4.0
2024-10-22,10.9,39523.12,29.8,0.0,95,1025.2,1024.7,11.6,10.2,100,22.3,29.8,0.0,297,49.5894,37.223198,4.0
2024-10-23,10.2,39389.81,42.6,0.0,95,1027.8,1027.3,11.5,9.7,100,19.8,42.6,0.0,282,49.5894,37.223198,4.0
2024-10-24,11.1,39256.77,20.3,0.0,89,1025.3,1024.8,12.6,9.7,100,12.9,20.3,0.0,229,49.5894,37.223198,4.0
2024-10-25,13.4,39124.11,1.6,0.0,68,1021.7,1021.2,19.4,7.0,11,15.1,1.6,32997.04,176,49.5894,37.223198,4.0
2024-10-26,13.9,38991.95,8.1,0.0,76,1020.7,1020.2,19.8,6.1,51,21.7,8.1,32565.05,286,49.5894,37.223198,4.0
2024-10-27,11.8,38860.41,19.7,0.0,95,1029.7,1029.2,12.9,10.0,76,14.9,19.7,0.0,296,49.5894,37.223198,4.0
2024-10-28,12.5,38729.63,0.0,0.0,85,1024.0,1023.5,17.0,9.2,39,8.9,0.0,32862.63,230,49.5894,37.223198,4.0
2024-10-29,13.4,38599.72,0.0,0.0,83,1021.6,1021.1,18.0,9.0,26,8.0,0.0,32617.88,232,49.5894,37.223198,4.0
2024-10-30,13.9,38470.82,0.1,0.0,84,1022.3,1021.8,17.7,10.3,82,7.5,0.1,28800.0,220,49.5894,37.223198,4.0
2024-10-31,13.9,38343.04,0.0,0.0,82,1020.4,1020.0,19.1,10.8,35,9.0,0.0,32400.0,215,49.5894,37.223198,4.0
2024-11-01,14.7,38216.54,0.2,0.0,87,1022.3,1021.8,19.0,10.6,74,8.2,0.2,28977.37,238,49.5894,37.223198,4.0
2024-11-02,16.1,38091.45,0.0,0.0,89,1017.6,1017.1,21.9,12.1,50,8.4,0.0,31838.81,220,49.5894,37.223198,4.0
2024-11-03,17.5,37967.9,27.2,0.0,90,1013.2,1012.7,23.6,13.4,97,16.8,27.2,12215.64,282,49.5894,37.223198,4.0
2024-11-04,11.9,37846.03,34.3,0.0,96,1017.8,1017.3,14.9,9.3,88,23.1,34.3,0.0,286,49.5894,37.223198,4.0
2024-11-05,13.3,37726.0,9.7,0.0,88,1017.2,1016.7,17.9,9.6,94,15.3,9.7,1485.5,300,49.5894,37.223198,4.0
2024-11-06,11.0,37607.93,10.3,0.0,94,1030.1,1029.6,11.9,10.1,99,11.2,10.3,0.0,290,49.5894,37.223198,4.0
2024-11-07,11.3,37492.0,1.6,0.0,88,1032.0,1031.5,12.6,10.4,97,10.5,1.6,0.0,242,49.5894,37.223198,4.0
2024-11-08,12.0,37378.12,3.4,0.0,87,1029.7,1029.2,13.6,10.6,100,8.8,3.4,966.77,228,49.5894,37.223198,4.0
2024-11-09,12.1,37265.2,0.8,0.0,94,1029.1,1028.6,13.4,10.8,91,11.6,0.8,5421.62,286,49.5894,37.223198,4.0
2024-11-10,12.8,37153.12,0.0,0.0,89,1026.7,1026.2,16.5,9.8,70,9.8,0.0,28787.64,255,49.5894,37.223198,4.0
2024-11-11,12.9,37042.02,3.4,0.0,91,1022.9,1022.4,15.5,9.9,98,7.1,3.4,0.0,230,49.5894,37.223198,4.0
2024-11-12,12.7,36932.02,25.5,0.0,95,1025.6,1025.1,13.4,11.6,100,28.5,25.5,0.0,302,49.5894,37.223198,4.0
2024-11-13,11.4,36823.27,4.5,0.0,90,1029.8,1029.3,12.4,10.4,96,10.2,4.5,0.0,40,49.5894,37.223198,4.0
2024-11-14,11.8,36715.88,0.4,0.0,88,1023.4,1023.0,15.7,8.1,65,10.0,0.4,21543.94,82,49.5894,37.223198,4.0
2024-11-15,11.7,36610.0,0.0,0.0,89,1018.3,1017.8,18.2,7.8,58,9.7,0.0,31883.32,192,49.5894,37.223198,4.0
2024-11-16,12.0,36505.76,0.0,0.0,91,1012.8,1012.3,17.1,7.8,54,14.5,0.0,25736.62,220,49.5894,37.223198,4.0
2024-11-17,12.7,36403.3,11.5,0.0,95,1020.0,1019.5,13.8,11.3,97,13.0,11.5,174.79,300,49.5894,37.223198,4.0
2024-11-18,13.2,36302.76,0.0,0.0,90,1016.5,1016.1,16.5,11.0,98,11.7,0.0,19381.01,247,49.5894,37.223198,4.0
2024-11-19,14.2,36204.28,0.1,0.0,90,1015.5,1015.0,18.2,11.4,87,9.4,0.1,21275.21,273,49.5894,37.223198,4.0
2024-11-20,13.1,36108.01,34.0,0.0,93,1021.3,1020.8,14.9,11.1,88,16.2,34.0,9948.82,266,49.5894,37.223198,4.0
2024-11-21,13.4,36014.11,0.0,0.0,91,1018.2,1017.8,18.6,9.6,52,10.2,0.0,30623.47,188,49.5894,37.223198,4.0
2024-11-22,13.6,35922.7,0.0,0.0,81,1019.5,1019.1,19.4,7.8,4,9.9,0.0,32340.25,243,49.5894,37.223198,4.0
2024-11-23,14.6,35833.95,0.0,0.0,91,1019.6,1019.1,19.4,11.4,57,7.6,0.0,30163.01,245,49.5894,37.223198,4.0
2024-11-24,13.2,35748.02,0.0,0.0,92,1012.0,1011.5,17.4,10.3,77,7.6,0.0,21184.2,224,49.5894,37.223198,4.0
2024-11-25,14.3,35665.05,0.2,0.0,90,1014.9,1014.4,17.4,11.9,98,9.3,0.2,2948.47,231,49.5894,37.223198,4.0
2024-11-26,14.5,35585.2,0.6,0.0,91,1014.0,1013.6,18.4,11.8,93,11.2,0.6,19787.94,243,49.5894,37.223198,4.0
2024-11-27,12.7,35508.64,40.9,0.0,95,1013.0,1012.5,16.2,8.9,89,16.6,40.9,4899.63,267,49.5894,37.223198,4.0
2024-11-28,10.6,35435.34,8.2,0.0,85,1018.3,1017.8,15.3,6.8,27,12.1,8.2,32011.68,250,49.5894,37.223198,4.0
2024-11-29,10.2,35364.46,5.7,0.0,89,1025.3,1024.8,12.9,8.4,59,13.0,5.7,31847.55,291,49.5894,37.223198,4.0
2024-11-30,9.3,35295.93,7.2,0.0,96,1029.8,1029.3,10.2,7.9,93,7.1,7.2,0.0,293,49.5894,37.223198,4.0
2024-12-01,9.5,35229.83,1.7,0.0,92,1028.4,1027.9,12.1,7.2,67,7.9,1.7,30114.84,281,49.5894,37.223198,4.0
2024-12-02,9.2,35166.24,4.3,0.0,90,1026.7,1026.2,11.2,7.0,90,14.3,4.3,12901.93,282,49.5894,37.223198,4.0
2024-12-03,8.5,35105.26,0.0,0.0,91,1025.3,1024.8,12.1,5.1,78,11.0,0.0,17755.73,260,49.5894,37.223198,4.0
2024-12-04,7.8,35046.98,0.0,0.0,88,1023.4,1022.9,13.4,4.4,18,7.9,0.0,31208.67,236,49.5894,37.223198,4.0
2024-12-05,9.4,34991.48,0.0,0.0,90,1026.6,1026.1,12.8,4.2,65,11.2,0.0,31345.29,275,49.5894,37.223198,4.0
2024-12-06,10.8,34938.85,0.8,0.0,89,1029.8,1029.3,12.4,9.4,98,9.3,0.8,0.0,287,49.5894,37.223198,4.0
2024-12-07,10.2,34889.18,0.8,0.0,91,1032.0,1031.5,11.8,8.2,97,8.7,0.8,0.0,271,49.5894,37.223198,4.0
2024-12-08,9.6,34842.56,0.1,0.0,91,1026.7,1026.2,14.4,6.4,100,7.7,0.1,13128.96,219,49.5894,37.223198,4.0
2024-12-09,10.5,34799.08,1.8,0.0,92,1026.3,1025.8,13.2,8.4,100,11.9,1.8,2882.9,274,49.5894,37.223198,4.0
2024-12-10,10.5,34758.82,0.4,0.0,90,1030.3,1029.8,14.1,7.2,87,10.7,0.4,18390.31,270,49.5894,37.223198,4.0
2024-12-11,9.3,34721.86,0.0,0.0,84,1020.6,1020.2,14.0,6.7,64,8.4,0.0,28654.02,196,49.5894,37.223198,4.0
2024-12-12,11.7,34688.3,0.0,0.0,89,1011.1,1010.6,17.7,8.9,96,10.8,0.0,24108.07,270,49.5894,37.223198,4.0
2024-12-13,9.6,34658.22,3.7,0.0,94,1011.6,1011.1,12.2,6.7,94,11.9,3.7,0.0,244,49.5894,37.223198,4.0
2024-12-14,2.3,34631.7,17.3,7.49,93,1028.0,1027.5,8.7,-2.8,80,26.0,28.0,0.0,278,49.5894,37.223198,4.0
2024-12-15,1.4,34608.83,0.0,0.0,72,1031.0,1030.5,7.2,-4.1,11,26.7,0.0,30822.87,160,49.5894,37.223198,4.0
2024-12-16,10.3,34589.69,0.0,0.0,43,1019.4,1018.9,15.4,5.6,83,40.7,0.0,21640.12,211,49.5894,37.223198,4.0
2024-12-17,7.2,34574.35,0.0,0.0,83,1019.7,1019.2,12.7,2.7,32,8.2,0.0,28600.01,210,49.5894,37.223198,4.0
2024-12-18,9.0,34562.86,0.0,0.0,76,1013.4,1013.0,18.4,1.5,43,15.8,0.0,30380.93,229,49.5894,37.223198,4.0
2024-12-19,8.9,34555.04,1.7,0.0,93,1021.2,1020.7,11.4,7.2,87,9.7,1.7,5122.98,219,49.5894,37.223198,4.0
2024-12-20,8.6,34550.84,0.1,0.0,90,1021.5,1021.0,12.9,5.2,98,9.1,0.1,24974.49,243,49.5894,37.223198,4.0
2024-12-21,8.6,34550.24,2.6,0.0,93,1021.9,1021.4,11.2,6.7,91,9.1,2.6,9840.27,250,49.5894,37.223198,4.0
2024-12-22,7.7,34553.19,0.0,0.0,92,1017.2,1016.7,12.9,4.6,51,9.8,0.0,28731.87,222,49.5894,37.223198,4.0
2024-12-23,7.7,34559.68,0.0,0.0,89,1018.0,1017.5,13.4,2.5,72,7.1,0.0,29506.11,216,49.5894,37.223198,4.0
2024-12-24,8.7,34569.65,0.0,0.0,94,1019.6,1019.1,13.8,3.3,95,6.2,0.0,21557.19,234,49.5894,37.223198,4.0
2024-12-25,10.0,34583.09,0.0,0.0,93,1025.1,1024.6,13.0,7.7,91,9.2,0.0,2604.72,232,49.5894,37.223198,4.0
2024-12-26,10.1,34599.95,0.0,0.0,91,1025.1,1024.6,15.8,7.4,66,8.8,0.0,29029.77,191,49.5894,37.223198,4.0
2024-12-27,9.0,34620.2,0.4,0.0,92,1022.2,1021.7,13.0,6.8,98,10.6,0.4,7242.64,215,49.5894,37.223198,4.0
2024-12-28,11.2,34643.79,4.1,0.0,79,1014.6,1014.1,17.5,6.6,74,34.1,4.1,25712.9,215,49.5894,37.223198,4.0
2024-12-29,10.3,34670.68,0.8,0.0,92,1021.2,1020.7,14.0,7.8,77,6.9,0.8,22652.87,241,49.5894,37.223198,4.0
2024-12-30,9.7,34700.84,3.2,0.0,92,1024.3,1023.8,11.1,8.2,92,14.6,3.2,3854.89,245,49.5894,37.223198,4.0
2024-12-31,8.5,34734.22,17.9,0.0,95,1027.3,1026.8,9.4,6.9,100,16.9,17.9,0.0,301,49.5894,37.223198,4.0
2025-01-01,7.0,34770.77,2.9,0.0,81,1031.2,1030.7,10.9,4.0,41,8.8,2.9,18000.0,203,49.5894,37.223198,4.0
2025-01-02,6.9,34810.45,0.0,0.0,65,1031.0,1030.5,13.5,2.2,0,10.3,0.0,30328.36,175,49.5894,37.223198,4.0
2025-01-03,7.3,34853.21,0.0,0.0,66,1023.1,1022.6,15.2,2.2,21,11.9,0.0,30611.69,183,49.5894,37.223198,4.0
2025-01-04,6.6,34899.01,0.0,0.0,72,1017.9,1017.4,14.3,1.2,0,10.6,0.0,30609.0,191,49.5894,37.223198,4.0
2025-01-05,8.0,34947.8,0.0,0.0,77,1020.4,1019.9,15.1,2.7,20,10.7,0.0,30464.21,235,49.5894,37.223198,4.0
2025-01-06,7.4,34999.53,17.4,0.0,93,1025.6,1025.1,10.3,5.1,99,24.7,17.4,2284.15,274,49.5894,37.223198,4.0
2025-01-07,8.0,35054.26,7.0,0.0,96,1033.4,1032.9,9.1,7.1,100,9.6,7.0,0.0,255,49.5894,37.223198,4.0
2025-01-08,8.7,35112.63,0.0,0.0,90,1030.6,1030.1,13.3,6.1,72,9.1,0.0,28800.0,149,49.5894,37.223198,4.0
2025-01-09,8.1,35174.59,0.0,0.0,93,1027.0,1026.6,12.2,6.1,80,7.4,0.0,12681.49,239,49.5894,37.223198,4.0
2025-01-10,8.5,35240.03,0.0,0.0,94,1025.3,1024.8,12.1,6.7,77,6.9,0.0,13384.23,249,49.5894,37.223198,4.0
2025-01-11,8.9,35308.8,0.0,0.0,92,1018.7,1018.2,13.5,6.3,65,5.5,0.0,25200.0,235,49.5894,37.223198,4.0
2025-01-12,9.6,35380.75,1.0,0.0,94,1019.8,1019.3,13.0,6.1,93,9.5,1.0,12927.75,302,49.5894,37.223198,4.0
2025-01-13,9.7,35455.76,0.0,0.0,90,1023.8,1023.3,14.4,5.8,50,6.6,0.0,29305.16,182,49.5894,37.223198,4.0
2025-01-14,9.0,35533.68,0.0,0.0,79,1024.4,1023.9,13.8,3.9,47,12.2,0.0,30176.64,265,49.5894,37.223198,4.0
2025-01-15,8.6,35614.37,1.0,0.0,91,1025.7,1025.2,9.8,7.9,100,7.3,1.0,0.0,258,49.5894,37.223198,4.0
2025-01-16,8.8,35697.71,8.2,0.0,92,1023.4,1022.9,11.6,6.1,97,12.1,8.2,4607.74,299,49.5894,37.223198,4.0
2025-01-17,8.7,35783.56,1.1,0.0,87,1025.3,1024.8,12.2,6.6,54,8.0,1.1,25552.56,336,49.5894,37.223198,4.0
2025-01-18,8.7,35871.78,0.1,0.0,88,1018.6,1018.1,13.4,5.6,83,13.7,0.1,27910.61,102,49.5894,37.223198,4.0
2025-01-19,9.2,35962.25,0.5,0.0,72,1012.5,1012.0,13.9,5.6,56,17.1,0.5,28684.9,141,49.5894,37.223198,4.0
2025-01-20,5.9,36054.82,20.6,0.0,88,1021.3,1020.8,8.9,3.6,85,21.4,20.6,0.0,259,49.5894,37.223198,4.0
2025-01-21,6.3,36149.38,0.0,0.0,77,1027.7,1027.2,11.9,1.5,2,9.5,0.0,30868.82,192,49.5894,37.223198,4.0
2025-01-22,6.1,36245.8,0.0,0.0,87,1031.1,1030.6,12.6,1.4,13,11.0,0.0,31446.99,188,49.5894,37.223198,4.0
2025-01-23,6.3,36343.95,0.0,0.0,92,1027.0,1026.5,12.1,2.8,92,11.0,0.0,26968.46,228,49.5894,37.223198,4.0
2025-01-24,7.3,36443.72,0.0,0.0,91,1022.8,1022.3,12.2,2.8,98,7.6,0.0,20626.05,242,49.5894,37.223198,4.0
2025-01-25,9.0,36544.97,0.0,0.0,91,1024.9,1024.4,11.9,6.5,96,8.3,0.0,23140.14,279,49.5894,37.223198,4.0
2025-01-26,8.3,36647.59,9.8,0.0,93,1028.5,1028.0,10.1,6.9,98,22.4,9.8,0.0,284,49.5894,37.223198,4.0
2025-01-27,7.0,36751.67,35.2,0.0,96,1030.3,1029.8,7.8,6.1,100,20.1,35.2,0.0,304,49.5894,37.223198,4.0
2025-01-28,5.9,36858.28,3.9,0.0,91,1029.2,1028.7,9.2,1.9,60,6.9,3.9,8748.03,215,49.5894,37.223198,4.0
2025-01-29,6.2,36967.46,0.0,0.0,83,1028.5,1028.0,13.1,0.4,15,12.0,0.0,32470.79,173,49.5894,37.223198,4.0
2025-01-30,7.4,37079.05,0.0,0.0,87,1030.9,1030.4,12.2,4.2,42,11.6,0.0,25744.06,181,49.5894,37.223198,4.0
2025-01-31,7.5,37192.9,0.0,0.0,89,1027.7,1027.2,12.4,3.6,73,10.5,0.0,21769.33,89,49.5894,37.223198,4.0
2025-02-01,8.2,37308.84,0.0,0.0,84,1026.3,1025.8,11.4,4.8,87,9.3,0.0,20417.49,292,49.5894,37.223198,4.0
2025-02-02,7.0,37426.72,0.0,0.0,85,1025.0,1024.5,13.1,2.9,10,7.3,0.0,33095.02,166,49.5894,37.223198,4.0
2025-02-03,6.7,37546.4,0.0,0.0,86,1022.2,1021.7,12.4,2.8,28,8.4,0.0,32938.29,153,49.5894,37.223198,4.0
2025-02-04,7.0,37667.72,0.0,0.0,89,1018.2,1017.7,13.4,1.4,52,9.2,0.0,31747.88,238,49.5894,37.223198,4.0
2025-02-05,8.0,37790.53,10.7,0.0,93,1020.3,1019.9,10.4,4.7,99,9.1,10.7,1604.18,274,49.5894,37.223198,4.0
2025-02-06,7.4,37914.7,36.9,0.0,96,1016.5,1016.0,8.5,5.4,100,24.3,36.9,0.0,304,49.5894,37.223198,4.0
2025-02-07,3.9,38040.08,75.7,0.0,98,1025.8,1025.3,5.9,2.6,100,29.9,75.7,0.0,277,49.5894,37.223198,4.0
2025-02-08,1.7,38166.55,31.2,8.47,99,1030.4,1029.9,3.3,0.3,100,16.2,43.3,0.0,272,49.5894,37.223198,4.0
2025-02-09,0.4,38293.95,2.0,13.86,98,1029.9,1029.4,0.6,0.1,99,17.1,21.8,0.0,279,49.5894,37.223198,4.0
2025-02-10,0.9,38422.16,0.1,0.28,85,1028.6,1028.1,4.2,-3.5,64,8.9,0.5,22974.35,212,49.5894,37.223198,4.0
2025-02-11,0.4,38551.04,0.0,0.0,88,1028.6,1028.1,6.3,-4.9,32,12.1,0.0,34159.27,216,49.5894,37.223198,4.0
2025-02-12,3.4,38680.48,0.0,0.0,89,1028.4,1027.9,10.0,-2.3,63,8.6,0.0,29876.48,212,49.5894,37.223198,4.0
2025-02-13,4.8,38810.34,0.0,0.0,88,1024.0,1023.5,11.4,0.6,76,11.0,0.0,26746.71,208,49.5894,37.223198,4.0
2025-02-14,5.6,38940.5,6.6,0.0,92,1020.1,1019.6,10.4,2.8,95,13.8,6.6,10423.23,227,49.5894,37.223198,4.0
2025-02-15,6.7,39070.84,0.1,0.0,86,1022.0,1021.5,12.0,2.9,69,10.3,0.1,20562.84,233,49.5894,37.223198,4.0
2025-02-16,7.2,39201.45,0.0,0.0,78,1017.1,1016.6,15.1,-0.2,51,7.9,0.0,33481.43,231,49.5894,37.223198,4.0
2025-02-17,7.8,39333.48,5.3,0.0,89,1019.2,1018.7,10.2,3.8,96,12.5,5.3,3919.83,258,49.5894,37.223198,4.0
2025-02-18,9.5,39467.04,0.0,0.0,85,1021.0,1020.5,14.4,7.1,66,13.0,0.0,32006.24,282,49.5894,37.223198,4.0
2025-02-19,9.9,39601.98,0.1,0.0,88,1017.9,1017.4,15.4,7.8,88,11.0,0.1,21600.0,299,49.5894,37.223198,4.0
2025-02-20,6.5,39738.17,15.4,0.0,93,1018.7,1018.2,8.0,3.5,100,17.7,15.4,0.0,288,49.5894,37.223198,4.0
2025-02-21,1.0,39875.5,8.2,6.02,99,1022.4,1021.9,2.3,0.1,100,17.1,16.8,0.0,255,49.5894,37.223198,4.0
2025-02-22,0.3,40013.83,2.2,11.13,99,1023.9,1023.4,0.6,-0.1,100,20.0,18.1,0.0,270,49.5894,37.223198,4.0
2025-02-23,-0.3,40153.05,0.9,9.45,97,1021.7,1021.2,0.9,-2.2,100,18.0,14.4,0.0,252,49.5894,37.223198,4.0
2025-02-24,-1.7,40293.05,0.1,2.59,83,1022.8,1022.3,1.0,-5.9,79,15.3,3.8,0.0,212,49.5894,37.223198,4.0
2025-02-25,1.0,40433.69,0.0,0.0,57,1020.2,1019.7,5.3,-6.1,7,19.8,0.0,36000.0,186,49.5894,37.223198,4.0
2025-02-26,3.8,40574.88,0.0,0.0,63,1019.7,1019.2,11.8,0.3,34,18.7,0.0,36000.0,229,49.5894,37.223198,4.0
2025-02-27,3.0,40716.48,3.4,0.21,90,1023.4,1022.9,6.8,-0.9,75,14.2,3.7,14466.15,263,49.5894,37.223198,4.0
2025-02-28,4.6,40858.41,0.1,0.0,77,1020.2,1019.7,10.9,-1.9,46,14.7,0.1,36000.0,288,49.5894,37.223198,4.0
2025-03-01,0.8,41000.53,4.5,11.41,98,1027.8,1027.3,3.6,0.0,100,25.2,20.8,0.0,298,49.5894,37.223198,4.0
2025-03-02,1.1,41142.75,0.0,0.49,87,1028.0,1027.5,6.2,-2.4,43,10.3,0.7,28800.0,238,49.5894,37.223198,4.0
2025-03-03,3.5,41284.96,0.0,0.0,81,1021.8,1021.3,11.3,-4.4,69,11.3,0.0,32400.0,191,49.5894,37.223198,4.0
2025-03-04,5.2,41427.04,0.0,0.0,87,1024.8,1024.3,9.7,1.7,98,12.4,0.0,11862.69,220,49.5894,37.223198,4.0
2025-03-05,7.7,41568.9,0.0,0.0,83,1022.7,1022.2,14.6,1.5,91,7.6,0.0,32400.0,217,49.5894,37.223198,4.0
2025-03-06,9.0,41710.42,0.0,0.0,85,1023.2,1022.7,14.9,4.4,28,13.1,0.0,36000.0,295,49.5894,37.223198,4.0
2025-03-07,10.1,41851.51,0.0,0.0,81,1024.3,1023.9,16.7,4.2,58,11.6,0.0,36067.91,74,49.5894,37.223198,4.0
2025-03-08,9.7,41992.25,8.5,0.0,91,1019.9,1019.4,13.4,5.4,89,6.2,8.5,14175.09,306,49.5894,37.223198,4.0
2025-03-09,10.0,42133.7,1.6,0.0,86,1021.0,1020.5,13.2,7.9,100,7.7,1.6,0.0,218,49.5894,37.223198,4.0
2025-03-10,11.4,42275.99,1.3,0.0,81,1020.1,1019.6,17.0,7.2,48,8.9,1.3,30009.73,348,49.5894,37.223198,4.0
2025-03-11,12.1,42419.0,0.5,0.0,84,1021.3,1020.8,17.9,7.6,42,8.9,0.5,36000.0,6,49.5894,37.223198,4.0
2025-03-12,13.2,42562.63,0.0,0.0,82,1020.8,1020.4,20.9,7.0,9,7.6,0.0,36247.33,115,49.5894,37.223198,4.0
2025-03-13,14.2,42706.79,0.0,0.0,76,1020.1,1019.6,22.5,6.9,0,7.8,0.0,36932.61,142,49.5894,37.223198,4.0
2025-03-14,13.7,42851.39,0.0,0.0,80,1018.7,1018.2,22.2,7.1,3,8.5,0.0,36641.8,279,49.5894,37.223198,4.0
2025-03-15,15.1,42996.34,0.0,0.0,71,1020.9,1020.4,22.5,8.6,66,8.8,0.0,37067.79,256,49.5894,37.223198,4.0
2025-03-16,15.8,43141.53,0.0,0.0,71,1018.1,1017.6,24.3,8.2,19,8.7,0.0,37062.86,140,49.5894,37.223198,4.0
2025-03-17,20.6,43286.88,0.0,0.0,50,1008.4,1007.9,30.0,10.0,20,19.1,0.0,37207.24,204,49.5894,37.223198,4.0
2025-03-18,24.0,43432.28,0.0,0.0,33,1005.3,1004.8,30.2,19.7,43,26.5,0.0,37661.24,194,49.5894,37.223198,4.0
2025-03-19,15.8,43577.66,0.3,0.0,71,1013.3,1012.8,23.4,11.1,65,23.9,0.3,35218.41,329,49.5894,37.223198,4.0
2025-03-20,9.4,43722.91,14.9,0.0,95,1020.8,1020.3,10.8,7.9,100,20.8,14.9,0.0,283,49.5894,37.223198,4.0
2025-03-21,9.0,43867.93,20.9,0.0,95,1021.5,1021.0,11.0,7.7,100,14.3,20.9,0.0,263,49.5894,37.223198,4.0
2025-03-22,10.4,44012.65,33.8,0.0,91,1018.1,1017.7,13.1,7.2,96,16.5,33.8,10919.72,295,49.5894,37.223198,4.0
2025-03-23,9.9,44156.96,17.2,0.0,90,1024.3,1023.8,12.6,8.4,100,13.4,17.2,8034.58,333,49.5894,37.223198,4.0
2025-03-24,8.8,44300.77,10.9,0.0,94,1028.8,1028.3,9.6,7.6,100,14.0,10.9,0.0,47,49.5894,37.223198,4.0
2025-03-25,8.8,44443.98,1.2,0.0,79,1028.8,1028.3,13.1,6.0,42,15.0,1.2,25200.0,95,49.5894,37.223198,4.0
2025-03-26,9.2,44586.5,0.0,0.0,78,1022.7,1022.2,15.9,4.6,7,16.6,0.0,38960.97,110,49.5894,37.223198,4.0
2025-03-27,11.1,44728.23,0.0,0.0,80,1018.9,1018.4,17.5,5.2,44,12.2,0.0,38454.98,44,49.5894,37.223198,4.0
2025-03-28,12.8,44869.25,0.0,0.0,83,1017.2,1016.7,19.5,8.4,50,11.7,0.0,32663.91,77,49.5894,37.223198,4.0
2025-03-29,14.0,45010.55,0.0,0.0,86,1014.3,1013.9,20.8,9.2,42,10.2,0.0,37379.25,283,49.5894,37.223198,4.0
2025-03-30,15.7,45152.24,0.0,0.0,85,1012.1,1011.6,22.5,9.4,30,9.5,0.0,37759.64,277,49.5894,37.223198,4.0
2025-03-31,20.5,45294.21,0.0,0.0,60,1008.6,1008.1,30.5,11.1,47,23.1,0.0,27143.91,191,49.5894,37.223198,4.0
2025-04-01,16.7,45436.38,0.0,0.0,81,1018.3,1017.8,21.3,12.3,35,12.7,0.0,36363.36,353,49.5894,37.223198,4.0
2025-04-02,17.6,45578.67,0.0,0.0,84,1009.7,1009.3,24.5,12.0,78,18.4,0.0,13468.77,151,49.5894,37.223198,4.0
2025-04-03,19.7,45720.98,0.0,0.0,72,1007.2,1006.7,30.9,12.0,48,16.9,0.0,37530.99,269,49.5894,37.223198,4.0
2025-04-04,14.5,45863.23,0.6,0.0,87,1016.7,1016.2,17.8,11.1,91,10.5,0.6,17950.84,352,49.5894,37.223198,4.0
2025-04-05,15.7,46005.32,6.8,0.0,87,1009.9,1009.5,20.0,12.4,91,12.8,6.8,4445.26,169,49.5894,37.223198,4.0
2025-04-06,21.8,46147.16,0.0,0.0,60,1009.4,1009.0,31.1,13.0,33,23.6,0.0,39600.0,201,49.5894,37.223198,4.0
2025-04-07,18.6,46288.65,0.0,0.0,77,1013.1,1012.6,26.6,11.4,32,11.2,0.0,39211.28,316,49.5894,37.223198,4.0
2025-04-08,20.1,46429.71,0.0,0.0,77,1013.0,1012.5,29.1,12.1,53,12.8,0.0,32808.06,209,49.5894,37.223198,4.0
2025-04-09,17.3,46570.24,0.0,0.0,83,1012.1,1011.6,22.7,13.4,84,10.0,0.0,30066.04,52,49.5894,37.223198,4.0
2025-04-10,14.8,46710.13,2.4,0.0,88,1006.0,1005.6,19.5,11.6,98,18.9,2.4,4280.58,327,49.5894,37.223198,4.0
2025-04-11,10.1,46849.3,6.7,0.0,88,1011.8,1011.3,12.0,8.4,100,17.8,6.7,0.0,285,49.5894,37.223198,4.0
2025-04-12,13.4,46987.64,0.1,0.0,84,1008.8,1008.3,19.0,9.6,91,11.9,0.1,15753.36,314,49.5894,37.223198,4.0
2025-04-13,13.2,47125.04,5.0,0.0,92,1017.8,1017.3,15.2,11.4,100,8.9,5.0,0.0,335,49.5894,37.223198,4.0
2025-04-14,12.3,47261.41,9.7,0.0,91,1022.0,1021.5,14.4,9.8,100,12.1,9.7,101.77,8,49.5894,37.223198,4.0
2025-04-15,11.6,47396.64,1.9,0.0,88,1016.4,1016.0,14.6,9.6,94,11.4,1.9,3481.71,270,49.5894,37.223198,4.0
2025-04-16,11.9,47530.62,14.4,0.0,84,1019.9,1019.4,15.5,9.0,80,14.5,14.4,23933.29,278,49.5894,37.223198,4.0
2025-04-17,10.7,47663.41,3.7,0.0,79,1027.4,1026.9,13.7,7.0,78,14.7,3.7,853.92,214,49.5894,37.223198,4.0
2025-04-18,11.9,47795.98,0.0,0.0,67,1025.6,1025.1,17.4,6.8,40,11.4,0.0,32655.8,188,49.5894,37.223198,4.0
2025-04-19,13.0,47928.42,0.0,0.0,68,1022.4,1022.0,18.9,6.8,11,15.2,0.0,41262.06,94,49.5894,37.223198,4.0
2025-04-20,14.1,48060.61,0.0,0.0,80,1017.2,1016.7,20.9,7.9,46,14.8,0.0,40929.23,38,49.5894,37.223198,4.0
2025-04-21,16.2,48192.48,0.0,0.0,87,1015.0,1014.5,22.5,10.4,67,11.4,0.0,39059.7,359,49.5894,37.223198,4.0
2025-04-22,18.0,48323.91,0.0,0.0,86,1015.3,1014.8,22.6,13.2,66,9.0,0.0,30911.72,193,49.5894,37.223198,4.0
2025-04-23,19.0,48454.82,0.0,0.0,85,1011.7,1011.2,25.4,14.6,60,11.1,0.0,36677.92,304,49.5894,37.223198,4.0
2025-04-24,20.1,48585.09,0.0,0.0,82,1007.3,1006.9,29.7,14.2,66,14.4,0.0,38417.36,310,49.5894,37.223198,4.0
2025-04-25,20.4,48714.63,0.0,0.0,77,1005.5,1005.1,29.1,14.0,81,22.7,0.0,30420.82,234,49.5894,37.223198,4.0
2025-04-26,21.4,48843.33,0.0,0.0,71,1007.6,1007.1,26.3,14.3,96,18.8,0.0,25076.51,162,49.5894,37.223198,4.0
2025-04-27,19.8,48971.09,0.0,0.0,78,1009.6,1009.1,24.8,15.8,86,14.9,0.0,34594.77,319,49.5894,37.223198,4.0
2025-04-28,13.3,49097.79,19.9,0.0,93,1024.2,1023.8,16.2,9.6,100,21.3,19.9,0.0,329,49.5894,37.223198,4.0
2025-04-29,9.8,49223.32,14.6,0.0,93,1027.5,1027.0,11.1,8.9,100,22.7,14.6,0.0,305,49.5894,37.223198,4.0
2025-04-30,12.9,49347.57,0.0,0.0,84,1020.9,1020.4,16.4,9.1,70,12.9,0.0,14436.94,68,49.5894,37.223198,4.0
2025-05-01,15.2,49470.41,0.0,0.0,86,1019.9,1019.4,19.1,11.0,47,13.7,0.0,28922.22,65,49.5894,37.223198,4.0
2025-05-02,18.1,49591.74,0.0,0.0,88,1013.2,1012.7,23.3,13.1,78,12.2,0.0,25851.46,27,49.5894,37.223198,4.0
2025-05-03,17.7,49711.43,2.5,0.0,90,1013.3,1012.8,20.4,15.4,96,13.3,2.5,6094.5,339,49.5894,37.223198,4.0
2025-05-04,16.5,49829.36,0.5,0.0,90,1014.4,1013.9,19.0,14.1,91,13.5,0.5,3600.0,3,49.5894,37.223198,4.0
2025-05-05,18.5,49945.39,2.0,0.0,87,1008.5,1008.1,24.4,14.0,68,11.2,2.0,27465.73,14,49.5894,37.223198,4.0
2025-05-06,17.4,50059.41,0.0,0.0,88,1012.0,1011.5,21.3,14.1,65,17.6,0.0,26396.56,315,49.5894,37.223198,4.0
2025-05-07,18.6,50171.45,0.3,0.0,81,1014.6,1014.1,23.9,13.8,41,8.0,0.3,34245.86,204,49.5894,37.223198,4.0
2025-05-08,20.4,50282.39,0.0,0.0,74,1011.1,1010.7,26.9,12.9,4,16.3,0.0,44270.41,128,49.5894,37.223198,4.0
2025-05-09,20.9,50392.3,0.0,0.0,73,1014.7,1014.2,26.2,15.9,39,13.0,0.0,42627.55,308,49.5894,37.223198,4.0
2025-05-10,21.2,50501.08,0.0,0.0,74,1013.7,1013.3,26.5,15.0,34,9.9,0.0,40941.91,15,49.5894,37.223198,4.0
2025-05-11,22.1,50608.62,0.0,0.0,76,1009.8,1009.3,29.0,15.3,23,11.3,0.0,43516.39,4,49.5894,37.223198,4.0
2025-05-12,20.4,50714.84,0.0,0.0,81,1008.7,1008.2,24.8,16.4,62,11.9,0.0,37226.03,33,49.5894,37.223198,4.0
2025-05-13,20.3,50819.62,0.0,0.0,84,1003.2,1002.7,25.5,16.8,81,17.5,0.0,29109.9,360,49.5894,37.223198,4.0
2025-05-14,18.1,50922.85,8.6,0.0,89,1010.4,1009.9,22.3,15.7,96,17.4,8.6,16936.16,340,49.5894,37.223198,4.0
2025-05-15,16.3,51024.43,5.6,0.0,91,1014.7,1014.2,18.6,14.8,95,13.9,5.6,0.0,316,49.5894,37.223198,4.0
2025-05-16,16.6,51124.26,1.1,0.0,90,1019.6,1019.1,18.6,15.1,94,13.9,1.1,583.16,334,49.5894,37.223198,4.0
2025-05-17,18.3,51222.22,0.0,0.0,84,1019.1,1018.6,23.1,14.9,33,14.7,0.0,43811.54,90,49.5894,37.223198,4.0
2025-05-18,20.7,51318.19,0.0,0.0,85,1012.6,1012.1,26.5,15.4,42,10.0,0.0,35938.86,337,49.5894,37.223198,4.0
2025-05-19,20.3,51412.07,0.6,0.0,80,1013.6,1013.1,25.0,16.5,33,13.3,0.6,43591.12,344,49.5894,37.223198,4.0
2025-05-20,17.4,51503.73,1.5,0.0,87,1015.6,1015.2,20.5,14.6,54,12.2,1.5,27034.26,353,49.5894,37.223198,4.0
2025-05-21,19.1,51593.06,0.0,0.0,78,1015.8,1015.4,23.0,14.2,38,11.8,0.0,41126.91,343,49.5894,37.223198,4.0
2025-05-22,18.1,51679.95,0.0,0.0,76,1021.3,1020.9,21.6,13.9,11,12.3,0.0,44853.7,5,49.5894,37.223198,4.0
2025-05-23,18.5,51764.27,0.0,0.0,74,1016.6,1016.1,22.7,13.8,19,9.0,0.0,44476.3,351,49.5894,37.223198,4.0
2025-05-24,19.4,51845.89,1.2,0.0,75,1012.7,1012.2,23.4,14.7,69,10.9,1.2,32400.0,314,49.5894,37.223198,4.0
2025-05-25,20.2,51924.71,0.0,0.0,68,1016.0,1015.5,24.5,15.8,38,12.3,0.0,45529.66,313,49.5894,37.223198,4.0
2025-05-26,20.6,52000.59,0.0,0.0,57,1017.7,1017.2,25.2,15.5,21,12.6,0.0,45813.83,306,49.5894,37.223198,4.0
2025-05-27,20.4,52073.52,0.0,0.0,71,1014.0,1013.6,25.6,14.4,61,12.8,0.0,45000.3,6,49.5894,37.223198,4.0
2025-05-28,21.7,52144.14,0.0,0.0,73,1012.9,1012.4,26.9,15.9,52,12.3,0.0,41843.66,18,49.5894,37.223198,4.0
2025-05-29,22.2,52212.48,0.0,0.0,73,1009.6,1009.1,26.6,17.9,27,13.7,0.0,42697.05,5,49.5894,37.223198,4.0
2025-05-30,22.6,52278.49,0.0,0.0,58,1007.8,1007.4,27.1,17.8,1,14.2,0.0,46013.08,294,49.5894,37.223198,4.0
2025-05-31,24.2,52342.09,0.0,0.0,54,1011.1,1010.6,31.1,17.2,0,10.0,0.0,46296.46,311,49.5894,37.223198,4.0
2025-06-01,23.2,52403.21,0.0,0.0,63,1013.3,1012.8,28.4,17.2,1,11.4,0.0,46274.74,330,49.5894,37.223198,4.0
2025-06-02,22.8,52461.79,0.0,0.0,67,1008.5,1008.0,28.1,17.5,0,12.8,0.0,46255.36,323,49.5894,37.223198,4.0
2025-06-03,23.5,52517.75,0.7,0.0,60,1011.4,1011.0,27.3,19.2,49,15.7,0.7,45575.03,96,49.5894,37.223198,4.0
2025-06-04,18.1,52571.04,5.0,0.0,83,1015.0,1014.6,20.6,16.2,91,11.8,5.0,0.0,245,49.5894,37.223198,4.0
2025-06-05,20.7,52621.59,0.0,0.0,55,1016.1,1015.6,25.5,16.2,38,9.4,0.0,30984.8,235,49.5894,37.223198,4.0
2025-06-06,21.6,52669.32,0.1,0.0,64,1016.2,1015.7,26.5,16.0,15,11.3,0.1,46199.34,329,49.5894,37.223198,4.0
2025-06-07,19.4,52714.16,1.3,0.0,84,1018.1,1017.6,22.1,16.3,49,13.2,1.3,23220.08,318,49.5894,37.223198,4.0
2025-06-08,21.7,52756.07,0.0,0.0,67,1017.2,1016.7,26.8,15.8,2,10.6,0.0,45136.79,150,49.5894,37.223198,4.0
2025-06-09,23.3,52794.96,0.0,0.0,55,1013.5,1013.1,29.0,17.5,9,12.0,0.0,46326.96,107,49.5894,37.223198,4.0
2025-06-10,23.1,52830.78,0.0,0.0,61,1012.7,1012.3,28.5,16.2,28,11.6,0.0,44876.03,8,49.5894,37.223198,4.0
2025-06-11,23.8,52863.45,0.0,0.0,62,1013.3,1012.8,29.9,17.0,4,13.7,0.0,46171.96,82,49.5894,37.223198,4.0
2025-06-12,24.5,52892.92,0.0,0.0,69,1011.8,1011.4,30.0,17.5,8,11.3,0.0,46171.55,40,49.5894,37.223198,4.0
2025-06-13,25.5,52919.12,0.0,0.0,75,1012.9,1012.5,31.1,20.2,10,12.1,0.0,43853.21,352,49.5894,37.223198,4.0
2025-06-14,25.2,52942.0,0.0,0.0,77,1008.3,1007.9,30.9,20.1,14,13.0,0.0,43200.0,18,49.5894,37.223198,4.0
2025-06-15,23.5,52961.49,0.1,0.0,76,1008.0,1007.5,27.6,20.3,15,15.8,0.1,43553.45,355,49.5894,37.223198,4.0
2025-06-16,20.9,52977.57,0.3,0.0,82,1007.5,1007.0,23.7,18.9,76,12.9,0.3,4352.78,350,49.5894,37.223198,4.0
2025-06-17,22.5,52990.34,2.1,0.0,70,1009.8,1009.4,25.6,19.0,82,12.8,2.1,32675.93,297,49.5894,37.223198,4.0
2025-06-18,19.4,52999.85,14.3,0.0,92,1014.5,1014.0,21.5,17.1,60,12.1,14.3,2254.97,278,49.5894,37.223198,4.0
2025-06-19,22.4,53006.1,0.0,0.0,76,1013.7,1013.3,27.4,16.4,7,11.8,0.0,45312.44,65,49.5894,37.223198,4.0
2025-06-20,22.9,53009.14,0.0,0.0,75,1010.5,1010.1,27.5,17.0,1,11.6,0.0,45927.77,87,49.5894,37.223198,4.0
2025-06-21,23.2,53008.96,0.6,0.0,84,1009.3,1008.8,27.5,18.9,34,13.3,0.6,42749.06,350,49.5894,37.223198,4.0
2025-06-22,21.6,53005.59,0.5,0.0,82,1013.6,1013.1,25.0,18.4,59,13.5,0.5,28898.04,325,49.5894,37.223198,4.0
2025-06-23,21.1,52999.06,0.0,0.0,77,1011.3,1010.8,24.1,18.2,43,9.9,0.0,26551.01,4,49.5894,37.223198,4.0
2025-06-24,22.3,52989.39,0.0,0.0,68,1012.7,1012.3,26.6,17.8,10,13.9,0.0,44620.44,351,49.5894,37.223198,4.0
2025-06-25,21.4,52976.59,0.2,0.0,70,1015.0,1014.5,25.5,17.0,24,13.8,0.2,44451.12,34,49.5894,37.223198,4.0
2025-06-26,22.6,52960.71,0.0,0.0,65,1012.6,1012.1,27.5,16.7,8,11.9,0.0,45428.22,86,49.5894,37.223198,4.0
2025-06-27,24.7,52941.77,0.0,0.0,64,1010.4,1009.9,30.0,18.7,4,15.8,0.0,44827.75,6,49.5894,37.223198,4.0
2025-06-28,24.8,52919.79,0.0,0.0,68,1009.3,1008.8,29.2,20.6,35,11.7,0.0,42609.91,20,49.5894,37.223198,4.0
2025-06-29,24.3,52894.8,0.0,0.0,67,1002.6,1002.2,28.5,20.4,16,14.2,0.0,44234.52,309,49.5894,37.223198,4.0
2025-06-30,24.8,52866.85,0.0,0.0,64,1003.1,1002.6,29.1,20.6,0,13.9,0.0,45368.97,298,49.5894,37.223198,4.0
2025-07-01,24.5,52835.96,0.0,0.0,63,1007.1,1006.6,28.1,20.2,11,13.9,0.0,45396.24,47,49.5894,37.223198,4.0
2025-07-02,24.5,52802.15,0.0,0.0,66,1008.7,1008.2,28.4,20.4,39,14.1,0.0,43224.55,350,49.5894,37.223198,4.0
2025-07-03,23.3,52765.48,0.4,0.0,71,1009.8,1009.3,26.7,20.6,68,13.1,0.4,37255.32,320,49.5894,37.223198,4.0
2025-07-04,21.9,52725.96,0.8,0.0,69,1012.6,1012.2,24.5,19.5,61,16.3,0.8,9078.28,297,49.5894,37.223198,4.0
2025-07-05,23.9,52683.65,1.2,0.0,63,1009.5,1009.1,27.9,19.5,44,20.1,1.2,43793.12,295,49.5894,37.223198,4.0
2025-07-06,24.0,52638.48,0.3,0.0,64,1012.0,1011.5,26.6,21.5,93,20.5,0.3,5965.75,304,49.5894,37.223198,4.0
2025-07-07,23.1,52590.04,10.8,0.0,70,1012.5,1012.1,26.3,20.3,100,17.0,10.8,1387.54,291,49.5894,37.223198,4.0
2025-07-08,21.4,52538.34,14.8,0.0,88,1011.9,1011.4,24.8,19.5,91,10.6,14.8,0.0,236,49.5894,37.223198,4.0
2025-07-09,21.9,52483.46,21.6,0.0,89,1010.5,1010.0,24.0,20.5,100,9.3,21.6,0.0,250,49.5894,37.223198,4.0
2025-07-10,22.7,52425.53,25.3,0.0,85,1010.1,1009.6,25.1,19.8,81,10.6,25.3,28251.2,316,49.5894,37.223198,4.0
2025-07-11,24.7,52364.64,0.2,0.0,82,1010.6,1010.1,28.1,21.5,56,11.3,0.2,38667.44,20,49.5894,37.223198,4.0
2025-07-12,26.1,52300.89,0.0,0.0,76,1011.8,1011.3,30.8,21.9,23,10.7,0.0,43799.86,42,49.5894,37.223198,4.0
2025-07-13,26.7,52234.39,0.0,0.0,73,1012.0,1011.6,31.3,21.8,3,9.4,0.0,44421.12,45,49.5894,37.223198,4.0
2025-07-14,26.9,52165.25,0.0,0.0,68,1009.2,1008.7,32.3,21.0,0,8.4,0.0,44605.12,133,49.5894,37.223198,4.0
2025-07-15,26.7,52093.55,0.0,0.0,69,1005.2,1004.7,31.8,21.5,22,11.2,0.0,44607.1,84,49.5894,37.223198,4.0
2025-07-16,27.4,52019.39,0.0,0.0,76,1003.6,1003.2,31.9,22.2,31,11.5,0.0,43200.05,25,49.5894,37.223198,4.0
2025-07-17,26.8,51942.9,0.0,0.0,77,1006.4,1005.9,31.1,23.0,12,11.2,0.0,43914.15,309,49.5894,37.223198,4.0
2025-07-18,26.7,51864.15,0.0,0.0,71,1011.3,1010.8,30.3,22.9,33,9.5,0.0,43919.9,344,49.5894,37.223198,4.0
2025-07-19,26.6,51783.25,0.0,0.0,67,1009.3,1008.9,30.7,22.3,15,9.3,0.0,44097.56,55,49.5894,37.223198,4.0
2025-07-20,27.2,51700.3,0.0,0.0,68,1005.5,1005.0,31.6,22.5,33,10.9,0.0,43580.88,68,49.5894,37.223198,4.0
2025-07-21,27.7,51615.4,0.7,0.0,72,1006.4,1006.0,32.2,24.1,25,10.0,0.7,36000.0,4,49.5894,37.223198,4.0
2025-07-22,28.0,51528.63,0.0,0.0,64,1006.9,1006.5,32.3,24.0,6,11.0,0.0,43773.27,313,49.5894,37.223198,4.0
2025-07-23,27.0,51440.1,0.0,0.0,69,1007.4,1006.9,31.6,23.0,2,11.0,0.0,43947.08,339,49.5894,37.223198,4.0
2025-07-24,27.1,51349.9,0.0,0.0,57,1006.1,1005.6,32.4,22.0,0,11.6,0.0,43952.09,39,49.5894,37.223198,4.0
2025-07-25,27.5,51258.11,0.0,0.0,61,1007.2,1006.8,33.1,21.5,1,12.7,0.0,43956.93,353,49.5894,37.223198,4.0
2025-07-26,27.6,51164.7,0.0,0.0,65,1010.7,1010.3,31.8,23.2,30,15.3,0.0,38369.91,19,49.5894,37.223198,4.0
2025-07-27,27.1,51068.85,0.0,0.0,72,1008.5,1008.0,30.8,23.5,43,15.8,0.0,35268.7,82,49.5894,37.223198,4.0
2025-07-28,28.7,50970.56,0.0,0.0,70,1004.5,1004.0,33.7,23.1,26,12.6,0.0,41663.07,22,49.5894,37.223198,4.0
2025-07-29,28.8,50869.96,0.0,0.0,69,1005.4,1004.9,32.3,26.1,46,12.1,0.0,35805.87,353,49.5894,37.223198,4.0
2025-07-30,28.7,50767.17,0.0,0.0,72,1007.9,1007.5,33.5,25.1,24,11.8,0.0,42746.96,26,49.5894,37.223198,4.0
2025-07-31,29.1,50662.31,0.0,0.0,71,1007.0,1006.5,34.7,23.9,2,13.9,0.0,43510.11,68,49.5894,37.223198,4.0
2025-08-01,29.1,50555.52,0.0,0.0,70,1006.6,1006.1,34.5,24.0,9,14.8,0.0,43393.41,37,49.5894,37.223198,4.0
2025-08-02,29.5,50446.91,0.0,0.0,72,1007.0,1006.5,34.6,25.0,7,13.2,0.0,43213.49,7,49.5894,37.223198,4.0
2025-08-03,30.1,50336.59,0.0,0.0,65,1006.7,1006.2,34.8,25.1,1,10.6,0.0,43379.84,340,49.5894,37.223198,4.0
2025-08-04,29.7,50224.71,0.0,0.0,67,1009.0,1008.5,34.5,25.3,0,11.8,0.0,43388.69,317,49.5894,37.223198,4.0
2025-08-05,29.8,50111.35,0.0,0.0,62,1009.8,1009.3,34.8,25.0,0,12.5,0.0,43397.41,314,49.5894,37.223198,4.0
2025-08-06,29.5,49996.65,0.0,0.0,64,1009.7,1009.2,34.5,24.8,0,11.7,0.0,43227.72,324,49.5894,37.223198,4.0
2025-08-07,29.6,49880.7,0.0,0.0,59,1009.1,1008.6,34.6,24.6,0,11.7,0.0,43177.08,327,49.5894,37.223198,4.0
2025-08-08,29.5,49763.62,0.0,0.0,60,1009.0,1008.5,34.7,23.9,5,11.5,0.0,43126.23,350,49.5894,37.223198,4.0
2025-08-09,28.4,49645.51,0.0,0.0,69,1013.1,1012.6,32.1,25.5,53,14.6,0.0,41208.47,318,49.5894,37.223198,4.0
2025-08-10,28.4,49526.49,0.0,0.0,63,1013.3,1012.8,31.5,25.7,44,14.2,0.0,42646.64,330,49.5894,37.223198,4.0
2025-08-11,26.0,49406.64,1.6,0.0,76,1014.9,1014.4,29.0,24.1,93,14.1,1.6,17176.62,294,49.5894,37.223198,4.0
2025-08-12,26.4,49286.09,0.1,0.0,78,1012.3,1011.9,30.0,23.8,88,12.5,0.1,21738.96,327,49.5894,37.223198,4.0
2025-08-13,24.8,49164.91,2.5,0.0,84,1016.0,1015.6,27.2,22.8,84,10.6,2.5,6857.43,290,49.5894,37.223198,4.0
2025-08-14,24.0,49043.21,2.5,0.0,86,1016.0,1015.5,26.5,22.3,77,12.8,2.5,10800.0,302,49.5894,37.223198,4.0
2025-08-15,24.6,48920.93,5.1,0.0,77,1011.7,1011.2,28.2,22.4,95,13.7,5.1,16362.86,254,49.5894,37.223198,4.0
2025-08-16,22.7,48797.14,6.1,0.0,91,1011.4,1010.9,23.9,21.5,100,12.9,6.1,1099.73,317,49.5894,37.223198,4.0
2025-08-17,22.7,48671.8,3.0,0.0,92,1013.2,1012.8,25.4,21.3,87,12.1,3.0,1169.02,288,49.5894,37.223198,4.0
2025-08-18,24.3,48545.02,0.1,0.0,87,1009.1,1008.6,27.5,21.8,47,10.6,0.1,35291.27,6,49.5894,37.223198,4.0
2025-08-19,25.9,48416.91,0.0,0.0,79,1007.3,1006.8,30.9,21.6,2,10.7,0.0,41899.97,25,49.5894,37.223198,4.0
2025-08-20,25.9,48287.59,0.0,0.0,77,1005.9,1005.4,29.6,22.8,47,10.0,0.0,38835.61,246,49.5894,37.223198,4.0
2025-08-21,25.6,48157.16,0.0,0.0,78,1005.6,1005.2,29.0,21.6,25,14.9,0.0,38866.62,286,49.5894,37.223198,4.0
2025-08-22,25.5,48025.72,0.0,0.0,71,1012.8,1012.3,29.9,21.4,19,14.5,0.0,41074.38,8,49.5894,37.223198,4.0
2025-08-23,25.0,47893.39,0.0,0.0,73,1008.6,1008.1,30.0,20.8,7,11.6,0.0,40912.18,63,49.5894,37.223198,4.0
2025-08-24,26.3,47760.26,0.0,0.0,72,1007.4,1006.9,31.8,20.3,0,12.6,0.0,41586.61,51,49.5894,37.223198,4.0
2025-08-25,26.7,47626.42,0.0,0.0,71,1008.8,1008.4,32.0,20.6,3,12.0,0.0,41256.36,338,49.5894,37.223198,4.0
2025-08-26,26.5,47491.99,0.0,0.0,72,1010.5,1010.1,29.9,23.1,48,10.3,0.0,38530.64,292,49.5894,37.223198,4.0
2025-08-27,25.5,47357.05,2.1,0.0,83,1014.5,1014.1,28.3,23.1,47,15.5,2.1,38867.76,302,49.5894,37.223198,4.0
2025-08-28,25.3,47221.71,0.2,0.0,83,1014.9,1014.4,27.8,22.5,69,11.8,0.2,23778.72,340,49.5894,37.223198,4.0
2025-08-29,25.1,47086.04,0.8,0.0,82,1016.2,1015.8,28.6,22.7,30,12.1,0.8,32649.44,323,49.5894,37.223198,4.0
2025-08-30,26.2,46950.15,0.0,0.0,72,1014.5,1014.1,30.6,22.6,26,15.9,0.0,39191.06,334,49.5894,37.223198,4.0
2025-08-31,26.7,46814.12,0.0,0.0,70,1011.0,1010.5,31.8,21.5,1,11.7,0.0,40342.21,10,49.5894,37.223198,4.0
2025-09-01,26.6,46678.05,0.0,0.0,69,1008.4,1008.0,31.8,22.1,0,13.5,0.0,40352.12,319,49.5894,37.223198,4.0
2025-09-02,26.6,46542.02,0.0,0.0,59,1006.6,1006.1,32.2,21.5,0,12.2,0.0,40361.11,333,49.5894,37.223198,4.0
2025-09-03,25.7,46406.12,0.0,0.0,56,1005.6,1005.2,32.0,18.2,3,11.8,0.0,40223.98,9,49.5894,37.223198,4.0
2025-09-04,25.5,46270.27,0.0,0.0,65,1008.9,1008.4,30.3,19.5,20,12.5,0.0,39948.28,290,49.5894,37.223198,4.0
2025-09-05,25.4,46133.53,0.0,0.0,70,1012.6,1012.1,28.4,22.2,34,14.1,0.0,37810.92,300,49.5894,37.223198,4.0
2025-09-06,25.7,45995.83,2.3,0.0,75,1012.7,1012.2,29.0,22.9,74,9.4,2.3,21061.8,348,49.5894,37.223198,4.0
2025-09-07,26.0,45857.29,0.0,0.0,75,1011.0,1010.5,30.0,22.9,35,14.5,0.0,32761.7,7,49.5894,37.223198,4.0
2025-09-08,25.8,45717.96,0.3,0.0,75,1011.2,1010.7,29.3,22.3,62,10.4,0.3,35451.48,348,49.5894,37.223198,4.0
2025-09-09,25.1,45577.98,0.0,0.0,73,1011.0,1010.5,28.3,22.3,57,9.7,0.0,24859.42,313,49.5894,37.223198,4.0
2025-09-10,25.1,45437.4,0.0,0.0,70,1010.2,1009.7,28.8,21.3,40,15.8,0.0,34949.05,281,49.5894,37.223198,4.0
2025-09-11,24.9,45296.34,0.7,0.0,63,1011.1,1010.6,29.2,21.2,63,17.6,0.7,32532.65,299,49.5894,37.223198,4.0
2025-09-12,21.4,45154.87,4.7,0.0,81,1015.4,1014.9,25.6,18.9,90,14.8,4.7,11570.43,314,49.5894,37.223198,4.0
2025-09-13,21.1,45013.09,6.4,0.0,89,1018.1,1017.6,23.5,18.8,74,10.6,6.4,18805.33,348,49.5894,37.223198,4.0
2025-09-14,18.8,44871.07,29.3,0.0,97,1022.0,1021.5,20.5,17.1,100,19.1,29.3,0.0,305,49.5894,37.223198,4.0
2025-09-15,18.3,44728.91,5.7,0.0,92,1022.0,1021.5,19.8,17.2,99,11.6,5.7,0.0,310,49.5894,37.223198,4.0
2025-09-16,19.9,44586.68,0.5,0.0,85,1017.4,1016.9,22.5,17.8,93,9.7,0.5,14203.83,280,49.5894,37.223198,4.0
2025-09-17,21.0,44444.5,0.8,0.0,88,1016.7,1016.2,23.6,19.0,84,9.1,0.8,27173.66,293,49.5894,37.223198,4.0
2025-09-18,21.6,44302.41,0.0,0.0,85,1012.1,1011.7,24.5,18.1,48,9.7,0.0,28273.48,243,49.5894,37.223198,4.0
2025-09-19,20.9,44160.53,0.9,0.0,87,1006.0,1005.5,25.4,17.6,81,15.8,0.9,28303.63,287,49.5894,37.223198,4.0
2025-09-20,19.9,44018.93,0.0,0.0,77,1011.8,1011.3,23.4,16.9,33,10.3,0.0,36913.3,288,49.5894,37.223198,4.0
2025-09-21,17.3,43877.68,48.4,0.0,94,1018.3,1017.9,19.9,14.9,83,16.9,48.4,9493.44,315,49.5894,37.223198,4.0
2025-09-22,15.3,43736.89,43.5,0.0,96,1025.3,1024.8,16.2,14.4,100,20.4,43.5,0.0,294,49.5894,37.223198,4.0
2025-09-23,16.1,43596.62,7.7,0.0,92,1024.2,1023.7,18.0,14.4,100,9.4,7.7,0.0,263,49.5894,37.223198,4.0
2025-09-24,17.6,43456.8,0.0,0.0,85,1017.7,1017.2,20.2,14.9,56,7.5,0.0,15999.01,246,49.5894,37.223198,4.0
2025-09-25,18.4,43316.46,0.0,0.0,81,1013.6,1013.1,23.6,13.4,1,8.0,0.0,39569.62,98,49.5894,37.223198,4.0
2025-09-26,19.5,43175.51,2.7,0.0,75,1015.9,1015.4,24.0,13.9,39,8.7,2.7,39161.94,275,49.5894,37.223198,4.0
2025-09-27,19.1,43034.05,1.1,0.0,88,1019.4,1018.9,21.5,17.6,98,21.6,1.1,6473.11,295,49.5894,37.223198,4.0
2025-09-28,18.8,42892.18,1.6,0.0,87,1019.4,1019.0,21.0,17.5,100,16.6,1.6,15041.67,297,49.5894,37.223198,4.0
2025-09-29,19.2,42749.98,1.7,0.0,89,1017.2,1016.8,20.5,17.4,97,8.3,1.7,2649.28,317,49.5894,37.223198,4.0
2025-09-30,20.5,42607.54,5.4,0.0,89,1011.9,1011.4,23.4,18.0,74,22.5,5.4,28708.42,321,49.5894,37.223198,4.0
2025-10-01,16.4,42464.96,38.5,0.0,96,1019.4,1018.9,18.8,14.8,100,23.5,38.5,0.0,308,49.5894,37.223198,4.0
2025-10-02,15.2,42322.33,18.4,0.0,96,1022.1,1021.6,16.2,14.6,100,16.0,18.4,0.0,295,49.5894,37.223198,4.0
2025-10-03,16.6,42179.74,2.8,0.0,88,1022.5,1022.1,18.4,14.5,91,7.5,2.8,6496.75,230,49.5894,37.223198,4.0
2025-10-04,18.5,42037.28,0.0,0.0,84,1022.8,1022.3,21.6,15.6,35,9.0,0.0,34016.74,103,49.5894,37.223198,4.0
2025-10-05,18.9,41895.05,0.0,0.0,86,1018.4,1017.9,23.2,15.1,56,10.4,0.0,27143.87,146,49.5894,37.223198,4.0
2025-10-06,19.7,41753.15,0.8,0.0,89,1016.3,1015.8,22.9,14.9,90,8.5,0.8,25264.15,270,49.5894,37.223198,4.0
2025-10-07,20.1,41611.66,0.0,0.0,90,1015.1,1014.6,23.6,17.3,68,13.5,0.0,17960.08,98,49.5894,37.223198,4.0
2025-10-08,20.4,41470.68,0.0,0.0,89,1012.0,1011.5,25.6,16.3,42,8.0,0.0,35148.41,265,49.5894,37.223198,4.0
2025-10-09,21.3,41330.31,0.0,0.0,91,1009.9,1009.4,26.3,17.8,54,9.0,0.0,22064.23,257,49.5894,37.223198,4.0
2025-10-10,20.9,41190.65,0.0,0.0,73,1011.9,1011.4,25.0,16.7,16,19.2,0.0,35171.07,288,49.5894,37.223198,4.0
2025-10-11,19.4,41051.8,1.1,0.0,78,1015.1,1014.6,22.0,16.4,70,13.3,1.1,32922.66,309,49.5894,37.223198,4.0
2025-10-12,19.1,40913.85,0.0,0.0,84,1013.4,1013.0,23.0,16.1,59,9.1,0.0,31186.39,284,49.5894,37.223198,4.0
2025-10-13,19.7,40776.91,1.8,0.0,88,1012.1,1011.6,25.4,15.1,72,13.5,1.8,27658.66,265,49.5894,37.223198,4.0
2025-10-14,18.3,40640.89,0.0,0.0,76,1020.9,1020.4,21.1,16.0,47,10.5,0.0,33881.91,114,49.5894,37.223198,4.0
2025-10-15,18.5,40504.72,0.8,0.0,83,1017.7,1017.2,21.1,16.2,82,14.2,0.8,26757.52,310,49.5894,37.223198,4.0
2025-10-16,18.9,40368.33,1.8,0.0,87,1019.5,1019.0,20.8,17.6,96,12.3,1.8,13616.91,316,49.5894,37.223198,4.0
2025-10-17,18.7,40231.81,0.8,0.0,89,1023.4,1022.9,21.0,17.4,85,16.7,0.8,27625.49,311,49.5894,37.223198,4.0
2025-10-18,17.8,40095.28,4.2,0.0,92,1022.3,1021.9,19.3,16.5,82,15.3,4.2,15751.41,304,49.5894,37.223198,4.0
2025-10-19,18.4,39958.84,0.0,0.0,89,1015.8,1015.4,21.4,16.4,70,8.9,0.0,20380.76,296,49.5894,37.223198,4.0
2025-10-20,18.9,39822.62,0.7,0.0,86,1012.5,1012.0,23.0,15.5,70,14.3,0.7,29739.65,298,49.5894,37.223198,4.0
2025-10-21,19.2,39686.71,0.5,0.0,87,1015.7,1015.2,23.3,15.9,74,18.9,0.5,29078.13,311,49.5894,37.223198,4.0
2025-10-22,17.7,39551.25,5.0,0.0,94,1020.5,1020.0,19.4,16.2,84,16.4,5.0,1668.81,305,49.5894,37.223198,4.0
2025-10-23,18.8,39416.34,0.0,0.0,89,1017.1,1016.7,24.0,15.6,48,8.9,0.0,31176.67,250,49.5894,37.223198,4.0
2025-10-24,19.2,39282.1,0.0,0.0,90,1016.1,1015.6,22.7,16.2,81,10.3,0.0,18916.19,274,49.5894,37.223198,4.0
2025-10-25,19.5,39148.65,0.0,0.0,88,1012.9,1012.4,24.2,16.4,35,9.1,0.0,30545.1,202,49.5894,37.223198,4.0
2025-10-26,19.6,39016.11,0.2,0.0,88,1010.2,1009.7,24.4,15.8,59,11.6,0.2,32011.43,255,49.5894,37.223198,4.0
2025-10-27,18.9,38884.62,2.0,0.0,87,1015.8,1015.3,22.7,15.4,55,10.8,2.0,20126.37,253,49.5894,37.223198,4.0
2025-10-28,18.4,38754.3,0.0,0.0,90,1012.8,1012.4,24.1,14.7,45,8.0,0.0,32277.44,247,49.5894,37.223198,4.0
2025-10-29,18.6,38625.27,2.3,0.0,91,1011.7,1011.2,24.6,13.9,48,14.4,2.3,32400.0,264,49.5894,37.223198,4.0
2025-10-30,15.3,38497.67,20.2,0.0,96,1024.2,1023.7,17.4,13.5,99,15.8,20.2,0.0,323,49.5894,37.223198,4.0
2025-10-31,14.7,38371.64,0.1,0.0,88,1024.6,1024.1,17.6,11.4,63,7.5,0.1,18230.87,193,49.5894,37.223198,4.0
2025-11-01,15.4,38247.3,0.0,0.0,88,1019.0,1018.5,20.5,10.1,41,10.4,0.0,32406.11,266,49.5894,37.223198,4.0
2025-11-02,16.0,38124.81,0.0,0.0,79,1024.2,1023.7,18.6,13.2,53,12.3,0.0,25904.04,274,49.5894,37.223198,4.0
2025-11-03,14.8,38004.09,11.3,0.0,94,1028.4,1027.9,16.4,12.6,80,14.8,11.3,55.98,285,49.5894,37.223198,4.0
2025-11-04,14.5,37883.99,0.0,0.0,90,1026.2,1025.7,18.5,11.4,59,7.9,0.0,28327.59,291,49.5894,37.223198,4.0
2025-11-05,14.5,37764.45,0.0,0.0,86,1024.4,1023.9,18.5,10.6,34,8.7,0.0,32400.0,259,49.5894,37.223198,4.0
2025-11-06,14.9,37645.58,0.0,0.0,83,1023.4,1022.9,19.0,10.4,21,7.9,0.0,30084.96,237,49.5894,37.223198,4.0
2025-11-07,14.7,37527.5,0.0,0.0,85,1022.3,1021.8,19.6,10.4,1,7.6,0.0,32400.0,235,49.5894,37.223198,4.0
2025-11-08,15.1,37410.35,0.0,0.0,89,1022.6,1022.1,20.9,10.1,9,9.7,0.0,32400.0,232,49.5894,37.223198,4.0
2025-11-09,15.4,37294.27,0.0,0.0,89,1021.9,1021.5,21.5,10.9,18,7.3,0.0,32400.0,234,49.5894,37.223198,4.0
2025-11-10,15.8,37179.37,0.0,0.0,92,1021.9,1021.5,21.0,12.0,42,6.9,0.0,20088.57,211,49.5894,37.223198,4.0
2025-11-11,15.4,37065.81,0.0,0.0,93,1018.3,1017.8,21.1,10.7,53,8.4,0.0,32400.0,232,49.5894,37.223198,4.0
2025-11-12,15.2,36953.72,0.0,0.0,87,1017.5,1017.0,20.7,10.0,64,8.1,0.0,29043.85,198,49.5894,37.223198,4.0
2025-11-13,14.7,36843.24,0.0,0.0,90,1020.5,1020.1,21.1,8.9,73,9.7,0.0,26403.28,211,49.5894,37.223198,4.0
2025-11-14,15.8,36734.52,0.0,0.0,89,1019.0,1018.5,21.1,12.0,88,12.1,0.0,28800.0,251,49.5894,37.223198,4.0
2025-11-15,15.0,36627.7,0.1,0.0,93,1017.2,1016.8,18.0,13.1,98,8.1,0.1,0.0,224,49.5894,37.223198,4.0
2025-11-16,16.3,36522.93,0.2,0.0,91,1018.9,1018.4,21.0,13.2,57,11.3,0.2,23559.01,263,49.5894,37.223198,4.0
2025-11-17,15.0,36420.36,1.5,0.0,94,1024.6,1024.2,17.2,13.3,92,14.8,1.5,7236.23,275,49.5894,37.223198,4.0
2025-11-18,14.5,36320.15,0.0,0.0,92,1025.6,1025.2,19.3,12.0,55,8.1,0.0,23391.41,229,49.5894,37.223198,4.0
2025-11-19,14.0,36222.45,0.0,0.0,93,1024.4,1023.9,19.5,10.6,41,7.0,0.0,32400.0,240,49.5894,37.223198,4.0
2025-11-20,13.2,36127.42,0.0,0.0,89,1025.3,1024.8,19.2,8.4,13,8.4,0.0,32088.35,219,49.5894,37.223198,4.0
2025-11-21,12.8,36035.23,0.0,0.0,91,1025.8,1025.3,19.2,7.1,52,9.3,0.0,32340.49,223,49.5894,37.223198,4.0
2025-11-22,13.3,35946.02,0.0,0.0,94,1026.8,1026.3,18.8,9.3,56,7.9,0.0,26162.83,223,49.5894,37.223198,4.0
2025-11-23,13.6,35859.78,0.0,0.0,92,1023.8,1023.3,18.4,11.0,58,7.4,0.0,27624.95,217,49.5894,37.223198,4.0
2025-11-24,13.0,35775.55,0.0,0.0,91,1019.0,1018.5,19.0,9.6,75,9.5,0.0,22574.59,217,49.5894,37.223198,4.0
2025-11-25,13.6,35693.24,0.0,0.0,90,1020.3,1019.8,19.1,7.9,74,9.7,0.0,21275.91,267,49.5894,37.223198,4.0
2025-11-26,12.7,35612.96,0.0,0.0,86,1022.1,1021.6,16.3,9.2,83,10.7,0.0,18660.91,248,49.5894,37.223198,4.0
2025-11-27,13.8,35534.83,0.3,0.0,88,1024.9,1024.4,17.2,10.3,64,9.2,0.3,26240.18,271,49.5894,37.223198,4.0
2025-11-28,13.8,35458.93,0.0,0.0,90,1025.3,1024.8,17.6,10.9,55,8.1,0.0,27147.05,301,49.5894,37.223198,4.0
2025-11-29,13.1,35385.39,0.0,0.0,89,1022.2,1021.7,17.5,9.9,72,9.5,0.0,24365.9,242,49.5894,37.223198,4.0
2025-11-30,12.6,35314.3,0.0,0.0,90,1018.8,1018.3,17.7,9.2,48,8.6,0.0,30552.32,243,49.5894,37.223198,4.0
2025-12-01,12.7,35245.8,0.5,0.0,91,1016.1,1015.6,18.4,9.1,51,9.1,0.5,25045.01,223,49.5894,37.223198,4.0
2025-12-02,13.7,35179.96,7.2,0.0,90,1018.8,1018.4,17.0,11.7,100,16.1,7.2,3219.75,282,49.5894,37.223198,4.0
2025-12-03,11.6,35116.93,13.5,0.0,94,1025.6,1025.2,13.2,10.8,96,12.0,13.5,3951.2,279,49.5894,37.223198,4.0
2025-12-04,10.9,35056.8,3.9,0.0,93,1027.6,1027.2,13.9,8.4,83,11.4,3.9,14274.51,259,49.5894,37.223198,4.0
2025-12-05,10.5,34999.68,0.0,0.0,88,1024.6,1024.1,15.2,6.2,57,8.9,0.0,29331.65,254,49.5894,37.223198,4.0
2025-12-06,11.1,34945.7,0.0,0.0,91,1020.8,1020.3,16.9,7.1,57,8.8,0.0,30838.06,222,49.5894,37.223198,4.0
2025-12-07,12.2,34894.95,0.5,0.0,93,1021.4,1020.9,14.7,8.5,99,9.5,0.5,0.0,238,49.5894,37.223198,4.0
2025-12-08,13.7,34847.55,1.3,0.0,88,1018.3,1017.8,16.5,11.0,100,17.1,1.3,6.81,247,49.5894,37.223198,4.0
2025-12-09,12.4,34803.62,9.4,0.0,96,1021.1,1020.6,13.2,11.6,100,15.7,9.4,0.0,272,49.5894,37.223198,4.0
2025-12-10,11.5,34763.25,26.4,0.0,96,1016.3,1015.8,12.8,9.4,91,13.0,26.4,0.0,260,49.5894,37.223198,4.0
2025-12-11,11.9,34726.57,22.8,0.0,93,1017.4,1016.9,16.4,9.0,90,10.7,22.8,19873.93,262,49.5894,37.223198,4.0
2025-12-12,11.8,34693.68,0.5,0.0,92,1016.0,1015.6,15.8,9.1,86,9.5,0.5,27497.53,267,49.5894,37.223198,4.0
2025-12-13,11.8,34664.61,2.2,0.0,92,1010.7,1010.3,16.1,8.8,88,11.5,2.2,22784.62,243,49.5894,37.223198,4.0
2025-12-14,9.5,34638.98,30.9,0.0,96,1020.9,1020.4,10.8,8.1,97,13.5,30.9,0.0,289,49.5894,37.223198,4.0
2025-12-15,9.0,34616.73,5.0,0.0,89,1020.3,1019.8,13.6,5.6,78,16.0,5.0,25226.56,288,49.5894,37.223198,4.0
2025-12-16,7.8,34597.86,38.3,0.0,93,1022.9,1022.4,9.2,6.7,100,23.1,38.3,0.0,264,49.5894,37.223198,4.0
2025-12-17,6.9,34582.39,62.0,0.0,95,1031.2,1030.7,7.7,5.8,100,20.7,62.0,0.0,282,49.5894,37.223198,4.0
2025-12-18,6.6,34570.32,0.8,0.0,88,1033.1,1032.6,9.9,3.8,52,9.6,0.8,3415.69,230,49.5894,37.223198,4.0
2025-12-19,7.6,34561.63,0.7,0.0,80,1028.3,1027.8,11.4,3.3,82,9.1,0.7,23643.32,152,49.5894,37.223198,4.0
2025-12-20,8.6,34556.35,0.0,0.0,76,1024.6,1024.1,13.8,5.5,27,7.6,0.0,27405.42,217,49.5894,37.223198,4.0
2025-12-21,8.5,34554.46,0.0,0.0,86,1024.3,1023.8,13.1,4.9,54,8.1,0.0,28756.62,234,49.5894,37.223198,4.0
2025-12-22,7.2,34555.97,0.0,0.0,86,1019.2,1018.7,12.6,4.2,64,9.2,0.0,16467.63,194,49.5894,37.223198,4.0
2025-12-23,9.9,34560.86,0.6,0.0,92,1020.8,1020.3,14.6,3.7,97,9.3,0.6,8983.0,236,49.5894,37.223198,4.0
2023-01-01,0.5,35353.2,0.0,0.0,62,1033.2,859.3,7.6,-4.7,0,8.4,0.0,31762.51,358,46.95652,35.32513,1502.0
2023-01-02,-0.3,35389.45,0.0,0.0,52,1034.2,859.7,8.1,-5.9,0,8.7,0.0,31880.82,352,46.95652,35.32513,1502.0
2023-01-03,0.4,35428.95,0.0,0.0,41,1033.0,859.0,8.8,-6.3,2,8.6,0.0,32005.79,346,46.95652,35.32513,1502.0
2023-01-04,-0.3,35471.62,0.0,3.15,64,1024.8,851.9,5.0,-5.5,97,8.0,4.5,7354.55,343,46.95652,35.32513,1502.0
2023-01-05,1.9,35517.35,0.0,0.21,80,1019.1,848.5,6.6,-1.4,68,6.2,0.3,21600.0,343,46.95652,35.32513,1502.0
2023-01-06,1.2,35566.06,0.3,0.35,82,1023.5,851.6,5.0,-1.7,80,10.1,0.8,12668.72,232,46.95652,35.32513,1502.0
2023-01-07,1.2,35617.66,0.0,0.21,80,1022.8,851.1,4.8,-1.7,94,11.5,0.3,14232.2,210,46.95652,35.32513,1502.0
2023-01-08,2.4,35672.05,0.7,0.42,81,1020.8,850.1,5.4,0.3,82,13.1,1.3,24577.87,186,46.95652,35.32513,1502.0
2023-01-09,1.1,35729.14,0.3,6.3,88,1022.5,850.8,3.4,-1.4,90,8.2,9.3,4811.65,43,46.95652,35.32513,1502.0
2023-01-10,-5.2,35788.85,0.0,0.0,78,1029.9,853.3,-0.1,-8.3,20,14.8,0.0,32439.14,6,46.95652,35.32513,1502.0
2023-01-11,-3.1,35851.07,0.0,0.0,78,1033.7,857.6,1.2,-7.5,61,10.8,0.0,31361.52,12,46.95652,35.32513,1502.0
2023-01-12,-3.8,35915.71,0.0,0.0,81,1032.7,856.4,1.3,-9.2,49,11.5,0.0,30189.98,12,46.95652,35.32513,1502.0
2023-01-13,-3.3,35982.7,0.0,0.0,76,1030.6,854.9,1.3,-8.9,66,8.6,0.0,32056.96,5,46.95652,35.32513,1502.0
2023-01-14,0.1,36051.93,0.0,4.27,82,1025.9,853.0,2.7,-3.5,100,6.5,6.1,0.0,12,46.95652,35.32513,1502.0
2023-01-15,-1.6,36123.32,0.0,7.28,89,1025.0,851.3,1.4,-8.1,97,7.4,10.4,0.0,0,46.95652,35.32513,1502.0
2023-01-16,-3.3,36196.77,0.0,0.0,91,1027.4,852.3,1.2,-7.6,98,6.5,0.0,5691.25,318,46.95652,35.32513,1502.0
2023-01-17,-4.8,36272.2,0.0,0.0,93,1028.8,852.6,-0.4,-10.8,92,8.0,0.0,22658.9,340,46.95652,35.32513,1502.0
2023-01-18,-7.1,36349.68,0.0,0.0,89,1032.4,854.3,-1.3,-11.9,73,9.2,0.0,32503.7,337,46.95652,35.32513,1502.0
2023-01-19,-7.3,36430.05,0.0,0.0,83,1034.2,855.6,-0.4,-12.6,25,10.3,0.0,33137.9,333,46.95652,35.32513,1502.0
2023-01-20,-6.4,36513.35,0.0,0.0,79,1033.7,855.7,0.1,-12.4,7,10.8,0.0,33228.39,338,46.95652,35.32513,1502.0
2023-01-21,-7.9,36599.4,0.0,0.0,76,1034.3,855.3,0.1,-13.0,14,10.9,0.0,33321.82,347,46.95652,35.32513,1502.0
2023-01-22,-6.8,36688.07,0.0,0.0,78,1034.3,856.0,-0.6,-12.4,12,10.8,0.0,33418.01,357,46.95652,35.32513,1502.0
2023-01-23,-5.3,36779.21,0.0,0.0,82,1033.6,856.3,-0.5,-10.6,91,11.2,0.0,30056.03,14,46.95652,35.32513,1502.0
2023-01-24,-4.3,36872.66,0.0,0.0,78,1031.9,855.5,-0.5,-8.3,67,14.0,0.0,32486.5,24,46.95652,35.32513,1502.0
2023-01-25,-3.8,36968.3,0.0,0.0,83,1029.0,853.4,0.9,-7.2,38,7.7,0.0,33721.48,18,46.95652,35.32513,1502.0
2023-01-26,-2.7,37065.98,0.0,0.0,85,1027.1,852.4,3.4,-6.3,75,8.3,0.0,31761.77,21,46.95652,35.32513,1502.0
2023-01-27,-3.1,37165.56,0.0,0.42,85,1027.7,852.7,1.7,-6.4,71,5.3,0.6,21751.13,41,46.95652,35.32513,1502.0
2023-01-28,-0.3,37266.89,0.0,0.07,59,1023.7,851.0,5.9,-6.0,91,8.1,0.1,33197.4,198,46.95652,35.32513,1502.0
2023-01-29,2.6,37369.86,0.0,3.64,66,1015.4,845.7,7.7,-0.5,82,9.0,5.2,18571.6,252,46.95652,35.32513,1502.0
2023-01-30,3.3,37474.33,3.6,5.25,86,1014.0,844.9,6.8,0.9,91,13.7,11.1,17082.85,191,46.95652,35.32513,1502.0
2023-01-31,2.4,37580.16,5.7,8.12,93,1008.6,839.9,4.7,-0.9,93,13.0,17.3,495.35,173,46.95652,35.32513,1502.0
2023-02-01,0.1,37687.23,0.1,0.28,86,1014.8,843.8,4.0,-8.0,53,9.5,0.5,22892.1,193,46.95652,35.32513,1502.0
2023-02-02,-1.1,37795.42,0.0,3.15,87,1018.8,846.4,2.5,-5.0,91,13.0,4.4,6198.25,179,46.95652,35.32513,1502.0
2023-02-03,-2.3,37904.59,0.0,0.21,79,1024.9,850.8,2.2,-7.5,51,13.8,0.3,15420.36,219,46.95652,35.32513,1502.0
2023-02-04,-4.0,38014.63,0.0,0.0,77,1023.7,848.9,0.7,-8.0,80,5.1,0.0,33648.92,351,46.95652,35.32513,1502.0
2023-02-05,0.9,38125.42,0.0,0.07,69,1017.5,846.5,5.0,-3.9,82,13.5,0.1,21157.11,216,46.95652,35.32513,1502.0
2023-02-06,3.8,38236.84,1.1,0.0,72,1013.8,845.0,8.1,0.6,82,15.9,1.1,24779.32,172,46.95652,35.32513,1502.0
2023-02-07,2.0,38348.98,0.9,0.84,79,1011.6,842.2,5.0,-1.5,70,15.5,2.1,30619.11,182,46.95652,35.32513,1502.0
2023-02-08,0.1,38462.9,0.0,5.81,77,1015.9,844.8,2.9,-3.1,97,9.9,8.3,27032.48,219,46.95652,35.32513,1502.0
2023-02-09,-4.8,38578.68,0.0,0.84,76,1025.4,849.8,-0.9,-8.4,76,11.9,1.2,27805.14,290,46.95652,35.32513,1502.0
2023-02-10,-9.1,38696.18,0.0,0.0,81,1034.8,855.0,-3.8,-14.3,40,11.3,0.0,33181.18,5,46.95652,35.32513,1502.0
2023-02-11,-6.8,38815.26,0.0,0.0,69,1032.2,854.2,-1.6,-14.3,75,10.1,0.0,35302.49,351,46.95652,35.32513,1502.0
2023-02-12,-2.6,38935.79,0.0,1.82,79,1023.0,849.1,3.5,-5.7,84,8.0,2.6,14400.0,333,46.95652,35.32513,1502.0
2023-02-13,-2.3,39057.64,0.0,0.0,73,1024.1,850.2,3.5,-7.0,32,12.7,0.0,29905.81,248,46.95652,35.32513,1502.0
2023-02-14,-2.9,39180.68,0.0,0.0,57,1022.7,848.7,3.4,-7.5,62,7.9,0.0,35653.22,344,46.95652,35.32513,1502.0
2023-02-15,-1.7,39304.8,0.0,0.0,58,1017.6,845.1,3.9,-5.7,11,13.4,0.0,35721.38,285,46.95652,35.32513,1502.0
2023-02-16,-2.2,39429.86,0.0,0.35,65,1023.8,850.0,1.2,-7.7,45,18.1,0.4,28052.73,237,46.95652,35.32513,1502.0
2023-02-17,-3.9,39555.74,0.0,0.0,53,1030.4,854.4,4.4,-8.9,2,9.1,0.0,35861.0,353,46.95652,35.32513,1502.0
2023-02-18,-1.1,39682.34,0.0,0.0,36,1028.0,854.1,8.2,-8.1,0,8.0,0.0,35932.28,334,46.95652,35.32513,1502.0
2023-02-19,2.0,39809.52,0.0,0.0,38,1025.4,853.7,8.5,-4.3,4,14.8,0.0,36000.0,253,46.95652,35.32513,1502.0
2023-02-20,2.8,39937.19,0.0,0.0,58,1022.8,852.0,10.4,-2.0,0,11.5,0.0,36000.0,290,46.95652,35.32513,1502.0
2023-02-21,3.2,40065.21,0.0,0.0,53,1019.2,849.2,9.1,-2.4,7,20.0,0.0,36012.68,228,46.95652,35.32513,1502.0
2023-02-22,4.3,40193.5,0.0,0.0,55,1018.5,849.2,11.1,-0.6,11,14.4,0.0,36083.12,227,46.95652,35.32513,1502.0
2023-02-23,4.6,40321.91,0.0,0.0,53,1015.4,846.8,11.8,-0.0,0,12.9,0.0,36078.42,260,46.95652,35.32513,1502.0
2023-02-24,4.7,40450.37,0.5,0.0,59,1018.1,849.1,11.4,-2.6,14,14.8,0.5,36072.88,317,46.95652,35.32513,1502.0
2023-02-25,3.8,40578.76,1.1,0.0,69,1023.1,852.8,12.3,-3.5,12,9.4,1.1,36000.0,346,46.95652,35.32513,1502.0
2023-02-26,5.9,40706.96,0.0,0.0,58,1025.2,855.6,13.5,0.2,3,9.0,0.0,36150.95,321,46.95652,35.32513,1502.0
2023-02-27,5.8,40835.08,0.0,0.0,54,1026.2,856.4,15.1,-0.0,0,8.9,0.0,36240.68,342,46.95652,35.32513,1502.0
2023-02-28,5.7,40964.14,0.0,0.0,49,1024.8,855.2,14.9,-0.7,0,10.2,0.0,36335.43,347,46.95652,35.32513,1502.0
2023-03-01,7.1,41094.24,0.0,0.0,43,1021.5,853.2,15.6,0.7,1,8.9,0.0,36434.92,318,46.95652,35.32513,1502.0
2023-03-02,8.4,41225.28,0.0,0.0,53,1019.9,852.5,15.6,3.6,25,11.2,0.0,36230.79,263,46.95652,35.32513,1502.0
2023-03-03,9.3,41357.14,0.0,0.0,49,1020.6,853.7,16.5,3.1,70,12.8,0.0,36331.29,194,46.95652,35.32513,1502.0
2023-03-04,10.2,41489.74,0.2,0.0,56,1018.8,852.6,17.0,5.2,28,20.7,0.2,36436.08,212,46.95652,35.32513,1502.0
2023-03-05,10.8,41622.97,0.0,0.0,49,1021.2,855.0,16.8,5.1,19,13.6,0.0,36611.88,217,46.95652,35.32513,1502.0
2023-03-06,12.0,41756.73,2.9,0.0,55,1015.9,851.1,20.5,4.0,48,28.4,2.9,35743.29,190,46.95652,35.32513,1502.0
2023-03-07,9.7,41890.94,2.1,0.0,70,1015.8,849.9,14.6,5.3,79,20.1,2.1,32830.13,223,46.95652,35.32513,1502.0
2023-03-08,9.2,42025.49,10.5,0.0,82,1016.3,850.1,15.2,6.9,99,16.6,10.5,12364.52,170,46.95652,35.32513,1502.0
2023-03-09,8.6,42160.3,8.3,0.21,87,1012.7,846.7,12.4,4.9,95,22.4,8.6,5455.2,175,46.95652,35.32513,1502.0
2023-03-10,7.5,42295.25,0.1,0.0,62,1017.8,850.4,12.3,2.7,44,13.7,0.1,36016.98,284,46.95652,35.32513,1502.0
2023-03-11,7.5,42430.27,0.0,0.0,63,1020.1,852.3,14.8,1.3,0,9.0,0.0,37924.7,266,46.95652,35.32513,1502.0
2023-03-12,10.5,42565.26,0.0,0.0,48,1017.2,851.4,17.5,3.6,81,13.8,0.0,37426.97,179,46.95652,35.32513,1502.0
2023-03-13,8.7,42700.13,8.6,0.0,77,1017.2,850.5,12.2,4.5,93,9.7,8.6,5080.58,154,46.95652,35.32513,1502.0
2023-03-14,11.8,42834.79,0.0,0.0,66,1015.9,851.0,16.5,5.8,54,8.0,0.0,33051.89,143,46.95652,35.32513,1502.0
2023-03-15,11.5,42969.14,3.8,0.0,66,1011.4,847.0,18.0,4.8,53,14.1,3.8,37151.73,168,46.95652,35.32513,1502.0
2023-03-16,7.7,43103.09,2.3,0.0,73,1013.5,846.8,11.4,4.5,90,17.2,2.3,31036.55,194,46.95652,35.32513,1502.0
2023-03-17,7.6,43236.55,0.7,0.0,71,1016.0,848.9,13.0,2.7,52,16.5,0.7,27406.06,247,46.95652,35.32513,1502.0
2023-03-18,9.8,43369.43,0.0,0.0,58,1015.5,849.6,17.2,2.5,22,8.5,0.0,39025.27,287,46.95652,35.32513,1502.0
2023-03-19,8.5,43501.81,3.7,0.0,72,1011.9,845.9,16.6,3.7,61,19.3,3.7,29468.12,187,46.95652,35.32513,1502.0
2023-03-20,8.5,43634.65,0.6,0.0,70,1008.7,843.2,14.7,4.4,71,14.0,0.6,30074.59,195,46.95652,35.32513,1502.0
2023-03-21,6.2,43768.03,4.5,0.49,79,1006.5,840.2,11.1,2.8,100,7.2,5.2,16109.58,259,46.95652,35.32513,1502.0
2023-03-22,6.0,43901.86,3.0,0.0,77,1011.5,844.3,8.9,3.4,87,12.6,3.0,1094.77,2,46.95652,35.32513,1502.0
2023-03-23,8.1,44036.07,0.0,0.0,66,1015.4,848.7,14.3,1.0,61,10.2,0.0,36207.09,339,46.95652,35.32513,1502.0
2023-03-24,9.8,44170.57,0.0,0.0,65,1015.2,849.4,15.9,4.7,66,10.2,0.0,38486.94,281,46.95652,35.32513,1502.0
2023-03-25,11.6,44305.28,0.0,0.0,58,1013.4,848.8,18.1,5.3,51,8.9,0.0,38758.75,210,46.95652,35.32513,1502.0
2023-03-26,8.9,44440.1,3.7,0.0,78,1011.3,845.7,13.1,5.7,100,17.7,3.7,3633.77,162,46.95652,35.32513,1502.0
2023-03-27,9.6,44574.96,3.6,0.0,78,1010.2,845.1,14.0,6.5,82,16.0,3.6,34677.63,180,46.95652,35.32513,1502.0
2023-03-28,9.8,44709.78,1.0,0.0,77,1014.2,848.5,15.0,6.3,49,15.7,1.0,29964.85,259,46.95652,35.32513,1502.0
2023-03-29,10.4,44844.46,0.0,0.0,60,1015.2,849.7,17.4,5.1,20,14.6,0.0,39908.39,224,46.95652,35.32513,1502.0
2023-03-30,11.0,44978.92,0.8,0.0,52,1011.5,846.9,17.9,4.6,11,24.7,0.8,42009.14,185,46.95652,35.32513,1502.0
2023-03-31,6.7,45113.07,2.7,0.91,63,1009.5,843.0,12.7,-1.6,62,22.8,4.0,36817.01,200,46.95652,35.32513,1502.0
2023-04-01,1.5,45246.83,0.0,0.0,55,1017.2,846.6,6.4,-3.6,36,21.0,0.0,41888.72,250,46.95652,35.32513,1502.0
2023-04-02,3.6,45380.1,0.0,0.0,62,1016.9,847.5,9.4,-2.1,12,18.8,0.0,42405.42,273,46.95652,35.32513,1502.0
2023-04-03,7.3,45512.81,0.0,0.0,66,1016.6,849.2,15.1,0.7,8,16.5,0.0,42536.17,303,46.95652,35.32513,1502.0
2023-04-04,10.8,45644.84,0.0,0.0,57,1017.5,851.8,17.8,3.3,27,10.8,0.0,42660.42,290,46.95652,35.32513,1502.0
2023-04-05,13.5,45776.12,0.1,0.0,45,1014.0,850.3,20.6,6.3,15,16.2,0.1,42707.71,258,46.95652,35.32513,1502.0
2023-04-06,13.1,45906.56,0.0,0.0,45,1012.0,848.5,19.0,6.4,2,20.9,0.0,42754.95,222,46.95652,35.32513,1502.0
2023-04-07,11.0,46036.05,0.0,0.0,45,1017.6,852.0,17.7,5.4,0,15.9,0.0,42802.15,262,46.95652,35.32513,1502.0
2023-04-08,12.5,46164.66,0.3,0.0,42,1019.2,854.1,18.9,5.1,54,28.5,0.3,42849.32,207,46.95652,35.32513,1502.0
2023-04-09,15.1,46293.31,0.0,0.0,37,1020.1,856.3,20.7,8.2,81,16.7,0.0,32186.95,243,46.95652,35.32513,1502.0
2023-04-10,15.8,46422.09,0.0,0.0,41,1016.6,853.7,23.1,10.4,100,15.5,0.0,25837.81,195,46.95652,35.32513,1502.0
2023-04-11,16.9,46550.89,1.3,0.0,36,1011.7,850.1,22.5,11.3,79,29.0,1.3,42990.73,177,46.95652,35.32513,1502.0
2023-04-12,12.5,46679.64,39.9,0.0,78,1009.3,845.8,15.9,10.0,100,26.3,39.9,4324.75,173,46.95652,35.32513,1502.0
2023-04-13,8.9,46808.26,7.1,0.0,64,1011.6,845.9,13.7,2.9,53,20.0,7.1,39484.89,223,46.95652,35.32513,1502.0
2023-04-14,7.0,46936.65,2.8,0.28,71,1020.6,852.4,12.5,2.6,42,20.5,3.2,35931.93,241,46.95652,35.32513,1502.0
2023-04-15,8.9,47064.72,0.0,0.0,68,1019.0,852.0,16.5,2.4,27,8.9,0.0,43178.94,324,46.95652,35.32513,1502.0
2023-04-16,12.1,47192.39,0.0,0.0,48,1014.6,850.1,19.3,3.4,49,10.3,0.0,43200.0,4,46.95652,35.32513,1502.0
2023-04-17,12.4,47319.56,0.0,0.0,54,1016.1,851.5,19.9,4.1,34,9.6,0.0,40443.63,0,46.95652,35.32513,1502.0
2023-04-18,14.1,47446.14,0.0,0.0,48,1017.5,853.5,21.4,6.0,6,8.9,0.0,43200.0,317,46.95652,35.32513,1502.0
2023-04-19,15.3,47572.03,0.0,0.0,44,1015.5,852.5,22.5,9.7,2,10.0,0.0,43200.0,280,46.95652,35.32513,1502.0
2023-04-20,15.5,47697.14,0.1,0.0,47,1011.6,849.3,22.0,9.6,44,9.7,0.1,43200.0,273,46.95652,35.32513,1502.0
2023-04-21,14.3,47821.36,1.9,0.0,63,1011.1,848.3,20.6,9.9,75,17.9,1.9,39675.75,213,46.95652,35.32513,1502.0
2023-04-22,14.5,47944.6,0.2,0.0,60,1013.7,850.6,20.3,8.1,40,16.3,0.2,39005.61,211,46.95652,35.32513,1502.0
2023-04-23,13.3,48066.75,4.6,0.0,66,1016.2,852.1,17.4,10.0,90,18.6,4.6,31853.97,187,46.95652,35.32513,1502.0
2023-04-24,13.7,48187.72,11.1,0.0,74,1013.6,850.1,21.0,8.6,80,17.7,11.1,29558.58,180,46.95652,35.32513,1502.0
2023-04-25,13.2,48307.39,4.6,0.0,59,1012.6,849.0,19.1,7.7,36,13.3,4.6,36000.0,275,46.95652,35.32513,1502.0
2023-04-26,12.9,48425.64,0.0,0.0,47,1014.1,850.1,20.0,6.7,0,9.7,0.0,43517.77,280,46.95652,35.32513,1502.0
2023-04-27,14.3,48542.38,0.0,0.0,43,1013.0,849.9,21.3,7.3,9,8.4,0.0,43630.23,278,46.95652,35.32513,1502.0
2023-04-28,15.7,48657.66,0.0,0.0,39,1011.4,849.2,22.8,7.6,15,13.5,0.0,43747.32,194,46.95652,35.32513,1502.0
2023-04-29,14.8,48772.33,1.0,0.0,52,1010.7,848.2,20.4,9.3,39,20.9,1.0,38598.82,188,46.95652,35.32513,1502.0
2023-04-30,14.2,48886.46,0.7,0.0,54,1010.9,848.1,20.2,8.5,38,18.9,0.7,43744.11,229,46.95652,35.32513,1502.0
2023-05-01,11.7,48999.98,0.0,0.0,51,1012.8,848.4,17.1,6.3,13,16.4,0.0,43868.99,255,46.95652,35.32513,1502.0
2023-05-02,11.6,49112.78,0.0,0.0,46,1016.3,851.2,18.4,5.1,11,12.9,0.0,44127.49,284,46.95652,35.32513,1502.0
2023-05-03,11.5,49224.77,0.0,0.0,36,1018.2,852.8,17.4,6.0,2,16.7,0.0,44130.34,277,46.95652,35.32513,1502.0
2023-05-04,11.0,49335.85,0.0,0.0,40,1018.5,852.8,17.4,4.0,18,16.9,0.0,44400.43,1,46.95652,35.32513,1502.0
2023-05-05,13.7,49445.92,0.0,0.0,43,1016.3,852.3,21.1,3.9,0,7.5,0.0,44541.95,322,46.95652,35.32513,1502.0
2023-05-06,17.7,49554.88,0.0,0.0,38,1013.8,852.2,25.1,9.7,2,8.9,0.0,44548.74,179,46.95652,35.32513,1502.0
2023-05-07,19.5,49662.64,0.1,0.0,31,1012.5,852.0,26.1,13.7,35,20.0,0.1,44554.8,193,46.95652,35.32513,1502.0
2023-05-08,17.0,49769.08,0.0,0.0,37,1012.0,850.4,23.2,11.3,2,16.5,0.0,44701.77,255,46.95652,35.32513,1502.0
2023-05-09,14.6,49874.1,3.6,0.0,61,1014.6,851.4,22.5,10.0,67,12.7,3.6,42315.13,237,46.95652,35.32513,1502.0
2023-05-10,15.1,49977.59,8.2,0.0,60,1015.2,852.2,21.6,9.2,31,11.8,8.2,43200.0,253,46.95652,35.32513,1502.0
2023-05-11,17.4,50079.45,0.0,0.0,47,1016.4,854.3,24.6,10.0,55,10.6,0.0,45012.64,201,46.95652,35.32513,1502.0
2023-05-12,19.2,50179.55,0.0,0.0,40,1015.9,854.8,26.0,12.2,11,11.1,0.0,45168.62,197,46.95652,35.32513,1502.0
2023-05-13,19.0,50277.79,1.2,0.0,41,1012.2,851.6,26.4,12.9,16,27.3,1.2,45326.94,203,46.95652,35.32513,1502.0
2023-05-14,15.2,50374.04,0.0,0.0,55,1011.5,849.1,20.1,9.4,21,19.4,0.0,45487.46,239,46.95652,35.32513,1502.0
2023-05-15,14.3,50468.2,0.0,0.0,49,1010.4,847.7,20.0,6.7,4,18.2,0.0,45650.05,282,46.95652,35.32513,1502.0
2023-05-16,13.6,50560.14,0.0,0.0,42,1014.4,850.6,21.0,5.5,10,11.0,0.0,45844.79,10,46.95652,35.32513,1502.0
2023-05-17,16.8,50649.75,0.0,0.0,35,1012.5,850.7,24.5,8.3,42,16.6,0.0,45446.43,237,46.95652,35.32513,1502.0
2023-05-18,19.5,50737.04,0.3,0.0,36,1014.1,853.5,26.6,13.1,33,17.9,0.3,46040.51,234,46.95652,35.32513,1502.0
2023-05-19,19.8,50822.71,0.1,0.0,46,1013.4,853.0,26.7,12.4,76,17.8,0.1,41771.01,195,46.95652,35.32513,1502.0
2023-05-20,17.6,50906.84,1.4,0.0,58,1012.3,850.9,24.2,12.3,77,24.0,1.4,34421.35,192,46.95652,35.32513,1502.0
2023-05-21,15.5,50989.34,9.6,0.0,71,1013.6,851.0,19.1,10.9,63,21.3,9.6,40863.26,178,46.95652,35.32513,1502.0
2023-05-22,18.2,51070.11,0.1,0.0,52,1014.9,853.5,24.4,11.7,31,15.9,0.1,46403.82,223,46.95652,35.32513,1502.0
2023-05-23,19.8,51149.08,0.0,0.0,42,1017.9,856.7,27.2,12.9,26,10.2,0.0,46214.41,258,46.95652,35.32513,1502.0
2023-05-24,20.3,51226.18,0.0,0.0,47,1016.6,855.9,28.6,13.6,68,14.0,0.0,43690.48,284,46.95652,35.32513,1502.0
2023-05-25,19.2,51301.29,0.6,0.0,58,1015.6,854.5,23.6,14.5,100,11.9,0.6,17972.28,194,46.95652,35.32513,1502.0
2023-05-26,19.4,51374.35,1.3,0.0,52,1014.7,853.9,26.0,14.2,24,9.9,1.3,44592.87,221,46.95652,35.32513,1502.0
2023-05-27,19.8,51445.26,0.0,0.0,43,1014.4,853.8,26.3,13.1,25,11.4,0.0,46902.25,233,46.95652,35.32513,1502.0
2023-05-28,20.8,51513.94,0.0,0.0,37,1014.4,854.3,27.4,13.9,64,9.1,0.0,46351.43,252,46.95652,35.32513,1502.0
2023-05-29,21.9,51580.3,0.2,0.0,46,1014.9,855.3,27.6,16.5,93,12.4,0.2,34092.14,222,46.95652,35.32513,1502.0
2023-05-30,21.7,51644.23,0.1,0.0,50,1014.4,854.7,27.9,15.8,87,14.3,0.1,43903.93,246,46.95652,35.32513,1502.0
2023-05-31,21.4,51705.68,0.0,0.0,44,1012.7,853.2,27.3,16.4,31,18.4,0.0,42029.24,231,46.95652,35.32513,1502.0
2023-06-01,20.0,51764.52,0.0,0.0,42,1013.7,853.3,26.1,14.1,2,15.9,0.0,47405.23,263,46.95652,35.32513,1502.0
2023-06-02,20.4,51820.68,0.0,0.0,39,1016.2,855.6,27.1,13.4,32,19.9,0.0,47021.48,283,46.95652,35.32513,1502.0
2023-06-03,21.9,51874.07,0.0,0.0,39,1014.7,855.1,29.5,14.4,10,15.5,0.0,47578.46,315,46.95652,35.32513,1502.0
2023-06-04,23.5,51924.6,0.0,0.0,31,1012.8,854.3,30.6,14.9,32,15.1,0.0,47732.65,297,46.95652,35.32513,1502.0
2023-06-05,23.8,51972.17,0.0,0.0,26,1011.9,853.6,30.3,17.4,58,15.1,0.0,45234.73,278,46.95652,35.32513,1502.0
2023-06-06,22.8,52016.7,0.0,0.0,29,1012.2,853.4,29.6,15.0,28,13.5,0.0,47903.16,298,46.95652,35.32513,1502.0
2023-06-07,22.9,52058.16,0.0,0.0,32,1011.6,853.0,30.0,15.9,18,14.1,0.0,47917.07,297,46.95652,35.32513,1502.0
2023-06-08,18.6,52096.91,9.0,0.0,62,1015.0,853.7,26.9,13.1,45,12.2,9.0,47324.17,16,46.95652,35.32513,1502.0
2023-06-09,20.7,52133.0,0.0,0.0,47,1012.5,852.6,27.3,11.6,34,9.7,0.0,47938.62,27,46.95652,35.32513,1502.0
2023-06-10,21.9,52166.39,0.2,0.0,43,1009.1,850.4,29.2,14.4,47,19.4,0.2,47230.61,257,46.95652,35.32513,1502.0
2023-06-11,22.8,52197.06,0.0,0.0,38,1008.2,850.0,28.9,16.4,14,17.3,0.0,48383.85,259,46.95652,35.32513,1502.0
2023-06-12,24.0,52224.98,0.0,0.0,28,1006.7,849.3,31.1,16.4,2,13.2,0.0,48534.85,254,46.95652,35.32513,1502.0
2023-06-13,24.6,52250.13,0.0,0.0,28,1006.4,849.4,31.4,17.3,6,13.5,0.0,48248.41,235,46.95652,35.32513,1502.0
2023-06-14,23.1,52272.5,0.0,0.0,30,1007.8,849.9,29.0,16.8,0,15.8,0.0,48689.14,255,46.95652,35.32513,1502.0
2023-06-15,23.1,52292.05,0.0,0.0,28,1006.7,848.9,29.9,15.7,0,13.3,0.0,48837.99,276,46.95652,35.32513,1502.0
2023-06-16,23.5,52308.77,0.0,0.0,28,1004.6,847.4,29.9,16.6,1,11.6,0.0,48838.38,303,46.95652,35.32513,1502.0
2023-06-17,24.2,52322.64,0.0,0.0,28,1005.7,848.6,30.8,17.1,0,15.5,0.0,48985.35,285,46.95652,35.32513,1502.0
2023-06-18,24.3,52333.64,0.0,0.0,26,1007.8,850.4,31.4,16.8,0,18.1,0.0,49013.42,247,46.95652,35.32513,1502.0
2023-06-19,23.5,52341.75,0.0,0.0,22,1008.2,850.3,31.6,16.0,0,13.4,0.0,49021.03,258,46.95652,35.32513,1502.0
2023-06-20,23.3,52346.97,0.0,0.0,24,1007.5,849.7,30.9,15.8,0,16.7,0.0,49025.98,249,46.95652,35.32513,1502.0
2023-06-21,23.4,52349.27,0.0,0.0,23,1008.0,850.1,31.1,15.5,0,14.0,0.0,49028.25,291,46.95652,35.32513,1502.0
2023-06-22,24.7,52348.64,0.0,0.0,21,1007.8,850.6,32.6,17.2,0,11.6,0.0,49027.82,283,46.95652,35.32513,1502.0
2023-06-23,25.0,52345.07,0.0,0.0,20,1009.4,852.2,32.2,15.9,2,18.0,0.0,48941.52,328,46.95652,35.32513,1502.0
2023-06-24,25.4,52338.55,0.0,0.0,22,1008.5,851.5,33.7,18.0,8,16.6,0.0,48928.32,314,46.95652,35.32513,1502.0
2023-06-25,24.4,52329.07,0.0,0.0,32,1007.4,850.2,31.6,16.3,0,17.7,0.0,48913.64,34,46.95652,35.32513,1502.0
2023-06-26,26.8,52316.61,0.0,0.0,25,1003.9,848.3,34.7,16.1,0,10.9,0.0,48897.47,308,46.95652,35.32513,1502.0
2023-06-27,26.5,52301.16,0.0,0.0,19,1003.9,848.1,34.9,18.6,0,16.7,0.0,48984.98,268,46.95652,35.32513,1502.0
2023-06-28,26.1,52282.52,0.0,0.0,16,1006.9,850.5,35.1,15.4,0,14.1,0.0,48968.4,293,46.95652,35.32513,1502.0
2023-06-29,26.8,52260.74,0.0,0.0,19,1005.9,850.0,34.7,19.4,0,15.8,0.0,48948.92,281,46.95652,35.32513,1502.0
2023-06-30,25.9,52235.87,0.0,0.0,23,1004.4,848.3,33.0,18.7,0,15.5,0.0,48926.6,294,46.95652,35.32513,1502.0
2023-07-01,25.9,52207.97,0.0,0.0,27,1004.8,848.6,33.0,17.7,0,16.9,0.0,48790.86,285,46.95652,35.32513,1502.0
2023-07-02,25.7,52177.11,0.0,0.0,24,1007.1,850.5,33.6,16.8,0,11.1,0.0,48873.6,325,46.95652,35.32513,1502.0
2023-07-03,27.0,52143.34,0.0,0.0,24,1007.3,851.3,35.3,17.2,1,11.3,0.0,48843.05,341,46.95652,35.32513,1502.0
2023-07-04,28.5,52106.75,0.0,0.0,26,1005.7,850.6,36.2,18.7,1,13.9,0.0,48553.69,20,46.95652,35.32513,1502.0
2023-07-05,28.7,52067.38,0.0,0.0,29,1004.4,849.6,37.0,19.7,0,18.9,0.0,48673.14,48,46.95652,35.32513,1502.0
2023-07-06,28.3,52025.31,0.0,0.0,27,1005.3,850.2,36.8,19.4,0,17.1,0.0,48639.8,49,46.95652,35.32513,1502.0
2023-07-07,29.0,51980.6,0.0,0.0,20,1005.7,850.8,37.5,19.6,0,15.4,0.0,48605.05,70,46.95652,35.32513,1502.0
2023-07-08,28.2,51933.32,0.0,0.0,22,1004.6,849.6,37.5,19.1,1,21.2,0.0,48269.15,234,46.95652,35.32513,1502.0
2023-07-09,27.0,51883.54,0.0,0.0,21,1004.6,849.0,34.6,19.1,0,17.7,0.0,48382.13,261,46.95652,35.32513,1502.0
2023-07-10,26.5,51831.32,0.0,0.0,24,1005.4,849.5,33.2,19.6,0,14.9,0.0,48195.14,286,46.95652,35.32513,1502.0
2023-07-11,26.9,51776.74,0.0,0.0,23,1008.1,851.9,34.4,19.1,0,16.5,0.0,48156.54,248,46.95652,35.32513,1502.0
2023-07-12,27.3,51719.86,0.0,0.0,23,1009.4,853.2,35.0,16.9,0,11.1,0.0,47969.3,353,46.95652,35.32513,1502.0
2023-07-13,29.3,51660.74,0.0,0.0,30,1007.8,852.7,37.8,19.8,0,23.7,0.0,47705.43,34,46.95652,35.32513,1502.0
2023-07-14,29.7,51599.45,0.0,0.0,26,1006.2,851.5,39.9,19.7,0,18.7,0.0,47836.16,227,46.95652,35.32513,1502.0
2023-07-15,29.5,51536.07,0.0,0.0,19,1004.9,850.4,38.1,21.6,0,14.8,0.0,47673.63,254,46.95652,35.32513,1502.0
2023-07-16,28.4,51470.66,0.0,0.0,19,1005.1,850.1,36.3,19.8,2,15.1,0.0,47353.79,306,46.95652,35.32513,1502.0
2023-07-17,27.8,51403.16,0.0,0.0,18,1005.2,849.9,35.4,20.0,0,10.5,0.0,47488.3,308,46.95652,35.32513,1502.0
2023-07-18,26.5,51332.98,0.0,0.0,30,1005.2,849.3,34.1,17.8,11,13.9,0.0,46744.55,30,46.95652,35.32513,1502.0
2023-07-19,27.1,51260.12,0.0,0.0,28,1004.9,849.3,35.2,17.9,3,12.0,0.0,46724.79,43,46.95652,35.32513,1502.0
2023-07-20,28.8,51184.68,0.0,0.0,26,1004.9,850.1,37.2,18.7,1,12.9,0.0,46710.61,11,46.95652,35.32513,1502.0
2023-07-21,29.3,51106.79,0.0,0.0,25,1005.5,850.8,38.3,19.4,11,19.5,0.0,45993.46,298,46.95652,35.32513,1502.0
2023-07-22,29.8,51026.54,0.0,0.0,24,1006.2,851.6,37.9,20.5,1,16.6,0.0,46259.55,38,46.95652,35.32513,1502.0
2023-07-23,29.9,50944.06,0.0,0.0,25,1004.6,850.4,38.6,19.9,0,15.9,0.0,46240.33,352,46.95652,35.32513,1502.0
2023-07-24,29.6,50859.46,0.0,0.0,19,1001.5,847.6,37.7,20.4,4,19.1,0.0,45955.97,186,46.95652,35.32513,1502.0
2023-07-25,29.0,50772.83,0.0,0.0,16,1002.2,847.9,37.1,22.0,2,19.4,0.0,46077.55,217,46.95652,35.32513,1502.0
2023-07-26,27.3,50684.3,0.0,0.0,23,1006.7,851.0,35.1,18.7,18,10.9,0.0,45528.3,1,46.95652,35.32513,1502.0
2023-07-27,28.5,50593.96,0.0,0.0,23,1006.6,851.4,35.5,19.2,14,11.0,0.0,43744.56,352,46.95652,35.32513,1502.0
2023-07-28,29.1,50501.93,0.0,0.0,22,1004.3,849.7,36.7,19.7,18,14.0,0.0,44528.41,302,46.95652,35.32513,1502.0
2023-07-29,30.0,50408.3,0.0,0.0,20,1002.4,848.5,37.4,21.8,26,17.7,0.0,40683.24,335,46.95652,35.32513,1502.0
2023-07-30,29.8,50313.18,0.0,0.0,22,1003.1,849.1,37.7,20.9,11,16.8,0.0,44582.05,255,46.95652,35.32513,1502.0
2023-07-31,29.4,50216.66,0.0,0.0,17,1005.2,850.7,37.3,21.3,17,18.8,0.0,44697.42,293,46.95652,35.32513,1502.0
2023-08-01,29.0,50118.84,0.0,0.0,16,1007.1,852.1,36.3,21.7,2,18.1,0.0,44701.59,323,46.95652,35.32513,1502.0
2023-08-02,29.8,50019.83,0.0,0.0,15,1005.9,851.4,38.0,21.1,0,20.6,0.0,44697.57,335,46.95652,35.32513,1502.0
2023-08-03,29.6,49919.72,0.0,0.0,16,1004.3,849.9,37.9,20.9,0,19.5,0.0,44450.15,276,46.95652,35.32513,1502.0
2023-08-04,29.8,49818.6,0.0,0.0,16,1003.7,849.5,38.9,21.5,4,21.3,0.0,44095.2,240,46.95652,35.32513,1502.0
2023-08-05,29.5,49716.56,0.0,0.0,19,1005.8,851.2,38.8,20.3,7,24.9,0.0,44089.03,225,46.95652,35.32513,1502.0
2023-08-06,29.0,49613.54,0.0,0.0,21,1006.9,851.9,37.7,21.1,2,22.0,0.0,43981.62,222,46.95652,35.32513,1502.0
2023-08-07,29.2,49508.72,0.0,0.0,19,1004.8,850.2,37.8,20.3,12,15.8,0.0,43878.65,314,46.95652,35.32513,1502.0
2023-08-08,28.2,49402.09,0.0,0.0,28,1006.0,850.8,35.0,19.6,7,18.6,0.0,43639.01,42,46.95652,35.32513,1502.0
2023-08-09,28.3,49293.73,0.0,0.0,28,1009.8,854.1,35.4,20.2,9,13.3,0.0,43158.03,46,46.95652,35.32513,1502.0
2023-08-10,29.0,49183.78,0.0,0.0,21,1012.1,856.3,36.5,20.1,0,11.0,0.0,43569.88,30,46.95652,35.32513,1502.0
2023-08-11,28.9,49072.34,0.0,0.0,15,1011.8,856.0,36.8,20.1,0,10.8,0.0,43580.32,26,46.95652,35.32513,1502.0
2023-08-12,28.9,48959.52,0.0,0.0,15,1011.9,856.0,36.8,19.9,0,11.5,0.0,43421.89,16,46.95652,35.32513,1502.0
2023-08-13,27.7,48845.43,0.0,0.0,19,1013.1,856.5,35.7,18.7,0,14.1,0.0,43425.27,33,46.95652,35.32513,1502.0
2023-08-14,26.9,48730.16,0.0,0.0,24,1013.8,856.8,34.9,17.4,0,17.2,0.0,43323.29,57,46.95652,35.32513,1502.0
2023-08-15,26.2,48613.84,0.0,0.0,23,1013.0,855.8,33.9,17.8,0,16.4,0.0,43328.08,49,46.95652,35.32513,1502.0
2023-08-16,25.8,48496.55,0.0,0.0,17,1011.2,854.0,34.0,16.4,0,12.6,0.0,43332.59,33,46.95652,35.32513,1502.0
2023-08-17,27.3,48378.39,0.0,0.0,19,1010.4,854.1,35.8,17.8,37,13.3,0.0,33603.95,336,46.95652,35.32513,1502.0
2023-08-18,28.9,48259.47,0.0,0.0,19,1010.6,855.0,34.1,23.4,81,17.0,0.0,36056.08,284,46.95652,35.32513,1502.0
2023-08-19,27.6,48139.88,0.0,0.0,20,1010.0,853.9,33.8,20.2,32,17.0,0.0,43200.0,343,46.95652,35.32513,1502.0
2023-08-20,26.6,48019.71,0.0,0.0,26,1010.1,853.4,33.5,18.8,24,15.5,0.0,43200.0,63,46.95652,35.32513,1502.0
2023-08-21,27.6,47899.05,0.0,0.0,23,1010.3,854.1,35.5,18.5,16,11.8,0.0,40966.56,356,46.95652,35.32513,1502.0
2023-08-22,29.4,47778.0,0.0,0.0,15,1010.8,855.4,37.2,22.2,5,18.9,0.0,43200.0,291,46.95652,35.32513,1502.0
2023-08-23,29.2,47656.64,0.0,0.0,15,1010.6,855.1,37.2,22.3,6,18.6,0.0,43200.0,273,46.95652,35.32513,1502.0
2023-08-24,27.9,47535.05,0.0,0.0,13,1008.4,852.6,37.0,20.5,0,15.5,0.0,43200.0,299,46.95652,35.32513,1502.0
2023-08-25,27.2,47413.35,0.0,0.0,14,1005.7,850.0,37.2,19.0,0,17.3,0.0,43200.0,258,46.95652,35.32513,1502.0
2023-08-26,26.6,47291.43,0.0,0.0,25,1006.4,850.3,35.1,17.7,0,16.6,0.0,43200.0,32,46.95652,35.32513,1502.0
2023-08-27,25.6,47168.45,0.0,0.0,34,1007.8,851.0,33.8,17.6,3,16.4,0.0,43200.0,42,46.95652,35.32513,1502.0
2023-08-28,26.8,47044.34,0.0,0.0,26,1005.5,849.7,35.4,18.0,0,17.1,0.0,43200.0,225,46.95652,35.32513,1502.0
2023-08-29,25.1,46919.21,0.0,0.0,27,1004.3,847.9,31.7,18.6,4,26.6,0.0,43147.96,217,46.95652,35.32513,1502.0
2023-08-30,23.1,46793.15,0.0,0.0,35,1009.6,851.4,29.0,17.2,12,10.4,0.0,43068.51,316,46.95652,35.32513,1502.0
2023-08-31,23.7,46666.24,0.0,0.0,36,1012.4,854.1,30.0,16.1,4,8.6,0.0,42840.12,16,46.95652,35.32513,1502.0
2023-09-01,25.3,46538.58,0.0,0.0,31,1011.7,854.1,32.1,17.0,15,10.0,0.0,42906.75,16,46.95652,35.32513,1502.0
2023-09-02,26.9,46410.26,0.0,0.0,23,1009.9,853.4,34.8,18.0,2,13.2,0.0,42824.62,340,46.95652,35.32513,1502.0
2023-09-03,27.5,46281.36,0.0,0.0,22,1009.4,853.2,35.8,18.8,9,17.6,0.0,42639.39,199,46.95652,35.32513,1502.0
2023-09-04,27.1,46151.98,0.0,0.0,20,1010.6,854.1,34.4,21.1,1,21.8,0.0,42658.33,181,46.95652,35.32513,1502.0
2023-09-05,26.8,46022.19,0.0,0.0,15,1012.4,855.6,35.1,20.2,0,13.6,0.0,42574.36,192,46.95652,35.32513,1502.0
2023-09-06,27.4,45892.07,0.0,0.0,15,1011.7,855.2,35.9,19.2,0,12.3,0.0,41825.22,323,46.95652,35.32513,1502.0
2023-09-07,27.3,45761.73,0.0,0.0,13,1009.9,853.6,36.3,19.1,0,15.8,0.0,42405.2,253,46.95652,35.32513,1502.0
2023-09-08,25.6,45631.22,0.0,0.0,14,1010.2,853.0,34.4,18.6,0,16.9,0.0,42320.2,243,46.95652,35.32513,1502.0
2023-09-09,24.1,45500.64,0.0,0.0,22,1009.7,851.9,31.2,17.1,0,23.1,0.0,42235.05,234,46.95652,35.32513,1502.0
2023-09-10,24.7,45370.06,0.0,0.0,26,1007.6,850.4,32.3,17.2,0,19.6,0.0,42149.84,243,46.95652,35.32513,1502.0
2023-09-11,23.3,45239.57,0.0,0.0,26,1008.0,850.1,32.0,16.8,0,18.5,0.0,42064.64,267,46.95652,35.32513,1502.0
2023-09-12,23.7,45109.23,0.0,0.0,26,1011.0,852.9,30.9,16.5,0,20.4,0.0,41979.57,240,46.95652,35.32513,1502.0
2023-09-13,25.1,44979.14,0.0,0.0,25,1010.1,852.8,32.9,17.6,12,25.6,0.0,41453.19,229,46.95652,35.32513,1502.0
2023-09-14,23.6,44849.36,0.0,0.0,29,1008.9,851.0,31.2,15.4,0,19.5,0.0,41810.13,246,46.95652,35.32513,1502.0
2023-09-15,21.5,44719.82,0.0,0.0,34,1012.6,853.1,28.5,14.3,2,9.4,0.0,41680.42,3,46.95652,35.32513,1502.0
2023-09-16,21.5,44589.65,0.0,0.0,32,1011.5,852.2,29.3,13.9,0,9.7,0.0,41525.83,356,46.95652,35.32513,1502.0
2023-09-17,21.9,44458.76,0.0,0.0,27,1009.0,850.3,31.4,13.1,0,12.8,0.0,41214.45,283,46.95652,35.32513,1502.0
2023-09-18,21.7,44327.25,0.0,0.0,24,1009.1,850.2,30.3,14.0,0,9.6,0.0,41025.31,347,46.95652,35.32513,1502.0
2023-09-19,20.4,44195.21,0.0,0.0,43,1013.4,853.3,29.0,12.7,0,14.7,0.0,40602.62,43,46.95652,35.32513,1502.0
2023-09-20,21.1,44062.71,0.0,0.0,34,1014.2,854.2,30.6,12.2,0,13.3,0.0,40427.97,29,46.95652,35.32513,1502.0
2023-09-21,21.7,43929.84,0.0,0.0,28,1014.4,854.7,30.7,12.2,0,12.9,0.0,40257.8,17,46.95652,35.32513,1502.0
2023-09-22,22.0,43796.68,0.0,0.0,26,1015.8,856.0,29.7,13.5,0,10.1,0.0,40092.44,16,46.95652,35.32513,1502.0
2023-09-23,22.1,43663.32,0.0,0.0,27,1014.9,855.4,31.2,13.2,0,14.2,0.0,39828.48,31,46.95652,35.32513,1502.0
2023-09-24,21.6,43529.83,0.0,0.0,24,1013.5,853.9,30.8,12.6,0,15.8,0.0,39677.91,38,46.95652,35.32513,1502.0
2023-09-25,20.7,43396.31,0.1,0.0,30,1012.9,852.9,30.4,11.5,15,13.4,0.1,39438.26,348,46.95652,35.32513,1502.0
2023-09-26,20.8,43262.82,0.0,0.0,37,1012.6,852.7,29.6,12.4,10,13.0,0.0,39304.91,16,46.95652,35.32513,1502.0
2023-09-27,19.5,43129.46,0.0,0.0,38,1016.7,855.6,28.1,11.7,1,15.0,0.0,39178.8,32,46.95652,35.32513,1502.0
2023-09-28,20.0,42996.3,0.0,0.0,33,1017.1,856.2,27.8,11.3,0,10.4,0.0,39141.24,23,46.95652,35.32513,1502.0
2023-09-29,20.4,42863.42,0.0,0.0,26,1014.9,854.5,27.8,11.7,1,8.1,0.0,39025.94,12,46.95652,35.32513,1502.0
2023-09-30,19.3,42730.92,0.0,0.0,28,1013.8,853.0,28.5,11.8,5,17.9,0.0,38974.21,275,46.95652,35.32513,1502.0
2023-10-01,18.0,42598.87,0.0,0.0,42,1014.4,852.9,24.5,11.8,82,13.7,0.0,33883.52,237,46.95652,35.32513,1502.0
2023-10-02,17.6,42467.35,1.4,0.0,55,1015.0,853.2,23.3,13.1,81,26.7,1.4,26099.27,225,46.95652,35.32513,1502.0
2023-10-03,17.7,42336.46,0.0,0.0,53,1016.8,854.8,24.7,12.7,75,17.8,0.0,34313.15,224,46.95652,35.32513,1502.0
2023-10-04,15.7,42206.27,1.5,0.0,63,1019.3,855.9,21.9,11.8,78,18.5,1.5,9722.7,182,46.95652,35.32513,1502.0
2023-10-05,15.6,42076.7,0.1,0.0,51,1020.5,856.9,22.6,8.9,32,9.4,0.1,38733.17,330,46.95652,35.32513,1502.0
2023-10-06,16.5,41946.8,0.0,0.0,37,1018.0,855.1,25.3,7.3,6,15.3,0.0,36745.03,276,46.95652,35.32513,1502.0
2023-10-07,17.5,41816.51,0.3,0.0,49,1017.3,855.1,25.1,12.5,26,15.4,0.3,38633.91,267,46.95652,35.32513,1502.0
2023-10-08,18.7,41685.9,0.0,0.0,39,1017.1,855.5,26.8,13.1,40,14.9,0.0,38583.67,253,46.95652,35.32513,1502.0
2023-10-09,18.9,41555.08,0.0,0.0,32,1017.6,856.0,25.6,13.0,10,21.0,0.0,38533.02,247,46.95652,35.32513,1502.0
2023-10-10,18.2,41424.14,0.0,0.0,43,1018.1,856.1,24.4,14.0,59,17.3,0.0,32401.34,207,46.95652,35.32513,1502.0
2023-10-11,18.5,41293.16,5.2,0.0,50,1016.9,855.3,26.1,13.1,58,21.7,5.2,33493.11,221,46.95652,35.32513,1502.0
2023-10-12,17.9,41162.26,0.6,0.0,55,1019.2,856.9,25.2,10.0,23,15.6,0.6,38182.55,212,46.95652,35.32513,1502.0
2023-10-13,16.5,41031.52,0.0,0.0,47,1019.2,856.2,25.8,8.6,2,17.8,0.0,38047.45,284,46.95652,35.32513,1502.0
2023-10-14,16.0,40901.04,0.0,0.0,41,1018.6,855.5,23.1,9.5,0,8.1,0.0,37912.43,7,46.95652,35.32513,1502.0
2023-10-15,17.8,40770.93,0.1,0.0,38,1015.1,853.3,25.8,10.1,27,13.5,0.1,37272.7,208,46.95652,35.32513,1502.0
2023-10-16,16.0,40641.27,0.0,0.0,46,1011.5,849.4,22.6,9.6,2,19.5,0.0,37624.01,230,46.95652,35.32513,1502.0
2023-10-17,14.2,40512.17,0.0,0.0,57,1015.8,852.2,20.6,8.7,16,8.9,0.0,35157.5,295,46.95652,35.32513,1502.0
2023-10-18,14.2,40383.74,0.0,0.0,52,1017.7,853.8,22.2,9.8,10,15.5,0.0,37172.28,228,46.95652,35.32513,1502.0
2023-10-19,15.7,40256.07,0.2,0.0,48,1018.0,854.8,22.4,10.3,29,17.3,0.2,35959.41,238,46.95652,35.32513,1502.0
2023-10-20,14.9,40129.28,0.2,0.0,57,1019.2,855.4,21.9,9.6,36,10.0,0.2,36097.41,308,46.95652,35.32513,1502.0
2023-10-21,15.3,40003.46,0.0,0.0,48,1019.1,855.5,23.5,10.0,7,14.7,0.0,36520.96,270,46.95652,35.32513,1502.0
2023-10-22,14.7,39878.74,0.0,0.0,44,1020.9,856.7,22.4,8.4,37,16.4,0.0,36311.85,41,46.95652,35.32513,1502.0
2023-10-23,14.4,39755.21,0.0,0.0,46,1020.5,856.2,23.2,8.4,20,10.6,0.0,35985.99,278,46.95652,35.32513,1502.0
2023-10-24,14.6,39633.0,0.0,0.0,47,1017.8,854.1,21.7,9.3,80,15.1,0.0,33084.55,263,46.95652,35.32513,1502.0
2023-10-25,13.8,39512.02,0.0,0.0,56,1020.1,855.5,20.7,8.9,6,16.4,0.0,35828.76,294,46.95652,35.32513,1502.0
2023-10-26,13.6,39391.24,0.0,0.0,58,1021.1,856.3,21.7,8.1,24,12.9,0.0,35749.61,290,46.95652,35.32513,1502.0
2023-10-27,13.8,39270.57,0.0,0.0,54,1019.8,855.3,21.9,8.8,30,10.1,0.0,35557.93,296,46.95652,35.32513,1502.0
2023-10-28,14.9,39150.13,0.0,0.0,49,1019.0,855.2,23.1,8.6,39,14.3,0.0,34588.68,309,46.95652,35.32513,1502.0
2023-10-29,15.6,39030.02,0.0,0.0,44,1018.8,855.4,23.7,10.2,36,9.9,0.0,35188.18,241,46.95652,35.32513,1502.0
2023-10-30,15.7,38910.36,0.0,0.0,39,1020.6,857.0,22.2,10.5,100,9.8,0.0,30987.61,4,46.95652,35.32513,1502.0
2023-10-31,12.5,38791.27,2.1,0.0,71,1023.9,858.2,17.3,8.9,92,7.8,2.1,9895.17,22,46.95652,35.32513,1502.0
2023-11-01,12.8,38672.85,0.1,0.0,74,1022.7,857.2,18.9,8.2,65,15.2,0.1,33746.45,112,46.95652,35.32513,1502.0
2023-11-02,12.2,38555.25,2.6,0.0,77,1021.0,855.5,16.5,9.5,60,10.9,2.6,23311.48,168,46.95652,35.32513,1502.0
2023-11-03,12.3,38438.56,1.1,0.0,72,1018.7,853.6,18.1,8.2,65,10.3,1.1,32866.57,275,46.95652,35.32513,1502.0
2023-11-04,11.0,38322.93,1.2,0.0,75,1017.5,852.0,17.1,5.1,25,13.0,1.2,32863.15,307,46.95652,35.32513,1502.0
2023-11-05,11.0,38208.46,0.0,0.0,61,1018.6,852.8,17.5,4.0,3,7.9,0.0,33863.53,334,46.95652,35.32513,1502.0
2023-11-06,11.4,38095.3,0.0,0.0,54,1018.1,852.7,20.1,6.4,5,11.6,0.0,33812.97,253,46.95652,35.32513,1502.0
2023-11-07,11.2,37983.57,0.0,0.0,64,1019.1,853.4,19.0,5.2,1,8.7,0.0,33605.13,319,46.95652,35.32513,1502.0
2023-11-08,12.4,37873.41,0.0,0.0,54,1021.1,855.7,19.4,5.7,0,8.0,0.0,33630.27,348,46.95652,35.32513,1502.0
2023-11-09,12.4,37764.95,0.0,0.0,49,1021.3,855.8,21.0,6.6,12,10.9,0.0,33507.61,226,46.95652,35.32513,1502.0
2023-11-10,12.5,37658.34,0.0,0.0,49,1022.6,857.0,19.6,8.2,62,11.3,0.0,26131.69,243,46.95652,35.32513,1502.0
2023-11-11,13.7,37553.7,0.0,0.0,45,1024.6,859.3,19.7,8.3,80,9.7,0.0,32400.0,146,46.95652,35.32513,1502.0
2023-11-12,13.5,37451.17,0.0,0.0,48,1024.6,859.2,19.4,9.2,76,9.4,0.0,28800.0,149,46.95652,35.32513,1502.0
2023-11-13,12.9,37350.92,0.0,0.0,54,1023.0,857.6,19.6,8.3,48,6.6,0.0,32958.25,96,46.95652,35.32513,1502.0
2023-11-14,12.8,37252.89,0.0,0.0,53,1018.7,853.9,20.1,7.8,40,11.5,0.0,32952.14,170,46.95652,35.32513,1502.0
2023-11-15,9.5,37156.06,7.5,0.0,80,1018.4,851.9,10.9,8.3,98,16.9,7.5,0.0,152,46.95652,35.32513,1502.0
2023-11-16,10.0,37060.37,0.2,0.0,76,1017.5,851.4,15.5,5.1,73,10.7,0.2,22181.3,208,46.95652,35.32513,1502.0
2023-11-17,10.3,36965.91,0.1,0.0,74,1018.9,852.8,15.1,5.7,49,17.9,0.1,23004.92,225,46.95652,35.32513,1502.0
2023-11-18,9.2,36872.81,0.6,0.0,80,1019.7,852.8,15.2,5.5,37,12.4,0.6,16804.1,236,46.95652,35.32513,1502.0
2023-11-19,9.3,36781.19,0.0,0.0,66,1015.1,849.0,16.5,3.2,47,19.1,0.0,32830.78,165,46.95652,35.32513,1502.0
2023-11-20,7.5,36691.16,28.7,0.42,86,1007.1,841.5,9.9,4.3,86,13.9,29.3,562.78,181,46.95652,35.32513,1502.0
2023-11-21,3.4,36602.86,3.0,1.54,70,1017.9,848.2,7.8,-2.1,32,22.2,5.2,32495.3,239,46.95652,35.32513,1502.0
2023-11-22,4.0,36516.38,0.0,0.0,54,1026.9,856.1,10.5,-2.1,44,6.5,0.0,32595.02,232,46.95652,35.32513,1502.0
2023-11-23,7.0,36431.87,0.0,0.0,44,1019.0,851.1,14.6,1.9,85,7.2,0.0,26813.38,197,46.95652,35.32513,1502.0
2023-11-24,5.9,36349.45,0.0,0.0,48,1016.2,848.1,13.5,0.8,0,6.4,0.0,32464.75,264,46.95652,35.32513,1502.0
2023-11-25,8.2,36269.24,0.0,0.0,52,1017.6,850.6,15.0,3.5,72,10.4,0.0,32152.63,206,46.95652,35.32513,1502.0
2023-11-26,8.3,36191.38,0.0,0.0,67,1016.2,849.4,13.4,3.5,54,15.9,0.0,30876.1,201,46.95652,35.32513,1502.0
2023-11-27,9.5,36115.99,0.6,0.0,76,1012.7,847.1,15.8,5.6,50,24.8,0.6,29329.69,197,46.95652,35.32513,1502.0
2023-11-28,5.6,36043.21,0.5,0.0,74,1017.7,849.2,11.7,-0.9,31,14.1,0.5,22182.86,263,46.95652,35.32513,1502.0
2023-11-29,6.2,35973.16,0.0,0.0,63,1022.2,853.3,12.3,-0.5,1,7.9,0.0,32081.04,225,46.95652,35.32513,1502.0
2023-11-30,7.7,35905.99,0.0,0.0,48,1021.8,853.8,15.5,3.5,45,6.4,0.0,31955.37,187,46.95652,35.32513,1502.0
2023-12-01,8.5,35841.82,0.0,0.0,44,1022.3,854.6,15.2,4.5,38,6.9,0.0,28967.71,7,46.95652,35.32513,1502.0
2023-12-02,7.6,35780.8,0.0,0.0,46,1023.4,855.1,13.9,2.7,0,7.5,0.0,31907.58,65,46.95652,35.32513,1502.0
2023-12-03,7.8,35723.04,0.0,0.0,47,1025.3,856.8,14.2,3.0,4,7.9,0.0,31852.6,121,46.95652,35.32513,1502.0
2023-12-04,7.4,35668.57,0.0,0.0,42,1025.7,856.9,15.1,3.6,5,7.4,0.0,31799.28,360,46.95652,35.32513,1502.0
2023-12-05,7.7,35616.71,0.0,0.0,43,1023.8,855.4,14.5,3.9,3,6.7,0.0,31746.82,88,46.95652,35.32513,1502.0
2023-12-06,6.6,35567.42,0.0,0.0,55,1020.9,852.4,10.9,3.0,68,13.2,0.0,23608.68,166,46.95652,35.32513,1502.0
2023-12-07,7.4,35520.73,0.0,0.0,64,1019.9,852.0,13.3,3.0,78,15.8,0.0,29850.28,243,46.95652,35.32513,1502.0
2023-12-08,8.2,35476.71,0.0,0.0,65,1021.4,853.7,14.5,3.5,50,8.2,0.0,31269.69,189,46.95652,35.32513,1502.0
2023-12-09,8.0,35435.42,0.7,0.0,66,1020.2,852.6,14.7,3.9,55,18.7,0.7,29751.96,183,46.95652,35.32513,1502.0
2023-12-10,7.2,35396.91,0.0,0.0,66,1022.1,853.8,14.5,2.0,55,12.9,0.0,31328.53,249,46.95652,35.32513,1502.0
2023-12-11,7.9,35361.25,0.0,0.0,55,1022.5,854.5,14.0,3.7,91,8.4,0.0,29113.18,184,46.95652,35.32513,1502.0
2023-12-12,9.5,35328.48,1.8,0.0,56,1017.3,851.0,14.1,6.5,98,9.4,1.8,17127.87,160,46.95652,35.32513,1502.0
2023-12-13,5.8,35298.66,20.0,0.07,90,1012.8,845.3,7.9,3.4,100,15.7,20.1,0.0,166,46.95652,35.32513,1502.0
2023-12-14,5.2,35271.85,0.1,0.0,77,1017.9,849.2,9.7,-0.5,48,12.0,0.1,28870.47,297,46.95652,35.32513,1502.0
2023-12-15,4.7,35248.09,0.0,0.0,67,1026.1,855.7,11.1,-2.4,31,4.2,0.0,31341.32,316,46.95652,35.32513,1502.0
2023-12-16,8.2,35227.44,0.0,0.0,54,1027.0,858.4,14.1,2.3,72,7.4,0.0,31057.53,170,46.95652,35.32513,1502.0
2023-12-17,8.5,35209.96,0.0,0.0,48,1022.2,854.6,15.9,3.6,12,10.6,0.0,31265.56,214,46.95652,35.32513,1502.0
2023-12-18,4.0,35195.68,0.0,0.0,67,1021.3,851.4,11.4,-1.7,18,9.1,0.0,31230.45,330,46.95652,35.32513,1502.0
2023-12-19,3.7,35184.66,0.0,0.0,63,1023.5,853.1,9.2,-2.6,43,10.8,0.0,30277.45,25,46.95652,35.32513,1502.0
2023-12-20,4.0,35176.95,0.0,0.0,63,1024.7,854.2,9.3,-1.3,18,10.5,0.0,31242.7,358,46.95652,35.32513,1502.0
2023-12-21,4.3,35172.58,0.0,0.0,63,1021.9,852.1,9.9,1.1,44,7.8,0.0,31137.09,219,46.95652,35.32513,1502.0
2023-12-22,4.4,35171.61,1.8,3.78,79,1015.8,847.0,6.8,0.5,84,16.6,7.2,7334.07,175,46.95652,35.32513,1502.0
2023-12-23,5.8,35174.09,0.5,0.0,80,1012.7,845.2,9.6,3.2,84,19.3,0.5,20320.22,183,46.95652,35.32513,1502.0
2023-12-24,5.8,35180.04,5.0,0.07,87,1016.7,848.5,7.0,5.1,98,16.6,5.1,258.49,185,46.95652,35.32513,1502.0
2023-12-25,5.4,35189.52,1.0,0.0,73,1022.9,853.4,9.2,1.9,34,19.1,1.0,27913.66,231,46.95652,35.32513,1502.0
2023-12-26,3.9,35202.49,0.0,0.0,74,1027.1,856.1,10.4,0.1,15,8.4,0.0,30799.33,241,46.95652,35.32513,1502.0
2023-12-27,5.8,35218.88,0.0,0.0,70,1025.4,855.8,11.5,0.6,33,8.4,0.0,31278.12,162,46.95652,35.32513,1502.0
2023-12-28,6.3,35238.63,0.2,0.0,72,1021.7,852.9,11.7,1.9,74,10.0,0.2,26169.15,219,46.95652,35.32513,1502.0
2023-12-29,3.8,35261.69,0.0,0.0,74,1026.1,855.2,10.0,-1.5,31,7.0,0.0,29939.7,335,46.95652,35.32513,1502.0
2023-12-30,5.0,35287.98,0.0,0.0,72,1024.6,854.6,11.1,-1.1,0,6.4,0.0,31450.92,340,46.95652,35.32513,1502.0
2023-12-31,5.3,35317.45,0.0,0.0,73,1022.2,852.8,11.9,1.7,51,9.0,0.0,31450.78,209,46.95652,35.32513,1502.0
2024-01-01,4.6,35350.04,0.0,0.0,73,1022.9,853.0,11.2,0.9,39,8.5,0.0,27905.54,322,46.95652,35.32513,1502.0
2024-01-02,4.8,35385.66,0.0,0.0,70,1021.6,852.1,9.9,0.8,85,8.9,0.0,26362.47,155,46.95652,35.32513,1502.0
2024-01-03,3.2,35424.27,0.0,0.0,67,1019.2,849.2,9.1,-1.1,30,12.8,0.0,31785.59,268,46.95652,35.32513,1502.0
2024-01-04,3.0,35465.8,0.0,0.0,73,1021.0,850.6,10.1,-1.1,27,9.4,0.0,31910.29,252,46.95652,35.32513,1502.0
2024-01-05,5.3,35510.17,0.2,0.0,73,1019.1,850.2,9.5,1.2,77,16.8,0.2,27497.7,213,46.95652,35.32513,1502.0
2024-01-06,3.7,35557.31,4.3,0.42,70,1022.6,852.3,8.2,-2.0,30,14.7,4.9,30363.08,292,46.95652,35.32513,1502.0
2024-01-07,3.5,35607.16,0.0,0.0,49,1027.1,855.9,9.2,-2.1,0,4.8,0.0,32240.37,284,46.95652,35.32513,1502.0
2024-01-08,5.3,35659.65,0.0,0.0,38,1024.1,854.4,11.9,2.4,81,9.1,0.0,27792.61,184,46.95652,35.32513,1502.0
2024-01-09,5.4,35714.71,0.0,0.0,41,1021.0,851.8,12.2,0.3,73,11.9,0.0,29441.16,199,46.95652,35.32513,1502.0
2024-01-10,1.9,35772.27,1.7,11.2,83,1020.0,849.2,4.6,-0.5,96,8.8,17.7,0.0,193,46.95652,35.32513,1502.0
2024-01-11,1.4,35832.27,0.8,2.59,91,1017.4,846.6,4.9,-2.6,93,7.1,4.5,15636.5,239,46.95652,35.32513,1502.0
2024-01-12,1.3,35894.62,0.7,0.07,90,1013.8,843.7,5.3,-2.1,84,9.1,0.8,15329.82,202,46.95652,35.32513,1502.0
2024-01-13,3.3,35959.41,10.2,5.46,91,1013.6,844.6,4.5,2.0,100,18.4,18.0,1380.27,184,46.95652,35.32513,1502.0
2024-01-14,3.3,36027.36,6.4,0.14,85,1016.0,846.6,6.9,-1.4,74,19.2,6.6,24864.62,208,46.95652,35.32513,1502.0
2024-01-15,2.5,36098.45,0.0,0.0,86,1023.2,852.1,6.7,-0.4,67,7.6,0.0,23730.45,279,46.95652,35.32513,1502.0
2024-01-16,-0.0,36172.56,0.0,0.0,85,1026.2,853.2,6.3,-3.6,60,7.0,0.0,31270.47,298,46.95652,35.32513,1502.0
2024-01-17,1.5,36249.54,0.0,0.0,77,1022.6,851.1,8.8,-2.9,72,7.6,0.0,32818.2,311,46.95652,35.32513,1502.0
2024-01-18,2.4,36329.25,0.0,0.0,68,1021.9,851.0,10.4,-2.2,26,9.4,0.0,32619.17,333,46.95652,35.32513,1502.0
2024-01-19,3.1,36411.55,0.0,0.0,65,1023.4,852.6,10.3,-2.6,55,7.9,0.0,33117.79,296,46.95652,35.32513,1502.0
2024-01-20,3.5,36496.31,0.0,0.0,66,1024.2,853.5,9.6,-1.2,50,7.2,0.0,31520.44,287,46.95652,35.32513,1502.0
2024-01-21,3.7,36583.38,0.0,0.0,72,1024.1,853.5,10.1,-0.7,55,9.1,0.0,30850.54,272,46.95652,35.32513,1502.0
2024-01-22,5.9,36672.64,5.0,0.35,70,1022.3,853.3,11.9,1.3,67,10.7,5.5,29571.23,213,46.95652,35.32513,1502.0
2024-01-23,6.0,36763.95,0.3,0.0,81,1017.5,849.3,11.3,2.5,52,14.7,0.3,28998.17,192,46.95652,35.32513,1502.0
2024-01-24,5.0,36857.17,3.7,0.98,78,1015.3,846.9,9.9,0.3,59,18.4,5.1,28311.51,215,46.95652,35.32513,1502.0
2024-01-25,3.5,36952.19,2.5,1.75,85,1018.7,849.0,5.9,1.0,88,10.6,5.0,88.42,219,46.95652,35.32513,1502.0
2024-01-26,3.9,37048.88,0.1,0.0,75,1016.2,847.1,8.1,-0.4,77,13.4,0.1,25814.32,203,46.95652,35.32513,1502.0
2024-01-27,3.2,37147.09,1.8,3.43,80,1012.6,843.7,7.4,-1.9,72,16.1,6.7,22840.74,198,46.95652,35.32513,1502.0
2024-01-28,-0.7,37246.73,0.0,0.0,70,1021.4,848.8,4.0,-5.4,20,15.3,0.0,32303.07,262,46.95652,35.32513,1502.0
2024-01-29,-0.7,37347.66,0.0,0.0,66,1023.9,850.9,5.2,-5.6,34,12.4,0.0,34116.18,261,46.95652,35.32513,1502.0
2024-01-30,1.8,37449.76,0.1,1.47,63,1023.2,851.7,8.5,-3.4,49,8.4,2.2,34241.1,324,46.95652,35.32513,1502.0
2024-01-31,1.4,37552.92,0.4,7.28,72,1022.5,851.0,7.7,-3.0,47,12.0,10.8,30951.68,335,46.95652,35.32513,1502.0
2024-02-01,0.3,37657.02,0.0,5.18,80,1017.1,845.9,4.1,-3.6,82,9.9,7.4,25884.87,31,46.95652,35.32513,1502.0
2024-02-02,-1.3,37762.14,0.0,2.31,83,1017.1,845.0,0.9,-6.8,95,10.2,3.3,2974.85,13,46.95652,35.32513,1502.0
2024-02-03,-2.2,37869.34,0.0,0.35,80,1024.7,850.7,2.0,-8.2,66,9.7,0.4,24681.91,239,46.95652,35.32513,1502.0
2024-02-04,-1.0,37978.66,0.0,0.91,79,1024.5,851.3,2.8,-6.8,79,9.8,1.3,27190.34,197,46.95652,35.32513,1502.0
2024-02-05,2.0,38089.96,0.0,1.75,81,1020.2,849.3,4.3,-0.7,88,14.6,2.5,17745.88,207,46.95652,35.32513,1502.0
2024-02-06,2.4,38203.1,0.0,0.35,77,1021.3,850.6,5.4,-1.6,76,21.4,0.5,15370.01,228,46.95652,35.32513,1502.0
2024-02-07,1.1,38317.94,0.0,0.0,79,1026.7,854.3,7.3,-3.1,60,11.1,0.0,22810.31,251,46.95652,35.32513,1502.0
2024-02-08,3.1,38434.34,0.0,0.0,73,1025.6,854.4,11.3,-1.4,33,12.0,0.0,34961.57,256,46.95652,35.32513,1502.0
2024-02-09,4.4,38552.16,0.0,0.0,64,1022.9,852.9,11.7,-0.1,90,8.9,0.0,35288.71,203,46.95652,35.32513,1502.0
2024-02-10,5.3,38671.29,0.0,0.0,63,1021.9,852.6,12.3,1.0,63,8.9,0.0,34203.77,326,46.95652,35.32513,1502.0
2024-02-11,6.2,38791.57,0.0,0.0,58,1023.0,853.9,13.7,-0.2,7,8.5,0.0,35445.74,334,46.95652,35.32513,1502.0
2024-02-12,8.0,38912.89,0.0,0.0,47,1023.3,855.2,14.7,2.5,19,5.5,0.0,35510.14,310,46.95652,35.32513,1502.0
2024-02-13,9.1,39035.12,0.0,0.0,51,1020.9,853.8,15.6,4.0,94,10.2,0.0,32876.5,174,46.95652,35.32513,1502.0
2024-02-14,8.7,39158.14,3.6,0.0,66,1017.4,850.6,14.0,5.0,87,27.0,3.6,21222.48,170,46.95652,35.32513,1502.0
2024-02-15,6.7,39281.83,30.3,3.64,87,1017.3,849.5,8.9,4.6,99,18.5,35.5,0.0,159,46.95652,35.32513,1502.0
2024-02-16,6.2,39406.07,10.3,3.5,86,1016.5,848.6,11.3,2.5,99,11.8,15.3,7319.5,173,46.95652,35.32513,1502.0
2024-02-17,3.9,39530.74,1.5,0.77,84,1017.8,848.4,7.0,0.6,91,16.6,2.6,15742.48,222,46.95652,35.32513,1502.0
2024-02-18,3.1,39655.73,1.5,0.28,82,1018.9,848.9,8.4,-2.0,65,11.5,1.9,31459.33,266,46.95652,35.32513,1502.0
2024-02-19,2.6,39780.91,1.2,2.1,80,1019.3,848.9,8.5,-2.5,77,6.5,4.2,29634.71,313,46.95652,35.32513,1502.0
2024-02-20,2.9,39906.19,0.4,0.35,76,1020.3,849.9,8.5,-1.3,56,8.5,0.9,36000.0,245,46.95652,35.32513,1502.0
2024-02-21,3.4,40031.45,0.1,0.0,69,1022.1,851.7,9.9,-2.2,51,9.3,0.1,32550.97,255,46.95652,35.32513,1502.0
2024-02-22,3.0,40156.79,0.0,0.0,69,1021.9,851.3,11.3,-2.8,5,13.0,0.0,36006.92,275,46.95652,35.32513,1502.0
2024-02-23,4.3,40283.25,1.8,0.0,70,1022.2,852.3,11.7,-2.9,86,17.5,1.8,34728.35,272,46.95652,35.32513,1502.0
2024-02-24,5.9,40410.92,1.0,0.0,71,1019.1,850.5,11.0,0.2,100,11.6,1.0,2735.84,310,46.95652,35.32513,1502.0
2024-02-25,0.8,40539.7,0.0,0.07,55,1022.2,850.3,5.3,-4.5,64,23.3,0.1,36000.0,44,46.95652,35.32513,1502.0
2024-02-26,-2.1,40669.47,0.0,0.0,51,1024.0,850.2,1.2,-4.7,69,29.9,0.0,27475.16,58,46.95652,35.32513,1502.0
2024-02-27,-1.2,40800.14,0.0,0.14,58,1023.0,849.9,2.1,-5.0,94,17.8,0.2,22297.17,57,46.95652,35.32513,1502.0
2024-02-28,-1.8,40931.58,0.0,1.47,60,1024.1,850.4,1.6,-5.8,63,23.6,2.1,8715.69,43,46.95652,35.32513,1502.0
2024-02-29,-1.4,41063.7,0.0,0.0,33,1027.5,853.5,5.0,-6.4,0,14.3,0.0,36434.46,20,46.95652,35.32513,1502.0
2024-03-01,1.6,41196.39,0.0,0.0,33,1025.3,853.3,7.9,-5.4,0,6.1,0.0,36554.49,3,46.95652,35.32513,1502.0
2024-03-02,3.0,41329.55,0.0,0.0,40,1019.6,849.4,12.0,-2.1,8,8.4,0.0,36652.68,271,46.95652,35.32513,1502.0
2024-03-03,4.5,41463.08,0.0,1.19,52,1014.9,846.3,11.4,-0.5,62,11.7,1.7,34573.43,217,46.95652,35.32513,1502.0
2024-03-04,4.5,41596.89,1.5,3.85,68,1013.8,845.4,9.5,0.2,74,6.2,7.0,33482.4,358,46.95652,35.32513,1502.0
2024-03-05,3.0,41730.87,1.4,1.12,73,1017.8,847.9,9.6,-3.1,38,12.3,3.0,36604.15,294,46.95652,35.32513,1502.0
2024-03-06,4.4,41864.93,0.0,0.0,66,1018.6,849.3,11.1,-1.5,17,16.7,0.0,36773.15,254,46.95652,35.32513,1502.0
2024-03-07,6.2,41998.96,0.8,0.0,65,1014.5,846.9,11.5,2.4,44,21.1,0.8,33910.16,204,46.95652,35.32513,1502.0
2024-03-08,5.0,42132.88,2.7,1.05,65,1015.6,847.2,10.8,0.6,7,18.1,4.2,37345.1,255,46.95652,35.32513,1502.0
2024-03-09,4.7,42266.59,0.3,0.0,61,1016.2,847.5,11.5,-0.9,22,15.5,0.3,37361.41,245,46.95652,35.32513,1502.0
2024-03-10,5.8,42399.99,2.4,0.0,66,1015.7,847.7,11.1,1.1,48,20.2,2.4,36903.91,226,46.95652,35.32513,1502.0
2024-03-11,4.6,42532.99,1.4,0.0,70,1018.7,849.5,11.5,-1.2,28,15.1,1.4,37706.67,293,46.95652,35.32513,1502.0
2024-03-12,5.8,42665.49,0.0,0.0,61,1022.9,853.7,14.3,-1.3,0,9.4,0.0,38545.38,269,46.95652,35.32513,1502.0
2024-03-13,9.0,42797.58,0.0,0.0,48,1020.8,853.6,17.2,2.7,44,8.9,0.0,38812.91,208,46.95652,35.32513,1502.0
2024-03-14,11.4,42930.22,0.0,0.0,42,1018.5,853.0,18.5,5.1,61,18.2,0.0,37195.18,166,46.95652,35.32513,1502.0
2024-03-15,10.5,43063.52,2.7,0.0,60,1015.8,850.2,16.4,5.7,62,18.7,2.7,32242.6,199,46.95652,35.32513,1502.0
2024-03-16,7.8,43197.38,4.5,0.0,69,1017.7,850.5,14.0,1.4,26,19.3,4.5,37833.62,264,46.95652,35.32513,1502.0
2024-03-17,7.6,43331.71,0.0,0.0,63,1019.5,851.8,15.2,2.0,28,16.2,0.0,39811.26,255,46.95652,35.32513,1502.0
2024-03-18,8.4,43466.44,37.0,0.0,79,1016.1,849.4,10.8,5.6,100,11.3,37.0,0.0,158,46.95652,35.32513,1502.0
2024-03-19,8.5,43601.46,26.0,0.0,85,1008.8,843.3,11.8,4.9,99,25.1,26.0,854.06,172,46.95652,35.32513,1502.0
2024-03-20,5.9,43736.71,5.3,0.28,77,1016.5,848.4,9.9,2.4,52,19.6,5.7,29028.42,225,46.95652,35.32513,1502.0
2024-03-21,6.3,43872.09,0.7,0.0,71,1018.6,850.3,13.0,1.1,42,11.3,0.7,37966.41,242,46.95652,35.32513,1502.0
2024-03-22,7.1,44007.52,0.8,0.0,72,1013.2,846.3,13.9,2.9,63,20.5,0.8,26099.09,178,46.95652,35.32513,1502.0
2024-03-23,7.5,44142.91,2.0,0.0,75,1013.1,846.5,12.9,3.4,72,18.5,2.0,25075.29,210,46.95652,35.32513,1502.0
2024-03-24,8.0,44278.18,3.8,0.14,73,1009.9,844.0,14.0,1.8,91,18.1,4.0,23015.11,164,46.95652,35.32513,1502.0
2024-03-25,7.0,44413.25,2.1,0.0,75,1008.2,842.1,11.9,0.6,68,22.8,2.1,34860.01,215,46.95652,35.32513,1502.0
2024-03-26,5.9,44548.0,0.7,0.0,68,1017.9,849.6,10.5,-1.0,61,23.5,0.7,37766.62,219,46.95652,35.32513,1502.0
2024-03-27,7.3,44682.39,1.1,0.0,74,1019.4,851.5,12.2,1.3,81,24.5,1.1,24773.1,237,46.95652,35.32513,1502.0
2024-03-28,7.0,44816.29,0.0,0.0,68,1020.9,852.7,14.0,0.9,27,17.4,0.0,40843.38,302,46.95652,35.32513,1502.0
2024-03-29,8.7,44949.64,0.0,0.0,43,1020.0,852.8,16.0,-0.3,7,7.4,0.0,41980.6,354,46.95652,35.32513,1502.0
2024-03-30,10.1,45082.33,0.0,0.0,43,1019.1,852.8,18.1,2.7,68,11.0,0.0,39275.14,230,46.95652,35.32513,1502.0
2024-03-31,11.7,45214.29,0.0,0.0,44,1021.4,855.6,18.6,4.6,1,12.7,0.0,42242.53,317,46.95652,35.32513,1502.0
2024-04-01,11.6,45345.41,0.0,0.0,45,1019.0,853.5,19.0,3.4,10,9.8,0.0,42372.06,12,46.95652,35.32513,1502.0
2024-04-02,11.1,45475.77,0.0,0.0,44,1016.9,851.5,18.0,2.9,20,8.1,0.0,42500.54,0,46.95652,35.32513,1502.0
2024-04-03,11.8,45606.29,0.0,0.0,46,1014.8,850.1,19.0,4.4,4,8.0,0.0,42628.69,290,46.95652,35.32513,1502.0
2024-04-04,12.8,45737.05,0.0,0.0,53,1016.5,852.0,21.0,7.2,15,14.4,0.0,42696.61,259,46.95652,35.32513,1502.0
2024-04-05,14.0,45867.96,0.0,0.0,53,1017.1,853.1,21.0,6.9,3,13.4,0.0,42743.98,278,46.95652,35.32513,1502.0
2024-04-06,15.2,45998.96,0.0,0.0,45,1014.8,851.9,21.3,10.1,37,18.9,0.0,42791.27,210,46.95652,35.32513,1502.0
2024-04-07,14.1,46129.93,5.0,0.0,54,1012.1,849.1,20.1,9.5,93,20.3,5.0,28083.68,196,46.95652,35.32513,1502.0
2024-04-08,13.4,46260.82,0.5,0.0,64,1015.1,851.2,19.8,8.1,21,18.9,0.5,42885.62,208,46.95652,35.32513,1502.0
2024-04-09,15.4,46391.52,0.1,0.0,51,1014.4,851.6,22.2,6.8,44,17.4,0.1,42932.71,160,46.95652,35.32513,1502.0
2024-04-10,10.2,46521.95,10.6,0.0,84,1013.9,848.5,14.5,5.9,80,10.2,10.6,10544.78,219,46.95652,35.32513,1502.0
2024-04-11,8.7,46652.02,4.9,0.0,77,1015.2,848.8,15.2,3.4,55,15.8,4.9,43026.7,258,46.95652,35.32513,1502.0
2024-04-12,9.2,46781.64,0.0,0.0,60,1017.5,851.0,14.3,4.0,36,22.1,0.0,36949.23,49,46.95652,35.32513,1502.0
2024-04-13,9.6,46910.71,0.0,0.0,52,1014.0,848.3,17.2,1.8,27,12.7,0.0,43120.48,23,46.95652,35.32513,1502.0
2024-04-14,11.8,47039.15,0.0,0.0,40,1013.0,848.5,18.0,2.6,15,6.8,0.0,43167.3,3,46.95652,35.32513,1502.0
2024-04-15,12.2,47166.86,0.0,0.0,47,1014.3,849.9,18.5,5.5,83,7.9,0.0,35175.44,324,46.95652,35.32513,1502.0
2024-04-16,12.7,47293.74,0.0,0.0,51,1015.9,851.5,20.7,4.6,6,14.2,0.0,43200.0,38,46.95652,35.32513,1502.0
2024-04-17,14.6,47419.7,0.0,0.0,41,1014.2,851.0,20.8,5.3,0,11.0,0.0,43200.0,24,46.95652,35.32513,1502.0
2024-04-18,15.2,47544.63,0.0,0.0,42,1013.5,850.8,22.8,9.0,17,13.8,0.0,43200.0,291,46.95652,35.32513,1502.0
2024-04-19,15.6,47668.43,0.1,0.0,47,1012.3,850.0,22.4,9.5,14,17.6,0.1,43200.0,310,46.95652,35.32513,1502.0
2024-04-20,16.3,47791.0,0.0,0.0,46,1013.1,850.9,23.5,10.1,27,14.5,0.0,43200.0,297,46.95652,35.32513,1502.0
2024-04-21,13.2,47912.23,5.5,0.0,72,1015.0,851.0,18.2,8.7,90,11.0,5.5,15945.65,250,46.95652,35.32513,1502.0
2024-04-22,12.7,48032.18,3.5,0.0,72,1016.9,852.3,18.0,7.5,90,15.3,3.5,21806.96,257,46.95652,35.32513,1502.0
2024-04-23,12.8,48151.74,0.0,0.0,61,1017.6,852.9,19.0,6.1,15,19.4,0.0,42631.17,28,46.95652,35.32513,1502.0
2024-04-24,12.3,48270.96,0.0,0.0,49,1016.7,851.9,20.0,4.2,0,23.4,0.0,43412.52,33,46.95652,35.32513,1502.0
2024-04-25,13.7,48389.77,0.0,0.0,39,1015.7,851.9,22.2,3.2,1,11.0,0.0,43519.34,23,46.95652,35.32513,1502.0
2024-04-26,16.2,48508.08,0.0,0.0,36,1014.3,851.9,23.2,7.5,0,8.8,0.0,43631.12,340,46.95652,35.32513,1502.0
2024-04-27,15.8,48625.79,0.0,0.0,39,1016.1,853.2,24.1,7.3,0,11.2,0.0,43628.16,24,46.95652,35.32513,1502.0
2024-04-28,16.9,48742.79,0.0,0.0,38,1017.9,855.3,25.2,7.9,0,9.9,0.0,43746.52,17,46.95652,35.32513,1502.0
2024-04-29,19.1,48859.02,0.0,0.0,33,1016.2,854.9,25.9,9.7,42,8.4,0.0,43869.2,19,46.95652,35.32513,1502.0
2024-04-30,16.6,48974.34,2.4,0.0,61,1015.6,853.2,24.5,12.2,89,18.2,2.4,32942.24,189,46.95652,35.32513,1502.0
2024-05-01,14.4,49088.67,18.8,0.0,78,1012.5,849.6,21.2,10.8,84,18.8,18.8,26020.62,85,46.95652,35.32513,1502.0
2024-05-02,14.1,49201.91,18.2,0.0,76,1006.9,844.6,18.3,11.1,88,14.2,18.2,23548.65,348,46.95652,35.32513,1502.0
2024-05-03,12.4,49313.95,8.3,0.0,81,1005.2,842.4,17.2,6.8,89,13.8,8.3,11975.81,203,46.95652,35.32513,1502.0
2024-05-04,12.5,49424.68,1.4,0.0,70,1010.3,846.7,16.9,7.3,29,21.7,1.4,43200.0,236,46.95652,35.32513,1502.0
2024-05-05,13.5,49534.0,1.3,0.0,62,1012.4,849.0,19.5,8.0,70,19.0,1.3,39267.92,194,46.95652,35.32513,1502.0
2024-05-06,13.0,49641.79,5.1,0.0,73,1011.7,848.1,17.9,7.4,75,24.8,5.1,38471.41,180,46.95652,35.32513,1502.0
2024-05-07,11.8,49747.93,2.8,0.0,67,1012.7,848.4,16.3,6.9,46,18.1,2.8,43570.29,201,46.95652,35.32513,1502.0
2024-05-08,10.8,49852.32,1.0,0.0,65,1016.0,850.6,16.7,5.5,15,15.3,1.0,44564.12,267,46.95652,35.32513,1502.0
2024-05-09,12.6,49954.85,0.0,0.0,60,1017.2,852.6,18.8,6.4,35,7.1,0.0,45002.47,330,46.95652,35.32513,1502.0
2024-05-10,15.5,50055.38,0.0,0.0,48,1017.5,854.3,22.0,9.1,13,14.5,0.0,45157.27,278,46.95652,35.32513,1502.0
2024-05-11,17.8,50153.8,0.1,0.0,44,1016.3,854.4,24.6,9.9,47,13.8,0.1,41871.92,170,46.95652,35.32513,1502.0
2024-05-12,19.1,50250.13,0.1,0.0,50,1010.6,850.3,25.4,12.5,65,22.4,0.1,45175.29,210,46.95652,35.32513,1502.0
2024-05-13,14.0,50345.14,15.5,0.0,75,1010.3,847.5,19.5,9.6,69,12.1,15.5,28850.39,187,46.95652,35.32513,1502.0
2024-05-14,14.1,50438.91,1.6,0.0,57,1012.1,849.0,19.4,8.9,6,16.7,1.6,45685.53,241,46.95652,35.32513,1502.0
2024-05-15,14.7,50531.34,0.0,0.0,52,1015.0,851.7,22.3,8.5,5,12.0,0.0,45979.79,209,46.95652,35.32513,1502.0
2024-05-16,14.7,50622.33,0.1,0.0,55,1017.3,853.7,20.4,9.4,31,14.9,0.1,40877.09,220,46.95652,35.32513,1502.0
2024-05-17,14.9,50711.8,3.3,0.0,51,1015.0,851.9,21.1,7.6,10,23.5,3.3,44715.24,238,46.95652,35.32513,1502.0
2024-05-18,15.3,50799.66,0.0,0.0,43,1014.3,851.4,20.8,7.7,2,18.8,0.0,46188.69,257,46.95652,35.32513,1502.0
2024-05-19,16.4,50885.8,0.3,0.0,54,1013.0,850.9,23.1,9.7,15,16.9,0.3,46220.28,255,46.95652,35.32513,1502.0
2024-05-20,17.2,50970.15,0.6,0.0,59,1012.8,851.1,24.4,12.5,73,22.5,0.6,34218.1,186,46.95652,35.32513,1502.0
2024-05-21,17.9,51052.6,0.2,0.0,58,1012.6,851.3,25.1,10.8,52,18.1,0.2,45871.58,271,46.95652,35.32513,1502.0
2024-05-22,15.4,51133.05,1.6,0.0,71,1012.9,850.4,22.9,9.4,52,13.7,1.6,36549.77,283,46.95652,35.32513,1502.0
2024-05-23,16.8,51211.41,0.0,0.0,62,1011.5,849.9,23.8,8.9,39,7.4,0.0,44644.64,343,46.95652,35.32513,1502.0
2024-05-24,19.2,51287.57,0.2,0.0,45,1011.2,850.8,25.2,12.6,22,13.4,0.2,46476.07,226,46.95652,35.32513,1502.0
2024-05-25,18.9,51361.45,0.4,0.0,49,1012.0,851.3,24.7,12.9,37,18.0,0.4,43060.84,196,46.95652,35.32513,1502.0
2024-05-26,18.4,51432.92,0.0,0.0,48,1011.8,850.9,26.7,9.8,0,18.7,0.0,47023.22,253,46.95652,35.32513,1502.0
2024-05-27,18.7,51501.91,0.0,0.0,46,1013.9,852.9,27.4,11.3,0,9.7,0.0,47050.0,304,46.95652,35.32513,1502.0
2024-05-28,20.9,51568.29,0.0,0.0,36,1015.2,855.0,27.8,11.8,0,17.6,0.0,47074.9,304,46.95652,35.32513,1502.0
2024-05-29,21.7,51631.97,0.0,0.0,38,1013.7,854.1,29.5,14.8,6,15.3,0.0,47098.0,309,46.95652,35.32513,1502.0
2024-05-30,22.7,51692.85,0.0,0.0,38,1013.2,854.2,30.8,13.0,4,9.4,0.0,47250.57,325,46.95652,35.32513,1502.0
2024-05-31,24.0,51750.82,0.0,0.0,35,1013.9,855.4,33.3,14.9,3,18.1,0.0,47404.0,223,46.95652,35.32513,1502.0
2024-06-01,21.5,51805.87,0.0,0.0,30,1013.8,854.1,29.4,12.9,0,16.8,0.0,47558.09,264,46.95652,35.32513,1502.0
2024-06-02,21.3,51858.47,0.0,0.0,34,1013.2,853.6,29.0,12.1,0,8.9,0.0,47577.48,351,46.95652,35.32513,1502.0
2024-06-03,21.6,51908.66,0.0,0.0,39,1013.7,854.1,29.3,13.1,0,15.0,0.0,47731.15,40,46.95652,35.32513,1502.0
2024-06-04,22.3,51956.41,0.0,0.0,35,1012.3,853.2,29.9,12.2,0,16.0,0.0,47885.11,33,46.95652,35.32513,1502.0
2024-06-05,23.0,52001.66,0.0,0.0,36,1010.7,852.2,30.4,13.7,3,15.8,0.0,47623.08,36,46.95652,35.32513,1502.0
2024-06-06,22.6,52044.36,0.0,0.0,38,1011.2,852.5,30.7,14.5,11,19.1,0.0,47074.87,52,46.95652,35.32513,1502.0
2024-06-07,22.9,52084.48,0.0,0.0,40,1010.9,852.4,31.0,14.1,13,16.8,0.0,47361.71,39,46.95652,35.32513,1502.0
2024-06-08,24.8,52121.97,0.0,0.0,33,1008.1,850.9,31.9,15.1,16,12.7,0.0,47792.91,139,46.95652,35.32513,1502.0
2024-06-09,25.8,52156.78,0.0,0.0,26,1007.9,851.2,33.6,15.6,30,21.5,0.0,47656.55,216,46.95652,35.32513,1502.0
2024-06-10,22.3,52188.88,1.0,0.0,43,1011.8,852.8,27.9,15.3,48,18.5,1.0,42978.38,44,46.95652,35.32513,1502.0
2024-06-11,23.2,52218.23,0.0,0.0,42,1009.6,851.3,31.9,13.4,17,19.9,0.0,48241.58,251,46.95652,35.32513,1502.0
2024-06-12,23.7,52244.77,0.0,0.0,37,1010.0,852.0,31.5,16.2,0,10.6,0.0,48536.65,267,46.95652,35.32513,1502.0
2024-06-13,24.8,52268.48,0.0,0.0,33,1009.2,851.9,32.4,15.7,18,13.8,0.0,47662.0,351,46.95652,35.32513,1502.0
2024-06-14,23.6,52289.31,0.0,0.0,39,1007.8,850.1,31.4,16.1,12,20.4,0.0,47953.66,31,46.95652,35.32513,1502.0
2024-06-15,24.8,52307.23,0.0,0.0,35,1005.8,849.0,32.8,15.5,16,10.0,0.0,48542.22,2,46.95652,35.32513,1502.0
2024-06-16,26.2,52322.19,0.0,0.0,28,1008.6,852.0,33.9,17.5,12,14.2,0.0,48837.43,287,46.95652,35.32513,1502.0
2024-06-17,25.8,52334.17,0.0,0.0,26,1012.3,854.9,33.8,17.2,1,18.4,0.0,48984.25,314,46.95652,35.32513,1502.0
2024-06-18,26.6,52343.13,0.0,0.0,23,1012.6,855.6,33.6,18.0,34,13.4,0.0,47186.44,330,46.95652,35.32513,1502.0
2024-06-19,26.7,52349.03,0.0,0.0,28,1011.9,855.0,34.2,16.6,14,14.7,0.0,47625.75,8,46.95652,35.32513,1502.0
2024-06-20,26.4,52351.84,0.0,0.0,31,1010.3,853.5,33.1,18.0,2,13.3,0.0,48367.21,28,46.95652,35.32513,1502.0
2024-06-21,26.2,52351.53,0.0,0.0,29,1007.8,851.3,33.1,17.1,13,17.5,0.0,47754.46,342,46.95652,35.32513,1502.0
2024-06-22,27.6,52348.07,0.0,0.0,21,1004.8,849.4,35.4,19.7,20,24.5,0.0,48496.73,291,46.95652,35.32513,1502.0
2024-06-23,28.1,52341.49,0.0,0.0,20,1005.6,850.3,35.0,20.3,23,22.1,0.0,48332.09,253,46.95652,35.32513,1502.0
2024-06-24,26.6,52331.83,0.0,0.0,23,1005.0,849.1,34.2,18.5,8,25.2,0.0,49013.03,226,46.95652,35.32513,1502.0
2024-06-25,24.9,52319.12,0.0,0.0,38,1004.5,848.0,31.7,16.4,27,19.9,0.0,40652.07,2,46.95652,35.32513,1502.0
2024-06-26,25.7,52303.42,0.0,0.0,33,1002.4,846.5,32.6,17.3,3,17.9,0.0,48583.56,330,46.95652,35.32513,1502.0
2024-06-27,26.7,52284.76,0.0,0.0,29,1003.2,847.7,34.1,18.3,4,13.4,0.0,48971.17,45,46.95652,35.32513,1502.0
2024-06-28,27.0,52263.18,0.0,0.0,28,1001.7,846.5,36.3,17.6,6,13.8,0.0,48844.38,289,46.95652,35.32513,1502.0
2024-06-29,27.0,52238.74,0.0,0.0,23,1001.2,846.2,35.5,17.9,0,16.4,0.0,48929.75,231,46.95652,35.32513,1502.0
2024-06-30,26.3,52211.47,0.0,0.0,26,1004.2,848.3,35.2,16.8,3,13.9,0.0,48905.09,344,46.95652,35.32513,1502.0
2024-07-01,26.5,52181.43,0.0,0.0,27,1002.9,847.3,34.6,17.7,15,10.8,0.0,48615.89,309,46.95652,35.32513,1502.0
2024-07-02,26.1,52148.65,0.0,0.0,22,1000.5,845.1,33.2,18.5,0,17.2,0.0,48739.02,254,46.95652,35.32513,1502.0
2024-07-03,25.2,52113.2,0.0,0.0,23,1002.6,846.5,32.5,16.9,0,13.0,0.0,48708.96,240,46.95652,35.32513,1502.0
2024-07-04,26.9,52075.12,0.0,0.0,20,1005.0,849.3,35.0,17.0,0,9.5,0.0,48781.15,343,46.95652,35.32513,1502.0
2024-07-05,29.3,52034.45,0.0,0.0,22,1003.3,849.0,37.0,18.3,5,18.2,0.0,47287.31,31,46.95652,35.32513,1502.0
2024-07-06,30.1,51991.25,0.0,0.0,23,1000.2,846.7,38.5,20.0,7,16.6,0.0,48159.6,120,46.95652,35.32513,1502.0
2024-07-07,28.9,51945.58,0.0,0.0,23,1001.0,846.8,37.0,20.6,0,18.0,0.0,48275.94,234,46.95652,35.32513,1502.0
2024-07-08,28.3,51897.47,0.0,0.0,26,1002.9,848.1,35.8,19.7,2,14.6,0.0,48390.42,252,46.95652,35.32513,1502.0
2024-07-09,28.2,51846.98,0.0,0.0,26,1006.2,850.9,36.0,19.2,10,16.3,0.0,47906.63,241,46.95652,35.32513,1502.0
2024-07-10,28.8,51794.17,0.0,0.0,22,1008.4,853.0,36.0,19.8,21,12.5,0.0,44598.54,297,46.95652,35.32513,1502.0
2024-07-11,29.2,51738.99,0.0,0.0,21,1008.3,853.1,35.9,20.2,23,8.4,0.0,44216.86,346,46.95652,35.32513,1502.0
2024-07-12,29.0,51680.92,0.0,0.0,21,1004.8,850.1,37.1,19.5,2,12.3,0.0,47563.39,5,46.95652,35.32513,1502.0
2024-07-13,29.3,51619.98,0.0,0.0,22,1001.0,847.0,38.2,19.3,0,16.5,0.0,47841.72,287,46.95652,35.32513,1502.0
2024-07-14,29.2,51556.27,0.0,0.0,29,1000.3,846.4,38.1,20.3,3,15.8,0.0,47526.25,318,46.95652,35.32513,1502.0
2024-07-15,28.7,51489.89,0.0,0.0,30,1002.5,848.0,36.6,20.4,0,13.1,0.0,47358.36,267,46.95652,35.32513,1502.0
2024-07-16,28.9,51420.95,0.0,0.0,26,1004.2,849.6,37.2,20.1,0,12.3,0.0,47198.73,318,46.95652,35.32513,1502.0
2024-07-17,29.5,51349.55,0.0,0.0,22,1005.1,850.6,37.7,20.3,0,14.7,0.0,46897.38,12,46.95652,35.32513,1502.0
2024-07-18,29.4,51275.8,0.0,0.0,23,1003.0,848.8,38.2,20.3,4,15.0,0.0,47017.76,334,46.95652,35.32513,1502.0
2024-07-19,29.0,51199.81,0.0,0.0,31,1000.4,846.4,37.6,21.2,2,12.7,0.0,46713.62,15,46.95652,35.32513,1502.0
2024-07-20,28.7,51121.66,0.0,0.0,30,1001.1,846.8,35.9,20.8,14,13.0,0.0,46552.91,290,46.95652,35.32513,1502.0
2024-07-21,28.1,51041.48,0.0,0.0,23,1003.2,848.4,35.7,21.1,0,12.8,0.0,46400.09,324,46.95652,35.32513,1502.0
2024-07-22,28.6,50959.35,0.0,0.0,29,1003.1,848.5,35.8,20.0,6,14.6,0.0,45969.22,34,46.95652,35.32513,1502.0
2024-07-23,29.6,50875.37,0.0,0.0,26,1002.1,848.0,36.7,20.8,15,14.4,0.0,44591.59,48,46.95652,35.32513,1502.0
2024-07-24,30.2,50789.65,0.0,0.0,23,998.4,845.2,38.1,20.8,15,16.4,0.0,43499.99,281,46.95652,35.32513,1502.0
2024-07-25,29.8,50702.27,0.0,0.0,20,997.5,844.3,37.8,21.5,7,21.7,0.0,45794.86,227,46.95652,35.32513,1502.0
2024-07-26,29.2,50613.33,0.0,0.0,23,1000.2,846.3,37.7,20.2,0,17.7,0.0,45514.69,251,46.95652,35.32513,1502.0
2024-07-27,28.4,50522.94,0.0,0.0,22,1003.2,848.5,36.4,20.5,0,14.5,0.0,45504.82,290,46.95652,35.32513,1502.0
2024-07-28,28.8,50431.18,0.0,0.0,25,1003.3,848.7,37.8,19.3,0,15.0,0.0,45494.13,351,46.95652,35.32513,1502.0
2024-07-29,25.5,50338.14,0.0,0.0,44,1004.5,848.2,33.7,18.9,0,22.6,0.0,44965.93,40,46.95652,35.32513,1502.0
2024-07-30,27.3,50243.91,0.0,0.0,34,1002.5,847.3,36.6,17.3,0,13.6,0.0,44960.29,87,46.95652,35.32513,1502.0
2024-07-31,28.5,50148.43,0.0,0.0,23,1003.9,849.1,36.8,19.9,0,17.0,0.0,44953.85,277,46.95652,35.32513,1502.0
2024-08-01,28.2,50050.93,0.0,0.0,16,1004.2,849.2,37.6,17.5,4,12.7,0.0,44826.69,322,46.95652,35.32513,1502.0
2024-08-02,27.5,49951.38,0.0,0.0,20,1001.8,846.9,37.1,19.1,0,12.8,0.0,44568.17,304,46.95652,35.32513,1502.0
2024-08-03,28.0,49849.88,0.0,0.0,29,1001.1,846.5,36.6,19.2,13,16.0,0.0,44094.02,329,46.95652,35.32513,1502.0
2024-08-04,28.7,49746.58,0.0,0.0,24,1002.4,847.9,37.0,19.8,3,12.7,0.0,44210.99,358,46.95652,35.32513,1502.0
2024-08-05,30.1,49641.57,0.0,0.0,25,1001.6,847.9,39.6,19.9,0,19.4,0.0,44101.54,292,46.95652,35.32513,1502.0
2024-08-06,30.4,49534.97,0.0,0.0,20,1002.0,848.4,39.0,22.4,0,18.7,0.0,43984.97,207,46.95652,35.32513,1502.0
2024-08-07,30.0,49426.89,0.0,0.0,21,1003.0,849.0,39.9,21.7,0,16.4,0.0,43766.3,248,46.95652,35.32513,1502.0
2024-08-08,29.9,49317.44,0.0,0.0,17,1004.1,849.9,39.1,22.3,0,16.3,0.0,43773.67,300,46.95652,35.32513,1502.0
2024-08-09,30.3,49206.72,0.0,0.0,28,1005.4,851.2,39.2,21.3,2,12.9,0.0,43567.78,9,46.95652,35.32513,1502.0
2024-08-10,30.6,49094.84,0.0,0.0,26,1005.0,851.0,40.2,21.9,0,14.8,0.0,43466.86,247,46.95652,35.32513,1502.0
2024-08-11,29.9,48981.91,0.0,0.0,20,1003.6,849.5,39.4,21.9,0,16.0,0.0,43420.99,244,46.95652,35.32513,1502.0
2024-08-12,29.3,48868.02,0.0,0.0,22,1003.4,849.0,38.1,21.8,0,16.3,0.0,43424.47,249,46.95652,35.32513,1502.0
2024-08-13,28.2,48753.27,0.0,0.0,22,1006.1,850.8,36.5,20.9,0,15.3,0.0,43322.12,284,46.95652,35.32513,1502.0
2024-08-14,28.1,48637.75,0.0,0.0,29,1007.4,851.9,35.5,19.7,3,12.0,0.0,43327.02,20,46.95652,35.32513,1502.0
2024-08-15,28.8,48521.58,0.0,0.0,24,1006.9,851.8,36.3,20.1,1,10.5,0.0,43331.6,5,46.95652,35.32513,1502.0
2024-08-16,28.6,48404.83,0.0,0.0,24,1004.0,849.2,38.4,19.8,9,18.4,0.0,43236.76,310,46.95652,35.32513,1502.0
2024-08-17,27.1,48287.6,0.0,0.0,35,1006.4,850.5,34.0,20.7,8,12.8,0.0,43242.86,36,46.95652,35.32513,1502.0
2024-08-18,28.1,48169.98,0.0,0.0,29,1007.6,852.1,37.0,20.3,5,19.4,0.0,43200.0,284,46.95652,35.32513,1502.0
2024-08-19,27.9,48052.06,0.0,0.0,22,1008.2,852.4,35.6,20.6,0,13.8,0.0,43200.0,329,46.95652,35.32513,1502.0
2024-08-20,28.5,47933.76,0.0,0.0,26,1007.1,851.8,35.4,20.0,1,13.3,0.0,43200.0,23,46.95652,35.32513,1502.0
2024-08-21,28.4,47814.24,0.0,0.0,25,1007.1,851.8,35.4,20.1,16,13.1,0.0,40099.41,37,46.95652,35.32513,1502.0
2024-08-22,28.5,47693.45,0.0,0.0,24,1008.2,852.7,36.1,20.0,21,14.2,0.0,41056.02,301,46.95652,35.32513,1502.0
2024-08-23,28.6,47571.47,0.0,0.0,18,1009.2,853.7,36.7,21.3,0,16.3,0.0,43200.0,286,46.95652,35.32513,1502.0
2024-08-24,29.0,47448.41,0.0,0.0,15,1008.8,853.5,37.3,20.4,0,18.0,0.0,43200.0,210,46.95652,35.32513,1502.0
2024-08-25,29.0,47324.36,0.0,0.0,19,1008.9,853.6,35.9,22.9,31,16.3,0.0,42473.09,241,46.95652,35.32513,1502.0
2024-08-26,28.3,47199.43,0.0,0.0,21,1009.4,853.7,35.3,20.0,1,20.1,0.0,43200.0,247,46.95652,35.32513,1502.0
2024-08-27,27.6,47073.7,0.0,0.0,20,1009.0,853.0,36.7,19.4,0,13.1,0.0,43200.0,313,46.95652,35.32513,1502.0
2024-08-28,27.6,46947.27,0.0,0.0,22,1008.1,852.2,37.0,18.8,19,14.4,0.0,43163.14,318,46.95652,35.32513,1502.0
2024-08-29,27.2,46820.22,0.0,0.0,32,1007.3,851.3,35.7,19.2,4,16.4,0.0,43082.95,33,46.95652,35.32513,1502.0
2024-08-30,26.3,46692.65,0.0,0.0,29,1006.9,850.6,34.9,18.6,1,14.0,0.0,43002.11,36,46.95652,35.32513,1502.0
2024-08-31,26.4,46564.65,0.0,0.0,21,1006.9,850.6,35.5,17.1,0,9.5,0.0,42920.69,5,46.95652,35.32513,1502.0
2024-09-01,26.9,46436.29,0.0,0.0,21,1009.3,852.9,36.0,17.4,0,10.0,0.0,42838.79,278,46.95652,35.32513,1502.0
2024-09-02,27.7,46307.66,0.0,0.0,22,1011.1,854.8,37.0,17.9,0,9.4,0.0,42756.5,326,46.95652,35.32513,1502.0
2024-09-03,28.1,46178.86,0.0,0.0,18,1009.3,853.4,37.3,18.1,0,8.9,0.0,42673.9,326,46.95652,35.32513,1502.0
2024-09-04,27.4,46049.95,0.0,0.0,18,1008.1,852.1,37.4,18.6,0,16.5,0.0,42591.08,251,46.95652,35.32513,1502.0
2024-09-05,26.0,45921.02,0.0,0.0,20,1007.1,850.6,35.4,17.4,0,14.0,0.0,42508.12,266,46.95652,35.32513,1502.0
2024-09-06,24.5,45792.15,0.0,0.0,21,1008.8,851.4,33.4,16.1,0,11.5,0.0,42425.11,297,46.95652,35.32513,1502.0
2024-09-07,23.5,45663.42,0.0,0.0,28,1011.5,853.1,32.1,14.7,0,11.1,0.0,42342.14,34,46.95652,35.32513,1502.0
2024-09-08,24.7,45534.92,0.0,0.0,28,1012.0,854.2,34.2,15.6,7,17.5,0.0,42259.29,0,46.95652,35.32513,1502.0
2024-09-09,25.2,45406.55,0.0,0.0,20,1012.6,854.9,33.7,15.9,0,11.5,0.0,42176.39,20,46.95652,35.32513,1502.0
2024-09-10,26.8,45277.47,0.0,0.0,21,1010.9,854.2,35.6,16.4,16,17.2,0.0,40772.61,74,46.95652,35.32513,1502.0
2024-09-11,26.9,45147.59,0.0,0.0,20,1010.0,853.5,35.4,20.1,7,15.5,0.0,42007.79,259,46.95652,35.32513,1502.0
2024-09-12,26.0,45017.0,0.0,0.0,21,1009.5,852.7,33.9,18.3,0,12.4,0.0,41922.19,325,46.95652,35.32513,1502.0
2024-09-13,24.9,44885.79,0.0,0.0,24,1006.4,849.5,33.2,18.0,6,17.0,0.0,41835.87,299,46.95652,35.32513,1502.0
2024-09-14,22.8,44754.04,0.1,0.0,35,1006.5,848.7,30.9,16.1,9,15.5,0.1,39842.91,15,46.95652,35.32513,1502.0
2024-09-15,23.0,44621.83,0.0,0.0,33,1006.5,848.7,31.3,15.2,30,12.2,0.0,39600.0,24,46.95652,35.32513,1502.0
2024-09-16,23.1,44489.26,0.0,0.0,35,1008.5,850.4,31.4,15.5,0,14.2,0.0,41104.3,234,46.95652,35.32513,1502.0
2024-09-17,23.0,44356.39,0.0,0.0,35,1011.5,852.9,29.9,15.9,0,16.6,0.0,40795.55,254,46.95652,35.32513,1502.0
2024-09-18,21.7,44223.31,0.0,0.0,40,1011.1,852.0,28.7,15.3,25,13.2,0.0,40139.57,353,46.95652,35.32513,1502.0
2024-09-19,20.8,44090.11,0.0,0.0,42,1010.8,851.2,28.6,14.8,42,13.0,0.0,38239.62,279,46.95652,35.32513,1502.0
2024-09-20,19.8,43956.85,0.0,0.0,41,1012.4,852.1,27.3,14.4,27,16.2,0.0,39398.97,262,46.95652,35.32513,1502.0
2024-09-21,20.5,43823.62,0.0,0.0,39,1013.5,853.4,27.7,14.0,15,15.3,0.0,39672.46,259,46.95652,35.32513,1502.0
2024-09-22,22.1,43690.52,0.0,0.0,35,1013.3,854.0,29.7,15.6,16,16.8,0.0,39736.69,226,46.95652,35.32513,1502.0
2024-09-23,23.1,43557.6,0.0,0.0,36,1013.2,854.4,31.3,17.3,1,29.3,0.0,39589.95,211,46.95652,35.32513,1502.0
2024-09-24,21.8,43424.95,0.0,0.0,38,1014.1,854.5,29.1,14.2,0,19.2,0.0,39449.39,257,46.95652,35.32513,1502.0
2024-09-25,21.3,43292.65,0.0,0.0,30,1012.3,852.8,30.8,14.3,0,13.0,0.0,39406.97,336,46.95652,35.32513,1502.0
2024-09-26,20.5,43160.79,0.0,0.0,42,1012.3,852.3,28.4,12.1,0,12.0,0.0,39275.31,26,46.95652,35.32513,1502.0
2024-09-27,20.5,43029.43,0.0,0.0,47,1012.1,852.2,28.2,12.9,1,16.1,0.0,39079.77,36,46.95652,35.32513,1502.0
2024-09-28,16.3,42898.67,0.2,0.0,54,1015.8,853.2,22.1,10.0,29,23.9,0.2,38570.86,53,46.95652,35.32513,1502.0
2024-09-29,15.3,42768.41,0.0,0.0,48,1015.9,852.8,22.1,9.1,2,20.4,0.0,38985.63,62,46.95652,35.32513,1502.0
2024-09-30,17.7,42637.75,1.9,0.0,42,1012.5,851.1,25.2,9.2,7,17.1,1.9,38938.05,228,46.95652,35.32513,1502.0
2024-10-01,21.1,42506.6,0.0,0.0,36,1009.7,850.5,28.5,14.6,25,19.0,0.0,38890.15,184,46.95652,35.32513,1502.0
2024-10-02,20.0,42375.05,0.2,0.0,51,1011.0,851.0,26.5,14.0,6,23.3,0.2,38841.91,209,46.95652,35.32513,1502.0
2024-10-03,17.3,42243.2,0.0,0.0,45,1015.1,853.2,24.4,10.6,0,15.3,0.0,38793.36,283,46.95652,35.32513,1502.0
2024-10-04,17.2,42111.13,0.0,0.0,39,1014.3,852.4,25.6,9.9,0,8.3,0.0,38744.45,331,46.95652,35.32513,1502.0
2024-10-05,16.8,41978.93,0.0,0.0,42,1014.8,852.7,24.5,8.9,1,13.4,0.0,38695.18,27,46.95652,35.32513,1502.0
2024-10-06,16.1,41846.69,0.0,0.0,40,1017.7,854.7,24.8,8.1,0,11.0,0.0,38645.55,30,46.95652,35.32513,1502.0
2024-10-07,18.6,41714.5,0.0,0.0,30,1018.6,856.7,27.4,9.3,5,11.3,0.0,38595.55,7,46.95652,35.32513,1502.0
2024-10-08,20.1,41582.46,0.0,0.0,22,1018.4,857.4,28.4,13.8,0,12.2,0.0,38545.16,182,46.95652,35.32513,1502.0
2024-10-09,20.0,41450.65,0.0,0.0,23,1016.9,856.0,27.4,13.9,0,12.1,0.0,38479.71,320,46.95652,35.32513,1502.0
2024-10-10,19.3,41319.18,0.0,0.0,23,1015.0,854.1,28.0,13.7,0,13.0,0.0,38344.31,270,46.95652,35.32513,1502.0
2024-10-11,18.6,41188.12,0.0,0.0,24,1014.9,853.6,26.8,12.9,22,8.9,0.0,38209.16,269,46.95652,35.32513,1502.0
2024-10-12,19.1,41057.59,0.0,0.0,28,1015.7,854.6,26.3,13.6,29,18.2,0.0,37222.15,314,46.95652,35.32513,1502.0
2024-10-13,19.5,40927.67,0.0,0.0,31,1015.0,854.2,26.9,13.9,10,19.2,0.0,37939.95,289,46.95652,35.32513,1502.0
2024-10-14,19.3,40798.46,0.0,0.0,30,1014.6,853.7,26.4,13.1,4,16.5,0.0,37806.12,284,46.95652,35.32513,1502.0
2024-10-15,19.0,40670.06,0.0,0.0,32,1016.7,855.3,27.0,12.8,2,16.8,0.0,37672.94,277,46.95652,35.32513,1502.0
2024-10-16,18.8,40542.58,0.0,0.0,34,1017.0,855.5,26.0,13.4,0,14.0,0.0,37417.16,263,46.95652,35.32513,1502.0
2024-10-17,18.9,40416.11,0.3,0.0,33,1014.3,853.3,25.7,12.5,9,15.8,0.3,37194.54,199,46.95652,35.32513,1502.0
2024-10-18,18.5,40290.75,0.0,0.0,37,1010.6,849.9,26.2,11.4,5,29.9,0.0,37105.52,202,46.95652,35.32513,1502.0
2024-10-19,14.1,40166.44,0.0,0.0,56,1015.9,852.2,21.3,8.9,8,21.8,0.0,36888.58,249,46.95652,35.32513,1502.0
2024-10-20,12.8,40042.14,0.0,0.0,38,1016.6,852.1,20.6,5.6,9,15.4,0.0,36800.55,246,46.95652,35.32513,1502.0
2024-10-21,8.9,39917.77,0.0,0.0,32,1016.2,849.8,16.9,1.5,15,21.0,0.0,32739.78,269,46.95652,35.32513,1502.0
2024-10-22,8.0,39793.45,0.1,0.07,37,1016.1,849.2,16.0,1.0,11,15.9,0.2,36499.62,3,46.95652,35.32513,1502.0
2024-10-23,6.5,39669.28,0.3,0.21,55,1020.6,852.1,12.9,1.4,30,18.2,0.6,35658.93,27,46.95652,35.32513,1502.0
2024-10-24,6.5,39545.37,0.0,0.0,55,1020.7,852.2,12.9,0.1,21,12.4,0.0,35023.64,360,46.95652,35.32513,1502.0
2024-10-25,8.5,39421.82,0.0,0.0,44,1022.5,854.8,15.2,0.0,0,6.0,0.0,35885.51,344,46.95652,35.32513,1502.0
2024-10-26,10.0,39298.76,0.0,0.0,30,1019.9,853.4,19.1,5.0,4,13.6,0.0,35688.93,260,46.95652,35.32513,1502.0
2024-10-27,9.3,39176.3,0.0,0.0,34,1022.2,854.9,17.2,2.1,0,10.7,0.0,35496.91,17,46.95652,35.32513,1502.0
2024-10-28,9.4,39054.54,0.0,0.0,43,1019.1,852.4,17.7,1.1,0,8.5,0.0,35416.8,352,46.95652,35.32513,1502.0
2024-10-29,10.1,38933.61,0.0,0.0,37,1017.2,851.2,18.9,1.8,5,9.2,0.0,35232.08,348,46.95652,35.32513,1502.0
2024-10-30,11.5,38813.63,0.0,0.0,31,1017.0,851.8,18.4,2.7,82,8.8,0.0,32710.0,351,46.95652,35.32513,1502.0
2024-10-31,11.6,38694.73,0.4,0.0,38,1018.6,853.2,17.7,5.0,33,23.9,0.4,34808.42,177,46.95652,35.32513,1502.0
2024-11-01,12.1,38577.02,7.2,0.0,62,1022.4,856.7,18.3,8.7,90,9.0,7.2,23297.97,162,46.95652,35.32513,1502.0
2024-11-02,12.3,38460.62,0.0,0.0,74,1022.8,857.0,17.7,7.7,62,10.3,0.0,30039.84,190,46.95652,35.32513,1502.0
2024-11-03,12.1,38345.68,17.1,0.0,84,1017.8,852.7,15.5,8.6,99,14.3,17.1,7889.78,173,46.95652,35.32513,1502.0
2024-11-04,11.1,38232.32,6.1,0.0,79,1016.4,851.1,17.0,6.4,54,17.5,6.1,33460.09,209,46.95652,35.32513,1502.0
2024-11-05,9.0,38120.68,0.1,0.0,77,1019.1,852.2,15.0,4.8,35,18.1,0.1,33449.97,245,46.95652,35.32513,1502.0
2024-11-06,8.6,38010.89,0.0,0.0,64,1023.7,855.9,16.4,4.3,5,9.2,0.0,33681.3,285,46.95652,35.32513,1502.0
2024-11-07,8.8,37903.09,0.0,0.0,52,1024.2,856.4,15.8,1.8,44,8.5,0.0,31325.03,355,46.95652,35.32513,1502.0
2024-11-08,7.7,37797.23,0.0,0.0,67,1022.3,854.2,15.7,0.5,4,8.9,0.0,33511.01,353,46.95652,35.32513,1502.0
2024-11-09,8.9,37692.24,0.0,0.0,56,1022.5,855.0,15.9,1.6,55,8.0,0.0,33295.12,352,46.95652,35.32513,1502.0
2024-11-10,11.1,37588.07,0.0,0.0,66,1023.5,857.0,19.2,2.1,36,11.4,0.0,32797.76,253,46.95652,35.32513,1502.0
2024-11-11,10.0,37484.82,6.1,0.0,88,1022.0,855.2,14.3,6.6,75,12.5,6.1,6999.41,176,46.95652,35.32513,1502.0
2024-11-12,11.0,37382.61,0.3,0.0,77,1019.1,853.3,17.1,6.7,86,11.2,0.3,18062.76,223,46.95652,35.32513,1502.0
2024-11-13,8.5,37281.57,0.0,0.0,72,1021.1,853.7,14.1,2.8,52,12.1,0.0,29160.13,33,46.95652,35.32513,1502.0
2024-11-14,7.7,37181.8,0.0,0.0,68,1019.6,851.9,14.2,2.2,57,5.5,0.0,32719.28,12,46.95652,35.32513,1502.0
2024-11-15,7.2,37083.46,0.0,0.0,72,1019.3,851.4,16.0,1.6,21,8.8,0.0,32756.07,239,46.95652,35.32513,1502.0
2024-11-16,6.8,36986.64,0.0,0.0,66,1018.6,850.7,14.9,0.8,1,13.3,0.0,32843.37,251,46.95652,35.32513,1502.0
2024-11-17,7.7,36891.5,0.2,0.0,71,1018.3,850.9,15.3,2.4,59,13.6,0.2,32574.58,233,46.95652,35.32513,1502.0
2024-11-18,8.9,36798.15,0.2,0.0,67,1016.9,850.4,15.8,3.6,73,16.2,0.2,32661.06,204,46.95652,35.32513,1502.0
2024-11-19,8.4,36706.73,1.2,0.0,80,1018.2,851.1,14.4,4.7,52,11.0,1.2,32576.05,214,46.95652,35.32513,1502.0
2024-11-20,6.7,36617.38,1.2,0.0,80,1020.8,852.4,12.9,1.5,45,8.7,1.2,23682.92,211,46.95652,35.32513,1502.0
2024-11-21,5.8,36530.21,0.0,0.0,72,1021.7,852.6,14.7,-0.0,5,7.9,0.0,32605.84,248,46.95652,35.32513,1502.0
2024-11-22,5.7,36445.39,0.0,0.0,72,1024.0,854.5,14.3,-0.2,3,4.9,0.0,32541.2,319,46.95652,35.32513,1502.0
2024-11-23,6.6,36363.05,0.0,0.0,54,1021.5,852.9,15.0,-0.6,28,5.8,0.0,32477.06,318,46.95652,35.32513,1502.0
2024-11-24,8.0,36283.33,0.0,0.0,53,1015.9,849.0,15.3,2.3,34,10.6,0.0,32413.57,170,46.95652,35.32513,1502.0
2024-11-25,9.8,36206.36,5.7,0.0,82,1014.4,848.7,13.6,7.4,94,21.6,5.7,15188.59,171,46.95652,35.32513,1502.0
2024-11-26,9.9,36132.3,8.1,0.0,82,1014.0,848.5,13.2,7.1,85,23.4,8.1,24685.57,177,46.95652,35.32513,1502.0
2024-11-27,4.6,36061.29,0.0,0.0,66,1017.6,848.6,10.3,-2.1,21,22.0,0.0,32159.7,215,46.95652,35.32513,1502.0
2024-11-28,1.2,35993.32,0.0,0.0,63,1022.1,850.5,9.6,-3.5,0,10.9,0.0,32101.73,251,46.95652,35.32513,1502.0
2024-11-29,2.0,35927.61,0.0,0.0,52,1022.9,851.5,9.4,-3.4,0,6.5,0.0,32044.18,140,46.95652,35.32513,1502.0
2024-11-30,1.5,35864.07,0.0,0.0,60,1024.2,852.4,9.2,-3.0,0,9.3,0.0,31986.78,17,46.95652,35.32513,1502.0
2024-12-01,1.2,35802.8,0.0,0.0,68,1023.5,851.6,8.8,-3.0,0,8.8,0.0,31929.71,17,46.95652,35.32513,1502.0
2024-12-02,1.3,35743.86,0.0,0.0,67,1021.8,850.3,9.0,-3.1,1,5.7,0.0,31873.11,10,46.95652,35.32513,1502.0
2024-12-03,2.0,35687.35,0.0,0.0,61,1022.1,850.9,9.4,-3.3,4,7.6,0.0,31817.11,76,46.95652,35.32513,1502.0
2024-12-04,2.3,35633.33,0.0,0.0,56,1023.3,852.1,10.5,-1.9,0,8.4,0.0,31761.86,166,46.95652,35.32513,1502.0
2024-12-05,3.2,35581.9,0.0,0.0,52,1024.5,853.6,10.2,-0.7,16,7.3,0.0,31707.5,134,46.95652,35.32513,1502.0
2024-12-06,3.2,35533.14,0.0,0.0,49,1026.2,855.0,11.6,-1.6,18,5.6,0.0,31488.5,298,46.95652,35.32513,1502.0
2024-12-07,3.8,35487.12,0.0,0.0,47,1027.1,856.1,12.6,-1.7,76,6.6,0.0,31435.99,335,46.95652,35.32513,1502.0
2024-12-08,5.6,35443.94,0.0,0.0,47,1024.0,854.5,12.9,-0.3,99,6.0,0.0,27081.55,333,46.95652,35.32513,1502.0
2024-12-09,5.0,35403.66,0.7,0.42,77,1023.2,853.5,12.3,-0.3,50,6.8,1.3,23379.98,328,46.95652,35.32513,1502.0
2024-12-10,2.2,35366.36,0.0,0.0,79,1028.9,856.7,9.4,-2.2,28,7.8,0.0,27813.47,17,46.95652,35.32513,1502.0
2024-12-11,2.7,35332.14,0.0,0.0,63,1025.6,854.2,10.0,-2.9,39,4.5,0.0,31237.85,323,46.95652,35.32513,1502.0
2024-12-12,4.4,35301.05,0.0,0.0,60,1018.4,849.2,12.3,0.6,63,11.6,0.0,31229.64,188,46.95652,35.32513,1502.0
2024-12-13,4.0,35273.2,1.0,5.67,75,1014.2,845.5,9.9,-1.2,51,22.3,9.1,30118.39,221,46.95652,35.32513,1502.0
2024-12-14,-2.5,35248.64,0.0,0.42,72,1023.1,849.2,2.2,-10.4,35,13.0,0.6,28364.12,333,46.95652,35.32513,1502.0
2024-12-15,-6.2,35227.46,0.0,0.0,55,1035.4,857.3,-0.2,-10.9,3,4.6,0.0,31378.18,338,46.95652,35.32513,1502.0
2024-12-16,-1.9,35209.73,0.0,0.0,50,1027.7,853.4,5.9,-7.1,88,4.6,0.0,27731.08,265,46.95652,35.32513,1502.0
2024-12-17,0.0,35195.53,0.0,0.0,40,1024.0,851.4,8.3,-4.3,18,11.2,0.0,31311.96,277,46.95652,35.32513,1502.0
2024-12-18,0.5,35184.89,0.0,0.0,48,1022.0,850.0,9.5,-4.5,0,8.1,0.0,31282.54,275,46.95652,35.32513,1502.0
2024-12-19,1.2,35177.66,0.0,0.0,54,1021.4,849.9,10.4,-3.4,2,5.2,0.0,31330.48,273,46.95652,35.32513,1502.0
2024-12-20,3.8,35173.77,0.1,3.15,50,1018.3,848.8,10.2,-0.7,83,8.0,4.6,22155.31,153,46.95652,35.32513,1502.0
2024-12-21,-0.1,35173.21,0.1,1.82,90,1021.0,848.8,3.7,-4.9,48,4.0,2.7,25260.01,331,46.95652,35.32513,1502.0
2024-12-22,0.5,35175.94,0.0,0.0,79,1022.9,850.7,7.7,-3.6,35,5.9,0.0,30293.39,172,46.95652,35.32513,1502.0
2024-12-23,2.7,35181.95,0.0,0.0,68,1021.5,850.8,9.9,-1.7,85,6.8,0.0,30991.68,155,46.95652,35.32513,1502.0
2024-12-24,2.4,35191.19,0.0,0.0,66,1022.5,851.5,9.7,-0.9,16,8.9,0.0,31310.38,169,46.95652,35.32513,1502.0
2024-12-25,2.2,35203.63,0.0,0.0,63,1025.6,854.0,9.7,-2.3,0,3.6,0.0,31384.4,315,46.95652,35.32513,1502.0
2024-12-26,2.7,35219.24,0.0,0.0,56,1026.2,854.7,10.5,-2.8,17,7.2,0.0,31374.06,195,46.95652,35.32513,1502.0
2024-12-27,4.6,35237.98,3.4,1.33,72,1021.7,852.1,9.2,0.7,100,12.4,5.3,2767.88,159,46.95652,35.32513,1502.0
2024-12-28,2.1,35259.83,5.7,9.17,94,1020.8,849.9,4.9,-1.1,66,13.7,18.8,15044.41,174,46.95652,35.32513,1502.0
2024-12-29,1.2,35284.74,0.0,0.0,84,1025.0,852.9,5.9,-2.0,56,10.9,0.0,27238.32,212,46.95652,35.32513,1502.0
2024-12-30,1.6,35312.67,0.0,0.0,75,1022.2,850.9,7.5,-2.5,35,9.9,0.0,29585.2,203,46.95652,35.32513,1502.0
2024-12-31,1.2,35343.58,0.0,0.42,74,1023.8,851.9,6.5,-2.5,66,6.3,0.6,27051.08,4,46.95652,35.32513,1502.0
2025-01-01,0.7,35377.44,0.0,0.0,69,1027.7,854.8,5.1,-3.3,48,14.2,0.0,28633.17,34,46.95652,35.32513,1502.0
2025-01-02,-0.3,35414.19,0.0,0.0,60,1031.5,857.4,6.4,-3.6,0,10.7,0.0,31888.03,24,46.95652,35.32513,1502.0
2025-01-03,-0.1,35453.8,0.0,0.0,57,1027.8,854.5,7.8,-4.4,0,5.1,0.0,32013.91,269,46.95652,35.32513,1502.0
2025-01-04,0.1,35496.23,0.0,0.0,53,1024.9,852.2,8.8,-3.7,6,6.4,0.0,32118.62,240,46.95652,35.32513,1502.0
2025-01-05,2.5,35541.43,0.0,0.28,59,1022.7,851.7,10.1,-3.3,42,7.5,0.4,32052.69,189,46.95652,35.32513,1502.0
2025-01-06,3.5,35589.37,0.0,0.7,57,1022.5,852.1,9.3,-1.6,57,8.7,1.0,25200.0,171,46.95652,35.32513,1502.0
2025-01-07,3.2,35640.09,0.2,0.0,68,1026.7,855.4,10.2,-2.0,79,10.8,0.2,26995.47,9,46.95652,35.32513,1502.0
2025-01-08,2.8,35694.16,0.0,0.0,75,1027.7,856.1,9.2,-2.0,48,10.5,0.0,22371.73,31,46.95652,35.32513,1502.0
2025-01-09,1.9,35751.6,0.0,0.0,74,1026.0,854.1,10.1,-2.6,0,8.2,0.0,32397.77,12,46.95652,35.32513,1502.0
2025-01-10,2.4,35812.25,0.0,0.0,68,1025.1,853.6,10.3,-2.7,0,5.4,0.0,32464.14,342,46.95652,35.32513,1502.0
2025-01-11,3.3,35876.0,1.7,3.78,68,1021.8,851.4,11.2,-2.2,56,16.8,7.1,24820.57,183,46.95652,35.32513,1502.0
2025-01-12,1.4,35942.71,1.5,1.05,91,1023.5,851.7,4.6,-2.2,79,4.4,3.0,7402.33,218,46.95652,35.32513,1502.0
2025-01-13,0.9,36012.26,0.0,0.0,77,1027.5,854.8,7.7,-3.2,34,4.3,0.0,30235.42,346,46.95652,35.32513,1502.0
2025-01-14,2.3,36084.52,0.0,0.0,54,1026.1,854.4,10.1,-3.5,33,4.8,0.0,32761.71,296,46.95652,35.32513,1502.0
2025-01-15,2.6,36159.36,0.0,0.0,52,1023.8,852.6,12.1,-3.0,9,9.9,0.0,32843.38,218,46.95652,35.32513,1502.0
2025-01-16,0.9,36236.66,0.0,0.0,71,1023.5,851.5,8.8,-3.2,17,10.8,0.0,31332.27,269,46.95652,35.32513,1502.0
2025-01-17,0.9,36316.3,0.0,0.0,66,1022.0,850.2,7.5,-3.6,17,8.7,0.0,32245.08,9,46.95652,35.32513,1502.0
2025-01-18,0.6,36398.15,0.0,0.0,61,1018.1,846.8,8.3,-3.7,29,8.4,0.0,33103.52,263,46.95652,35.32513,1502.0
2025-01-19,0.9,36482.09,0.0,0.0,66,1016.2,845.4,6.4,-3.3,51,12.7,0.0,31932.08,251,46.95652,35.32513,1502.0
2025-01-20,-0.4,36568.01,0.0,2.31,77,1020.1,847.9,4.2,-5.1,80,13.4,3.3,7950.83,210,46.95652,35.32513,1502.0
2025-01-21,-2.5,36655.77,0.0,0.0,67,1027.6,853.0,3.5,-6.2,7,3.0,0.0,33383.42,342,46.95652,35.32513,1502.0
2025-01-22,-1.3,36745.27,0.0,0.0,54,1029.0,854.8,6.5,-7.5,41,4.6,0.0,33480.47,342,46.95652,35.32513,1502.0
2025-01-23,1.8,36836.4,0.0,0.0,47,1025.6,853.7,9.0,-4.2,84,11.3,0.0,26430.78,191,46.95652,35.32513,1502.0
2025-01-24,3.0,36929.03,0.0,0.28,59,1022.8,852.1,6.6,-0.2,99,9.4,0.4,8421.49,177,46.95652,35.32513,1502.0
2025-01-25,1.7,37023.06,0.5,0.7,80,1023.7,852.1,6.4,-0.9,70,4.8,1.5,29843.53,183,46.95652,35.32513,1502.0
2025-01-26,1.9,37118.37,0.0,0.0,74,1023.9,852.4,7.7,-2.0,89,9.0,0.0,25499.37,156,46.95652,35.32513,1502.0
2025-01-27,1.6,37215.05,0.1,1.61,79,1023.5,851.9,3.8,-1.4,100,12.2,2.4,0.0,20,46.95652,35.32513,1502.0
2025-01-28,0.5,37314.09,0.0,0.0,72,1026.1,853.4,5.8,-3.9,36,10.6,0.0,31908.07,30,46.95652,35.32513,1502.0
2025-01-29,-0.7,37415.54,0.0,0.0,74,1029.2,855.3,5.8,-4.4,0,11.3,0.0,34203.95,16,46.95652,35.32513,1502.0
2025-01-30,-0.2,37519.23,0.0,0.0,61,1030.0,856.2,7.5,-4.4,0,10.1,0.0,34315.4,6,46.95652,35.32513,1502.0
2025-01-31,0.6,37625.04,0.0,0.0,48,1025.9,853.3,9.9,-4.8,38,5.1,0.0,34429.0,357,46.95652,35.32513,1502.0
2025-02-01,0.2,37732.81,0.0,0.0,59,1023.5,851.0,8.7,-4.5,46,9.7,0.0,34544.59,1,46.95652,35.32513,1502.0
2025-02-02,1.3,37842.4,0.0,0.0,46,1023.3,851.5,9.1,-4.5,0,4.7,0.0,34662.01,353,46.95652,35.32513,1502.0
2025-02-03,1.6,37953.67,0.0,0.0,45,1020.1,849.0,10.8,-3.8,14,7.7,0.0,34781.11,269,46.95652,35.32513,1502.0
2025-02-04,1.5,38066.48,0.0,0.0,51,1019.1,848.1,10.4,-3.7,54,11.8,0.0,34901.72,255,46.95652,35.32513,1502.0
2025-02-05,3.2,38180.7,0.4,0.7,61,1013.3,844.2,11.1,-2.9,51,12.7,1.4,35023.7,137,46.95652,35.32513,1502.0
2025-02-06,2.4,38296.2,2.4,4.55,82,1007.0,838.6,6.6,-0.6,96,14.5,8.9,15914.11,152,46.95652,35.32513,1502.0
2025-02-07,-1.6,38412.84,0.1,6.65,86,1019.0,846.3,0.9,-9.0,84,9.3,9.5,3276.7,17,46.95652,35.32513,1502.0
2025-02-08,-4.8,38530.49,0.1,4.55,81,1022.2,847.2,-2.2,-9.4,82,14.8,6.6,12317.96,21,46.95652,35.32513,1502.0
2025-02-09,-4.7,38649.04,0.0,0.7,80,1024.7,849.2,-2.4,-9.0,98,9.8,0.9,17967.32,33,46.95652,35.32513,1502.0
2025-02-10,-6.2,38768.35,0.0,0.0,83,1028.4,851.4,-1.8,-9.5,78,7.2,0.0,23595.56,1,46.95652,35.32513,1502.0
2025-02-11,-4.7,38888.3,0.0,0.0,82,1030.1,853.8,1.0,-9.5,46,6.2,0.0,34976.06,2,46.95652,35.32513,1502.0
2025-02-12,-2.9,39008.79,0.0,0.0,80,1028.9,853.8,2.6,-6.8,61,7.5,0.0,30016.73,6,46.95652,35.32513,1502.0
2025-02-13,-0.2,39129.67,0.0,0.56,78,1023.3,850.7,6.6,-4.0,40,7.7,0.8,33301.74,315,46.95652,35.32513,1502.0
2025-02-14,0.6,39250.86,0.4,0.14,75,1022.0,850.0,5.2,-4.4,45,17.2,0.6,24798.58,228,46.95652,35.32513,1502.0
2025-02-15,-0.4,39372.22,0.0,0.0,64,1022.5,849.9,7.5,-4.6,23,8.6,0.0,35757.88,263,46.95652,35.32513,1502.0
2025-02-16,2.6,39493.85,0.0,0.0,48,1017.6,847.5,10.7,-3.8,73,5.5,0.0,28624.6,324,46.95652,35.32513,1502.0
2025-02-17,1.1,39616.82,0.0,1.75,77,1020.2,848.9,5.6,-4.1,62,11.3,2.5,25322.06,292,46.95652,35.32513,1502.0
2025-02-18,0.7,39741.21,0.0,0.0,66,1023.7,851.5,8.4,-4.1,26,9.5,0.0,35962.35,281,46.95652,35.32513,1502.0
2025-02-19,2.7,39866.91,0.0,0.0,52,1019.3,848.9,10.7,-3.8,68,11.7,0.0,36000.0,243,46.95652,35.32513,1502.0
2025-02-20,4.1,39993.79,1.1,2.17,66,1012.9,844.4,10.4,0.7,96,18.2,4.2,26185.36,174,46.95652,35.32513,1502.0
2025-02-21,2.3,40121.73,1.0,4.55,78,1014.4,844.7,4.8,-0.6,73,15.9,7.5,32400.0,231,46.95652,35.32513,1502.0
2025-02-22,-0.1,40250.62,0.0,5.32,81,1017.0,845.5,2.4,-4.3,81,10.0,7.6,11398.7,251,46.95652,35.32513,1502.0
2025-02-23,-2.4,40380.36,0.0,0.21,69,1018.0,845.0,-0.0,-6.1,87,17.5,0.2,33236.57,244,46.95652,35.32513,1502.0
2025-02-24,-5.7,40510.82,0.0,0.0,48,1023.6,847.7,-2.6,-8.8,24,16.9,0.0,36069.92,277,46.95652,35.32513,1502.0
2025-02-25,-5.6,40641.9,0.0,0.0,46,1028.2,851.6,-1.5,-8.9,26,12.9,0.0,36242.83,270,46.95652,35.32513,1502.0
2025-02-26,-3.3,40773.5,0.0,0.0,45,1025.5,850.8,1.3,-7.2,30,16.4,0.0,36334.49,267,46.95652,35.32513,1502.0
2025-02-27,-2.3,40905.5,0.0,0.0,52,1024.7,850.6,2.9,-6.2,3,13.4,0.0,36335.34,282,46.95652,35.32513,1502.0
2025-02-28,-0.7,41037.8,0.0,0.0,54,1021.0,848.5,6.7,-5.4,8,13.5,0.0,36433.9,266,46.95652,35.32513,1502.0
2025-03-01,0.5,41170.3,0.0,0.28,62,1019.7,848.1,6.1,-4.9,36,15.3,0.4,33732.35,279,46.95652,35.32513,1502.0
2025-03-02,0.2,41302.9,0.0,0.07,56,1023.1,850.7,5.7,-4.2,18,12.1,0.1,36540.46,314,46.95652,35.32513,1502.0
2025-03-03,1.7,41435.5,0.0,0.0,50,1022.1,850.7,9.0,-4.6,78,12.4,0.0,36077.66,239,46.95652,35.32513,1502.0
2025-03-04,4.8,41567.98,0.0,0.0,36,1019.6,850.3,12.2,-2.0,100,11.4,0.0,35745.9,195,46.95652,35.32513,1502.0
2025-03-05,6.3,41700.27,1.8,1.19,52,1020.7,852.1,11.9,1.5,100,12.1,3.5,19781.9,152,46.95652,35.32513,1502.0
2025-03-06,6.6,41832.24,1.2,0.0,70,1021.8,853.2,14.0,0.6,37,12.3,1.2,36315.28,269,46.95652,35.32513,1502.0
2025-03-07,6.9,41963.82,3.6,0.0,75,1020.2,852.0,15.4,0.0,85,10.6,3.6,28839.0,28,46.95652,35.32513,1502.0
2025-03-08,6.9,42095.08,6.5,0.0,83,1013.5,846.4,12.8,4.4,94,9.8,6.5,14400.0,12,46.95652,35.32513,1502.0
2025-03-09,5.8,42227.01,5.2,0.0,90,1015.9,847.8,8.9,3.9,97,7.5,5.2,0.0,22,46.95652,35.32513,1502.0
2025-03-10,6.0,42359.72,4.5,0.42,85,1019.2,850.8,10.4,3.4,96,5.2,5.1,14918.74,339,46.95652,35.32513,1502.0
2025-03-11,5.9,42493.11,3.5,0.42,81,1022.1,853.0,13.5,1.7,92,11.3,4.1,26348.47,218,46.95652,35.32513,1502.0
2025-03-12,7.7,42627.09,0.0,0.0,60,1021.7,853.7,16.9,0.8,9,9.2,0.0,38297.78,346,46.95652,35.32513,1502.0
2025-03-13,9.1,42761.57,0.0,0.0,49,1021.6,854.3,18.5,0.5,0,4.7,0.0,38687.38,354,46.95652,35.32513,1502.0
2025-03-14,10.2,42896.45,0.0,0.0,40,1020.6,854.1,20.0,1.4,2,6.6,0.0,39080.66,305,46.95652,35.32513,1502.0
2025-03-15,11.0,43031.66,0.0,0.0,41,1021.3,855.1,19.6,2.7,84,9.1,0.0,35742.64,11,46.95652,35.32513,1502.0
2025-03-16,11.2,43167.11,0.0,0.0,48,1021.1,855.0,20.6,2.6,3,6.1,0.0,39383.57,352,46.95652,35.32513,1502.0
2025-03-17,10.9,43302.69,0.0,0.0,53,1017.9,852.1,21.1,3.3,8,15.8,0.0,39938.84,256,46.95652,35.32513,1502.0
2025-03-18,10.5,43438.34,0.0,0.0,60,1016.2,850.5,19.6,3.2,25,13.5,0.0,40237.31,234,46.95652,35.32513,1502.0
2025-03-19,12.5,43573.96,0.7,0.0,53,1014.1,849.9,19.5,5.3,36,24.1,0.7,38761.3,187,46.95652,35.32513,1502.0
2025-03-20,11.4,43709.46,8.4,0.0,74,1013.7,849.0,15.5,7.9,86,21.4,8.4,28058.18,179,46.95652,35.32513,1502.0
2025-03-21,8.9,43844.75,13.7,0.0,84,1014.9,848.7,14.5,6.2,86,11.1,13.7,15092.18,215,46.95652,35.32513,1502.0
2025-03-22,6.7,43979.75,0.2,0.0,65,1016.2,848.5,14.2,-1.4,29,19.3,0.2,39922.2,228,46.95652,35.32513,1502.0
2025-03-23,4.4,44114.38,0.0,0.0,58,1021.2,851.5,12.5,-1.8,1,14.3,0.0,41149.94,271,46.95652,35.32513,1502.0
2025-03-24,4.2,44248.53,0.6,0.0,54,1022.8,852.7,11.9,-2.5,13,14.5,0.6,41284.0,325,46.95652,35.32513,1502.0
2025-03-25,5.5,44382.12,0.0,0.0,46,1021.9,852.6,14.7,-2.0,15,10.8,0.0,41417.32,325,46.95652,35.32513,1502.0
2025-03-26,7.7,44515.07,0.0,0.0,46,1017.7,850.4,17.2,-0.3,14,14.3,0.0,41549.83,319,46.95652,35.32513,1502.0
2025-03-27,9.8,44647.27,0.0,0.0,55,1016.6,850.6,19.5,2.7,44,13.7,0.0,41681.44,252,46.95652,35.32513,1502.0
2025-03-28,11.0,44778.82,1.8,0.0,61,1017.1,851.5,18.9,4.0,28,11.7,1.8,41812.06,279,46.95652,35.32513,1502.0
2025-03-29,11.6,44910.62,0.3,0.0,63,1016.6,851.5,20.7,4.9,45,12.0,0.3,41942.46,184,46.95652,35.32513,1502.0
2025-03-30,13.4,45042.77,0.0,0.0,55,1015.8,851.7,20.3,6.0,63,15.3,0.0,36129.13,175,46.95652,35.32513,1502.0
2025-03-31,12.8,45175.19,4.3,0.0,64,1016.5,852.1,18.9,7.2,55,22.1,4.3,33399.98,188,46.95652,35.32513,1502.0
2025-04-01,13.8,45307.79,0.6,0.0,64,1017.9,853.7,22.1,7.0,40,13.7,0.6,42334.38,191,46.95652,35.32513,1502.0
2025-04-02,14.6,45440.48,0.8,0.0,64,1015.3,851.9,22.1,8.6,61,19.5,0.8,32314.49,183,46.95652,35.32513,1502.0
2025-04-03,13.6,45573.2,0.2,0.0,64,1014.7,850.9,21.8,6.5,29,18.8,0.2,40945.5,224,46.95652,35.32513,1502.0
2025-04-04,12.2,45705.84,6.3,0.0,78,1015.9,851.2,18.1,6.2,87,13.3,6.3,34207.0,175,46.95652,35.32513,1502.0
2025-04-05,11.6,45838.34,18.3,0.0,86,1013.6,849.0,16.5,9.0,79,22.5,18.3,15007.59,175,46.95652,35.32513,1502.0
2025-04-06,12.4,45970.59,0.0,0.0,67,1017.5,852.6,20.8,5.5,50,13.8,0.0,41641.54,209,46.95652,35.32513,1502.0
2025-04-07,12.6,46102.52,0.0,0.0,64,1019.6,854.5,20.9,5.6,45,9.1,0.0,42826.35,218,46.95652,35.32513,1502.0
2025-04-08,13.3,46234.02,0.3,0.0,64,1020.9,856.0,21.5,6.4,34,12.9,0.3,40448.69,239,46.95652,35.32513,1502.0
2025-04-09,15.9,46365.03,0.0,0.0,53,1016.0,853.2,23.9,8.5,33,16.5,0.0,42920.2,184,46.95652,35.32513,1502.0
2025-04-10,14.8,46495.43,4.0,0.0,66,1008.0,846.0,21.7,8.6,48,25.9,4.0,42636.25,189,46.95652,35.32513,1502.0
2025-04-11,10.6,46625.15,0.0,0.0,60,1008.0,843.7,18.1,3.3,27,14.7,0.0,43013.82,230,46.95652,35.32513,1502.0
2025-04-12,8.1,46754.09,0.0,0.0,56,1010.3,844.4,15.6,1.4,30,20.5,0.0,39548.97,231,46.95652,35.32513,1502.0
2025-04-13,8.8,46882.14,0.0,0.0,58,1015.0,848.7,16.6,1.1,0,18.1,0.0,43107.27,191,46.95652,35.32513,1502.0
2025-04-14,11.1,47009.22,2.3,0.0,57,1012.2,847.6,19.2,3.3,74,16.8,2.3,33506.88,180,46.95652,35.32513,1502.0
2025-04-15,8.2,47135.22,2.4,0.77,62,1013.8,847.3,14.4,2.2,60,30.1,3.5,41309.03,191,46.95652,35.32513,1502.0
2025-04-16,6.0,47260.05,0.1,0.63,61,1018.7,850.3,12.1,0.8,21,12.1,1.0,43200.0,279,46.95652,35.32513,1502.0
2025-04-17,7.0,47383.77,0.0,0.0,56,1020.7,852.5,13.3,0.1,23,17.2,0.0,43200.0,31,46.95652,35.32513,1502.0
2025-04-18,7.7,47507.26,0.0,0.0,52,1019.1,851.5,15.2,0.1,0,12.9,0.0,43200.0,37,46.95652,35.32513,1502.0
2025-04-19,10.2,47630.61,0.0,0.0,52,1016.6,850.7,18.5,1.2,7,10.6,0.0,43200.0,31,46.95652,35.32513,1502.0
2025-04-20,12.1,47753.73,0.0,0.0,56,1015.0,850.4,21.1,3.4,27,8.0,0.0,43200.0,306,46.95652,35.32513,1502.0
2025-04-21,14.1,47876.53,0.0,0.0,56,1016.3,852.5,22.8,5.7,64,8.7,0.0,38920.08,215,46.95652,35.32513,1502.0
2025-04-22,15.0,47998.92,0.3,0.0,56,1018.9,855.2,21.7,9.3,44,13.3,0.3,34491.78,266,46.95652,35.32513,1502.0
2025-04-23,16.6,48120.8,0.0,0.0,48,1016.8,854.2,23.9,9.9,40,17.8,0.0,43206.25,207,46.95652,35.32513,1502.0
2025-04-24,16.9,48242.07,0.0,0.0,49,1016.0,853.7,24.0,11.0,73,20.9,0.0,38536.95,265,46.95652,35.32513,1502.0
2025-04-25,16.3,48362.66,0.3,0.0,58,1014.7,852.3,22.8,11.0,76,15.3,0.3,17015.28,197,46.95652,35.32513,1502.0
2025-04-26,15.5,48482.44,3.9,0.0,70,1014.9,852.1,21.8,11.7,99,16.6,3.9,22511.21,176,46.95652,35.32513,1502.0
2025-04-27,16.5,48601.34,2.4,0.0,63,1013.6,851.5,23.4,11.1,67,21.2,2.4,38523.21,187,46.95652,35.32513,1502.0
2025-04-28,15.9,48719.23,1.6,0.0,67,1014.5,851.9,22.9,11.0,94,15.9,1.6,26013.64,187,46.95652,35.32513,1502.0
2025-04-29,14.0,48836.02,4.6,0.0,77,1015.1,851.5,20.1,8.9,79,17.1,4.6,25825.75,162,46.95652,35.32513,1502.0
2025-04-30,15.9,48951.61,1.0,0.0,61,1015.5,852.8,24.0,8.0,28,12.3,1.0,43236.63,252,46.95652,35.32513,1502.0
2025-05-01,18.2,49065.87,0.0,0.0,44,1015.2,853.7,25.6,9.8,39,10.4,0.0,43997.31,179,46.95652,35.32513,1502.0
2025-05-02,17.8,49178.71,0.2,0.0,54,1014.9,853.3,23.9,12.0,37,24.4,0.2,43605.04,192,46.95652,35.32513,1502.0
2025-05-03,17.1,49290.01,0.1,0.0,68,1014.2,852.3,24.2,11.2,62,17.1,0.1,39740.86,184,46.95652,35.32513,1502.0
2025-05-04,17.2,49399.65,1.8,0.0,67,1011.6,850.2,24.5,10.9,64,24.8,1.8,33268.7,181,46.95652,35.32513,1502.0
2025-05-05,16.4,49507.53,1.3,0.0,57,1010.5,848.8,24.2,7.8,18,23.8,1.3,43200.0,207,46.95652,35.32513,1502.0
2025-05-06,12.5,49613.52,0.7,0.0,65,1015.4,851.0,18.9,6.2,11,18.2,0.7,44413.37,246,46.95652,35.32513,1502.0
2025-05-07,13.3,49717.64,0.0,0.0,63,1015.8,851.7,20.9,5.7,5,15.2,0.0,44276.24,301,46.95652,35.32513,1502.0
2025-05-08,15.3,49820.74,0.0,0.0,56,1014.2,851.4,23.7,6.6,19,6.4,0.0,44847.95,302,46.95652,35.32513,1502.0
2025-05-09,16.9,49922.86,0.0,0.0,53,1014.8,852.7,25.6,8.8,21,8.1,0.0,44855.59,310,46.95652,35.32513,1502.0
2025-05-10,17.6,50023.91,0.0,0.0,52,1014.6,852.9,25.6,9.7,14,7.0,0.0,45008.43,317,46.95652,35.32513,1502.0
2025-05-11,18.4,50123.81,0.0,0.0,48,1013.3,852.2,26.7,10.8,56,8.0,0.0,44721.8,297,46.95652,35.32513,1502.0
2025-05-12,19.1,50222.46,0.3,0.0,46,1008.9,848.8,26.0,12.4,52,16.2,0.3,44363.25,154,46.95652,35.32513,1502.0
2025-05-13,19.6,50319.76,0.0,0.0,45,1006.5,847.1,26.4,11.2,42,21.8,0.0,45331.26,205,46.95652,35.32513,1502.0
2025-05-14,17.1,50415.62,0.0,0.0,48,1010.6,849.3,23.8,10.3,31,21.6,0.0,45643.59,206,46.95652,35.32513,1502.0
2025-05-15,14.1,50509.93,0.4,0.0,63,1014.1,850.6,18.9,6.8,44,24.3,0.4,36000.0,184,46.95652,35.32513,1502.0
2025-05-16,14.7,50602.59,0.0,0.0,51,1017.3,853.7,23.2,6.3,0,12.5,0.0,46110.98,285,46.95652,35.32513,1502.0
2025-05-17,17.5,50693.5,0.0,0.0,46,1016.6,854.5,26.4,7.5,0,7.7,0.0,46146.89,351,46.95652,35.32513,1502.0
2025-05-18,19.7,50782.57,0.0,0.0,48,1016.0,855.1,29.8,9.4,0,11.7,0.0,46181.15,285,46.95652,35.32513,1502.0
2025-05-19,21.6,50869.67,0.0,0.0,46,1013.8,854.2,30.4,12.8,2,14.8,0.0,46213.76,230,46.95652,35.32513,1502.0
2025-05-20,21.1,50954.71,0.0,0.0,38,1013.2,853.4,29.4,12.8,0,15.9,0.0,46359.01,233,46.95652,35.32513,1502.0
2025-05-21,21.9,51037.57,0.0,0.0,37,1012.6,853.3,30.7,13.2,2,19.2,0.0,46390.23,257,46.95652,35.32513,1502.0
2025-05-22,21.8,51118.16,0.0,0.0,36,1012.4,853.0,31.1,13.5,0,15.8,0.0,46537.78,251,46.95652,35.32513,1502.0
2025-05-23,22.0,51196.35,0.0,0.0,34,1009.1,850.4,31.1,12.3,16,8.2,0.0,46687.16,313,46.95652,35.32513,1502.0
2025-05-24,20.9,51272.03,0.0,0.0,42,1006.6,847.8,28.2,13.5,27,11.6,0.0,46184.82,1,46.95652,35.32513,1502.0
2025-05-25,20.3,51345.11,0.2,0.0,44,1009.7,850.1,27.8,11.8,22,14.4,0.2,46621.02,12,46.95652,35.32513,1502.0
2025-05-26,20.6,51415.44,0.0,0.0,37,1012.5,852.6,28.1,11.4,18,9.2,0.0,46894.78,28,46.95652,35.32513,1502.0
2025-05-27,21.3,51483.05,0.0,0.0,35,1010.3,851.1,29.2,12.6,33,10.4,0.0,44879.31,267,46.95652,35.32513,1502.0
2025-05-28,22.7,51548.5,0.0,0.0,31,1008.9,850.6,30.8,13.6,30,12.8,0.0,46815.7,221,46.95652,35.32513,1502.0
2025-05-29,21.6,51611.83,0.0,0.0,29,1007.4,848.8,30.4,11.5,3,18.3,0.0,47352.97,228,46.95652,35.32513,1502.0
2025-05-30,18.4,51672.98,0.0,0.0,34,1011.3,850.5,26.1,10.4,0,16.5,0.0,47376.76,246,46.95652,35.32513,1502.0
2025-05-31,20.5,51731.9,0.0,0.0,30,1013.4,853.3,29.7,9.7,0,8.3,0.0,47530.73,158,46.95652,35.32513,1502.0
2025-06-01,22.8,51788.53,0.0,0.0,25,1011.9,853.1,32.2,12.3,0,9.8,0.0,47551.92,253,46.95652,35.32513,1502.0
2025-06-02,21.9,51842.79,0.0,0.0,28,1010.6,851.6,30.7,12.1,0,14.2,0.0,47706.0,280,46.95652,35.32513,1502.0
2025-06-03,19.3,51894.62,0.0,0.0,32,1008.2,848.3,27.8,10.8,0,17.0,0.0,47860.71,266,46.95652,35.32513,1502.0
2025-06-04,18.6,51943.97,0.2,0.0,38,1008.4,848.2,24.5,10.3,15,14.3,0.2,47741.18,360,46.95652,35.32513,1502.0
2025-06-05,18.1,51990.77,0.0,0.0,37,1012.7,851.5,24.3,11.6,8,13.9,0.0,47201.62,21,46.95652,35.32513,1502.0
2025-06-06,18.8,52034.97,0.0,0.0,31,1012.6,851.8,26.3,9.5,0,7.5,0.0,48187.9,27,46.95652,35.32513,1502.0
2025-06-07,19.6,52076.49,0.2,0.0,34,1012.4,852.0,27.6,11.3,13,18.1,0.2,47779.82,353,46.95652,35.32513,1502.0
2025-06-08,19.8,52115.28,0.0,0.0,34,1013.5,853.0,26.9,11.4,4,10.2,0.0,48214.6,21,46.95652,35.32513,1502.0
2025-06-09,20.6,52151.29,0.0,0.0,33,1011.5,851.8,28.5,12.2,42,9.0,0.0,47394.62,11,46.95652,35.32513,1502.0
2025-06-10,22.4,52184.44,0.0,0.0,30,1009.9,851.3,30.3,13.4,9,11.8,0.0,48090.0,318,46.95652,35.32513,1502.0
2025-06-11,22.9,52214.68,0.0,0.0,32,1011.1,852.5,31.2,13.3,8,10.3,0.0,48095.97,100,46.95652,35.32513,1502.0
2025-06-12,24.7,52241.95,0.0,0.0,26,1012.2,854.3,32.6,14.8,10,15.8,0.0,47954.76,314,46.95652,35.32513,1502.0
2025-06-13,25.4,52266.21,0.0,0.0,25,1012.9,855.2,33.1,15.8,11,6.9,0.0,47664.12,353,46.95652,35.32513,1502.0
2025-06-14,26.0,52287.38,0.0,0.0,22,1009.9,853.0,35.4,16.2,0,17.7,0.0,48838.41,244,46.95652,35.32513,1502.0
2025-06-15,25.8,52305.41,0.0,0.0,20,1007.7,851.0,34.8,15.1,0,16.3,0.0,48840.99,256,46.95652,35.32513,1502.0
2025-06-16,25.3,52320.29,0.0,0.0,20,1004.2,847.8,34.1,14.6,0,21.8,0.0,48999.78,231,46.95652,35.32513,1502.0
2025-06-17,21.9,52332.11,0.0,0.0,21,1007.1,848.7,30.9,12.2,0,16.9,0.0,49011.06,255,46.95652,35.32513,1502.0
2025-06-18,22.1,52340.9,0.0,0.0,21,1009.0,850.3,30.8,11.6,0,11.2,0.0,49019.56,328,46.95652,35.32513,1502.0
2025-06-19,23.5,52346.7,0.0,0.0,27,1008.7,850.8,31.2,13.6,0,13.0,0.0,49025.29,27,46.95652,35.32513,1502.0
2025-06-20,24.6,52349.5,0.0,0.0,25,1006.5,849.5,33.2,15.2,0,10.5,0.0,49028.27,25,46.95652,35.32513,1502.0
2025-06-21,24.9,52349.33,0.0,0.0,18,1006.0,849.2,34.4,15.6,0,13.0,0.0,49028.51,242,46.95652,35.32513,1502.0
2025-06-22,24.8,52346.22,0.0,0.0,16,1006.2,849.3,34.7,15.3,0,11.1,0.0,49026.02,244,46.95652,35.32513,1502.0
2025-06-23,24.9,52340.18,0.0,0.0,17,1005.0,848.3,34.6,15.2,0,15.5,0.0,49020.85,273,46.95652,35.32513,1502.0
2025-06-24,25.6,52331.22,0.0,0.0,20,1005.0,848.7,33.2,15.1,0,11.7,0.0,49012.99,344,46.95652,35.32513,1502.0
2025-06-25,25.3,52319.39,0.0,0.0,24,1006.5,849.8,33.2,16.8,0,15.5,0.0,49002.46,30,46.95652,35.32513,1502.0
2025-06-26,26.4,52304.69,0.0,0.0,27,1005.8,849.7,34.4,16.7,0,13.7,0.0,48888.4,34,46.95652,35.32513,1502.0
2025-06-27,27.8,52287.16,0.0,0.0,25,1004.1,849.0,35.8,18.2,0,11.2,0.0,48973.51,42,46.95652,35.32513,1502.0
2025-06-28,27.5,52266.82,0.0,0.0,27,1002.0,847.0,35.8,18.9,0,12.0,0.0,48955.13,69,46.95652,35.32513,1502.0
2025-06-29,27.6,52243.7,0.0,0.0,21,1000.5,845.8,35.8,18.7,0,17.7,0.0,48934.18,294,46.95652,35.32513,1502.0
2025-06-30,27.5,52217.82,0.0,0.0,19,1000.3,845.6,36.4,18.4,0,17.9,0.0,48910.67,215,46.95652,35.32513,1502.0
2025-07-01,25.2,52189.23,0.0,0.0,19,1002.1,846.0,34.3,16.3,0,14.6,0.0,48884.64,230,46.95652,35.32513,1502.0
2025-07-02,25.8,52157.94,0.0,0.0,20,1002.1,846.3,35.7,16.2,0,15.6,0.0,48856.11,242,46.95652,35.32513,1502.0
2025-07-03,25.7,52123.99,0.0,0.0,20,1002.5,846.6,35.0,15.7,0,17.3,0.0,48825.11,258,46.95652,35.32513,1502.0
2025-07-04,25.5,52087.41,0.0,0.0,19,1003.6,847.5,34.9,16.6,0,17.7,0.0,48685.8,275,46.95652,35.32513,1502.0
2025-07-05,24.2,52048.24,0.0,0.0,18,1004.2,847.3,34.0,14.8,0,14.8,0.0,48755.79,273,46.95652,35.32513,1502.0
2025-07-06,24.5,52006.42,0.0,0.0,33,1004.1,847.4,33.1,14.6,0,18.4,0.0,48472.31,36,46.95652,35.32513,1502.0
2025-07-07,23.8,51961.56,0.0,0.0,40,1005.2,848.0,31.9,15.9,1,24.4,0.0,48138.96,36,46.95652,35.32513,1502.0
2025-07-08,24.9,51913.68,0.0,0.0,41,1004.6,848.0,32.9,16.9,9,17.6,0.0,47057.46,38,46.95652,35.32513,1502.0
2025-07-09,26.1,51862.86,0.0,0.0,36,1003.5,847.7,33.6,17.5,13,11.8,0.0,45396.24,34,46.95652,35.32513,1502.0
2025-07-10,26.7,51809.2,0.0,0.0,37,1004.0,848.4,33.4,18.4,12,11.9,0.0,45793.18,44,46.95652,35.32513,1502.0
2025-07-11,28.1,51752.8,0.0,0.0,33,1005.2,850.0,35.8,18.7,4,10.0,0.0,47284.68,49,46.95652,35.32513,1502.0
2025-07-12,29.7,51693.74,0.0,0.0,31,1007.3,852.6,37.3,20.1,10,17.5,0.0,46675.36,48,46.95652,35.32513,1502.0
2025-07-13,29.5,51632.13,0.0,0.0,30,1008.6,853.6,35.6,21.4,41,13.5,0.0,43769.91,34,46.95652,35.32513,1502.0
2025-07-14,29.1,51568.05,0.0,0.0,28,1006.9,851.9,34.9,22.1,37,13.6,0.0,42002.43,37,46.95652,35.32513,1502.0
2025-07-15,26.5,51501.6,2.0,0.0,37,1006.5,850.4,34.8,20.2,40,15.6,2.0,41358.46,284,46.95652,35.32513,1502.0
2025-07-16,26.8,51432.88,0.0,0.0,35,1006.5,850.5,33.9,19.2,23,8.2,0.0,45892.36,240,46.95652,35.32513,1502.0
2025-07-17,26.5,51361.96,0.0,0.0,26,1008.2,851.8,35.1,18.3,0,14.8,0.0,47036.0,269,46.95652,35.32513,1502.0
2025-07-18,28.1,51288.96,0.0,0.0,24,1006.1,850.8,36.5,17.4,0,14.9,0.0,46878.6,285,46.95652,35.32513,1502.0
2025-07-19,28.7,51213.95,0.0,0.0,23,1004.1,849.3,38.3,19.0,0,16.5,0.0,46857.08,255,46.95652,35.32513,1502.0
2025-07-20,29.4,51137.03,0.0,0.0,21,1002.7,848.5,39.1,19.7,0,20.5,0.0,46701.45,229,46.95652,35.32513,1502.0
2025-07-21,29.9,51058.29,0.0,0.0,20,1003.8,849.6,39.1,20.4,5,20.0,0.0,45987.35,231,46.95652,35.32513,1502.0
2025-07-22,30.0,50977.8,0.0,0.0,17,1003.7,849.6,38.7,20.7,18,19.9,0.0,37689.17,280,46.95652,35.32513,1502.0
2025-07-23,30.3,50895.68,0.0,0.0,16,1001.7,848.1,39.5,20.7,7,12.0,0.0,45552.92,337,46.95652,35.32513,1502.0
2025-07-24,29.7,50811.99,0.0,0.0,12,1001.6,847.7,38.2,19.8,0,15.6,0.0,46218.02,48,46.95652,35.32513,1502.0
2025-07-25,30.3,50726.82,0.0,0.0,14,1001.9,848.2,38.9,19.6,46,15.4,0.0,37471.18,130,46.95652,35.32513,1502.0
2025-07-26,29.9,50640.12,0.0,0.0,17,1004.3,850.1,37.6,20.2,44,14.5,0.0,34851.51,26,46.95652,35.32513,1502.0
2025-07-27,29.9,50551.16,0.0,0.0,22,1005.1,850.8,36.5,21.0,44,10.6,0.0,41095.59,40,46.95652,35.32513,1502.0
2025-07-28,30.0,50459.91,0.0,0.0,20,1003.7,849.6,37.3,21.1,31,9.2,0.0,36594.06,90,46.95652,35.32513,1502.0
2025-07-29,30.0,50366.51,0.0,0.0,18,1004.6,850.4,37.2,21.8,39,12.6,0.0,29211.49,3,46.95652,35.32513,1502.0
2025-07-30,30.1,50271.06,0.0,0.0,20,1005.8,851.5,37.7,21.6,28,14.6,0.0,44159.53,271,46.95652,35.32513,1502.0
2025-07-31,30.1,50173.68,0.0,0.0,24,1004.3,850.2,37.5,21.3,21,16.2,0.0,34958.88,46,46.95652,35.32513,1502.0
2025-08-01,30.3,50074.48,0.0,0.0,23,1003.9,849.9,38.2,21.6,30,11.5,0.0,38825.1,61,46.95652,35.32513,1502.0
2025-08-02,30.3,49973.59,0.0,0.0,22,1005.5,851.3,37.7,21.7,24,12.9,0.0,40644.89,181,46.95652,35.32513,1502.0
2025-08-03,30.5,49871.11,0.0,0.0,23,1005.8,851.6,38.9,21.7,25,16.9,0.0,40427.96,272,46.95652,35.32513,1502.0
2025-08-04,30.7,49767.13,0.0,0.0,18,1007.0,852.7,39.7,20.4,26,9.7,0.0,43043.77,356,46.95652,35.32513,1502.0
2025-08-05,30.9,49661.79,0.0,0.0,16,1007.5,853.2,40.1,21.2,33,14.4,0.0,37542.91,18,46.95652,35.32513,1502.0
2025-08-06,30.9,49555.17,0.0,0.0,17,1007.3,853.1,38.8,21.2,33,8.8,0.0,38286.54,265,46.95652,35.32513,1502.0
2025-08-07,30.4,49447.39,0.0,0.0,17,1007.0,852.7,37.9,21.6,52,17.7,0.0,27563.85,3,46.95652,35.32513,1502.0
2025-08-08,30.8,49338.54,0.0,0.0,16,1007.4,853.1,37.2,22.5,75,17.5,0.0,41799.03,326,46.95652,35.32513,1502.0
2025-08-09,29.6,49228.71,0.0,0.0,16,1009.3,854.2,37.7,20.5,33,16.8,0.0,43526.2,155,46.95652,35.32513,1502.0
2025-08-10,28.8,49118.02,0.0,0.0,17,1008.3,853.0,38.0,20.5,25,12.6,0.0,38367.95,171,46.95652,35.32513,1502.0
2025-08-11,28.2,49006.56,0.0,0.0,16,1008.5,852.8,37.2,19.7,12,15.8,0.0,43530.31,203,46.95652,35.32513,1502.0
2025-08-12,27.8,48894.42,0.0,0.0,16,1009.2,853.3,36.9,19.2,0,13.5,0.0,43423.88,288,46.95652,35.32513,1502.0
2025-08-13,28.6,48781.68,0.0,0.0,20,1009.0,853.5,36.8,18.9,0,17.5,0.0,43427.07,32,46.95652,35.32513,1502.0
2025-08-14,28.5,48668.45,0.0,0.0,32,1008.3,852.8,36.6,20.1,16,13.2,0.0,42297.47,44,46.95652,35.32513,1502.0
2025-08-15,28.8,48554.66,0.0,0.0,29,1004.9,850.1,37.4,20.7,25,15.0,0.0,39312.3,319,46.95652,35.32513,1502.0
2025-08-16,27.9,48439.45,0.0,0.0,22,1003.8,848.8,37.1,19.5,0,18.7,0.0,43235.34,213,46.95652,35.32513,1502.0
2025-08-17,27.5,48322.79,0.0,0.0,14,1006.2,850.5,37.0,18.2,0,11.1,0.0,43338.84,261,46.95652,35.32513,1502.0
2025-08-18,28.5,48204.78,0.0,0.0,23,1006.6,851.3,38.9,17.4,0,12.2,0.0,43247.25,195,46.95652,35.32513,1502.0
2025-08-19,30.0,48085.51,0.0,0.0,15,1004.4,850.2,39.9,20.8,0,13.3,0.0,43252.73,167,46.95652,35.32513,1502.0
2025-08-20,29.6,47965.1,0.0,0.0,21,1003.0,848.8,39.5,20.8,0,18.4,0.0,43200.0,213,46.95652,35.32513,1502.0
2025-08-21,28.2,47843.64,0.0,0.0,22,1004.2,849.2,37.6,19.2,0,24.0,0.0,43200.0,211,46.95652,35.32513,1502.0
2025-08-22,27.7,47721.24,0.0,0.0,19,1005.9,850.4,36.5,18.6,0,12.1,0.0,43200.0,207,46.95652,35.32513,1502.0
2025-08-23,27.3,47597.98,0.0,0.0,24,1004.9,849.4,36.4,17.8,0,14.2,0.0,43200.0,37,46.95652,35.32513,1502.0
2025-08-24,28.3,47473.98,0.0,0.0,20,1004.9,849.9,37.3,18.4,0,13.2,0.0,43200.0,80,46.95652,35.32513,1502.0
2025-08-25,28.8,47349.3,0.0,0.0,17,1005.3,850.4,39.0,18.9,0,12.6,0.0,43200.0,229,46.95652,35.32513,1502.0
2025-08-26,29.2,47224.06,0.0,0.0,17,1006.0,851.2,39.4,19.0,0,14.4,0.0,43200.0,263,46.95652,35.32513,1502.0
2025-08-27,28.3,47098.34,0.0,0.0,13,1007.4,851.9,37.9,19.0,0,12.3,0.0,43200.0,40,46.95652,35.32513,1502.0
2025-08-28,27.3,46972.22,0.0,0.0,14,1009.1,852.9,37.1,16.8,0,10.2,0.0,43178.28,13,46.95652,35.32513,1502.0
2025-08-29,27.3,46845.79,0.0,0.0,19,1010.3,853.9,36.0,17.6,0,11.6,0.0,43098.98,50,46.95652,35.32513,1502.0
2025-08-30,27.0,46719.15,0.0,0.0,21,1010.9,854.3,35.4,18.1,0,12.0,0.0,43019.29,32,46.95652,35.32513,1502.0
2025-08-31,26.9,46592.37,0.0,0.0,18,1009.1,852.8,35.5,17.8,3,10.8,0.0,42939.32,3,46.95652,35.32513,1502.0
2025-09-01,27.0,46465.53,0.0,0.0,17,1005.6,849.8,35.4,17.2,0,8.5,0.0,42859.12,16,46.95652,35.32513,1502.0
2025-09-02,26.0,46338.73,0.0,0.0,21,1004.4,848.4,34.3,17.6,4,14.6,0.0,42778.8,39,46.95652,35.32513,1502.0
2025-09-03,25.9,46212.03,0.0,0.0,22,1004.8,848.6,34.9,16.7,20,13.4,0.0,35426.84,205,46.95652,35.32513,1502.0
2025-09-04,25.1,46085.38,0.0,0.0,27,1008.0,850.9,34.1,16.7,0,16.2,0.0,42617.81,219,46.95652,35.32513,1502.0
2025-09-05,24.0,45957.88,0.0,0.0,24,1011.7,853.5,33.9,15.6,0,14.3,0.0,42536.14,257,46.95652,35.32513,1502.0
2025-09-06,23.4,45829.5,0.0,0.0,21,1012.2,853.7,33.4,15.1,0,14.6,0.0,42453.42,261,46.95652,35.32513,1502.0
2025-09-07,24.1,45700.3,0.0,0.0,19,1010.1,852.2,34.3,14.4,0,13.9,0.0,42369.74,291,46.95652,35.32513,1502.0
2025-09-08,24.3,45570.38,0.0,0.0,20,1008.9,851.3,33.7,14.9,0,9.4,0.0,42285.2,359,46.95652,35.32513,1502.0
2025-09-09,24.2,45439.84,0.0,0.0,21,1009.8,852.0,34.4,16.0,0,14.0,0.0,42199.9,271,46.95652,35.32513,1502.0
2025-09-10,22.8,45308.73,0.0,0.0,25,1010.8,852.3,32.1,14.1,0,15.5,0.0,42113.94,265,46.95652,35.32513,1502.0
2025-09-11,21.9,45177.17,0.0,0.0,26,1009.7,850.8,31.0,14.1,0,16.4,0.0,42027.42,246,46.95652,35.32513,1502.0
2025-09-12,20.7,45045.22,0.0,0.0,24,1011.7,852.0,28.8,13.2,0,12.4,0.0,41940.43,291,46.95652,35.32513,1502.0
2025-09-13,21.7,44912.97,0.0,0.0,24,1011.9,852.6,30.7,12.3,0,10.5,0.0,41853.07,8,46.95652,35.32513,1502.0
2025-09-14,22.2,44780.51,0.0,0.0,31,1013.2,853.9,32.2,13.0,0,11.8,0.0,41765.43,351,46.95652,35.32513,1502.0
2025-09-15,21.4,44647.91,0.0,0.0,35,1013.9,854.1,30.2,12.8,0,11.5,0.0,41536.43,39,46.95652,35.32513,1502.0
2025-09-16,21.6,44515.25,0.0,0.0,29,1011.9,852.6,31.2,12.5,0,14.1,0.0,41369.97,306,46.95652,35.32513,1502.0
2025-09-17,22.0,44382.6,0.0,0.0,24,1012.3,853.1,31.2,14.5,0,15.1,0.0,41054.2,273,46.95652,35.32513,1502.0
2025-09-18,23.5,44250.07,0.0,0.0,23,1010.1,851.9,32.8,13.7,10,19.8,0.0,40268.97,252,46.95652,35.32513,1502.0
2025-09-19,21.8,44117.71,0.0,0.0,34,1008.0,849.4,29.5,14.6,0,21.1,0.0,40453.7,223,46.95652,35.32513,1502.0
2025-09-20,18.6,43985.61,0.0,0.0,25,1010.1,849.6,27.0,11.4,0,13.7,0.0,40396.16,271,46.95652,35.32513,1502.0
2025-09-21,17.4,43853.84,0.0,0.0,24,1011.5,850.2,27.0,9.2,0,13.5,0.0,40226.7,270,46.95652,35.32513,1502.0
2025-09-22,15.9,43722.5,0.0,0.0,44,1016.8,853.9,23.2,8.0,0,16.7,0.0,39851.09,30,46.95652,35.32513,1502.0
2025-09-23,16.2,43591.65,0.0,0.0,41,1017.3,854.4,23.9,8.2,0,10.5,0.0,39801.12,31,46.95652,35.32513,1502.0
2025-09-24,16.7,43461.21,0.0,0.0,33,1014.3,852.2,25.7,8.5,0,11.4,0.0,39651.27,338,46.95652,35.32513,1502.0
2025-09-25,17.0,43330.29,0.0,0.0,21,1011.0,849.6,26.2,6.7,3,11.6,0.0,39507.44,31,46.95652,35.32513,1502.0
2025-09-26,18.7,43198.8,0.0,0.0,22,1010.8,850.3,27.7,9.8,32,11.7,0.0,39193.04,196,46.95652,35.32513,1502.0
2025-09-27,18.8,43066.84,0.0,0.0,25,1014.8,853.6,27.4,11.1,10,13.6,0.0,39156.25,215,46.95652,35.32513,1502.0
2025-09-28,18.2,42934.5,0.0,0.0,28,1017.7,855.8,27.2,10.7,0,13.1,0.0,39117.51,262,46.95652,35.32513,1502.0
2025-09-29,19.0,42801.84,0.0,0.0,25,1015.3,854.1,29.8,10.1,0,10.2,0.0,39003.3,312,46.95652,35.32513,1502.0
2025-09-30,18.8,42668.98,0.0,0.0,24,1011.2,850.6,29.2,9.8,0,15.6,0.0,38946.89,287,46.95652,35.32513,1502.0
2025-10-01,19.0,42535.98,0.0,0.0,30,1009.8,849.5,28.4,10.5,0,11.8,0.0,38899.27,352,46.95652,35.32513,1502.0
2025-10-02,18.3,42402.95,0.0,0.0,36,1011.8,850.8,28.7,8.8,0,12.5,0.0,38851.34,7,46.95652,35.32513,1502.0
2025-10-03,18.5,42269.95,0.0,0.0,33,1015.8,854.3,29.1,9.0,0,11.1,0.0,38803.08,226,46.95652,35.32513,1502.0
2025-10-04,19.8,42137.08,0.0,0.0,20,1017.7,856.6,29.8,11.6,0,8.4,0.0,38754.48,6,46.95652,35.32513,1502.0
2025-10-05,19.5,42004.43,0.0,0.0,20,1015.5,854.5,30.0,9.4,0,11.8,0.0,38705.51,331,46.95652,35.32513,1502.0
2025-10-06,19.6,41872.09,0.0,0.0,18,1013.9,853.3,30.2,10.4,0,14.2,0.0,38656.18,154,46.95652,35.32513,1502.0
2025-10-07,19.4,41740.14,0.0,0.0,18,1014.7,853.8,29.3,12.4,0,12.6,0.0,38606.46,155,46.95652,35.32513,1502.0
2025-10-08,19.3,41608.68,0.0,0.0,22,1015.3,854.3,29.0,11.4,0,8.6,0.0,38556.35,159,46.95652,35.32513,1502.0
2025-10-09,18.8,41477.78,0.0,0.0,27,1016.4,855.0,28.1,11.5,0,12.4,0.0,38505.83,213,46.95652,35.32513,1502.0
2025-10-10,16.1,41347.56,0.0,0.0,41,1016.9,854.0,23.6,8.8,0,15.7,0.0,38373.64,259,46.95652,35.32513,1502.0
2025-10-11,14.6,41218.1,0.0,0.0,38,1015.1,851.8,24.5,6.9,0,16.0,0.0,38240.21,255,46.95652,35.32513,1502.0
2025-10-12,16.3,41089.49,0.0,0.0,24,1014.8,852.4,25.6,7.3,1,14.8,0.0,38107.48,219,46.95652,35.32513,1502.0
2025-10-13,17.1,40961.83,0.1,0.0,34,1014.9,852.8,25.7,8.2,4,26.6,0.1,37975.53,204,46.95652,35.32513,1502.0
2025-10-14,15.7,40835.03,0.0,0.0,37,1017.6,854.4,26.9,7.0,0,11.2,0.0,37844.24,213,46.95652,35.32513,1502.0
2025-10-15,15.4,40708.11,0.0,0.0,25,1016.7,853.5,25.9,8.3,0,13.4,0.0,37712.61,246,46.95652,35.32513,1502.0
2025-10-16,15.3,40580.99,0.0,0.0,27,1018.1,854.6,25.7,7.8,0,15.5,0.0,37580.57,248,46.95652,35.32513,1502.0
2025-10-17,14.8,40453.75,0.0,0.0,36,1021.3,857.0,24.2,7.1,27,14.4,0.0,37448.22,261,46.95652,35.32513,1502.0
2025-10-18,15.2,40326.52,0.0,0.0,38,1019.9,856.1,24.5,7.4,5,16.6,0.0,37263.97,293,46.95652,35.32513,1502.0
2025-10-19,15.9,40199.39,0.0,0.0,36,1016.1,853.3,23.9,9.5,6,15.5,0.0,36914.14,249,46.95652,35.32513,1502.0
2025-10-20,14.5,40072.47,0.0,0.0,39,1014.7,851.4,23.8,7.9,41,16.3,0.0,36823.92,240,46.95652,35.32513,1502.0
2025-10-21,14.1,39945.85,0.0,0.0,52,1017.7,853.7,22.4,6.3,28,16.4,0.0,36484.38,252,46.95652,35.32513,1502.0
2025-10-22,14.0,39819.65,0.0,0.0,51,1021.0,856.4,22.2,7.2,2,15.3,0.0,36274.75,248,46.95652,35.32513,1502.0
2025-10-23,14.3,39693.98,0.0,0.0,45,1020.3,856.0,22.4,7.7,6,16.1,0.0,36068.96,259,46.95652,35.32513,1502.0
2025-10-24,14.6,39568.95,0.0,0.0,41,1018.7,854.9,23.5,7.5,24,17.6,0.0,35985.01,269,46.95652,35.32513,1502.0
2025-10-25,15.2,39444.68,0.2,0.0,37,1016.3,853.1,23.3,8.5,8,13.4,0.2,35785.41,247,46.95652,35.32513,1502.0
2025-10-26,14.1,39321.26,0.0,0.0,46,1015.7,852.0,22.4,7.4,16,18.1,0.0,35703.29,241,46.95652,35.32513,1502.0
2025-10-27,13.4,39198.84,0.0,0.0,60,1018.4,853.9,22.6,5.8,0,13.3,0.0,35510.71,297,46.95652,35.32513,1502.0
2025-10-28,14.0,39077.5,0.0,0.0,44,1018.0,853.9,25.3,6.4,0,9.8,0.0,35430.93,259,46.95652,35.32513,1502.0
2025-10-29,14.8,38957.39,0.0,0.0,34,1017.3,853.7,23.4,7.4,15,17.1,0.0,35246.29,276,46.95652,35.32513,1502.0
2025-10-30,13.9,38838.62,0.0,0.0,32,1018.0,853.8,23.5,6.0,0,12.5,0.0,35067.45,278,46.95652,35.32513,1502.0
2025-10-31,12.3,38721.34,0.0,0.0,32,1020.8,855.4,22.1,3.0,0,6.7,0.0,34894.74,333,46.95652,35.32513,1502.0
2025-11-01,12.0,38605.63,0.0,0.0,24,1019.6,854.2,23.1,4.4,0,9.3,0.0,34824.41,257,46.95652,35.32513,1502.0
2025-11-02,11.2,38491.66,0.0,0.0,18,1020.2,854.2,22.1,4.5,0,8.5,0.0,34661.95,278,46.95652,35.32513,1502.0
2025-11-03,10.5,38379.34,0.0,0.0,26,1023.5,856.7,20.1,3.4,2,9.7,0.0,34515.02,21,46.95652,35.32513,1502.0
2025-11-04,10.2,38267.63,0.0,0.0,32,1022.0,855.2,20.5,1.3,0,5.5,0.0,34400.77,358,46.95652,35.32513,1502.0
2025-11-05,10.7,38156.45,0.0,0.0,36,1021.4,855.0,21.9,1.5,32,7.9,0.0,33974.35,315,46.95652,35.32513,1502.0
2025-11-06,11.8,38045.89,0.0,0.0,32,1020.6,854.9,21.2,5.1,0,8.4,0.0,33841.97,328,46.95652,35.32513,1502.0
2025-11-07,11.8,37936.1,0.0,0.0,31,1022.4,856.5,21.5,3.9,9,5.6,0.0,33712.29,328,46.95652,35.32513,1502.0
2025-11-08,12.0,37827.18,0.0,0.0,34,1024.3,858.1,20.9,5.1,13,5.6,0.0,33445.12,348,46.95652,35.32513,1502.0
2025-11-09,11.6,37719.27,0.0,0.0,34,1023.9,857.6,20.5,4.5,1,6.3,0.0,33437.26,346,46.95652,35.32513,1502.0
2025-11-10,10.9,37612.47,0.0,0.0,33,1022.2,855.8,20.2,3.5,7,6.4,0.0,33322.47,9,46.95652,35.32513,1502.0
2025-11-11,10.8,37506.93,0.0,0.0,28,1021.3,854.9,20.0,3.4,28,11.3,0.0,33313.44,147,46.95652,35.32513,1502.0
2025-11-12,10.2,37402.77,0.0,0.0,29,1022.5,855.7,19.2,4.4,28,13.7,0.0,33162.16,172,46.95652,35.32513,1502.0
2025-11-13,10.4,37300.12,0.0,0.0,31,1023.8,856.8,17.5,3.4,76,8.7,0.0,32467.46,164,46.95652,35.32513,1502.0
2025-11-14,11.2,37199.11,0.0,0.0,30,1020.1,854.2,17.7,5.6,67,14.6,0.0,33044.51,171,46.95652,35.32513,1502.0
2025-11-15,9.2,37099.89,7.9,0.0,72,1019.6,852.7,11.5,7.3,100,15.7,7.9,0.0,165,46.95652,35.32513,1502.0
2025-11-16,9.5,37002.59,0.7,0.0,74,1022.1,855.1,14.8,4.8,57,20.3,0.7,25282.45,182,46.95652,35.32513,1502.0
2025-11-17,6.6,36907.34,4.7,0.0,76,1026.8,857.4,13.4,1.9,35,12.2,4.7,18667.86,275,46.95652,35.32513,1502.0
2025-11-18,6.6,36814.29,0.0,0.0,56,1027.3,857.8,15.4,-0.1,27,4.4,0.0,32832.97,341,46.95652,35.32513,1502.0
2025-11-19,6.3,36723.59,0.0,0.0,54,1025.9,856.4,16.1,-0.7,8,5.6,0.0,32826.94,335,46.95652,35.32513,1502.0
2025-11-20,5.9,36635.39,0.0,0.0,54,1027.4,857.5,16.4,-0.9,0,7.3,0.0,32820.78,353,46.95652,35.32513,1502.0
2025-11-21,6.1,36549.81,0.0,0.0,48,1029.5,859.3,17.3,-0.9,0,6.4,0.0,32701.57,341,46.95652,35.32513,1502.0
2025-11-22,6.6,36467.03,0.0,0.0,41,1029.2,859.3,17.9,-0.6,0,6.0,0.0,32636.87,331,46.95652,35.32513,1502.0
2025-11-23,7.3,36387.02,0.0,0.0,32,1026.2,857.2,17.9,0.4,0,6.0,0.0,32572.96,326,46.95652,35.32513,1502.0
2025-11-24,7.0,36308.87,0.0,0.0,35,1023.6,854.9,15.9,0.5,0,4.3,0.0,32509.22,342,46.95652,35.32513,1502.0
2025-11-25,6.5,36232.51,0.0,0.0,35,1022.7,853.9,14.3,1.6,33,7.5,0.0,32228.03,145,46.95652,35.32513,1502.0
2025-11-26,5.8,36158.05,1.5,6.79,58,1022.4,853.2,14.8,-0.6,78,8.2,11.2,26974.12,235,46.95652,35.32513,1502.0
2025-11-27,6.5,36085.58,0.0,0.0,68,1022.8,854.0,14.4,0.5,19,9.6,0.0,32109.4,16,46.95652,35.32513,1502.0
2025-11-28,5.8,36015.2,0.0,0.0,60,1024.3,854.8,14.7,-0.1,0,5.4,0.0,32118.5,345,46.95652,35.32513,1502.0
2025-11-29,5.0,35947.01,0.0,0.0,59,1022.6,853.0,14.2,0.2,37,6.9,0.0,31504.28,238,46.95652,35.32513,1502.0
2025-11-30,7.3,35881.11,0.0,0.0,61,1020.3,852.3,16.0,2.3,55,8.0,0.0,31830.23,186,46.95652,35.32513,1502.0
2025-12-01,7.9,35817.6,0.0,0.0,70,1018.7,851.3,15.7,2.1,24,14.9,0.0,30067.02,191,46.95652,35.32513,1502.0
2025-12-02,5.8,35756.58,0.0,0.0,72,1019.5,850.8,14.9,-0.7,30,12.7,0.0,31881.49,270,46.95652,35.32513,1502.0
2025-12-03,4.2,35698.16,0.0,0.0,63,1022.6,852.5,12.2,-0.8,4,6.9,0.0,31824.26,9,46.95652,35.32513,1502.0
2025-12-04,4.1,35642.43,0.0,0.0,51,1023.7,853.4,11.2,-1.7,55,5.0,0.0,31602.1,343,46.95652,35.32513,1502.0
2025-12-05,4.3,35589.51,0.0,0.0,63,1023.7,853.5,13.0,-0.2,51,8.4,0.0,28902.28,202,46.95652,35.32513,1502.0
2025-12-06,6.1,35539.49,0.0,0.0,74,1023.7,854.5,14.1,1.9,59,9.4,0.0,21600.0,239,46.95652,35.32513,1502.0
2025-12-07,9.8,35492.47,0.8,0.0,57,1021.4,854.6,15.7,3.2,86,17.3,0.8,27888.39,171,46.95652,35.32513,1502.0
2025-12-08,7.5,35448.56,23.9,0.0,85,1021.5,853.5,11.1,5.9,100,18.6,23.9,0.0,172,46.95652,35.32513,1502.0
2025-12-09,8.1,35407.86,29.9,1.4,86,1017.7,850.6,11.5,3.1,98,18.0,31.9,346.9,170,46.95652,35.32513,1502.0
2025-12-10,4.6,35370.47,14.4,0.35,95,1018.1,849.1,6.5,3.5,98,10.8,14.9,0.0,164,46.95652,35.32513,1502.0
2025-12-11,4.3,35336.5,4.9,1.61,90,1019.3,849.8,8.7,2.1,97,7.8,7.2,7760.4,207,46.95652,35.32513,1502.0
2025-12-12,3.8,35306.04,0.4,0.0,84,1018.3,848.8,7.9,1.2,85,6.8,0.4,12317.91,171,46.95652,35.32513,1502.0
2025-12-13,4.2,35279.11,2.7,0.0,86,1016.5,847.5,7.7,1.6,57,10.0,2.7,18000.0,208,46.95652,35.32513,1502.0
2025-12-14,3.4,35255.38,0.0,0.0,76,1020.1,850.0,9.6,-0.2,44,7.3,0.0,25371.98,227,46.95652,35.32513,1502.0
2025-12-15,2.5,35234.77,0.0,0.0,74,1018.7,848.4,8.6,-1.5,81,9.4,0.0,31082.9,189,46.95652,35.32513,1502.0
2025-12-16,3.3,35217.31,0.6,2.31,78,1016.1,846.6,7.1,1.5,98,7.8,3.9,24023.27,15,46.95652,35.32513,1502.0
2025-12-17,2.4,35202.98,0.0,1.68,68,1021.9,851.0,4.3,0.7,97,22.5,2.4,7589.38,43,46.95652,35.32513,1502.0
2025-12-18,2.1,35191.79,0.0,0.0,67,1027.4,855.5,5.4,-0.9,73,17.5,0.0,25321.44,36,46.95652,35.32513,1502.0
2025-12-19,1.2,35183.76,0.0,0.0,60,1023.2,851.4,6.8,-2.8,3,18.3,0.0,31265.89,29,46.95652,35.32513,1502.0
2025-12-20,0.9,35178.86,0.0,0.0,60,1023.3,851.3,8.2,-3.8,1,8.2,0.0,31314.78,16,46.95652,35.32513,1502.0
2025-12-21,1.9,35177.12,0.0,0.0,54,1024.8,853.1,9.0,-2.8,26,5.4,0.0,31290.09,166,46.95652,35.32513,1502.0
2025-12-22,2.3,35178.52,0.0,0.0,54,1024.0,852.7,9.6,-2.4,53,8.6,0.0,30849.59,178,46.95652,35.32513,1502.0
2025-12-23,3.5,35183.05,0.0,4.41,52,1022.2,851.9,9.6,-0.5,99,8.5,6.3,29724.28,174,46.95652,35.32513,1502.0
2023-01-01,3.7,36381.14,0.0,0.0,66,1031.5,889.5,8.6,-0.9,13,18.4,0.0,32400.0,282,54.368233,31.880491,1217.0
2023-01-02,3.7,36412.61,0.0,0.0,61,1033.8,891.5,8.7,-1.5,67,9.0,0.0,31666.38,94,54.368233,31.880491,1217.0
2023-01-03,4.1,36446.9,0.0,0.0,52,1032.6,890.6,11.0,-2.2,0,11.5,0.0,32400.0,125,54.368233,31.880491,1217.0
2023-01-04,5.9,36483.94,0.5,0.0,53,1024.3,884.3,12.9,-2.1,86,15.0,0.5,26532.31,142,54.368233,31.880491,1217.0
2023-01-05,6.9,36523.65,2.1,0.0,75,1017.4,878.8,14.1,2.2,60,20.6,2.1,14292.43,193,54.368233,31.880491,1217.0
2023-01-06,4.9,36565.95,0.0,0.0,83,1020.7,880.7,11.6,-0.7,35,12.3,0.0,27048.65,298,54.368233,31.880491,1217.0
2023-01-07,6.4,36610.76,0.0,0.0,62,1017.8,878.9,13.2,0.6,0,11.7,0.0,32400.0,278,54.368233,31.880491,1217.0
2023-01-08,6.4,36658.0,0.0,0.0,49,1018.7,879.8,12.2,1.0,5,9.8,0.0,32400.0,127,54.368233,31.880491,1217.0
2023-01-09,7.0,36707.59,1.4,0.0,46,1019.8,880.9,12.1,2.0,66,17.5,1.4,27287.9,306,54.368233,31.880491,1217.0
2023-01-10,0.5,36759.47,3.5,7.91,96,1026.6,883.8,2.7,-1.1,100,29.6,14.8,0.0,298,54.368233,31.880491,1217.0
2023-01-11,-0.2,36813.54,0.0,0.0,63,1035.6,891.2,3.0,-4.6,87,20.5,0.0,21885.45,296,54.368233,31.880491,1217.0
2023-01-12,-1.9,36869.73,0.0,0.0,61,1035.9,890.7,2.2,-5.2,0,10.1,0.0,32400.0,284,54.368233,31.880491,1217.0
2023-01-13,-1.4,36927.95,0.0,0.0,66,1033.2,888.5,3.5,-5.0,0,8.7,0.0,32428.84,154,54.368233,31.880491,1217.0
2023-01-14,0.7,36988.14,0.0,0.0,67,1029.5,886.4,6.9,-5.3,76,15.0,0.0,32400.0,126,54.368233,31.880491,1217.0
2023-01-15,2.6,37050.22,0.0,0.07,77,1024.6,883.0,12.2,-2.8,16,19.2,0.1,32418.28,285,54.368233,31.880491,1217.0
2023-01-16,3.4,37114.1,0.0,0.0,71,1023.9,882.8,11.4,-2.8,28,16.1,0.0,32411.89,300,54.368233,31.880491,1217.0
2023-01-17,1.5,37179.71,1.8,13.86,85,1023.2,881.3,5.0,-0.5,100,29.1,21.6,0.0,303,54.368233,31.880491,1217.0
2023-01-18,-1.3,37247.12,0.0,0.77,88,1026.0,882.4,3.0,-5.7,28,25.6,1.1,32567.73,253,54.368233,31.880491,1217.0
2023-01-19,-0.0,37317.07,0.0,0.0,76,1027.9,884.6,5.8,-6.9,0,10.6,0.0,32565.76,186,54.368233,31.880491,1217.0
2023-01-20,1.6,37389.57,0.0,0.0,67,1028.9,886.3,6.4,-2.9,1,10.2,0.0,32654.7,201,54.368233,31.880491,1217.0
2023-01-21,2.3,37464.48,0.0,0.0,56,1027.3,885.2,7.6,-2.7,0,9.4,0.0,32749.02,190,54.368233,31.880491,1217.0
2023-01-22,1.2,37541.69,0.0,0.0,65,1029.5,886.6,5.9,-2.5,21,12.2,0.0,32400.0,300,54.368233,31.880491,1217.0
2023-01-23,0.7,37621.06,0.0,0.0,61,1029.9,886.7,5.2,-3.1,8,11.0,0.0,32448.24,262,54.368233,31.880491,1217.0
2023-01-24,-0.2,37702.46,0.0,0.0,57,1029.5,886.0,4.8,-5.8,5,11.6,0.0,32978.01,259,54.368233,31.880491,1217.0
2023-01-25,-0.7,37785.79,0.0,0.0,61,1027.3,883.8,5.2,-5.5,6,11.2,0.0,33085.45,154,54.368233,31.880491,1217.0
2023-01-26,1.6,37870.92,0.0,0.0,64,1024.7,882.6,7.8,-4.1,24,10.3,0.0,33075.11,178,54.368233,31.880491,1217.0
2023-01-27,1.1,37957.71,0.0,0.56,79,1025.0,882.7,6.0,-2.1,49,18.2,0.8,32519.44,308,54.368233,31.880491,1217.0
2023-01-28,1.3,38046.06,0.0,0.0,70,1022.7,880.8,6.3,-3.0,17,20.9,0.0,33201.19,109,54.368233,31.880491,1217.0
2023-01-29,6.0,38135.85,0.0,0.0,44,1013.4,874.9,13.8,-1.0,35,22.7,0.0,33203.04,130,54.368233,31.880491,1217.0
2023-01-30,9.0,38226.96,1.0,0.0,55,1013.2,876.1,15.9,3.0,64,16.9,1.0,18528.72,132,54.368233,31.880491,1217.0
2023-01-31,11.8,38319.29,0.9,0.0,44,1008.3,873.2,18.0,5.1,84,32.9,0.9,30364.88,137,54.368233,31.880491,1217.0
2023-02-01,10.5,38412.71,1.8,0.0,59,1010.1,874.1,14.8,4.3,82,28.7,1.8,21871.09,181,54.368233,31.880491,1217.0
2023-02-02,8.7,38507.12,0.0,0.0,68,1014.3,876.9,15.2,3.5,10,12.1,0.0,33717.09,251,54.368233,31.880491,1217.0
2023-02-03,7.8,38602.43,0.0,0.0,45,1018.6,880.3,14.6,2.5,11,14.8,0.0,34355.21,267,54.368233,31.880491,1217.0
2023-02-04,4.6,38698.5,0.0,0.0,57,1018.1,878.3,11.0,-1.4,30,12.9,0.0,34235.91,302,54.368233,31.880491,1217.0
2023-02-05,6.5,38795.25,0.0,0.0,40,1016.3,877.7,14.1,-0.6,15,12.7,0.0,34738.27,133,54.368233,31.880491,1217.0
2023-02-06,9.2,38892.56,1.0,0.0,35,1014.4,877.3,16.8,1.0,99,17.5,1.0,21837.04,124,54.368233,31.880491,1217.0
2023-02-07,12.2,38990.52,0.0,0.0,49,1008.5,873.5,18.7,6.4,69,17.4,0.0,30707.05,160,54.368233,31.880491,1217.0
2023-02-08,10.9,39090.07,0.0,0.0,35,1009.6,873.8,19.0,3.8,4,26.5,0.0,35095.14,313,54.368233,31.880491,1217.0
2023-02-09,6.5,39191.25,0.0,0.0,36,1017.3,878.6,12.2,1.5,5,29.5,0.0,35258.26,319,54.368233,31.880491,1217.0
2023-02-10,2.1,39293.95,0.0,0.0,55,1027.7,885.5,5.4,0.2,68,22.2,0.0,26039.68,293,54.368233,31.880491,1217.0
2023-02-11,3.7,39398.05,0.0,0.0,45,1026.5,885.2,9.9,-2.3,23,11.9,0.0,35371.0,217,54.368233,31.880491,1217.0
2023-02-12,4.2,39503.45,0.3,0.0,55,1019.5,879.4,10.4,-0.2,93,25.6,0.3,25200.0,282,54.368233,31.880491,1217.0
2023-02-13,7.6,39610.02,0.9,0.0,65,1018.8,880.3,16.1,-2.7,99,16.0,0.9,19523.87,267,54.368233,31.880491,1217.0
2023-02-14,6.3,39717.64,1.7,0.0,84,1018.0,879.1,9.4,2.8,100,22.3,1.7,1973.26,273,54.368233,31.880491,1217.0
2023-02-15,15.3,39826.23,0.0,0.0,38,1008.3,874.6,22.2,5.6,98,23.0,0.0,32005.53,195,54.368233,31.880491,1217.0
2023-02-16,8.8,39935.66,10.0,0.0,77,1016.1,878.6,12.5,4.4,100,20.1,10.0,103.59,270,54.368233,31.880491,1217.0
2023-02-17,6.1,40045.84,0.0,0.0,76,1023.7,883.9,11.4,2.2,56,17.7,0.0,34036.2,281,54.368233,31.880491,1217.0
2023-02-18,5.6,40156.64,0.0,0.0,67,1023.9,883.9,11.4,0.3,50,15.3,0.0,35198.48,276,54.368233,31.880491,1217.0
2023-02-19,7.9,40268.0,0.0,0.0,45,1020.7,882.1,15.1,1.2,11,15.4,0.0,36684.55,191,54.368233,31.880491,1217.0
2023-02-20,10.2,40379.77,0.0,0.0,32,1017.7,880.6,18.0,2.7,0,16.5,0.0,37139.43,144,54.368233,31.880491,1217.0
2023-02-21,12.3,40491.89,0.0,0.0,28,1013.7,878.0,20.8,2.0,0,30.5,0.0,37470.88,264,54.368233,31.880491,1217.0
2023-02-22,13.0,40604.25,0.0,0.0,30,1013.8,878.4,20.6,5.3,7,20.0,0.0,37536.71,135,54.368233,31.880491,1217.0
2023-02-23,15.3,40716.74,0.0,0.0,29,1011.9,877.7,22.2,5.2,77,19.0,0.0,34537.24,188,54.368233,31.880491,1217.0
2023-02-24,14.0,40829.28,0.5,0.0,45,1013.9,879.0,20.5,8.1,51,18.0,0.5,30089.31,229,54.368233,31.880491,1217.0
2023-02-25,11.5,40941.78,0.0,0.0,53,1020.7,883.7,17.9,6.3,38,20.1,0.0,37864.77,297,54.368233,31.880491,1217.0
2023-02-26,13.3,41054.12,0.0,0.0,42,1022.4,886.0,19.9,5.9,87,17.6,0.0,29271.78,324,54.368233,31.880491,1217.0
2023-02-27,13.7,41166.41,0.1,0.0,42,1022.6,886.4,18.4,8.6,56,16.8,0.1,36099.28,303,54.368233,31.880491,1217.0
2023-02-28,11.8,41279.54,0.0,0.0,48,1021.7,884.7,15.9,7.6,68,15.7,0.0,21030.29,181,54.368233,31.880491,1217.0
2023-03-01,12.1,41393.59,0.0,0.0,36,1020.0,883.4,18.6,6.3,0,14.7,0.0,38503.7,110,54.368233,31.880491,1217.0
2023-03-02,13.5,41508.46,0.0,0.0,34,1017.2,881.6,20.5,5.8,15,16.3,0.0,38622.06,137,54.368233,31.880491,1217.0
2023-03-03,15.0,41624.08,0.0,0.0,26,1018.7,883.6,21.1,6.8,0,12.2,0.0,38741.05,129,54.368233,31.880491,1217.0
2023-03-04,15.9,41740.36,0.0,0.0,19,1018.0,883.3,22.8,7.8,17,15.5,0.0,38860.55,130,54.368233,31.880491,1217.0
2023-03-05,18.0,41857.2,0.0,0.0,20,1017.4,883.7,25.9,10.4,10,27.0,0.0,38980.5,52,54.368233,31.880491,1217.0
2023-03-06,17.7,41974.52,0.0,0.0,18,1016.9,883.1,24.8,9.6,28,13.0,0.0,39100.78,119,54.368233,31.880491,1217.0
2023-03-07,18.8,42092.23,0.0,0.0,28,1014.7,881.6,26.0,10.3,76,25.3,0.0,32033.1,233,54.368233,31.880491,1217.0
2023-03-08,17.1,42210.25,0.9,0.0,49,1017.1,883.0,24.9,12.8,94,27.5,0.9,21153.57,165,54.368233,31.880491,1217.0
2023-03-09,17.5,42328.51,0.4,0.0,58,1014.3,880.8,23.5,11.8,93,22.2,0.4,34743.59,128,54.368233,31.880491,1217.0
2023-03-10,14.4,42446.91,8.0,0.0,66,1015.0,880.0,20.6,10.2,98,24.3,8.0,7237.2,136,54.368233,31.880491,1217.0
2023-03-11,13.6,42565.37,0.0,0.0,59,1017.2,881.6,19.2,9.4,7,14.0,0.0,39485.32,213,54.368233,31.880491,1217.0
2023-03-12,15.9,42683.81,0.0,0.0,41,1015.4,881.1,24.0,8.4,21,18.0,0.0,39561.85,128,54.368233,31.880491,1217.0
2023-03-13,17.1,42802.15,3.7,0.0,42,1013.7,880.1,24.0,9.9,100,16.7,3.7,18430.1,146,54.368233,31.880491,1217.0
2023-03-14,14.4,42920.31,1.5,0.0,71,1015.7,880.7,19.0,10.5,65,16.5,1.5,28630.53,34,54.368233,31.880491,1217.0
2023-03-15,14.7,43038.21,0.5,0.0,69,1013.1,878.5,20.8,9.4,21,18.7,0.5,38462.07,130,54.368233,31.880491,1217.0
2023-03-16,17.3,43155.76,0.0,0.0,47,1007.7,875.0,24.5,11.0,14,18.6,0.0,38606.51,266,54.368233,31.880491,1217.0
2023-03-17,15.6,43272.88,0.0,0.0,38,1010.5,876.7,22.2,8.3,0,15.8,0.0,39600.0,274,54.368233,31.880491,1217.0
2023-03-18,16.5,43389.49,0.0,0.0,27,1011.3,877.7,24.0,8.2,0,17.0,0.0,39600.0,293,54.368233,31.880491,1217.0
2023-03-19,17.4,43505.67,0.0,0.0,23,1009.2,876.3,24.4,9.1,5,18.4,0.0,39600.0,282,54.368233,31.880491,1217.0
2023-03-20,18.0,43622.25,0.0,0.0,20,1004.3,872.3,25.0,10.2,18,22.7,0.0,39600.0,22,54.368233,31.880491,1217.0
2023-03-21,17.9,43739.3,0.0,0.0,21,1001.0,869.3,24.0,10.9,47,24.2,0.0,36000.0,190,54.368233,31.880491,1217.0
2023-03-22,12.5,43856.76,1.2,0.0,35,1005.2,870.8,18.0,7.7,50,33.2,1.2,38269.62,297,54.368233,31.880491,1217.0
2023-03-23,9.2,43974.54,0.2,0.0,58,1014.7,877.5,13.2,5.4,44,27.0,0.2,31539.95,306,54.368233,31.880491,1217.0
2023-03-24,12.7,44092.58,0.0,0.0,42,1014.4,878.8,19.0,4.2,6,16.1,0.0,39600.0,313,54.368233,31.880491,1217.0
2023-03-25,15.9,44210.79,0.0,0.0,32,1012.9,878.9,22.4,7.4,18,14.5,0.0,39600.0,310,54.368233,31.880491,1217.0
2023-03-26,19.2,44329.11,0.5,0.0,27,1009.2,877.1,26.4,10.3,74,20.1,0.5,36899.98,142,54.368233,31.880491,1217.0
2023-03-27,16.8,44447.46,0.0,0.0,45,1008.2,875.2,21.2,10.6,28,17.7,0.0,39600.0,192,54.368233,31.880491,1217.0
2023-03-28,16.6,44565.76,0.1,0.0,37,1009.3,876.1,22.0,11.4,11,20.3,0.1,39600.0,313,54.368233,31.880491,1217.0
2023-03-29,18.1,44683.94,0.0,0.0,31,1010.2,877.4,23.4,9.9,1,10.1,0.0,39600.0,200,54.368233,31.880491,1217.0
2023-03-30,19.9,44801.92,0.0,0.0,19,1008.9,877.1,26.4,11.8,8,16.9,0.0,39617.83,69,54.368233,31.880491,1217.0
2023-03-31,21.1,44919.62,0.0,0.0,19,1004.0,873.3,27.9,14.8,27,24.2,0.0,39604.21,190,54.368233,31.880491,1217.0
2023-04-01,18.4,45036.98,0.0,0.0,20,1006.0,873.9,25.6,10.2,0,32.5,0.0,39694.48,274,54.368233,31.880491,1217.0
2023-04-02,14.0,45153.9,0.0,0.0,11,1007.7,873.6,21.1,7.2,0,35.4,0.0,39790.44,302,54.368233,31.880491,1217.0
2023-04-03,14.3,45270.3,0.0,0.0,15,1010.8,876.4,20.2,7.8,0,14.8,0.0,39891.75,313,54.368233,31.880491,1217.0
2023-04-04,15.7,45386.12,0.0,0.0,20,1013.7,879.5,21.9,7.5,1,25.1,0.0,39884.05,308,54.368233,31.880491,1217.0
2023-04-05,18.4,45501.27,0.0,0.0,19,1011.6,878.8,24.7,10.2,4,15.6,0.0,39992.33,119,54.368233,31.880491,1217.0
2023-04-06,20.4,45615.67,0.0,0.0,14,1009.4,877.7,26.1,11.1,6,19.0,0.0,40105.22,302,54.368233,31.880491,1217.0
2023-04-07,20.9,45729.23,0.0,0.0,15,1012.4,880.5,27.0,13.4,32,23.5,0.0,40100.28,312,54.368233,31.880491,1217.0
2023-04-08,20.7,45842.01,0.0,0.0,17,1015.0,882.8,27.0,12.8,10,23.3,0.0,40219.14,318,54.368233,31.880491,1217.0
2023-04-09,21.1,45954.8,0.0,0.0,14,1017.4,885.0,27.5,12.4,9,23.9,0.0,40341.95,312,54.368233,31.880491,1217.0
2023-04-10,22.2,46067.7,0.0,0.0,15,1015.2,883.5,29.0,14.6,1,19.8,0.0,40339.19,123,54.368233,31.880491,1217.0
2023-04-11,24.2,46180.61,0.0,0.0,15,1011.8,881.3,31.0,16.3,76,23.9,0.0,36949.53,147,54.368233,31.880491,1217.0
2023-04-12,24.4,46293.47,0.0,0.0,18,1009.5,879.4,31.0,16.0,91,23.1,0.0,33441.63,159,54.368233,31.880491,1217.0
2023-04-13,23.1,46406.18,0.0,0.0,28,1008.2,877.8,27.8,18.2,72,25.5,0.0,15918.58,164,54.368233,31.880491,1217.0
2023-04-14,21.2,46518.7,0.0,0.0,24,1012.1,880.4,28.5,13.4,0,38.2,0.0,40812.2,332,54.368233,31.880491,1217.0
2023-04-15,18.9,46630.91,0.0,0.0,19,1014.0,881.1,25.0,12.2,38,22.3,0.0,41085.04,298,54.368233,31.880491,1217.0
2023-04-16,18.4,46742.76,0.0,0.0,20,1010.9,878.2,23.1,11.9,90,24.5,0.0,23934.9,290,54.368233,31.880491,1217.0
2023-04-17,18.3,46854.16,0.0,0.0,23,1013.9,880.7,23.5,12.6,23,31.8,0.0,41075.55,292,54.368233,31.880491,1217.0
2023-04-18,18.4,46965.02,0.0,0.0,23,1016.7,883.2,24.6,10.4,11,21.7,0.0,41476.98,301,54.368233,31.880491,1217.0
2023-04-19,20.6,47075.25,0.0,0.0,21,1013.3,881.2,27.3,11.9,2,20.3,0.0,41474.95,80,54.368233,31.880491,1217.0
2023-04-20,22.9,47184.8,0.0,0.0,17,1007.4,877.0,29.0,14.4,21,17.6,0.0,41614.27,123,54.368233,31.880491,1217.0
2023-04-21,23.6,47293.55,0.0,0.0,21,1005.8,875.9,29.6,15.6,18,28.2,0.0,40674.75,142,54.368233,31.880491,1217.0
2023-04-22,23.8,47401.42,0.0,0.0,23,1008.2,878.0,29.1,15.8,39,20.1,0.0,41777.02,210,54.368233,31.880491,1217.0
2023-04-23,23.3,47508.33,0.0,0.0,26,1010.4,879.8,28.4,18.1,67,25.2,0.0,39298.25,195,54.368233,31.880491,1217.0
2023-04-24,22.9,47614.17,0.0,0.0,30,1010.3,879.5,27.8,17.6,74,32.1,0.0,36493.79,106,54.368233,31.880491,1217.0
2023-04-25,22.8,47718.86,0.4,0.0,33,1007.8,877.3,29.5,17.0,51,29.3,0.4,41138.92,143,54.368233,31.880491,1217.0
2023-04-26,21.0,47822.3,1.5,0.0,43,1008.9,877.6,28.2,14.5,80,24.3,1.5,32226.74,337,54.368233,31.880491,1217.0
2023-04-27,16.7,47924.4,5.0,0.0,63,1011.6,878.1,19.5,14.4,100,13.9,5.0,5275.94,304,54.368233,31.880491,1217.0
2023-04-28,17.5,48025.19,4.7,0.0,64,1010.3,877.3,24.0,13.1,77,29.5,4.7,24083.24,133,54.368233,31.880491,1217.0
2023-04-29,19.9,48125.44,0.0,0.0,49,1008.5,876.8,26.0,12.9,14,18.9,0.0,42871.42,117,54.368233,31.880491,1217.0
2023-04-30,22.4,48225.21,0.0,0.0,33,1006.3,875.9,29.4,13.9,12,16.5,0.0,43517.56,91,54.368233,31.880491,1217.0
2023-05-01,22.9,48324.41,0.0,0.0,21,1007.4,877.0,28.1,17.3,1,22.5,0.0,43837.76,306,54.368233,31.880491,1217.0
2023-05-02,23.9,48422.97,0.0,0.0,17,1008.1,878.0,29.9,15.6,0,22.6,0.0,44025.95,316,54.368233,31.880491,1217.0
2023-05-03,22.6,48520.8,0.0,0.0,12,1009.7,878.9,29.2,16.6,0,24.5,0.0,44215.66,311,54.368233,31.880491,1217.0
2023-05-04,21.7,48617.82,0.0,0.0,18,1010.2,879.0,28.3,15.3,1,40.6,0.0,44225.63,305,54.368233,31.880491,1217.0
2023-05-05,18.2,48713.94,0.0,0.0,15,1014.4,881.1,24.1,12.9,0,32.7,0.0,44366.15,309,54.368233,31.880491,1217.0
2023-05-06,21.8,48809.07,0.0,0.0,10,1012.2,880.7,29.4,11.9,0,17.1,0.0,44367.57,134,54.368233,31.880491,1217.0
2023-05-07,25.0,48903.13,0.0,0.0,9,1011.0,880.9,32.4,14.6,0,20.4,0.0,44368.76,118,54.368233,31.880491,1217.0
2023-05-08,27.2,48996.02,0.0,0.0,10,1008.0,879.2,34.3,17.8,30,24.8,0.0,43650.43,76,54.368233,31.880491,1217.0
2023-05-09,27.5,49087.65,0.0,0.0,16,1010.1,881.2,33.0,21.9,81,26.0,0.0,33759.0,288,54.368233,31.880491,1217.0
2023-05-10,23.6,49177.93,0.5,0.0,36,1012.0,881.3,30.9,17.7,64,27.0,0.5,21074.38,159,54.368233,31.880491,1217.0
2023-05-11,25.4,49266.77,0.0,0.0,25,1012.3,882.3,32.3,16.2,16,17.7,0.0,43928.91,313,54.368233,31.880491,1217.0
2023-05-12,26.0,49354.05,0.0,0.0,16,1012.4,882.6,32.8,17.9,10,21.4,0.0,42775.45,319,54.368233,31.880491,1217.0
2023-05-13,28.2,49439.7,0.0,0.0,10,1009.8,881.2,34.8,18.8,15,16.3,0.0,44371.11,54,54.368233,31.880491,1217.0
2023-05-14,28.4,49523.59,0.0,0.0,9,1004.3,876.5,35.1,20.9,20,32.7,0.0,44646.61,269,54.368233,31.880491,1217.0
2023-05-15,25.9,49605.64,0.0,0.0,13,1004.2,875.4,33.3,17.8,24,39.5,0.0,45129.8,313,54.368233,31.880491,1217.0
2023-05-16,22.1,49685.75,0.0,0.0,25,1008.4,877.5,28.8,16.5,8,28.7,0.0,44828.5,297,54.368233,31.880491,1217.0
2023-05-17,22.2,49763.8,0.0,0.0,19,1010.5,879.4,28.9,13.8,16,20.8,0.0,45138.81,2,54.368233,31.880491,1217.0
2023-05-18,26.5,49839.82,0.0,0.0,11,1010.1,880.8,32.8,18.6,48,22.1,0.0,44367.7,336,54.368233,31.880491,1217.0
2023-05-19,27.2,49914.42,0.0,0.0,19,1010.0,881.0,34.0,20.2,94,25.5,0.0,33675.53,118,54.368233,31.880491,1217.0
2023-05-20,25.0,49987.65,0.1,0.0,36,1009.2,879.4,29.9,19.0,67,16.6,0.1,44236.46,228,54.368233,31.880491,1217.0
2023-05-21,25.3,50059.45,0.0,0.0,35,1010.2,880.4,30.8,20.8,83,19.9,0.0,33496.67,73,54.368233,31.880491,1217.0
2023-05-22,26.9,50129.74,0.0,0.0,23,1010.3,881.1,32.6,19.5,64,16.2,0.0,43200.0,59,54.368233,31.880491,1217.0
2023-05-23,28.2,50198.45,0.0,0.0,17,1011.7,882.9,33.6,20.2,7,18.9,0.0,45319.99,297,54.368233,31.880491,1217.0
2023-05-24,28.8,50265.51,0.0,0.0,17,1011.2,882.7,35.0,21.2,44,28.8,0.0,43200.0,254,54.368233,31.880491,1217.0
2023-05-25,29.4,50330.84,0.0,0.0,18,1009.4,881.3,35.1,23.1,86,29.5,0.0,34239.59,180,54.368233,31.880491,1217.0
2023-05-26,29.1,50394.37,0.0,0.0,22,1007.6,879.6,34.9,22.9,77,27.0,0.0,41735.66,134,54.368233,31.880491,1217.0
2023-05-27,27.0,50456.01,0.0,0.0,26,1008.4,879.6,32.4,21.6,24,33.7,0.0,42844.36,309,54.368233,31.880491,1217.0
2023-05-28,28.8,50515.71,0.0,0.0,18,1008.8,880.6,34.5,21.6,29,16.2,0.0,45665.12,306,54.368233,31.880491,1217.0
2023-05-29,31.2,50573.38,0.0,0.0,13,1008.6,881.4,36.9,23.8,7,22.5,0.0,45669.32,131,54.368233,31.880491,1217.0
2023-05-30,32.4,50628.93,0.0,0.0,13,1007.1,880.5,37.6,25.1,94,20.9,0.0,43677.69,137,54.368233,31.880491,1217.0
2023-05-31,31.6,50682.3,0.2,0.0,17,1005.6,878.8,37.7,25.2,67,38.0,0.2,37303.38,310,54.368233,31.880491,1217.0
2023-06-01,30.3,50733.42,0.0,0.0,22,1005.6,878.4,35.7,24.6,25,18.2,0.0,44001.41,299,54.368233,31.880491,1217.0
2023-06-02,30.0,50782.2,0.0,0.0,17,1007.4,879.8,36.2,24.4,11,27.5,0.0,45851.96,306,54.368233,31.880491,1217.0
2023-06-03,30.7,50828.55,0.0,0.0,16,1007.2,879.9,36.8,22.0,15,18.2,0.0,44839.39,322,54.368233,31.880491,1217.0
2023-06-04,31.2,50872.42,0.0,0.0,15,1006.5,879.5,37.0,23.8,61,17.1,0.0,43988.27,319,54.368233,31.880491,1217.0
2023-06-05,31.6,50913.72,0.0,0.0,15,1005.9,879.1,37.9,23.9,41,16.4,0.0,43813.29,181,54.368233,31.880491,1217.0
2023-06-06,31.6,50952.37,0.0,0.0,16,1006.0,879.2,37.5,24.1,40,24.0,0.0,45864.55,313,54.368233,31.880491,1217.0
2023-06-07,29.5,50988.35,0.1,0.0,24,1007.4,879.6,34.8,23.4,70,27.7,0.1,35607.09,315,54.368233,31.880491,1217.0
2023-06-08,26.8,51021.98,0.4,0.0,34,1009.8,880.6,32.0,21.1,80,39.0,0.4,41182.11,320,54.368233,31.880491,1217.0
2023-06-09,25.8,51053.29,0.1,0.0,38,1009.4,880.0,31.2,19.4,10,23.3,0.1,45956.96,308,54.368233,31.880491,1217.0
2023-06-10,28.4,51082.26,0.0,0.0,27,1005.5,877.5,33.8,21.7,14,18.6,0.0,46090.48,309,54.368233,31.880491,1217.0
2023-06-11,30.1,51108.87,0.0,0.0,24,1004.0,876.9,36.6,23.5,21,27.6,0.0,45723.92,316,54.368233,31.880491,1217.0
2023-06-12,30.6,51133.08,0.0,0.0,20,1003.2,876.4,36.5,22.5,5,19.5,0.0,46519.35,354,54.368233,31.880491,1217.0
2023-06-13,32.4,51154.91,0.0,0.0,14,1001.1,875.2,38.0,26.2,10,25.9,0.0,45992.71,124,54.368233,31.880491,1217.0
2023-06-14,33.6,51174.3,0.0,0.0,11,999.2,874.1,40.1,26.0,12,21.8,0.0,44822.22,88,54.368233,31.880491,1217.0
2023-06-15,33.3,51191.26,0.0,0.0,11,997.9,872.8,39.7,26.6,13,22.5,0.0,46582.51,313,54.368233,31.880491,1217.0
2023-06-16,34.0,51205.76,0.0,0.0,10,995.6,871.0,40.4,25.1,14,24.2,0.0,43212.75,301,54.368233,31.880491,1217.0
2023-06-17,33.1,51217.79,0.0,0.0,11,997.9,872.8,40.2,26.8,0,20.7,0.0,46800.0,301,54.368233,31.880491,1217.0
2023-06-18,33.5,51227.32,0.0,0.0,13,1000.6,875.2,39.7,26.2,0,20.6,0.0,46800.0,320,54.368233,31.880491,1217.0
2023-06-19,34.8,51234.36,0.0,0.0,12,1000.1,875.3,41.5,25.5,29,15.9,0.0,43460.23,271,54.368233,31.880491,1217.0
2023-06-20,34.9,51238.88,0.0,0.0,10,999.3,874.6,40.9,26.8,39,21.6,0.0,45817.25,302,54.368233,31.880491,1217.0
2023-06-21,35.2,51240.88,0.0,0.0,9,999.3,874.7,42.0,27.9,18,24.7,0.0,43599.42,302,54.368233,31.880491,1217.0
2023-06-22,34.2,51240.33,0.0,0.0,15,1001.2,876.0,40.5,28.0,14,27.5,0.0,46564.76,304,54.368233,31.880491,1217.0
2023-06-23,34.4,51237.24,0.0,0.0,16,1001.2,876.1,41.2,26.5,36,30.6,0.0,41264.69,294,54.368233,31.880491,1217.0
2023-06-24,32.8,51231.58,0.0,0.0,18,1001.1,875.4,39.0,26.8,29,32.8,0.0,40769.39,306,54.368233,31.880491,1217.0
2023-06-25,30.6,51223.36,0.0,0.0,21,1001.7,875.1,36.0,25.0,0,35.0,0.0,46800.0,302,54.368233,31.880491,1217.0
2023-06-26,30.5,51212.56,0.0,0.0,20,1001.9,875.2,36.2,23.8,0,26.2,0.0,46800.0,293,54.368233,31.880491,1217.0
2023-06-27,33.4,51199.16,0.0,0.0,13,999.9,874.5,40.0,24.6,0,24.9,0.0,46800.0,112,54.368233,31.880491,1217.0
2023-06-28,36.1,51183.0,0.0,0.0,10,999.4,875.1,42.8,27.9,0,24.6,0.0,46800.0,116,54.368233,31.880491,1217.0
2023-06-29,35.4,51164.11,0.0,0.0,10,998.5,874.0,42.7,27.2,0,20.9,0.0,46800.0,305,54.368233,31.880491,1217.0
2023-06-30,35.2,51142.53,0.0,0.0,9,995.9,871.7,42.5,26.7,0,16.7,0.0,46800.0,305,54.368233,31.880491,1217.0
2023-07-01,34.7,51118.33,0.0,0.0,10,996.8,872.3,41.8,25.6,7,26.2,0.0,46800.0,302,54.368233,31.880491,1217.0
2023-07-02,33.5,51091.56,0.0,0.0,17,1001.1,875.7,40.8,27.0,0,22.9,0.0,46800.0,303,54.368233,31.880491,1217.0
2023-07-03,33.7,51062.27,0.0,0.0,18,1001.9,876.4,40.7,24.6,0,23.4,0.0,46800.0,300,54.368233,31.880491,1217.0
2023-07-04,33.5,51030.51,0.0,0.0,16,1002.4,876.8,39.0,26.8,0,23.7,0.0,46800.0,289,54.368233,31.880491,1217.0
2023-07-05,32.8,50996.35,0.0,0.0,13,1002.5,876.6,39.0,26.6,0,26.4,0.0,46800.0,190,54.368233,31.880491,1217.0
2023-07-06,30.8,50959.84,0.0,0.0,15,1005.1,878.1,36.4,24.2,0,19.7,0.0,46800.0,251,54.368233,31.880491,1217.0
2023-07-07,30.4,50921.04,0.0,0.0,16,1007.1,879.7,36.2,23.8,0,21.9,0.0,46800.0,303,54.368233,31.880491,1217.0
2023-07-08,31.2,50880.0,0.0,0.0,15,1005.1,878.3,37.2,23.6,0,21.1,0.0,46800.0,300,54.368233,31.880491,1217.0
2023-07-09,33.5,50836.77,0.0,0.0,11,1000.5,875.1,39.8,24.8,0,30.4,0.0,46800.0,117,54.368233,31.880491,1217.0
2023-07-10,35.1,50791.43,0.0,0.0,10,998.3,873.8,42.2,26.7,0,24.7,0.0,46800.0,104,54.368233,31.880491,1217.0
2023-07-11,35.3,50744.04,0.0,0.0,10,1000.6,875.8,42.0,26.6,0,20.7,0.0,46800.0,98,54.368233,31.880491,1217.0
2023-07-12,35.6,50694.62,0.0,0.0,7,1003.3,878.3,42.2,28.9,0,28.3,0.0,46800.0,113,54.368233,31.880491,1217.0
2023-07-13,33.9,50643.27,0.0,0.0,10,1005.4,879.6,40.2,26.7,0,24.1,0.0,46800.0,35,54.368233,31.880491,1217.0
2023-07-14,32.5,50590.02,0.0,0.0,13,1006.0,879.6,38.2,26.3,0,22.9,0.0,46783.66,336,54.368233,31.880491,1217.0
2023-07-15,33.1,50534.94,0.0,0.0,11,1004.0,878.1,38.9,25.4,0,24.5,0.0,46800.0,225,54.368233,31.880491,1217.0
2023-07-16,34.8,50478.09,0.0,0.0,10,1001.5,876.5,40.8,25.8,0,26.4,0.0,46681.96,112,54.368233,31.880491,1217.0
2023-07-17,35.7,50419.41,0.0,0.0,9,998.7,874.4,42.5,27.5,30,24.4,0.0,42759.64,99,54.368233,31.880491,1217.0
2023-07-18,33.4,50358.39,0.0,0.0,22,999.9,874.5,39.5,25.7,29,27.1,0.0,41366.89,302,54.368233,31.880491,1217.0
2023-07-19,32.8,50295.03,0.0,0.0,22,1000.7,875.1,37.6,27.0,19,32.8,0.0,41853.27,292,54.368233,31.880491,1217.0
2023-07-20,33.7,50229.42,0.0,0.0,19,1001.7,876.3,40.2,27.1,23,26.6,0.0,43033.51,289,54.368233,31.880491,1217.0
2023-07-21,35.1,50161.66,0.0,0.0,14,1002.7,877.6,41.3,27.5,23,20.9,0.0,42145.65,286,54.368233,31.880491,1217.0
2023-07-22,35.8,50091.83,0.0,0.0,11,1003.2,878.4,42.3,30.1,15,28.6,0.0,44015.78,133,54.368233,31.880491,1217.0
2023-07-23,34.3,50020.05,0.0,0.0,12,1003.8,878.3,40.8,28.4,25,18.2,0.0,41699.56,144,54.368233,31.880491,1217.0
2023-07-24,33.9,49946.41,0.0,0.0,12,1000.8,875.6,39.5,28.3,3,15.9,0.0,46611.33,278,54.368233,31.880491,1217.0
2023-07-25,34.4,49870.99,0.0,0.0,10,999.9,875.0,39.7,28.2,30,15.9,0.0,35268.18,175,54.368233,31.880491,1217.0
2023-07-26,35.2,49793.89,0.0,0.0,9,1000.7,875.9,40.9,28.2,16,21.6,0.0,46078.99,151,54.368233,31.880491,1217.0
2023-07-27,35.5,49715.21,0.0,0.0,10,1000.8,876.1,41.3,29.8,33,18.6,0.0,41862.84,90,54.368233,31.880491,1217.0
2023-07-28,35.5,49635.03,0.0,0.0,12,998.8,874.4,41.4,28.1,10,28.5,0.0,45789.75,300,54.368233,31.880491,1217.0
2023-07-29,34.8,49553.45,0.0,0.0,15,999.6,874.8,41.5,28.6,18,34.2,0.0,41690.02,280,54.368233,31.880491,1217.0
2023-07-30,32.8,49470.54,0.0,0.0,19,1002.3,876.5,38.2,27.4,9,22.3,0.0,45265.67,285,54.368233,31.880491,1217.0
2023-07-31,32.8,49386.41,0.0,0.0,13,1002.5,876.6,39.2,26.9,2,17.5,0.0,45415.68,293,54.368233,31.880491,1217.0
2023-08-01,31.6,49301.12,0.0,0.0,11,1003.9,877.4,38.3,24.0,0,22.2,0.0,45918.59,313,54.368233,31.880491,1217.0
2023-08-02,33.0,49214.78,0.0,0.0,12,1003.9,877.9,39.5,25.1,0,25.2,0.0,45553.91,333,54.368233,31.880491,1217.0
2023-08-03,32.9,49127.45,0.0,0.0,13,1003.1,877.1,39.8,25.0,2,27.4,0.0,45214.89,88,54.368233,31.880491,1217.0
2023-08-04,32.7,49039.23,0.0,0.0,10,1003.9,877.8,39.3,24.3,0,26.3,0.0,45200.1,55,54.368233,31.880491,1217.0
2023-08-05,31.8,48950.19,0.0,0.0,12,1006.3,879.5,38.7,24.5,0,32.6,0.0,45027.54,298,54.368233,31.880491,1217.0
2023-08-06,32.5,48860.27,0.0,0.0,14,1005.6,879.2,38.2,25.2,0,23.0,0.0,44384.35,51,54.368233,31.880491,1217.0
2023-08-07,32.8,48768.77,0.0,0.0,16,1002.6,876.7,38.3,26.6,10,27.0,0.0,43749.97,323,54.368233,31.880491,1217.0
2023-08-08,32.2,48675.66,0.0,0.0,18,1003.4,877.1,37.7,25.3,42,19.7,0.0,41664.62,308,54.368233,31.880491,1217.0
2023-08-09,31.1,48581.04,0.0,0.0,21,1008.1,880.9,36.2,25.5,7,28.5,0.0,42801.57,304,54.368233,31.880491,1217.0
2023-08-10,30.6,48484.99,0.0,0.0,17,1010.6,882.8,37.2,24.2,0,24.5,0.0,43716.39,318,54.368233,31.880491,1217.0
2023-08-11,30.3,48387.64,0.0,0.0,14,1010.5,882.6,37.0,23.1,0,24.9,0.0,43863.09,324,54.368233,31.880491,1217.0
2023-08-12,30.4,48289.05,0.0,0.0,16,1010.2,882.4,36.8,23.0,0,31.8,0.0,42812.61,323,54.368233,31.880491,1217.0
2023-08-13,28.9,48189.34,0.0,0.0,15,1010.5,882.1,35.0,23.0,0,34.1,0.0,43386.64,316,54.368233,31.880491,1217.0
2023-08-14,27.4,48088.58,0.0,0.0,14,1012.4,883.2,33.7,21.1,0,32.2,0.0,43233.53,312,54.368233,31.880491,1217.0
2023-08-15,26.1,47986.88,0.0,0.0,11,1012.1,882.4,32.9,19.8,0,32.3,0.0,43519.92,301,54.368233,31.880491,1217.0
2023-08-16,26.1,47884.31,0.0,0.0,9,1011.2,881.6,33.2,18.4,0,24.9,0.0,43367.63,309,54.368233,31.880491,1217.0
2023-08-17,27.0,47780.98,0.0,0.0,8,1011.1,881.9,33.8,18.0,0,18.7,0.0,43218.07,319,54.368233,31.880491,1217.0
2023-08-18,28.0,47676.95,0.0,0.0,9,1009.8,881.1,34.3,21.2,0,23.3,0.0,42922.29,293,54.368233,31.880491,1217.0
2023-08-19,29.2,47572.31,0.0,0.0,11,1008.3,880.3,35.3,20.6,1,21.0,0.0,42348.58,264,54.368233,31.880491,1217.0
2023-08-20,30.7,47467.15,0.0,0.0,11,1007.5,880.2,36.7,23.0,3,19.0,0.0,42213.09,124,54.368233,31.880491,1217.0
2023-08-21,30.8,47361.55,0.0,0.0,12,1007.8,880.5,37.3,22.9,5,19.8,0.0,41542.84,97,54.368233,31.880491,1217.0
2023-08-22,31.5,47255.59,0.0,0.0,13,1008.8,881.6,38.2,22.8,0,23.6,0.0,41935.81,331,54.368233,31.880491,1217.0
2023-08-23,32.0,47149.34,0.0,0.0,14,1007.7,880.9,38.0,24.0,0,24.2,0.0,41665.57,159,54.368233,31.880491,1217.0
2023-08-24,32.5,47042.88,0.0,0.0,13,1005.1,878.8,38.8,24.2,1,23.2,0.0,41811.09,109,54.368233,31.880491,1217.0
2023-08-25,32.6,46936.3,0.0,0.0,12,1003.4,877.3,38.3,26.1,4,23.5,0.0,41548.2,125,54.368233,31.880491,1217.0
2023-08-26,33.1,46829.51,0.0,0.0,13,1000.9,875.3,41.4,24.9,0,37.6,0.0,41551.37,61,54.368233,31.880491,1217.0
2023-08-27,28.4,46721.79,0.0,0.0,29,1006.6,878.5,34.5,22.6,3,40.3,0.0,41181.0,281,54.368233,31.880491,1217.0
2023-08-28,29.2,46613.05,0.0,0.0,22,1005.1,877.5,36.0,22.2,0,22.0,0.0,41050.0,329,54.368233,31.880491,1217.0
2023-08-29,31.7,46503.42,0.0,0.0,16,1000.6,874.5,39.1,22.3,1,28.6,0.0,41195.84,39,54.368233,31.880491,1217.0
2023-08-30,32.3,46392.94,0.0,0.0,14,1003.7,877.5,38.6,26.1,20,25.8,0.0,40870.71,321,54.368233,31.880491,1217.0
2023-08-31,31.0,46281.71,0.0,0.0,17,1006.8,879.7,37.0,25.0,0,22.0,0.0,40868.91,306,54.368233,31.880491,1217.0
2023-09-01,30.5,46169.82,0.0,0.0,20,1007.6,880.2,36.5,24.3,6,23.4,0.0,40732.35,292,54.368233,31.880491,1217.0
2023-09-02,30.9,46057.34,0.0,0.0,17,1008.2,880.8,36.8,24.5,18,18.6,0.0,40063.98,305,54.368233,31.880491,1217.0
2023-09-03,31.5,45944.33,0.0,0.0,16,1007.7,880.7,38.1,24.3,10,19.2,0.0,40597.62,70,54.368233,31.880491,1217.0
2023-09-04,32.1,45830.88,0.0,0.0,13,1007.9,881.1,37.4,25.0,1,19.8,0.0,40597.25,152,54.368233,31.880491,1217.0
2023-09-05,31.8,45717.07,0.0,0.0,13,1008.3,881.3,38.2,24.8,11,21.3,0.0,40276.17,117,54.368233,31.880491,1217.0
2023-09-06,31.9,45602.97,0.0,0.0,13,1007.2,880.4,38.5,24.1,15,17.0,0.0,40595.93,100,54.368233,31.880491,1217.0
2023-09-07,32.1,45488.65,0.0,0.0,13,1006.2,879.6,38.2,25.1,12,17.1,0.0,40467.14,102,54.368233,31.880491,1217.0
2023-09-08,32.8,45374.18,0.0,0.0,12,1005.1,878.9,39.2,25.1,14,25.2,0.0,40340.49,111,54.368233,31.880491,1217.0
2023-09-09,32.6,45259.64,0.0,0.0,11,1003.4,877.3,40.1,25.0,0,18.2,0.0,40466.9,3,54.368233,31.880491,1217.0
2023-09-10,31.4,45145.09,0.0,0.0,12,1002.9,876.4,38.2,24.1,0,20.2,0.0,40466.46,307,54.368233,31.880491,1217.0
2023-09-11,31.7,45030.61,0.0,0.0,11,1004.2,877.6,39.2,25.0,0,21.3,0.0,40342.75,46,54.368233,31.880491,1217.0
2023-09-12,31.2,44916.26,0.0,0.0,12,1005.8,878.9,38.6,23.0,0,20.6,0.0,40343.06,315,54.368233,31.880491,1217.0
2023-09-13,31.1,44802.12,0.0,0.0,13,1006.6,879.6,37.8,23.5,0,18.7,0.0,40222.64,316,54.368233,31.880491,1217.0
2023-09-14,31.4,44688.24,0.0,0.0,12,1005.0,878.2,38.5,22.8,5,22.5,0.0,40223.77,127,54.368233,31.880491,1217.0
2023-09-15,31.0,44574.57,0.0,0.0,14,1005.3,878.4,37.5,23.8,1,30.1,0.0,40224.65,314,54.368233,31.880491,1217.0
2023-09-16,27.0,44460.34,0.0,0.0,22,1008.0,879.2,32.4,22.3,0,27.8,0.0,40108.71,299,54.368233,31.880491,1217.0
2023-09-17,26.8,44345.48,0.0,0.0,22,1007.7,878.8,32.8,20.9,0,20.9,0.0,39995.23,308,54.368233,31.880491,1217.0
2023-09-18,27.3,44230.08,0.0,0.0,20,1006.2,877.7,35.0,19.0,0,15.2,0.0,39998.08,322,54.368233,31.880491,1217.0
2023-09-19,26.3,44114.2,0.0,0.0,18,1010.5,881.1,33.0,20.5,3,27.5,0.0,40000.69,294,54.368233,31.880491,1217.0
2023-09-20,24.8,43997.92,0.0,0.0,24,1014.3,883.8,30.8,18.6,0,24.0,0.0,39835.48,299,54.368233,31.880491,1217.0
2023-09-21,25.5,43881.31,0.0,0.0,20,1013.5,883.3,31.8,18.3,0,22.7,0.0,39759.04,301,54.368233,31.880491,1217.0
2023-09-22,25.2,43764.45,0.0,0.0,18,1015.1,884.6,31.9,18.8,0,18.1,0.0,39574.09,296,54.368233,31.880491,1217.0
2023-09-23,24.5,43647.41,0.0,0.0,17,1016.1,885.2,31.3,17.5,0,16.0,0.0,39498.25,286,54.368233,31.880491,1217.0
2023-09-24,23.6,43530.26,0.0,0.0,17,1015.2,884.0,29.6,17.0,0,19.1,0.0,39422.1,305,54.368233,31.880491,1217.0
2023-09-25,23.1,43413.08,0.0,0.0,16,1013.2,882.2,30.0,16.1,0,15.7,0.0,39345.75,312,54.368233,31.880491,1217.0
2023-09-26,23.9,43295.93,0.0,0.0,14,1012.1,881.5,31.6,15.2,2,17.1,0.0,39167.65,119,54.368233,31.880491,1217.0
2023-09-27,22.9,43178.89,0.0,0.0,17,1015.2,883.8,29.2,17.5,5,26.8,0.0,38992.91,292,54.368233,31.880491,1217.0
2023-09-28,21.6,43062.04,0.0,0.0,28,1017.0,884.8,27.8,15.5,0,26.4,0.0,38919.88,303,54.368233,31.880491,1217.0
2023-09-29,21.5,42945.44,0.0,0.0,24,1016.3,884.1,27.6,15.4,0,17.7,0.0,38847.07,321,54.368233,31.880491,1217.0
2023-09-30,22.3,42829.17,0.0,0.0,23,1013.8,882.4,29.0,15.1,0,13.8,0.0,38774.54,99,54.368233,31.880491,1217.0
2023-10-01,24.2,42713.3,0.0,0.0,19,1009.8,879.6,31.6,16.1,1,17.3,0.0,38702.39,108,54.368233,31.880491,1217.0
2023-10-02,25.6,42597.91,0.0,0.0,16,1010.6,880.9,32.5,18.5,8,23.5,0.0,38586.97,299,54.368233,31.880491,1217.0
2023-10-03,27.3,42483.06,0.0,0.0,19,1012.6,883.3,34.7,20.4,7,30.3,0.0,37047.39,297,54.368233,31.880491,1217.0
2023-10-04,26.8,42368.84,0.0,0.0,25,1014.6,884.9,34.0,19.8,8,21.4,0.0,37142.57,297,54.368233,31.880491,1217.0
2023-10-05,25.8,42255.17,0.0,0.0,28,1014.1,884.0,35.6,18.3,7,41.4,0.0,37964.69,291,54.368233,31.880491,1217.0
2023-10-06,20.9,42141.23,0.0,0.0,29,1017.2,884.7,26.9,16.0,0,22.2,0.0,37817.81,314,54.368233,31.880491,1217.0
2023-10-07,21.7,42026.94,0.0,0.0,24,1015.5,883.6,29.2,14.1,0,13.8,0.0,37805.97,317,54.368233,31.880491,1217.0
2023-10-08,23.4,41912.39,0.0,0.0,19,1014.8,883.6,30.7,14.6,1,13.9,0.0,37532.51,96,54.368233,31.880491,1217.0
2023-10-09,24.8,41797.66,0.0,0.0,17,1012.8,882.4,32.8,16.2,5,15.3,0.0,37394.41,132,54.368233,31.880491,1217.0
2023-10-10,25.0,41682.82,0.0,0.0,17,1014.1,883.7,32.5,17.9,0,12.5,0.0,37134.54,296,54.368233,31.880491,1217.0
2023-10-11,25.8,41567.98,0.0,0.0,17,1014.2,884.1,33.4,17.5,2,22.9,0.0,36883.28,321,54.368233,31.880491,1217.0
2023-10-12,24.7,41453.21,0.0,0.0,28,1017.6,886.6,33.5,16.3,20,33.9,0.0,36401.53,307,54.368233,31.880491,1217.0
2023-10-13,20.8,41338.6,0.0,0.0,38,1019.5,886.7,27.5,13.8,16,16.9,0.0,36525.46,317,54.368233,31.880491,1217.0
2023-10-14,24.0,41224.23,0.0,0.0,27,1014.6,883.7,31.0,16.3,31,31.4,0.0,36000.0,306,54.368233,31.880491,1217.0
2023-10-15,20.9,41110.18,0.0,0.0,29,1015.4,883.2,27.0,15.8,0,19.5,0.0,36529.87,310,54.368233,31.880491,1217.0
2023-10-16,22.9,40996.55,0.0,0.0,22,1010.8,879.9,30.2,13.9,11,17.4,0.0,36313.54,137,54.368233,31.880491,1217.0
2023-10-17,22.8,40883.43,0.0,0.0,22,1010.5,879.6,30.3,16.5,18,34.9,0.0,36000.0,278,54.368233,31.880491,1217.0
2023-10-18,20.4,40770.9,0.0,0.0,26,1015.6,883.2,26.9,15.7,0,17.5,0.0,36322.14,290,54.368233,31.880491,1217.0
2023-10-19,19.4,40659.06,0.8,0.0,32,1017.0,883.9,27.1,14.2,34,34.6,0.8,25067.63,148,54.368233,31.880491,1217.0
2023-10-20,21.7,40548.0,0.0,0.0,29,1016.7,884.6,28.2,14.6,12,14.7,0.0,36000.0,147,54.368233,31.880491,1217.0
2023-10-21,21.5,40437.81,0.0,0.0,28,1016.0,883.9,28.0,14.8,36,20.8,0.0,35766.71,149,54.368233,31.880491,1217.0
2023-10-22,21.8,40328.6,0.0,0.0,19,1017.3,885.2,27.5,16.4,32,16.8,0.0,36058.31,316,54.368233,31.880491,1217.0
2023-10-23,20.1,40220.45,0.0,0.0,25,1018.5,885.5,26.8,13.2,8,14.8,0.0,36000.0,1,54.368233,31.880491,1217.0
2023-10-24,21.6,40113.46,0.0,0.0,22,1013.3,881.6,29.4,13.2,15,22.6,0.0,36000.0,115,54.368233,31.880491,1217.0
2023-10-25,21.5,40007.57,0.0,0.0,29,1015.7,883.6,27.5,16.1,57,28.8,0.0,32400.0,312,54.368233,31.880491,1217.0
2023-10-26,19.5,39901.88,0.0,0.0,40,1018.1,884.9,23.5,14.6,58,18.6,0.0,30896.04,306,54.368233,31.880491,1217.0
2023-10-27,19.9,39796.29,0.0,0.0,35,1016.3,883.6,25.6,13.1,0,14.9,0.0,36000.0,14,54.368233,31.880491,1217.0
2023-10-28,20.6,39690.92,0.0,0.0,30,1014.9,882.6,27.5,13.2,3,13.1,0.0,36000.0,100,54.368233,31.880491,1217.0
2023-10-29,21.1,39585.86,0.0,0.0,26,1015.9,883.6,28.1,14.1,10,14.8,0.0,35954.34,50,54.368233,31.880491,1217.0
2023-10-30,21.5,39481.21,0.0,0.0,23,1017.3,885.1,28.0,14.1,73,15.1,0.0,35902.44,336,54.368233,31.880491,1217.0
2023-10-31,19.1,39377.08,0.0,0.0,34,1021.5,887.7,24.4,13.9,51,25.4,0.0,35850.05,294,54.368233,31.880491,1217.0
2023-11-01,16.1,39273.56,0.5,0.0,48,1022.7,887.5,20.4,12.6,60,21.7,0.5,24339.79,320,54.368233,31.880491,1217.0
2023-11-02,19.1,39170.77,0.0,0.0,44,1018.0,884.7,26.0,11.1,59,21.9,0.0,35743.97,149,54.368233,31.880491,1217.0
2023-11-03,15.2,39068.79,1.9,0.0,63,1017.2,882.3,19.7,11.6,45,20.3,1.9,23612.95,261,54.368233,31.880491,1217.0
2023-11-04,15.7,38967.76,1.8,0.0,66,1014.7,880.4,22.8,10.6,26,23.2,1.8,35636.39,130,54.368233,31.880491,1217.0
2023-11-05,12.9,38867.77,4.7,0.0,78,1017.5,881.6,17.4,9.5,36,12.5,4.7,34714.99,302,54.368233,31.880491,1217.0
2023-11-06,13.9,38768.94,0.0,0.0,66,1016.9,881.5,19.8,9.1,21,14.0,0.0,35527.67,121,54.368233,31.880491,1217.0
2023-11-07,15.7,38671.38,0.0,0.0,51,1015.6,881.1,22.1,9.2,6,14.0,0.0,35472.99,88,54.368233,31.880491,1217.0
2023-11-08,15.3,38575.21,0.0,0.0,43,1020.4,885.1,20.6,11.0,0,17.2,0.0,35418.15,301,54.368233,31.880491,1217.0
2023-11-09,14.5,38480.54,0.0,0.0,45,1022.0,886.1,21.0,8.4,0,15.0,0.0,35363.2,122,54.368233,31.880491,1217.0
2023-11-10,16.4,38387.49,0.0,0.0,35,1020.3,885.5,25.0,8.4,5,16.1,0.0,35308.2,124,54.368233,31.880491,1217.0
2023-11-11,16.8,38296.2,0.0,0.0,32,1022.9,887.9,24.0,8.9,23,15.0,0.0,35253.18,1,54.368233,31.880491,1217.0
2023-11-12,16.5,38206.77,0.0,0.0,30,1022.9,887.8,23.9,8.1,9,13.9,0.0,35171.87,122,54.368233,31.880491,1217.0
2023-11-13,16.9,38119.33,0.0,0.0,29,1020.7,886.0,24.5,8.3,94,13.0,0.0,28831.01,123,54.368233,31.880491,1217.0
2023-11-14,16.9,38033.85,0.0,0.0,27,1017.0,882.9,24.2,10.6,52,14.1,0.0,31954.9,148,54.368233,31.880491,1217.0
2023-11-15,17.2,37949.43,0.0,0.0,20,1014.4,880.7,25.5,7.3,49,15.6,0.0,34894.09,134,54.368233,31.880491,1217.0
2023-11-16,16.0,37866.02,0.0,0.0,40,1014.6,880.4,20.9,11.4,70,15.3,0.0,23533.75,137,54.368233,31.880491,1217.0
2023-11-17,15.1,37783.71,2.0,0.0,58,1015.1,880.4,20.6,10.3,31,13.5,2.0,28593.09,136,54.368233,31.880491,1217.0
2023-11-18,15.0,37702.6,0.0,0.0,42,1016.9,881.9,22.2,8.6,0,15.2,0.0,34626.95,127,54.368233,31.880491,1217.0
2023-11-19,15.7,37622.79,0.0,0.0,33,1014.6,880.2,23.9,7.7,32,19.0,0.0,34540.33,126,54.368233,31.880491,1217.0
2023-11-20,18.0,37544.39,0.0,0.0,39,1008.4,875.9,23.0,11.4,70,46.4,0.0,19104.85,136,54.368233,31.880491,1217.0
2023-11-21,16.9,37467.49,0.0,0.0,38,1011.0,877.7,22.5,12.0,1,21.6,0.0,34371.44,69,54.368233,31.880491,1217.0
2023-11-22,11.3,37392.21,0.0,0.0,35,1022.8,885.5,16.7,5.5,0,16.5,0.0,34289.4,279,54.368233,31.880491,1217.0
2023-11-23,11.9,37318.65,0.0,0.0,26,1017.6,881.2,18.8,2.8,84,16.2,0.0,28877.45,143,54.368233,31.880491,1217.0
2023-11-24,11.3,37246.93,1.9,0.0,33,1013.6,877.5,18.2,6.6,48,30.3,1.9,27130.07,301,54.368233,31.880491,1217.0
2023-11-25,12.1,37177.14,0.0,0.0,29,1016.7,880.6,19.5,5.2,23,19.2,0.0,34054.39,125,54.368233,31.880491,1217.0
2023-11-26,14.3,37109.41,0.0,0.0,23,1013.7,878.9,23.1,6.8,42,23.0,0.0,30622.72,139,54.368233,31.880491,1217.0
2023-11-27,15.0,37043.85,0.0,0.0,25,1012.2,877.9,22.4,7.9,0,18.2,0.0,33845.67,122,54.368233,31.880491,1217.0
2023-11-28,15.1,36980.56,0.0,0.0,32,1012.9,878.5,22.6,8.4,0,20.4,0.0,33684.35,171,54.368233,31.880491,1217.0
2023-11-29,12.0,36919.66,0.0,0.0,45,1019.4,882.8,17.5,6.8,17,14.3,0.0,33401.55,301,54.368233,31.880491,1217.0
2023-11-30,12.2,36861.28,0.0,0.0,37,1019.6,883.0,18.9,4.7,3,10.7,0.0,33376.7,128,54.368233,31.880491,1217.0
2023-12-01,12.6,36805.5,0.0,0.0,30,1019.3,883.0,21.1,5.6,3,13.6,0.0,33230.66,9,54.368233,31.880491,1217.0
2023-12-02,11.6,36752.47,0.0,0.0,34,1021.6,884.5,17.5,6.1,0,12.1,0.0,33090.01,345,54.368233,31.880491,1217.0
2023-12-03,12.2,36702.29,0.0,0.0,30,1022.4,885.5,20.6,4.9,0,13.6,0.0,33072.74,127,54.368233,31.880491,1217.0
2023-12-04,12.3,36654.98,0.0,0.0,25,1022.5,885.6,20.4,4.1,0,12.2,0.0,33056.79,132,54.368233,31.880491,1217.0
2023-12-05,11.9,36609.94,0.0,0.0,26,1021.0,884.1,19.8,4.6,0,13.8,0.0,32928.77,132,54.368233,31.880491,1217.0
2023-12-06,11.6,36567.12,0.0,0.0,25,1019.8,883.0,19.6,3.9,64,11.5,0.0,32806.53,169,54.368233,31.880491,1217.0
2023-12-07,12.9,36526.58,0.0,0.0,22,1017.7,881.8,20.2,6.2,12,14.5,0.0,32145.3,178,54.368233,31.880491,1217.0
2023-12-08,12.4,36488.36,0.0,0.0,29,1020.1,883.6,19.2,6.8,7,12.1,0.0,32579.78,142,54.368233,31.880491,1217.0
2023-12-09,11.5,36452.52,0.0,0.0,33,1020.2,883.3,20.5,3.8,29,10.0,0.0,32371.19,189,54.368233,31.880491,1217.0
2023-12-10,12.1,36419.09,0.0,0.0,32,1020.0,883.4,19.6,5.3,40,16.1,0.0,32377.24,147,54.368233,31.880491,1217.0
2023-12-11,12.5,36388.14,0.0,0.0,29,1020.2,883.7,19.7,5.9,83,15.6,0.0,31921.84,125,54.368233,31.880491,1217.0
2023-12-12,10.2,36359.7,0.0,0.0,33,1018.0,880.8,16.9,3.6,97,12.8,0.0,31499.98,228,54.368233,31.880491,1217.0
2023-12-13,9.5,36333.82,0.3,0.0,36,1011.5,874.9,16.2,2.8,43,18.1,0.3,32024.88,262,54.368233,31.880491,1217.0
2023-12-14,8.8,36310.55,0.0,0.0,61,1013.4,876.2,15.3,3.8,27,34.6,0.0,32230.13,300,54.368233,31.880491,1217.0
2023-12-15,6.8,36289.94,0.1,0.0,70,1023.6,884.2,11.4,3.2,8,22.4,0.1,31984.6,300,54.368233,31.880491,1217.0
2023-12-16,7.7,36272.02,0.0,0.0,47,1027.2,887.6,14.5,1.6,0,15.3,0.0,32265.87,128,54.368233,31.880491,1217.0
2023-12-17,9.8,36256.85,0.0,0.0,29,1022.1,884.1,19.0,2.2,7,19.0,0.0,32285.48,127,54.368233,31.880491,1217.0
2023-12-18,10.3,36244.46,0.0,0.0,33,1018.3,881.1,19.1,3.7,66,19.5,0.0,32058.12,269,54.368233,31.880491,1217.0
2023-12-19,5.9,36234.91,0.0,0.0,59,1023.5,883.6,10.9,1.2,48,13.8,0.0,30253.12,296,54.368233,31.880491,1217.0
2023-12-20,5.7,36228.21,0.0,0.0,55,1025.6,885.4,10.5,1.2,0,13.4,0.0,32194.54,306,54.368233,31.880491,1217.0
2023-12-21,6.0,36224.43,0.0,0.0,47,1022.1,882.5,11.4,0.2,0,15.8,0.0,32222.84,241,54.368233,31.880491,1217.0
2023-12-22,9.1,36223.59,0.0,0.0,31,1015.2,877.9,17.8,1.1,20,22.3,0.0,32252.03,130,54.368233,31.880491,1217.0
2023-12-23,11.0,36225.73,0.4,0.0,36,1012.1,876.1,16.5,5.0,58,14.0,0.4,11143.61,132,54.368233,31.880491,1217.0
2023-12-24,12.6,36230.9,0.0,0.0,42,1015.7,879.8,19.1,6.7,1,16.9,0.0,32242.73,116,54.368233,31.880491,1217.0
2023-12-25,12.0,36239.13,0.0,0.0,36,1018.5,882.0,18.8,5.6,0,13.8,0.0,32277.39,162,54.368233,31.880491,1217.0
2023-12-26,11.6,36250.38,0.0,0.0,28,1021.0,884.0,19.0,4.9,0,14.1,0.0,32313.89,131,54.368233,31.880491,1217.0
2023-12-27,10.1,36264.59,0.0,0.0,27,1023.0,885.1,18.6,3.9,0,11.8,0.0,32352.14,133,54.368233,31.880491,1217.0
2023-12-28,11.5,36281.73,0.0,0.0,23,1018.0,881.3,19.4,3.2,53,11.4,0.0,28834.33,151,54.368233,31.880491,1217.0
2023-12-29,9.9,36301.74,0.0,0.0,41,1022.8,884.9,14.8,5.3,48,21.0,0.0,28798.08,305,54.368233,31.880491,1217.0
2023-12-30,9.0,36324.55,0.0,0.0,44,1023.8,885.3,15.1,2.5,42,12.6,0.0,32400.0,343,54.368233,31.880491,1217.0
2023-12-31,9.8,36350.13,4.2,0.0,50,1020.6,882.9,14.9,4.8,31,12.0,4.2,32400.0,57,54.368233,31.880491,1217.0
2024-01-01,9.3,36378.41,0.0,0.0,61,1020.1,882.2,16.9,3.4,21,28.0,0.0,32400.0,319,54.368233,31.880491,1217.0
2024-01-02,9.1,36409.33,0.0,0.0,58,1020.1,882.2,15.2,3.8,32,9.0,0.0,32400.0,129,54.368233,31.880491,1217.0
2024-01-03,10.6,36442.84,0.0,0.0,46,1013.5,877.1,17.0,3.4,28,6.7,0.0,32400.0,227,54.368233,31.880491,1217.0
2024-01-04,8.9,36478.89,0.0,0.0,40,1017.0,879.4,14.9,4.1,0,19.1,0.0,32400.0,246,54.368233,31.880491,1217.0
2024-01-05,9.5,36517.41,0.0,0.0,27,1015.1,878.0,17.8,2.3,0,19.4,0.0,32400.0,133,54.368233,31.880491,1217.0
2024-01-06,10.4,36558.34,0.0,0.0,27,1016.2,879.3,17.5,5.3,1,25.5,0.0,32400.0,284,54.368233,31.880491,1217.0
2024-01-07,6.0,36601.64,0.0,0.0,41,1026.2,886.0,11.1,0.8,7,21.1,0.0,32400.0,295,54.368233,31.880491,1217.0
2024-01-08,8.0,36647.23,0.0,0.0,23,1022.0,883.3,17.1,-0.8,30,21.6,0.0,32400.0,127,54.368233,31.880491,1217.0
2024-01-09,11.6,36695.06,0.0,0.0,12,1017.9,881.3,20.5,3.6,44,16.4,0.0,32400.0,131,54.368233,31.880491,1217.0
2024-01-10,12.2,36745.07,0.0,0.0,10,1013.6,877.9,22.0,5.1,27,19.3,0.0,31457.38,123,54.368233,31.880491,1217.0
2024-01-11,8.9,36797.2,0.0,0.0,14,1014.7,877.4,15.9,1.9,60,16.1,0.0,32400.0,205,54.368233,31.880491,1217.0
2024-01-12,11.9,36851.39,0.0,0.0,22,1009.4,874.1,20.0,5.2,5,20.9,0.0,32400.0,137,54.368233,31.880491,1217.0
2024-01-13,11.9,36907.71,0.0,0.0,36,1012.1,876.5,19.6,5.2,20,19.8,0.0,32430.18,119,54.368233,31.880491,1217.0
2024-01-14,13.9,36966.78,0.0,0.0,32,1013.9,878.9,21.0,6.3,83,19.8,0.0,32400.0,119,54.368233,31.880491,1217.0
2024-01-15,14.6,37028.59,0.0,0.0,39,1015.6,880.6,21.4,9.9,66,18.4,0.0,32400.0,108,54.368233,31.880491,1217.0
2024-01-16,11.3,37093.05,0.0,0.0,45,1018.2,881.5,16.1,7.1,16,16.9,0.0,32414.21,290,54.368233,31.880491,1217.0
2024-01-17,10.5,37160.0,0.0,0.0,40,1017.2,880.3,17.1,4.2,0,13.4,0.0,32568.95,88,54.368233,31.880491,1217.0
2024-01-18,8.7,37229.35,0.0,0.0,38,1018.5,880.5,15.0,1.5,42,21.6,0.0,32568.12,297,54.368233,31.880491,1217.0
2024-01-19,7.7,37300.97,0.0,0.0,35,1022.6,883.7,13.2,2.2,2,16.9,0.0,32654.07,312,54.368233,31.880491,1217.0
2024-01-20,9.2,37374.74,0.0,0.0,33,1020.6,882.6,17.5,1.5,51,20.3,0.0,32400.0,129,54.368233,31.880491,1217.0
2024-01-21,9.2,37450.54,0.0,0.0,28,1019.9,882.0,15.8,4.8,5,14.3,0.0,32748.56,273,54.368233,31.880491,1217.0
2024-01-22,9.9,37528.25,0.0,0.0,23,1020.2,882.6,18.4,2.4,8,15.5,0.0,32750.33,126,54.368233,31.880491,1217.0
2024-01-23,11.0,37607.77,0.0,0.0,22,1018.2,881.3,20.6,2.6,47,17.9,0.0,32550.15,176,54.368233,31.880491,1217.0
2024-01-24,14.2,37688.97,0.0,0.0,34,1012.3,877.6,21.4,6.4,87,19.4,0.0,30040.41,155,54.368233,31.880491,1217.0
2024-01-25,12.1,37771.76,0.0,0.0,46,1013.9,878.1,18.5,6.2,32,14.5,0.0,32962.04,274,54.368233,31.880491,1217.0
2024-01-26,7.1,37856.01,6.7,0.0,72,1016.1,877.8,10.0,4.3,96,17.1,6.7,9403.35,197,54.368233,31.880491,1217.0
2024-01-27,11.0,37941.62,0.0,0.0,71,1009.1,873.5,18.4,5.6,33,14.3,0.0,33079.27,138,54.368233,31.880491,1217.0
2024-01-28,9.1,38028.47,0.0,0.0,53,1014.4,877.2,14.2,3.0,0,18.7,0.0,33316.01,317,54.368233,31.880491,1217.0
2024-01-29,5.5,38116.48,0.0,0.0,63,1020.5,880.9,10.7,1.4,48,15.5,0.0,32400.0,277,54.368233,31.880491,1217.0
2024-01-30,5.3,38205.53,0.0,0.0,54,1023.0,882.9,10.6,0.5,17,15.5,0.0,30567.94,278,54.368233,31.880491,1217.0
2024-01-31,4.9,38295.52,0.0,0.0,54,1023.5,883.2,10.6,0.3,9,13.6,0.0,33452.15,290,54.368233,31.880491,1217.0
2024-02-01,4.3,38386.34,0.0,0.0,54,1017.1,877.3,10.1,-1.2,6,11.5,0.0,33616.86,261,54.368233,31.880491,1217.0
2024-02-02,2.1,38478.08,0.1,0.0,65,1012.4,872.3,8.2,-1.4,31,23.7,0.1,33589.27,283,54.368233,31.880491,1217.0
2024-02-03,4.0,38571.65,0.0,0.0,45,1019.1,878.9,10.1,-1.8,1,26.0,0.0,34096.54,306,54.368233,31.880491,1217.0
2024-02-04,5.2,38667.09,0.0,0.0,37,1019.2,879.6,12.2,-2.2,0,14.4,0.0,34493.24,151,54.368233,31.880491,1217.0
2024-02-05,5.7,38764.28,0.0,0.0,37,1017.7,878.6,12.6,-1.5,0,15.1,0.0,34602.38,137,54.368233,31.880491,1217.0
2024-02-06,7.9,38863.09,0.0,0.0,30,1016.3,878.3,15.4,0.2,38,33.0,0.0,34141.63,303,54.368233,31.880491,1217.0
2024-02-07,8.6,38963.41,0.0,0.0,30,1019.3,881.2,16.4,1.0,0,14.2,0.0,34894.66,292,54.368233,31.880491,1217.0
2024-02-08,9.6,39065.11,0.0,0.0,28,1020.2,882.5,16.4,2.5,0,14.3,0.0,35080.16,109,54.368233,31.880491,1217.0
2024-02-09,10.8,39168.07,0.0,0.0,22,1017.8,880.9,19.0,2.8,0,15.9,0.0,35243.77,124,54.368233,31.880491,1217.0
2024-02-10,11.7,39272.19,0.0,0.0,17,1018.2,881.6,20.6,2.5,58,17.6,0.0,35411.07,129,54.368233,31.880491,1217.0
2024-02-11,11.1,39377.34,0.0,0.0,20,1020.1,883.1,17.2,3.8,83,14.9,0.0,32400.0,297,54.368233,31.880491,1217.0
2024-02-12,10.7,39483.43,0.0,0.0,27,1022.3,884.8,17.2,3.8,0,18.6,0.0,35527.98,306,54.368233,31.880491,1217.0
2024-02-13,12.4,39590.32,0.0,0.0,21,1019.8,883.3,20.8,4.1,6,15.8,0.0,35701.02,121,54.368233,31.880491,1217.0
2024-02-14,14.7,39697.93,0.0,0.0,19,1016.6,881.6,23.1,5.2,0,15.3,0.0,35877.3,125,54.368233,31.880491,1217.0
2024-02-15,16.6,39806.14,0.0,0.0,30,1015.1,881.1,24.5,8.4,15,17.8,0.0,35935.77,124,54.368233,31.880491,1217.0
2024-02-16,18.0,39914.85,1.8,0.0,46,1012.8,879.7,25.5,11.9,73,25.3,1.8,33088.61,145,54.368233,31.880491,1217.0
2024-02-17,17.4,40023.95,0.2,0.0,43,1010.3,877.3,24.3,9.9,46,27.1,0.2,35422.5,281,54.368233,31.880491,1217.0
2024-02-18,10.2,40133.35,0.0,0.0,40,1013.6,877.0,16.4,5.2,15,35.5,0.0,36102.56,305,54.368233,31.880491,1217.0
2024-02-19,8.5,40242.95,0.9,0.0,46,1016.0,878.3,13.8,3.4,21,20.8,0.9,36543.17,290,54.368233,31.880491,1217.0
2024-02-20,7.2,40352.64,0.0,0.0,43,1018.8,880.1,12.5,1.3,8,15.8,0.0,36731.65,296,54.368233,31.880491,1217.0
2024-02-21,8.3,40462.33,0.0,0.0,41,1020.7,882.3,13.9,1.8,3,14.8,0.0,37055.68,297,54.368233,31.880491,1217.0
2024-02-22,10.4,40572.09,0.0,0.0,32,1018.9,881.6,17.2,2.5,0,18.7,0.0,37385.67,207,54.368233,31.880491,1217.0
2024-02-23,11.4,40682.86,0.0,0.0,24,1019.3,882.4,17.8,5.6,47,17.6,0.0,36460.68,301,54.368233,31.880491,1217.0
2024-02-24,11.1,40794.72,2.3,0.0,32,1017.8,881.1,16.6,4.3,94,14.1,2.3,19727.68,319,54.368233,31.880491,1217.0
2024-02-25,2.2,40907.55,8.4,6.23,91,1019.0,878.0,6.3,-0.2,100,34.2,17.3,0.0,300,54.368233,31.880491,1217.0
2024-02-26,-0.0,41021.27,0.2,0.98,87,1023.0,880.5,2.0,-1.0,100,22.9,1.6,1195.36,291,54.368233,31.880491,1217.0
2024-02-27,1.3,41135.78,0.1,0.14,79,1023.9,881.9,3.8,-1.2,98,18.7,0.3,15828.52,275,54.368233,31.880491,1217.0
2024-02-28,1.4,41250.99,0.0,0.42,79,1021.8,880.2,3.8,-1.1,96,26.1,0.6,11764.7,279,54.368233,31.880491,1217.0
2024-02-29,-2.0,41366.8,0.1,6.09,81,1026.4,882.5,1.0,-5.6,84,35.7,8.7,7769.54,301,54.368233,31.880491,1217.0
2024-03-01,-0.5,41483.14,0.0,0.21,65,1028.4,884.9,4.3,-4.6,28,15.7,0.3,35795.74,296,54.368233,31.880491,1217.0
2024-03-02,1.8,41599.89,0.0,0.0,50,1022.9,881.2,7.5,-4.8,0,13.3,0.0,38715.81,132,54.368233,31.880491,1217.0
2024-03-03,5.3,41716.98,0.0,0.0,54,1015.5,876.5,12.6,-2.2,47,15.3,0.0,38836.32,128,54.368233,31.880491,1217.0
2024-03-04,4.9,41834.32,6.0,0.91,72,1014.3,875.2,10.0,-0.1,84,17.8,7.3,20339.31,295,54.368233,31.880491,1217.0
2024-03-05,5.5,41951.82,0.0,0.0,83,1016.5,877.4,11.8,-1.5,18,18.6,0.0,38360.49,282,54.368233,31.880491,1217.0
2024-03-06,8.0,42069.41,0.0,0.0,64,1016.4,878.4,14.4,1.6,1,13.2,0.0,39168.87,120,54.368233,31.880491,1217.0
2024-03-07,10.2,42186.98,0.0,0.0,48,1013.8,877.2,17.7,2.8,8,17.9,0.0,39243.66,123,54.368233,31.880491,1217.0
2024-03-08,13.8,42304.46,0.0,0.0,40,1010.6,876.0,22.2,5.8,70,21.1,0.0,37756.13,158,54.368233,31.880491,1217.0
2024-03-09,12.8,42421.76,0.0,0.0,40,1011.5,876.4,19.4,6.2,16,17.1,0.0,39393.43,308,54.368233,31.880491,1217.0
2024-03-10,13.0,42538.8,0.0,0.0,25,1014.8,879.3,19.0,4.8,11,17.3,0.0,39468.22,47,54.368233,31.880491,1217.0
2024-03-11,12.0,42655.49,8.0,0.0,48,1015.8,879.7,21.1,5.8,75,21.4,8.0,27042.82,202,54.368233,31.880491,1217.0
2024-03-12,9.1,42771.76,2.4,0.0,68,1022.4,884.1,13.5,4.8,25,22.9,2.4,39600.0,311,54.368233,31.880491,1217.0
2024-03-13,11.5,42887.66,0.0,0.0,59,1020.9,883.9,18.9,4.0,0,19.2,0.0,39600.0,127,54.368233,31.880491,1217.0
2024-03-14,13.0,43004.05,0.0,0.0,53,1020.0,883.8,20.5,6.3,22,15.8,0.0,39600.0,213,54.368233,31.880491,1217.0
2024-03-15,13.9,43121.03,1.0,0.0,53,1016.8,881.4,23.3,8.1,86,34.0,1.0,23324.3,164,54.368233,31.880491,1217.0
2024-03-16,15.6,43238.5,1.7,0.0,55,1013.9,879.6,21.6,8.6,45,11.5,1.7,33117.28,182,54.368233,31.880491,1217.0
2024-03-17,17.4,43356.39,0.0,0.0,42,1015.4,881.7,24.6,9.1,0,14.4,0.0,39600.0,74,54.368233,31.880491,1217.0
2024-03-18,20.7,43474.62,0.0,0.0,22,1013.9,881.7,27.2,11.0,55,31.0,0.0,37550.01,110,54.368233,31.880491,1217.0
2024-03-19,20.9,43593.12,0.1,0.0,33,1008.4,877.0,27.4,14.9,93,36.9,0.1,26030.79,144,54.368233,31.880491,1217.0
2024-03-20,18.1,43711.82,0.0,0.0,34,1010.8,878.0,24.7,11.5,12,31.1,0.0,39600.0,294,54.368233,31.880491,1217.0
2024-03-21,15.7,43830.63,0.0,0.0,22,1014.8,880.5,22.4,8.9,2,13.0,0.0,39600.0,308,54.368233,31.880491,1217.0
2024-03-22,16.2,43949.49,0.3,0.0,31,1009.4,875.9,24.5,7.1,58,33.1,0.3,29212.09,308,54.368233,31.880491,1217.0
2024-03-23,18.0,44068.31,0.0,0.0,33,1010.0,877.2,23.5,10.9,19,23.1,0.0,39600.0,95,54.368233,31.880491,1217.0
2024-03-24,17.7,44187.02,1.0,0.0,38,1010.5,877.6,25.2,11.8,82,32.3,1.0,31335.96,133,54.368233,31.880491,1217.0
2024-03-25,17.6,44305.54,5.0,0.0,58,1005.7,873.3,23.4,11.4,67,48.5,5.0,7200.0,113,54.368233,31.880491,1217.0
2024-03-26,16.0,44423.8,0.0,0.0,34,1011.7,877.9,21.1,9.3,3,13.0,0.0,39600.0,96,54.368233,31.880491,1217.0
2024-03-27,17.2,44541.72,0.0,0.0,22,1014.0,880.4,23.3,9.9,2,16.2,0.0,39600.0,320,54.368233,31.880491,1217.0
2024-03-28,16.3,44659.22,0.1,0.0,28,1014.5,880.4,21.6,11.9,67,25.2,0.1,36574.51,297,54.368233,31.880491,1217.0
2024-03-29,13.7,44776.23,0.0,0.0,21,1018.1,882.4,18.5,6.8,25,26.8,0.0,29359.71,308,54.368233,31.880491,1217.0
2024-03-30,15.1,44892.65,0.0,0.0,13,1018.5,883.4,21.6,5.8,50,18.1,0.0,39707.79,125,54.368233,31.880491,1217.0
2024-03-31,17.5,45008.43,0.2,0.0,18,1016.8,882.9,23.2,11.4,37,23.3,0.2,29340.3,277,54.368233,31.880491,1217.0
2024-04-01,16.3,45123.46,0.0,0.0,19,1016.8,882.4,22.4,10.3,2,23.4,0.0,39685.64,312,54.368233,31.880491,1217.0
2024-04-02,15.0,45237.82,0.0,0.0,22,1015.9,881.1,21.6,7.8,1,19.5,0.0,39783.6,292,54.368233,31.880491,1217.0
2024-04-03,17.1,45352.3,0.0,0.0,25,1012.9,879.4,23.5,8.4,55,14.0,0.0,39886.62,81,54.368233,31.880491,1217.0
2024-04-04,18.9,45467.0,0.0,0.0,29,1013.1,880.3,24.8,11.8,2,17.6,0.0,39878.44,91,54.368233,31.880491,1217.0
2024-04-05,21.2,45581.82,0.0,0.0,19,1012.4,880.6,27.8,12.3,1,18.1,0.0,39988.02,116,54.368233,31.880491,1217.0
2024-04-06,22.7,45696.7,0.0,0.0,16,1010.6,879.7,29.5,14.0,13,17.2,0.0,40102.03,115,54.368233,31.880491,1217.0
2024-04-07,23.6,45811.55,0.0,0.0,16,1007.9,877.7,29.9,15.4,50,24.0,0.0,34040.09,192,54.368233,31.880491,1217.0
2024-04-08,21.9,45926.31,0.0,0.0,22,1011.0,879.7,28.0,14.4,20,27.9,0.0,40216.19,327,54.368233,31.880491,1217.0
2024-04-09,22.5,46040.9,0.0,0.0,20,1013.2,881.9,28.2,15.8,13,15.1,0.0,40339.97,285,54.368233,31.880491,1217.0
2024-04-10,24.8,46155.24,0.0,0.0,19,1007.8,878.1,32.0,15.9,40,25.2,0.0,40392.91,151,54.368233,31.880491,1217.0
2024-04-11,22.5,46269.25,0.0,0.0,25,1007.2,876.7,29.2,15.9,7,30.0,0.0,40598.74,287,54.368233,31.880491,1217.0
2024-04-12,16.7,46382.85,0.0,0.0,37,1010.3,877.0,21.6,12.7,16,27.2,0.0,40597.9,307,54.368233,31.880491,1217.0
2024-04-13,15.3,46495.97,4.1,0.0,41,1009.9,876.0,20.4,10.3,44,25.3,4.1,40596.2,309,54.368233,31.880491,1217.0
2024-04-14,14.0,46608.51,0.0,0.0,45,1012.3,877.6,19.3,8.9,12,16.3,0.0,40108.71,307,54.368233,31.880491,1217.0
2024-04-15,17.2,46720.39,0.0,0.0,34,1013.1,879.6,23.0,7.9,53,19.2,0.0,37569.09,133,54.368233,31.880491,1217.0
2024-04-16,15.2,46831.54,2.8,0.0,51,1013.5,879.2,20.5,12.5,100,27.4,2.8,7106.95,259,54.368233,31.880491,1217.0
2024-04-17,12.3,46941.86,10.9,0.0,73,1012.6,877.1,14.1,10.6,92,29.9,10.9,0.0,298,54.368233,31.880491,1217.0
2024-04-18,14.6,47051.27,0.0,0.0,56,1012.5,878.0,20.0,9.4,22,25.4,0.0,40446.43,306,54.368233,31.880491,1217.0
2024-04-19,17.9,47159.67,0.0,0.0,45,1008.6,876.0,25.4,9.4,12,17.3,0.0,41770.63,126,54.368233,31.880491,1217.0
2024-04-20,18.5,47266.98,0.3,0.0,46,1010.1,877.5,24.5,12.3,41,21.6,0.3,40114.62,148,54.368233,31.880491,1217.0
2024-04-21,20.5,47373.09,0.0,0.0,37,1010.0,878.2,27.4,12.4,24,21.1,0.0,41920.71,161,54.368233,31.880491,1217.0
2024-04-22,21.2,47478.07,0.5,0.0,35,1012.0,880.3,26.6,14.9,88,19.6,0.5,35209.14,273,54.368233,31.880491,1217.0
2024-04-23,15.5,47582.69,14.9,0.0,71,1013.4,879.1,20.0,11.6,86,22.5,14.9,25375.22,306,54.368233,31.880491,1217.0
2024-04-24,12.8,47687.0,1.6,0.0,79,1014.5,878.9,15.9,10.9,95,31.3,1.6,13868.23,310,54.368233,31.880491,1217.0
2024-04-25,13.6,47790.93,3.6,0.0,79,1015.4,880.1,17.3,11.1,60,28.9,3.6,21678.91,303,54.368233,31.880491,1217.0
2024-04-26,16.1,47894.4,0.9,0.0,65,1014.2,880.1,20.9,11.2,14,20.4,0.9,42008.21,309,54.368233,31.880491,1217.0
2024-04-27,16.1,47997.32,2.5,0.0,65,1016.8,882.3,21.6,11.0,11,16.1,2.5,42837.68,49,54.368233,31.880491,1217.0
2024-04-28,16.8,48099.63,0.0,0.0,44,1019.1,884.6,22.8,11.1,0,14.3,0.0,43582.97,287,54.368233,31.880491,1217.0
2024-04-29,19.7,48201.22,0.0,0.0,32,1016.6,883.6,26.5,10.9,12,16.3,0.0,43637.08,128,54.368233,31.880491,1217.0
2024-04-30,22.2,48302.01,0.0,0.0,21,1014.1,882.5,28.1,13.4,82,20.2,0.0,42560.04,125,54.368233,31.880491,1217.0
2024-05-01,21.4,48401.91,1.3,0.0,38,1010.4,879.0,27.9,16.3,99,22.7,1.3,26906.82,157,54.368233,31.880491,1217.0
2024-05-02,18.0,48500.84,0.5,0.0,63,1004.5,872.5,22.0,12.9,97,23.0,0.5,2294.92,142,54.368233,31.880491,1217.0
2024-05-03,18.5,48598.7,2.1,0.0,65,1003.9,872.1,23.8,13.1,55,9.9,2.1,32871.21,148,54.368233,31.880491,1217.0
2024-05-04,22.1,48695.39,0.0,0.0,36,1006.1,875.5,29.0,14.8,21,28.1,0.0,43200.0,284,54.368233,31.880491,1217.0
2024-05-05,22.8,48790.84,0.0,0.0,26,1009.1,878.5,28.9,15.6,1,11.8,0.0,44226.22,304,54.368233,31.880491,1217.0
2024-05-06,23.4,48884.93,0.0,0.0,25,1009.9,879.4,30.3,16.5,64,27.4,0.0,43086.5,314,54.368233,31.880491,1217.0
2024-05-07,25.0,48977.57,0.0,0.0,23,1008.7,879.0,32.2,16.6,17,39.2,0.0,44082.46,259,54.368233,31.880491,1217.0
2024-05-08,25.4,49068.66,0.0,0.0,16,1007.8,878.3,33.0,17.4,16,31.1,0.0,43200.0,271,54.368233,31.880491,1217.0
2024-05-09,21.4,49158.09,0.0,0.0,17,1011.0,879.6,26.5,16.1,0,23.1,0.0,44516.82,314,54.368233,31.880491,1217.0
2024-05-10,21.5,49245.78,0.0,0.0,21,1014.4,882.5,27.9,14.0,0,19.6,0.0,44518.32,309,54.368233,31.880491,1217.0
2024-05-11,23.3,49331.6,0.0,0.0,20,1015.0,883.8,29.9,15.1,2,16.9,0.0,44519.57,48,54.368233,31.880491,1217.0
2024-05-12,27.2,49415.58,0.0,0.0,14,1009.5,880.5,34.9,17.0,6,19.9,0.0,44371.29,112,54.368233,31.880491,1217.0
2024-05-13,29.3,49498.41,0.0,0.0,19,1005.6,878.0,36.6,20.9,66,25.7,0.0,43468.36,224,54.368233,31.880491,1217.0
2024-05-14,26.0,49580.12,0.7,0.0,30,1008.5,879.2,31.6,20.0,80,22.0,0.7,27128.65,146,54.368233,31.880491,1217.0
2024-05-15,25.4,49660.65,1.5,0.0,30,1010.9,881.1,30.8,18.6,55,26.7,1.5,43200.0,127,54.368233,31.880491,1217.0
2024-05-16,23.6,49739.92,1.3,0.0,38,1013.1,882.3,30.9,17.3,46,33.5,1.3,36000.0,193,54.368233,31.880491,1217.0
2024-05-17,24.0,49817.84,0.0,0.0,35,1010.8,880.3,30.0,16.7,11,16.6,0.0,44058.37,283,54.368233,31.880491,1217.0
2024-05-18,26.6,49894.34,0.0,0.0,21,1006.9,878.0,33.0,18.7,7,34.2,0.0,44834.16,322,54.368233,31.880491,1217.0
2024-05-19,23.0,49969.34,0.0,0.0,22,1009.6,878.9,27.9,17.5,3,30.1,0.0,45149.57,296,54.368233,31.880491,1217.0
2024-05-20,26.0,50042.75,0.0,0.0,18,1007.3,878.1,33.0,16.5,1,18.7,0.0,45153.09,118,54.368233,31.880491,1217.0
2024-05-21,26.6,50114.51,0.0,0.0,19,1007.9,878.9,33.2,19.1,6,44.0,0.0,45156.36,302,54.368233,31.880491,1217.0
2024-05-22,25.9,50184.51,0.0,0.0,26,1008.2,878.9,31.8,19.0,11,31.5,0.0,45159.39,306,54.368233,31.880491,1217.0
2024-05-23,25.2,50252.67,0.0,0.0,28,1007.0,877.6,31.0,18.4,11,22.0,0.0,45323.0,310,54.368233,31.880491,1217.0
2024-05-24,27.2,50318.91,0.0,0.0,24,1006.6,878.0,33.6,19.8,6,18.7,0.0,45164.73,299,54.368233,31.880491,1217.0
2024-05-25,27.7,50383.14,0.0,0.0,23,1008.7,880.0,33.5,20.6,4,20.4,0.0,45329.72,308,54.368233,31.880491,1217.0
2024-05-26,28.5,50445.29,0.0,0.0,20,1009.1,880.8,34.5,21.2,9,21.4,0.0,45005.58,312,54.368233,31.880491,1217.0
2024-05-27,30.5,50505.25,0.0,0.0,16,1006.7,879.4,37.2,21.4,3,16.3,0.0,45499.88,113,54.368233,31.880491,1217.0
2024-05-28,30.9,50562.94,0.0,0.0,14,1007.0,879.8,37.7,24.0,5,24.5,0.0,45833.76,312,54.368233,31.880491,1217.0
2024-05-29,30.1,50618.27,0.0,0.0,16,1007.5,880.0,36.2,23.4,1,20.6,0.0,45672.38,313,54.368233,31.880491,1217.0
2024-05-30,31.1,50671.16,0.0,0.0,13,1008.0,880.7,37.6,24.7,0,16.9,0.0,46009.72,3,54.368233,31.880491,1217.0
2024-05-31,31.4,50721.52,0.0,0.0,13,1010.2,882.8,38.4,22.9,0,21.0,0.0,45846.96,304,54.368233,31.880491,1217.0
2024-06-01,32.8,50769.33,0.0,0.0,11,1007.3,880.8,39.2,24.3,0,20.7,0.0,46019.1,117,54.368233,31.880491,1217.0
2024-06-02,33.3,50815.01,0.0,0.0,11,1004.0,878.1,39.9,25.3,0,33.4,0.0,46361.46,314,54.368233,31.880491,1217.0
2024-06-03,28.8,50858.59,0.0,0.0,18,1008.6,880.4,34.8,23.7,0,35.9,0.0,46197.13,297,54.368233,31.880491,1217.0
2024-06-04,27.9,50900.04,0.0,0.0,20,1008.7,880.1,33.8,20.8,3,22.7,0.0,46372.0,286,54.368233,31.880491,1217.0
2024-06-05,27.9,50939.31,0.0,0.0,20,1008.4,879.8,33.8,21.2,8,22.7,0.0,46376.83,301,54.368233,31.880491,1217.0
2024-06-06,27.9,50976.38,0.0,0.0,20,1009.5,880.9,33.0,21.5,22,23.8,0.0,45522.75,276,54.368233,31.880491,1217.0
2024-06-07,28.5,51011.19,0.0,0.0,16,1008.1,879.8,34.2,22.0,5,23.9,0.0,46344.1,314,54.368233,31.880491,1217.0
2024-06-08,28.6,51043.72,0.0,0.0,9,1007.0,878.9,34.8,20.9,1,18.7,0.0,46641.91,313,54.368233,31.880491,1217.0
2024-06-09,29.2,51073.93,0.0,0.0,8,1007.2,879.3,36.1,20.6,0,19.8,0.0,46768.33,8,54.368233,31.880491,1217.0
2024-06-10,30.8,51101.78,0.0,0.0,9,1007.1,879.9,37.3,21.9,3,16.8,0.0,46394.63,117,54.368233,31.880491,1217.0
2024-06-11,31.9,51127.23,0.0,0.0,11,1006.6,879.9,37.8,22.4,27,13.5,0.0,43713.88,343,54.368233,31.880491,1217.0
2024-06-12,32.2,51150.25,0.0,0.0,12,1004.4,878.1,38.0,24.9,13,15.3,0.0,44846.72,164,54.368233,31.880491,1217.0
2024-06-13,32.4,51170.82,0.0,0.0,11,1001.8,875.9,38.8,24.1,41,26.3,0.0,42151.91,111,54.368233,31.880491,1217.0
2024-06-14,29.8,51188.88,0.3,0.0,21,1003.7,876.5,35.5,24.5,38,34.0,0.3,42139.92,294,54.368233,31.880491,1217.0
2024-06-15,28.9,51204.42,0.0,0.0,25,1004.5,876.9,34.5,22.9,24,18.4,0.0,42686.99,278,54.368233,31.880491,1217.0
2024-06-16,31.1,51217.39,0.0,0.0,20,1005.6,878.7,37.3,23.0,8,15.9,0.0,45084.49,259,54.368233,31.880491,1217.0
2024-06-17,31.0,51227.78,0.0,0.0,19,1008.5,881.2,36.5,24.4,3,20.4,0.0,46181.45,312,54.368233,31.880491,1217.0
2024-06-18,31.1,51235.55,0.0,0.0,17,1008.8,881.4,37.0,23.8,17,26.6,0.0,45524.59,321,54.368233,31.880491,1217.0
2024-06-19,31.2,51240.66,0.0,0.0,16,1007.9,880.7,36.7,25.0,16,30.6,0.0,46612.91,317,54.368233,31.880491,1217.0
2024-06-20,29.8,51243.11,0.0,0.0,20,1006.8,879.2,35.5,23.5,9,31.8,0.0,46435.8,311,54.368233,31.880491,1217.0
2024-06-21,29.7,51242.84,0.0,0.0,19,1004.6,877.2,35.8,22.4,11,28.5,0.0,46732.51,322,54.368233,31.880491,1217.0
2024-06-22,31.9,51239.84,0.0,0.0,15,1002.9,876.6,37.2,26.1,16,19.9,0.0,46800.0,315,54.368233,31.880491,1217.0
2024-06-23,33.2,51234.13,0.0,0.0,14,1003.6,877.7,38.8,25.7,17,19.5,0.0,46800.0,329,54.368233,31.880491,1217.0
2024-06-24,32.5,51225.75,0.0,0.0,17,1004.9,878.5,38.3,25.9,25,28.9,0.0,43994.64,313,54.368233,31.880491,1217.0
2024-06-25,33.0,51214.73,0.0,0.0,17,999.9,874.4,38.7,25.3,42,23.2,0.0,43200.0,137,54.368233,31.880491,1217.0
2024-06-26,34.2,51201.12,0.0,0.0,13,995.4,870.9,39.8,27.4,47,26.4,0.0,44341.64,294,54.368233,31.880491,1217.0
2024-06-27,33.9,51184.93,0.0,0.0,16,998.2,873.2,40.6,27.3,16,28.5,0.0,44491.1,320,54.368233,31.880491,1217.0
2024-06-28,33.2,51166.22,0.0,0.0,19,998.0,872.8,39.6,25.5,19,21.6,0.0,44949.71,301,54.368233,31.880491,1217.0
2024-06-29,35.2,51145.02,0.0,0.0,14,995.6,871.5,42.2,27.4,41,15.8,0.0,31885.13,296,54.368233,31.880491,1217.0
2024-06-30,33.6,51121.37,0.0,0.0,20,999.1,874.0,39.9,27.0,25,27.0,0.0,45405.23,302,54.368233,31.880491,1217.0
2024-07-01,33.0,51095.31,0.0,0.0,20,998.7,873.4,38.8,26.6,15,30.6,0.0,45865.5,283,54.368233,31.880491,1217.0
2024-07-02,34.3,51066.88,0.0,0.0,18,994.8,870.5,40.4,27.6,49,21.0,0.0,37902.87,299,54.368233,31.880491,1217.0
2024-07-03,36.2,51036.11,0.0,0.0,12,994.3,870.7,41.7,30.4,45,34.3,0.0,33859.35,305,54.368233,31.880491,1217.0
2024-07-04,35.9,51003.07,0.0,0.0,13,997.5,873.3,42.2,29.0,30,23.4,0.0,43834.17,324,54.368233,31.880491,1217.0
2024-07-05,36.0,50967.78,0.0,0.0,13,997.7,873.6,42.9,29.9,27,27.2,0.0,43497.59,299,54.368233,31.880491,1217.0
2024-07-06,34.4,50930.28,0.0,0.0,12,999.6,874.6,40.5,28.8,24,23.8,0.0,43200.0,153,54.368233,31.880491,1217.0
2024-07-07,34.1,50890.63,0.0,0.0,12,1000.6,875.5,39.7,29.0,19,21.0,0.0,46664.7,159,54.368233,31.880491,1217.0
2024-07-08,33.9,50848.87,0.0,0.0,12,1001.6,876.2,39.4,26.5,74,18.8,0.0,30951.32,170,54.368233,31.880491,1217.0
2024-07-09,35.9,50805.03,0.0,0.0,17,1001.8,877.2,40.2,28.6,59,25.6,0.0,38430.75,126,54.368233,31.880491,1217.0
2024-07-10,36.4,50759.18,0.0,0.0,15,1001.8,877.3,42.0,29.8,30,21.9,0.0,36476.52,112,54.368233,31.880491,1217.0
2024-07-11,35.6,50711.24,0.0,0.0,16,1001.2,876.5,41.8,28.0,16,20.6,0.0,46574.45,346,54.368233,31.880491,1217.0
2024-07-12,33.5,50660.8,0.0,0.0,18,1000.6,875.3,40.3,27.8,1,25.8,0.0,46754.33,304,54.368233,31.880491,1217.0
2024-07-13,32.7,50607.86,0.0,0.0,21,1000.2,874.6,38.5,25.7,3,27.1,0.0,46621.67,101,54.368233,31.880491,1217.0
2024-07-14,34.3,50552.49,0.0,0.0,17,998.1,873.3,40.5,28.2,13,21.7,0.0,46497.66,111,54.368233,31.880491,1217.0
2024-07-15,32.0,50494.8,0.0,0.0,19,1001.2,875.2,38.0,25.6,4,28.4,0.0,45966.82,292,54.368233,31.880491,1217.0
2024-07-16,33.5,50434.88,0.0,0.0,14,1001.8,876.2,40.5,25.9,2,22.6,0.0,46711.31,298,54.368233,31.880491,1217.0
2024-07-17,33.9,50372.8,0.0,0.0,15,1002.1,876.6,40.4,27.1,0,22.4,0.0,46746.51,291,54.368233,31.880491,1217.0
2024-07-18,34.3,50308.68,0.0,0.0,14,1000.3,875.3,40.2,26.5,0,22.2,0.0,46784.52,88,54.368233,31.880491,1217.0
2024-07-19,34.6,50242.58,0.0,0.0,15,997.2,872.7,40.5,28.0,0,23.8,0.0,46800.0,121,54.368233,31.880491,1217.0
2024-07-20,34.7,50174.6,0.0,0.0,15,996.7,872.3,41.3,28.1,0,20.1,0.0,46800.0,130,54.368233,31.880491,1217.0
2024-07-21,35.2,50104.83,0.0,0.0,15,996.9,872.6,42.1,26.0,0,19.5,0.0,46749.3,12,54.368233,31.880491,1217.0
2024-07-22,35.4,50033.36,0.0,0.0,14,996.9,872.7,42.5,27.2,0,17.0,0.0,46798.18,315,54.368233,31.880491,1217.0
2024-07-23,35.3,49960.26,0.0,0.0,13,996.4,872.2,42.5,27.4,1,22.3,0.0,46787.12,300,54.368233,31.880491,1217.0
2024-07-24,35.0,49885.63,0.0,0.0,14,994.4,870.4,41.0,27.8,6,20.3,0.0,46479.98,324,54.368233,31.880491,1217.0
2024-07-25,36.7,49809.54,0.0,0.0,12,992.4,869.3,43.2,28.9,1,27.7,0.0,46719.16,116,54.368233,31.880491,1217.0
2024-07-26,37.7,49732.08,0.0,0.0,11,994.1,871.1,44.2,30.5,4,33.3,0.0,46297.8,113,54.368233,31.880491,1217.0
2024-07-27,37.9,49653.34,0.0,0.0,11,996.1,872.9,44.0,30.1,1,25.0,0.0,45771.01,119,54.368233,31.880491,1217.0
2024-07-28,38.2,49573.38,0.0,0.0,11,996.5,873.4,44.8,31.0,6,28.0,0.0,45124.1,131,54.368233,31.880491,1217.0
2024-07-29,35.8,49492.3,0.0,0.0,15,996.0,872.1,42.3,28.2,0,24.4,0.0,46017.42,296,54.368233,31.880491,1217.0
2024-07-30,33.2,49410.16,0.0,0.0,24,999.6,874.2,38.4,26.8,17,30.4,0.0,45422.62,294,54.368233,31.880491,1217.0
2024-07-31,36.2,49326.92,0.0,0.0,16,998.6,874.4,42.5,28.6,34,18.6,0.0,37067.07,311,54.368233,31.880491,1217.0
2024-08-01,36.9,49241.89,0.0,0.0,14,997.5,873.8,42.8,30.5,54,25.6,0.0,32406.97,150,54.368233,31.880491,1217.0
2024-08-02,35.6,49155.06,0.0,0.0,16,996.6,872.5,40.8,29.1,37,27.1,0.0,42948.27,107,54.368233,31.880491,1217.0
2024-08-03,37.7,49066.53,0.0,0.0,12,994.2,871.2,43.0,30.9,44,29.3,0.0,37162.34,117,54.368233,31.880491,1217.0
2024-08-04,36.7,48976.38,0.0,0.0,13,995.8,872.2,42.1,31.1,22,24.7,0.0,44078.33,308,54.368233,31.880491,1217.0
2024-08-05,36.0,48884.74,0.0,0.0,12,997.7,873.6,42.6,29.0,9,20.9,0.0,43744.08,325,54.368233,31.880491,1217.0
2024-08-06,36.5,48791.69,0.0,0.0,12,997.6,873.7,42.7,28.5,9,17.1,0.0,43751.85,78,54.368233,31.880491,1217.0
2024-08-07,36.9,48697.32,0.0,0.0,12,998.3,874.5,44.1,29.8,21,25.1,0.0,38613.57,163,54.368233,31.880491,1217.0
2024-08-08,36.4,48601.74,0.0,0.0,10,999.9,875.6,43.8,28.0,24,27.0,0.0,41935.2,118,54.368233,31.880491,1217.0
2024-08-09,36.6,48505.04,0.0,0.0,9,1001.2,876.9,44.2,29.5,16,27.4,0.0,36775.66,128,54.368233,31.880491,1217.0
2024-08-10,36.7,48407.3,0.0,0.0,11,1000.9,876.6,43.0,28.6,14,19.4,0.0,42365.98,218,54.368233,31.880491,1217.0
2024-08-11,37.2,48308.62,0.0,0.0,12,998.5,874.8,43.0,29.6,10,18.0,0.0,41961.84,115,54.368233,31.880491,1217.0
2024-08-12,37.6,48209.08,0.0,0.0,12,997.8,874.3,44.0,28.9,45,21.8,0.0,35090.11,157,54.368233,31.880491,1217.0
2024-08-13,37.4,48108.78,0.0,0.0,14,999.5,875.7,43.4,31.1,21,17.5,0.0,40379.99,275,54.368233,31.880491,1217.0
2024-08-14,36.7,48007.8,0.0,0.0,14,1000.6,876.4,42.5,30.3,25,26.3,0.0,41790.23,316,54.368233,31.880491,1217.0
2024-08-15,35.7,47906.2,0.0,0.0,19,1001.7,877.0,41.3,29.5,15,26.2,0.0,41777.74,307,54.368233,31.880491,1217.0
2024-08-16,34.0,47804.1,0.0,0.0,26,999.6,874.6,39.8,27.8,17,24.8,0.0,41149.26,308,54.368233,31.880491,1217.0
2024-08-17,33.1,47701.55,0.0,0.0,26,1001.4,875.8,38.7,27.3,7,32.6,0.0,42201.39,293,54.368233,31.880491,1217.0
2024-08-18,32.2,47598.65,0.0,0.0,25,1005.6,879.1,38.1,26.1,2,26.4,0.0,41916.99,286,54.368233,31.880491,1217.0
2024-08-19,32.7,47495.46,0.0,0.0,21,1004.7,878.5,38.8,26.0,1,24.7,0.0,41918.52,302,54.368233,31.880491,1217.0
2024-08-20,32.4,47391.94,0.0,0.0,18,1003.7,877.5,38.3,25.5,11,19.1,0.0,40910.04,35,54.368233,31.880491,1217.0
2024-08-21,31.0,47287.32,0.0,0.0,15,1006.1,879.1,37.2,24.9,12,18.6,0.0,41370.24,293,54.368233,31.880491,1217.0
2024-08-22,30.6,47181.57,0.0,0.0,15,1006.6,879.4,36.9,22.6,0,20.9,0.0,41664.47,319,54.368233,31.880491,1217.0
2024-08-23,31.9,47074.77,0.0,0.0,13,1006.0,879.4,38.2,24.1,0,17.7,0.0,41524.05,178,54.368233,31.880491,1217.0
2024-08-24,32.4,46967.01,0.0,0.0,14,1006.9,880.3,38.8,24.8,6,23.3,0.0,41160.44,68,54.368233,31.880491,1217.0
2024-08-25,31.7,46858.36,0.0,0.0,12,1007.1,880.3,38.3,25.3,0,24.3,0.0,41550.7,97,54.368233,31.880491,1217.0
2024-08-26,31.8,46748.93,0.0,0.0,13,1006.4,879.6,37.8,24.0,0,22.9,0.0,41179.18,147,54.368233,31.880491,1217.0
2024-08-27,32.4,46638.78,0.0,0.0,12,1005.2,878.9,39.0,24.1,0,31.6,0.0,41187.42,179,54.368233,31.880491,1217.0
2024-08-28,32.8,46528.0,0.0,0.0,14,1005.1,878.9,39.5,24.9,2,24.2,0.0,41010.79,77,54.368233,31.880491,1217.0
2024-08-29,29.6,46416.67,0.0,0.0,18,1007.3,879.6,36.6,23.5,5,25.6,0.0,40955.88,296,54.368233,31.880491,1217.0
2024-08-30,27.3,46304.87,0.0,0.0,12,1008.0,879.3,33.5,21.2,0,29.3,0.0,40869.36,292,54.368233,31.880491,1217.0
2024-08-31,27.3,46192.67,0.0,0.0,11,1008.6,879.8,34.0,19.9,0,23.7,0.0,40872.13,293,54.368233,31.880491,1217.0
2024-09-01,27.4,46080.15,0.0,0.0,12,1010.4,881.4,34.5,19.8,0,31.7,0.0,40865.29,301,54.368233,31.880491,1217.0
2024-09-02,26.6,45967.39,0.0,0.0,12,1012.1,882.6,33.7,19.9,0,33.2,0.0,40862.94,305,54.368233,31.880491,1217.0
2024-09-03,26.5,45854.45,0.0,0.0,10,1010.6,881.2,33.8,18.9,0,29.3,0.0,40728.86,303,54.368233,31.880491,1217.0
2024-09-04,26.9,45741.41,0.0,0.0,6,1008.2,879.3,34.2,19.5,0,16.0,0.0,40857.62,304,54.368233,31.880491,1217.0
2024-09-05,27.6,45628.35,0.0,0.0,4,1004.9,876.7,35.3,18.5,0,13.0,0.0,40854.63,180,54.368233,31.880491,1217.0
2024-09-06,29.0,45515.33,0.0,0.0,3,1004.7,877.0,37.0,18.2,0,15.3,0.0,40851.39,108,54.368233,31.880491,1217.0
2024-09-07,27.4,45402.43,0.0,0.0,13,1009.0,880.1,34.2,19.9,1,22.9,0.0,40594.07,294,54.368233,31.880491,1217.0
2024-09-08,27.7,45289.71,0.0,0.0,15,1011.2,882.2,34.4,20.7,22,25.7,0.0,40466.98,296,54.368233,31.880491,1217.0
2024-09-09,27.4,45177.1,0.0,0.0,17,1011.9,882.7,33.5,21.3,3,26.2,0.0,40342.07,301,54.368233,31.880491,1217.0
2024-09-10,26.4,45063.86,0.0,0.0,19,1011.2,881.7,33.1,19.2,0,28.2,0.0,40342.68,313,54.368233,31.880491,1217.0
2024-09-11,26.4,44949.91,0.0,0.0,16,1009.8,880.5,33.5,18.5,0,29.3,0.0,40343.03,306,54.368233,31.880491,1217.0
2024-09-12,27.5,44835.33,0.0,0.0,12,1007.5,878.9,34.6,18.7,0,18.0,0.0,40343.16,283,54.368233,31.880491,1217.0
2024-09-13,29.1,44720.21,0.0,0.0,12,1003.8,876.3,35.7,20.4,1,19.2,0.0,40223.54,118,54.368233,31.880491,1217.0
2024-09-14,27.9,44604.6,0.0,0.0,18,1002.5,874.7,35.2,20.8,28,29.7,0.0,39988.07,306,54.368233,31.880491,1217.0
2024-09-15,25.5,44488.59,0.0,0.0,24,1006.3,877.1,30.8,20.3,14,25.0,0.0,39991.38,295,54.368233,31.880491,1217.0
2024-09-16,25.8,44372.25,0.0,0.0,25,1007.5,878.3,33.2,18.5,9,19.1,0.0,39994.5,308,54.368233,31.880491,1217.0
2024-09-17,27.1,44255.65,0.0,0.0,25,1008.5,879.7,35.0,18.3,1,19.6,0.0,39997.38,338,54.368233,31.880491,1217.0
2024-09-18,27.4,44138.86,0.0,0.0,23,1007.2,878.6,34.6,19.5,0,23.1,0.0,40000.02,298,54.368233,31.880491,1217.0
2024-09-19,25.8,44021.96,0.0,0.0,26,1008.7,879.3,32.3,18.8,0,20.8,0.0,39848.51,301,54.368233,31.880491,1217.0
2024-09-20,27.8,43905.02,0.0,0.0,20,1007.5,879.1,36.4,20.0,0,21.4,0.0,39771.68,305,54.368233,31.880491,1217.0
2024-09-21,28.4,43788.1,0.0,0.0,16,1008.3,880.0,35.4,21.3,0,19.0,0.0,39694.68,306,54.368233,31.880491,1217.0
2024-09-22,28.5,43671.28,0.0,0.0,15,1009.5,881.0,36.9,19.9,0,14.9,0.0,39617.62,86,54.368233,31.880491,1217.0
2024-09-23,29.5,43554.62,0.0,0.0,12,1009.6,881.5,37.0,20.4,0,21.9,0.0,39435.24,98,54.368233,31.880491,1217.0
2024-09-24,29.7,43438.21,0.0,0.0,12,1008.2,880.4,37.7,21.3,0,21.2,0.0,39359.87,323,54.368233,31.880491,1217.0
2024-09-25,29.3,43322.11,0.0,0.0,11,1006.5,878.7,37.0,21.5,0,15.1,0.0,39284.7,130,54.368233,31.880491,1217.0
2024-09-26,26.2,43206.39,0.0,0.0,29,1008.2,879.0,32.6,19.4,0,32.0,0.0,39109.47,289,54.368233,31.880491,1217.0
2024-09-27,23.7,43091.11,0.0,0.0,31,1011.5,880.9,28.9,18.9,0,30.1,0.0,38938.11,281,54.368233,31.880491,1217.0
2024-09-28,21.5,42976.37,0.2,0.0,31,1010.8,879.4,28.4,13.9,17,34.4,0.2,38867.63,308,54.368233,31.880491,1217.0
2024-09-29,17.4,42862.07,0.0,0.0,41,1016.6,882.8,22.0,13.4,1,29.2,0.0,38767.41,306,54.368233,31.880491,1217.0
2024-09-30,19.9,42747.41,0.0,0.0,29,1014.0,881.5,27.0,12.3,0,17.5,0.0,38690.52,312,54.368233,31.880491,1217.0
2024-10-01,23.7,42632.34,0.0,0.0,23,1011.4,880.8,30.5,14.9,0,19.2,0.0,38569.29,113,54.368233,31.880491,1217.0
2024-10-02,27.4,42516.92,0.0,0.0,16,1009.7,880.7,34.7,18.2,21,22.1,0.0,35732.2,132,54.368233,31.880491,1217.0
2024-10-03,27.1,42401.24,0.0,0.0,16,1009.0,880.1,35.2,19.8,19,21.6,0.0,36583.92,314,54.368233,31.880491,1217.0
2024-10-04,24.8,42285.38,0.0,0.0,22,1009.2,879.3,31.2,19.4,0,22.7,0.0,38105.28,308,54.368233,31.880491,1217.0
2024-10-05,22.4,42169.4,0.0,0.0,32,1010.7,879.7,28.6,16.0,0,27.5,0.0,37820.58,288,54.368233,31.880491,1217.0
2024-10-06,19.9,42053.41,0.0,0.0,31,1016.8,884.0,25.0,15.8,1,29.0,0.0,37543.21,293,54.368233,31.880491,1217.0
2024-10-07,20.4,41937.47,0.0,0.0,25,1019.6,886.5,26.2,13.2,0,16.2,0.0,37534.44,315,54.368233,31.880491,1217.0
2024-10-08,21.2,41821.66,0.0,0.0,21,1017.4,885.0,28.2,13.4,0,18.0,0.0,37396.02,343,54.368233,31.880491,1217.0
2024-10-09,21.9,41706.08,0.0,0.0,21,1014.2,882.5,29.3,14.6,0,25.5,0.0,37135.44,332,54.368233,31.880491,1217.0
2024-10-10,23.4,41590.79,0.0,0.0,18,1012.4,881.5,30.7,15.6,0,15.7,0.0,37006.41,119,54.368233,31.880491,1217.0
2024-10-11,23.9,41475.88,0.0,0.0,15,1011.4,880.9,31.4,16.2,0,17.3,0.0,37001.36,122,54.368233,31.880491,1217.0
2024-10-12,24.5,41361.45,0.0,0.0,14,1010.2,880.1,32.0,16.9,20,18.1,0.0,30856.1,117,54.368233,31.880491,1217.0
2024-10-13,23.5,41247.56,0.0,0.0,17,1011.5,880.8,30.2,17.3,6,18.0,0.0,36642.57,309,54.368233,31.880491,1217.0
2024-10-14,24.1,41134.31,0.0,0.0,17,1011.3,880.8,31.2,16.0,20,13.6,0.0,36529.66,188,54.368233,31.880491,1217.0
2024-10-15,23.9,41021.79,0.0,0.0,19,1013.2,882.5,30.7,17.5,11,16.4,0.0,36421.26,297,54.368233,31.880491,1217.0
2024-10-16,23.0,40910.07,0.0,0.0,22,1014.5,883.2,29.9,15.6,0,16.2,0.0,36317.53,89,54.368233,31.880491,1217.0
2024-10-17,23.6,40799.26,0.0,0.0,19,1011.8,881.1,31.4,15.7,0,16.3,0.0,36218.67,171,54.368233,31.880491,1217.0
2024-10-18,23.5,40689.45,0.0,0.0,16,1011.9,881.2,30.5,15.8,0,15.4,0.0,36224.43,122,54.368233,31.880491,1217.0
2024-10-19,23.5,40580.55,0.0,0.0,14,1012.7,881.9,31.1,16.4,1,24.4,0.0,36132.63,77,54.368233,31.880491,1217.0
2024-10-20,24.5,40471.68,0.0,0.0,19,1012.9,882.5,30.6,17.3,17,22.0,0.0,33553.79,249,54.368233,31.880491,1217.0
2024-10-21,23.3,40362.78,0.0,0.0,17,1008.8,878.4,30.3,16.4,0,25.5,0.0,36055.39,94,54.368233,31.880491,1217.0
2024-10-22,19.2,40253.92,0.0,0.0,16,1012.5,879.9,25.0,14.1,18,20.2,0.0,36000.0,287,54.368233,31.880491,1217.0
2024-10-23,19.2,40145.22,0.0,0.0,35,1013.9,881.1,25.8,11.9,23,14.5,0.0,36000.0,116,54.368233,31.880491,1217.0
2024-10-24,19.0,40036.75,0.4,0.0,41,1014.0,881.2,24.3,12.4,36,26.4,0.4,36000.0,173,54.368233,31.880491,1217.0
2024-10-25,15.1,39928.64,0.5,0.0,37,1018.5,883.4,19.4,9.1,21,30.3,0.5,28800.0,311,54.368233,31.880491,1217.0
2024-10-26,14.1,39820.95,0.1,0.0,28,1019.7,884.0,20.0,7.4,76,17.2,0.1,24692.81,256,54.368233,31.880491,1217.0
2024-10-27,14.7,39713.81,0.0,0.0,36,1020.3,884.8,19.3,10.1,43,24.0,0.0,28800.0,295,54.368233,31.880491,1217.0
2024-10-28,12.7,39607.3,0.0,0.0,41,1020.0,883.7,17.8,7.6,4,17.6,0.0,35965.29,307,54.368233,31.880491,1217.0
2024-10-29,13.5,39501.55,0.0,0.0,38,1018.5,882.7,19.1,7.1,0,12.3,0.0,35913.49,311,54.368233,31.880491,1217.0
2024-10-30,14.3,39396.63,0.0,0.0,34,1018.2,882.8,20.4,7.1,19,13.8,0.0,35861.32,316,54.368233,31.880491,1217.0
2024-10-31,15.7,39292.68,0.2,0.0,31,1018.8,883.9,21.6,9.6,70,26.6,0.2,32208.81,299,54.368233,31.880491,1217.0
2024-11-01,19.0,39189.79,0.1,0.0,30,1019.5,885.9,25.4,10.9,47,16.1,0.1,32156.0,138,54.368233,31.880491,1217.0
2024-11-02,19.6,39088.07,0.0,0.0,33,1019.1,885.9,25.5,12.9,15,12.2,0.0,35702.91,284,54.368233,31.880491,1217.0
2024-11-03,20.9,38987.64,0.0,0.0,32,1015.6,883.3,28.7,12.7,0,15.9,0.0,35649.58,136,54.368233,31.880491,1217.0
2024-11-04,23.0,38888.61,0.0,0.0,29,1012.5,881.5,31.6,15.3,0,20.9,0.0,35596.04,159,54.368233,31.880491,1217.0
2024-11-05,23.0,38791.11,0.0,0.0,29,1012.4,881.4,31.1,15.4,17,19.4,0.0,35542.33,203,54.368233,31.880491,1217.0
2024-11-06,20.3,38695.23,0.0,0.0,34,1018.8,885.8,26.5,14.4,15,20.6,0.0,35488.48,289,54.368233,31.880491,1217.0
2024-11-07,17.4,38601.11,0.0,0.0,36,1021.2,886.7,23.5,12.0,46,18.4,0.0,35434.55,298,54.368233,31.880491,1217.0
2024-11-08,14.9,38508.7,0.0,0.0,39,1021.4,885.8,19.8,10.6,1,18.7,0.0,35380.55,297,54.368233,31.880491,1217.0
2024-11-09,14.7,38417.08,0.0,0.0,41,1021.6,885.9,19.6,9.1,16,16.7,0.0,35326.09,298,54.368233,31.880491,1217.0
2024-11-10,14.8,38326.18,0.0,0.0,41,1023.3,887.4,20.1,9.3,82,14.5,0.0,35271.02,300,54.368233,31.880491,1217.0
2024-11-11,16.7,38236.11,0.0,0.0,34,1019.8,885.2,25.1,9.0,66,20.5,0.0,33480.14,126,54.368233,31.880491,1217.0
2024-11-12,15.7,38146.96,0.0,0.0,39,1017.8,883.0,23.8,8.9,46,12.3,0.0,35107.84,290,54.368233,31.880491,1217.0
2024-11-13,12.5,38058.85,1.1,0.0,62,1019.3,883.0,17.5,8.6,47,27.4,1.1,29845.74,295,54.368233,31.880491,1217.0
2024-11-14,10.5,37971.88,0.0,0.0,64,1020.4,883.1,15.1,6.9,33,14.1,0.0,32272.73,300,54.368233,31.880491,1217.0
2024-11-15,11.6,37886.15,0.0,0.0,57,1019.4,882.7,18.0,5.2,15,7.8,0.0,34826.08,140,54.368233,31.880491,1217.0
2024-11-16,13.8,37801.78,0.0,0.0,44,1015.5,880.2,21.4,5.9,0,10.4,0.0,34734.69,154,54.368233,31.880491,1217.0
2024-11-17,15.5,37718.88,0.0,0.0,30,1015.8,881.2,22.5,9.5,7,12.6,0.0,34644.75,137,54.368233,31.880491,1217.0
2024-11-18,16.7,37637.56,0.0,0.0,30,1015.3,881.3,23.6,9.9,28,13.3,0.0,34007.76,127,54.368233,31.880491,1217.0
2024-11-19,17.8,37557.94,0.0,0.0,33,1014.9,881.4,24.9,10.9,27,16.6,0.0,34469.81,126,54.368233,31.880491,1217.0
2024-11-20,17.0,37480.13,0.0,0.0,40,1016.2,882.2,23.5,11.0,6,12.6,0.0,34385.05,285,54.368233,31.880491,1217.0
2024-11-21,15.2,37404.25,0.0,0.0,40,1017.3,882.4,21.1,9.9,8,10.3,0.0,34302.29,278,54.368233,31.880491,1217.0
2024-11-22,13.8,37330.42,0.0,0.0,44,1020.1,884.2,19.0,9.2,34,17.2,0.0,33987.76,297,54.368233,31.880491,1217.0
2024-11-23,12.7,37258.76,0.0,0.0,40,1020.5,884.1,18.7,7.3,15,7.7,0.0,34143.29,317,54.368233,31.880491,1217.0
2024-11-24,13.8,37189.4,0.0,0.0,33,1014.6,879.4,20.9,6.9,11,14.0,0.0,34067.32,132,54.368233,31.880491,1217.0
2024-11-25,15.7,37122.45,0.0,0.0,30,1015.0,880.6,23.0,9.1,36,12.4,0.0,33426.97,123,54.368233,31.880491,1217.0
2024-11-26,16.7,37058.04,0.0,0.0,43,1015.6,881.5,23.3,11.1,15,14.4,0.0,33587.95,120,54.368233,31.880491,1217.0
2024-11-27,15.8,36996.29,1.0,0.0,55,1013.2,879.1,22.4,10.9,74,17.3,1.0,10214.22,122,54.368233,31.880491,1217.0
2024-11-28,14.1,36937.19,0.1,0.0,40,1013.1,878.3,21.4,7.2,3,23.6,0.1,33533.04,269,54.368233,31.880491,1217.0
2024-11-29,10.1,36880.06,0.0,0.0,24,1018.8,881.5,16.6,4.8,0,13.9,0.0,33507.23,305,54.368233,31.880491,1217.0
2024-11-30,6.8,36824.84,0.0,0.0,30,1022.8,883.5,11.6,1.9,0,22.5,0.0,33359.3,293,54.368233,31.880491,1217.0
2024-12-01,4.8,36771.59,0.0,0.0,41,1024.7,884.2,9.9,0.8,0,14.7,0.0,33095.69,316,54.368233,31.880491,1217.0
2024-12-02,3.9,36720.38,0.0,0.0,29,1024.0,883.1,9.6,-1.4,9,6.9,0.0,33197.89,44,54.368233,31.880491,1217.0
2024-12-03,5.2,36671.28,0.0,0.0,26,1022.9,882.8,12.4,-1.1,3,13.0,0.0,32947.3,278,54.368233,31.880491,1217.0
2024-12-04,5.6,36624.37,0.0,0.0,29,1023.1,883.2,11.9,0.1,2,10.0,0.0,32935.14,332,54.368233,31.880491,1217.0
2024-12-05,6.9,36579.7,0.0,0.0,29,1023.5,884.1,13.6,0.5,14,14.1,0.0,32812.22,317,54.368233,31.880491,1217.0
2024-12-06,6.9,36537.36,0.0,0.0,31,1025.5,885.8,12.4,1.4,6,13.8,0.0,32695.06,303,54.368233,31.880491,1217.0
2024-12-07,7.5,36497.41,0.0,0.0,33,1027.9,888.1,13.3,2.5,10,13.1,0.0,32583.76,317,54.368233,31.880491,1217.0
2024-12-08,7.3,36459.91,0.0,0.0,34,1027.0,887.3,14.1,1.0,78,8.5,0.0,32582.97,125,54.368233,31.880491,1217.0
2024-12-09,8.1,36424.95,0.3,0.0,37,1021.6,883.0,17.6,1.6,47,23.4,0.3,31718.43,293,54.368233,31.880491,1217.0
2024-12-10,6.3,36392.57,0.0,0.0,51,1026.9,886.7,10.4,2.5,16,17.7,0.0,31034.03,306,54.368233,31.880491,1217.0
2024-12-11,6.4,36362.87,0.0,0.0,45,1026.5,886.5,12.5,0.9,0,14.2,0.0,32392.75,129,54.368233,31.880491,1217.0
2024-12-12,9.7,36335.9,0.0,0.0,32,1017.4,880.1,17.3,1.0,57,15.0,0.0,31692.37,130,54.368233,31.880491,1217.0
2024-12-13,12.0,36311.72,0.0,0.0,31,1011.5,876.0,17.4,6.1,72,16.2,0.0,18435.48,130,54.368233,31.880491,1217.0
2024-12-14,10.6,36290.42,0.0,0.0,47,1012.1,875.8,19.4,2.5,6,24.2,0.0,32331.84,232,54.368233,31.880491,1217.0
2024-12-15,0.6,36272.05,0.2,0.0,67,1034.4,890.5,2.8,-2.8,50,30.6,0.2,12408.54,301,54.368233,31.880491,1217.0
2024-12-16,1.7,36256.66,0.0,0.0,48,1030.0,887.3,8.1,-3.5,2,15.1,0.0,32276.26,127,54.368233,31.880491,1217.0
2024-12-17,4.8,36244.34,0.0,0.0,28,1021.2,881.1,13.1,-2.9,19,14.4,0.0,32295.2,148,54.368233,31.880491,1217.0
2024-12-18,6.2,36235.11,0.0,0.0,26,1018.6,879.5,14.6,-1.1,0,15.5,0.0,32315.44,127,54.368233,31.880491,1217.0
2024-12-19,7.3,36228.83,0.0,0.0,24,1017.7,879.2,15.4,0.5,0,13.3,0.0,32337.65,136,54.368233,31.880491,1217.0
2024-12-20,5.3,36225.46,0.0,0.0,37,1019.5,879.9,12.8,0.1,1,14.5,0.0,32284.61,297,54.368233,31.880491,1217.0
2024-12-21,1.8,36224.98,0.0,0.07,62,1020.3,878.9,6.0,-2.0,56,16.1,0.1,14979.25,295,54.368233,31.880491,1217.0
2024-12-22,4.6,36227.34,0.0,0.0,50,1020.4,880.3,10.0,-0.9,0,13.8,0.0,32269.26,145,54.368233,31.880491,1217.0
2024-12-23,7.0,36232.55,0.0,0.0,42,1019.7,880.8,14.4,-0.1,37,13.4,0.0,32302.73,127,54.368233,31.880491,1217.0
2024-12-24,7.1,36240.57,0.0,0.0,39,1019.9,881.0,14.1,0.9,7,11.9,0.0,32268.21,291,54.368233,31.880491,1217.0
2024-12-25,6.4,36251.36,0.0,0.0,43,1023.8,884.1,11.8,0.8,3,13.6,0.0,32306.52,307,54.368233,31.880491,1217.0
2024-12-26,7.0,36264.91,0.0,0.0,39,1026.6,886.8,13.4,1.5,0,13.1,0.0,32346.17,118,54.368233,31.880491,1217.0
2024-12-27,7.8,36281.17,0.0,0.0,33,1024.5,885.3,15.8,0.4,36,13.7,0.0,32387.07,129,54.368233,31.880491,1217.0
2024-12-28,11.7,36300.13,0.0,0.0,30,1016.3,880.0,20.1,3.2,43,20.1,0.0,30028.2,130,54.368233,31.880491,1217.0
2024-12-29,9.8,36321.74,0.0,0.0,46,1019.0,881.5,17.2,3.7,8,10.1,0.0,32400.0,290,54.368233,31.880491,1217.0
2024-12-30,7.6,36345.98,0.0,0.0,56,1019.3,880.8,14.3,2.8,31,10.4,0.0,32400.0,295,54.368233,31.880491,1217.0
2024-12-31,4.1,36372.8,0.7,0.07,67,1021.6,881.2,7.3,0.5,32,15.0,0.8,29956.45,286,54.368233,31.880491,1217.0
2025-01-01,3.1,36402.18,3.0,2.52,82,1023.8,882.6,5.2,0.2,91,25.3,6.6,13286.9,290,54.368233,31.880491,1217.0
2025-01-02,1.5,36434.09,0.0,0.0,69,1030.7,887.8,5.2,-1.7,20,23.7,0.0,32400.0,302,54.368233,31.880491,1217.0
2025-01-03,0.8,36468.47,0.0,0.0,61,1028.9,885.9,5.7,-2.3,18,16.4,0.0,32400.0,244,54.368233,31.880491,1217.0
2025-01-04,2.6,36505.31,0.0,0.0,47,1022.5,881.2,9.1,-2.8,0,16.6,0.0,32400.0,129,54.368233,31.880491,1217.0
2025-01-05,5.0,36544.56,0.0,0.0,41,1021.8,881.8,12.4,-1.1,0,15.3,0.0,32400.0,126,54.368233,31.880491,1217.0
2025-01-06,7.5,36586.18,0.0,0.0,37,1021.4,882.5,15.6,1.0,63,16.6,0.0,32400.0,192,54.368233,31.880491,1217.0
2025-01-07,6.4,36630.23,0.0,0.0,43,1027.0,886.9,9.9,3.3,88,16.2,0.0,12294.79,304,54.368233,31.880491,1217.0
2025-01-08,5.6,36677.21,0.0,0.0,49,1027.2,886.7,9.4,1.4,85,12.6,0.0,22558.96,306,54.368233,31.880491,1217.0
2025-01-09,5.5,36727.11,0.0,0.0,51,1024.9,884.7,10.3,2.0,41,14.3,0.0,29312.29,311,54.368233,31.880491,1217.0
2025-01-10,6.6,36779.81,0.0,0.0,46,1024.7,885.0,12.5,1.1,0,10.1,0.0,32400.0,87,54.368233,31.880491,1217.0
2025-01-11,8.3,36835.2,0.0,0.0,42,1020.5,882.2,16.9,0.6,0,14.8,0.0,32400.0,124,54.368233,31.880491,1217.0
2025-01-12,8.3,36893.19,1.9,0.0,41,1018.8,880.6,15.4,2.2,24,12.8,1.9,32400.0,246,54.368233,31.880491,1217.0
2025-01-13,6.6,36953.65,1.3,0.84,57,1022.6,883.1,11.6,1.8,16,14.6,2.5,32400.0,304,54.368233,31.880491,1217.0
2025-01-14,6.0,37016.48,0.0,0.0,53,1024.6,884.6,11.2,1.4,0,15.6,0.0,32421.76,306,54.368233,31.880491,1217.0
2025-01-15,7.7,37081.56,0.0,0.0,37,1022.4,883.5,15.4,0.8,0,17.0,0.0,32492.13,128,54.368233,31.880491,1217.0
2025-01-16,9.8,37148.8,0.0,0.0,26,1017.2,879.9,17.5,2.5,42,21.3,0.0,32400.0,185,54.368233,31.880491,1217.0
2025-01-17,5.6,37218.08,4.6,2.38,66,1019.4,879.9,7.8,2.2,83,20.4,8.0,16623.62,295,54.368233,31.880491,1217.0
2025-01-18,3.9,37289.3,0.3,0.0,65,1018.8,878.7,8.7,-0.4,26,13.4,0.3,32566.71,278,54.368233,31.880491,1217.0
2025-01-19,5.4,37362.36,0.0,0.0,44,1013.8,875.0,12.1,-1.5,14,16.9,0.0,32564.13,128,54.368233,31.880491,1217.0
2025-01-20,6.3,37437.15,0.0,0.0,35,1014.6,876.1,12.4,1.6,16,17.6,0.0,32748.22,138,54.368233,31.880491,1217.0
2025-01-21,4.4,37513.56,0.1,0.21,52,1024.0,883.4,8.3,1.1,33,24.3,0.4,29799.28,301,54.368233,31.880491,1217.0
2025-01-22,3.8,37591.51,0.0,0.0,44,1030.8,889.0,9.4,-0.8,11,6.5,0.0,32851.02,349,54.368233,31.880491,1217.0
2025-01-23,4.4,37670.88,0.0,0.0,35,1028.3,887.1,10.6,-1.6,67,11.4,0.0,32421.16,136,54.368233,31.880491,1217.0
2025-01-24,5.3,37751.58,0.0,0.0,31,1023.2,883.1,11.8,-0.8,28,8.9,0.0,33085.08,271,54.368233,31.880491,1217.0
2025-01-25,6.6,37833.51,0.0,0.0,32,1020.6,881.4,13.1,0.1,32,11.3,0.0,32414.52,289,54.368233,31.880491,1217.0
2025-01-26,7.5,37916.58,0.0,0.0,31,1021.3,882.5,13.9,1.5,27,10.4,0.0,33088.81,306,54.368233,31.880491,1217.0
2025-01-27,4.3,38000.86,0.0,1.89,61,1020.4,880.2,9.2,0.9,62,20.3,2.7,20325.32,296,54.368233,31.880491,1217.0
2025-01-28,3.5,38087.21,0.1,0.0,76,1024.3,883.2,7.4,-0.2,52,18.3,0.1,21240.23,305,54.368233,31.880491,1217.0
2025-01-29,3.3,38175.68,0.0,0.0,67,1028.0,886.3,8.2,-1.4,5,12.8,0.0,33205.24,309,54.368233,31.880491,1217.0
2025-01-30,3.3,38266.13,0.0,0.0,57,1027.6,886.0,8.4,-2.0,11,20.5,0.0,33570.48,298,54.368233,31.880491,1217.0
2025-01-31,3.8,38358.45,0.0,0.0,50,1026.9,885.5,9.1,-1.3,0,15.2,0.0,33861.42,311,54.368233,31.880491,1217.0
2025-02-01,4.8,38452.48,0.0,0.0,37,1021.5,881.4,11.5,-1.1,25,11.9,0.0,34118.8,123,54.368233,31.880491,1217.0
2025-02-02,4.2,38548.13,0.0,0.0,33,1021.4,881.0,9.2,-0.2,47,19.6,0.0,33084.9,306,54.368233,31.880491,1217.0
2025-02-03,5.1,38645.27,0.0,0.0,27,1019.4,879.7,11.2,-0.1,0,11.8,0.0,34489.5,110,54.368233,31.880491,1217.0
2025-02-04,7.7,38743.77,0.0,0.0,23,1016.5,878.4,15.4,-0.1,43,15.8,0.0,33865.77,121,54.368233,31.880491,1217.0
2025-02-05,9.9,38843.53,0.0,0.0,21,1013.9,877.1,17.7,1.8,2,15.0,0.0,34744.37,125,54.368233,31.880491,1217.0
2025-02-06,10.3,38944.41,0.0,0.0,28,1007.7,872.0,16.8,5.8,54,27.5,0.0,19780.39,128,54.368233,31.880491,1217.0
2025-02-07,9.9,39046.32,10.5,0.0,55,1011.0,874.6,18.0,4.8,43,21.9,10.5,33504.23,287,54.368233,31.880491,1217.0
2025-02-08,4.9,39149.13,0.0,0.0,71,1017.7,878.1,7.3,0.8,76,19.5,0.0,5755.9,281,54.368233,31.880491,1217.0
2025-02-09,2.9,39252.74,0.9,0.07,67,1017.2,876.8,9.9,-1.6,26,25.7,1.0,33764.63,302,54.368233,31.880491,1217.0
2025-02-10,1.5,39357.04,0.0,0.0,62,1023.6,881.7,7.6,-3.2,9,12.2,0.0,35123.86,269,54.368233,31.880491,1217.0
2025-02-11,3.6,39461.93,0.0,0.0,52,1025.2,884.0,9.6,-3.9,56,14.7,0.0,33983.16,285,54.368233,31.880491,1217.0
2025-02-12,4.4,39567.29,0.2,0.0,59,1025.2,884.4,9.9,-0.2,95,14.0,0.2,24486.33,297,54.368233,31.880491,1217.0
2025-02-13,5.5,39673.03,0.1,0.0,76,1022.3,882.4,10.4,1.1,94,16.8,0.1,25863.18,288,54.368233,31.880491,1217.0
2025-02-14,8.0,39779.04,0.0,0.0,77,1017.6,879.5,16.9,1.6,53,11.5,0.0,31460.87,275,54.368233,31.880491,1217.0
2025-02-15,7.7,39885.23,0.0,0.0,61,1017.8,879.6,13.0,2.0,78,16.8,0.0,32696.8,287,54.368233,31.880491,1217.0
2025-02-16,9.6,39991.66,0.0,0.0,39,1015.6,878.4,16.7,1.8,8,17.7,0.0,36407.84,113,54.368233,31.880491,1217.0
2025-02-17,11.8,40099.3,0.0,0.0,32,1012.9,877.0,20.6,3.2,4,27.2,0.0,36467.89,268,54.368233,31.880491,1217.0
2025-02-18,9.6,40208.19,0.0,0.0,37,1018.0,880.5,16.5,3.2,31,24.8,0.0,36655.21,280,54.368233,31.880491,1217.0
2025-02-19,10.0,40318.24,0.0,0.0,27,1017.8,880.5,15.8,3.8,7,17.4,0.0,36975.91,124,54.368233,31.880491,1217.0
2025-02-20,11.2,40429.34,0.0,0.0,28,1010.2,874.5,18.4,5.1,48,17.2,0.0,31922.8,153,54.368233,31.880491,1217.0
2025-02-21,13.5,40541.39,0.0,0.0,37,1010.9,876.1,20.5,7.1,1,16.3,0.0,37367.74,121,54.368233,31.880491,1217.0
2025-02-22,14.5,40654.29,0.0,0.0,25,1011.0,876.6,22.1,6.8,0,17.6,0.0,37736.25,120,54.368233,31.880491,1217.0
2025-02-23,15.0,40767.94,0.0,0.0,34,1009.2,875.3,21.1,8.5,19,26.6,0.0,37769.08,188,54.368233,31.880491,1217.0
2025-02-24,12.5,40882.25,0.0,0.0,26,1009.1,874.1,18.8,5.2,30,28.2,0.0,37130.26,232,54.368233,31.880491,1217.0
2025-02-25,1.8,40997.11,0.0,0.0,23,1020.1,878.8,6.3,-3.2,1,26.5,0.0,38092.67,296,54.368233,31.880491,1217.0
2025-02-26,3.7,41112.44,0.0,0.0,12,1018.8,878.5,12.1,-4.8,60,17.5,0.0,36945.29,271,54.368233,31.880491,1217.0
2025-02-27,6.1,41228.13,0.0,0.0,13,1016.6,877.7,13.6,-1.6,1,24.0,0.0,38332.1,274,54.368233,31.880491,1217.0
2025-02-28,5.6,41344.11,0.0,0.0,19,1017.1,877.9,12.8,-0.3,0,20.0,0.0,38452.07,277,54.368233,31.880491,1217.0
2025-03-01,6.8,41460.27,0.0,0.0,17,1013.0,874.9,14.8,-1.5,16,20.4,0.0,38572.07,294,54.368233,31.880491,1217.0
2025-03-02,5.8,41576.53,0.0,0.0,27,1018.0,878.8,10.5,1.1,10,24.2,0.0,38692.02,303,54.368233,31.880491,1217.0
2025-03-03,6.8,41692.79,0.0,0.0,24,1022.4,883.1,13.4,-1.0,11,21.8,0.0,38811.82,131,54.368233,31.880491,1217.0
2025-03-04,10.0,41808.97,0.0,0.0,19,1019.4,881.9,16.2,0.9,83,16.4,0.0,32381.44,286,54.368233,31.880491,1217.0
2025-03-05,12.2,41924.98,0.1,0.0,36,1019.0,882.6,18.0,7.8,67,16.1,0.1,32372.47,269,54.368233,31.880491,1217.0
2025-03-06,12.9,42040.74,0.2,0.0,52,1019.1,882.9,18.4,7.4,99,12.0,0.2,11105.12,229,54.368233,31.880491,1217.0
2025-03-07,13.4,42156.16,0.8,0.0,60,1020.4,884.3,18.1,8.9,100,16.7,0.8,7765.67,154,54.368233,31.880491,1217.0
2025-03-08,13.2,42271.3,4.9,0.0,78,1012.9,877.7,18.7,9.2,99,28.2,4.9,6137.15,136,54.368233,31.880491,1217.0
2025-03-09,13.3,42387.04,0.0,0.0,73,1012.0,877.0,18.6,9.1,17,17.6,0.0,39368.54,286,54.368233,31.880491,1217.0
2025-03-10,15.1,42503.47,0.0,0.0,50,1014.6,880.0,22.5,7.2,27,14.5,0.0,34389.68,290,54.368233,31.880491,1217.0
2025-03-11,14.5,42620.5,1.4,0.0,53,1017.5,882.3,20.6,9.2,25,19.5,1.4,39517.2,275,54.368233,31.880491,1217.0
2025-03-12,13.8,42738.06,0.4,0.0,52,1018.5,882.8,19.2,8.8,16,22.2,0.4,39592.73,292,54.368233,31.880491,1217.0
2025-03-13,12.9,42856.06,0.3,0.0,53,1020.2,883.9,18.2,8.1,16,16.8,0.3,39600.0,325,54.368233,31.880491,1217.0
2025-03-14,14.1,42974.42,0.0,0.0,33,1020.2,884.5,19.8,7.8,0,22.5,0.0,39600.0,299,54.368233,31.880491,1217.0
2025-03-15,14.7,43093.07,0.0,0.0,21,1020.7,885.1,21.5,7.4,4,11.1,0.0,39600.0,324,54.368233,31.880491,1217.0
2025-03-16,16.2,43211.93,0.0,0.0,12,1019.3,884.5,23.2,8.4,68,15.0,0.0,39600.0,108,54.368233,31.880491,1217.0
2025-03-17,17.0,43330.92,0.0,0.0,10,1014.5,880.7,24.5,9.1,44,11.2,0.0,39600.0,117,54.368233,31.880491,1217.0
2025-03-18,18.0,43449.96,0.0,0.0,10,1011.9,878.9,25.6,9.4,0,14.7,0.0,39600.0,116,54.368233,31.880491,1217.0
2025-03-19,19.3,43568.98,0.0,0.0,13,1013.0,880.4,26.5,11.4,3,11.9,0.0,39600.0,88,54.368233,31.880491,1217.0
2025-03-20,22.1,43687.9,0.0,0.0,16,1013.6,882.1,30.8,12.2,47,21.0,0.0,37344.88,129,54.368233,31.880491,1217.0
2025-03-21,19.5,43806.64,0.2,0.0,29,1014.4,881.7,25.9,15.7,94,12.9,0.2,4174.18,139,54.368233,31.880491,1217.0
2025-03-22,19.4,43925.12,0.6,0.0,37,1012.2,879.8,25.3,14.6,86,18.8,0.6,17163.31,118,54.368233,31.880491,1217.0
2025-03-23,15.9,44043.27,0.0,0.0,63,1013.8,879.7,22.3,9.9,30,18.8,0.0,38711.15,286,54.368233,31.880491,1217.0
2025-03-24,12.6,44161.0,0.5,0.0,53,1016.1,880.3,18.5,6.1,32,32.1,0.5,33997.56,303,54.368233,31.880491,1217.0
2025-03-25,8.4,44278.23,1.6,0.0,50,1020.6,882.3,13.0,4.1,20,28.7,1.6,39600.0,313,54.368233,31.880491,1217.0
2025-03-26,9.3,44394.9,0.0,0.0,36,1018.1,880.5,15.7,3.9,5,27.3,0.0,39600.0,322,54.368233,31.880491,1217.0
2025-03-27,13.0,44510.92,0.0,0.0,23,1017.1,881.2,19.9,3.8,0,15.7,0.0,39600.0,117,54.368233,31.880491,1217.0
2025-03-28,16.8,44626.34,0.0,0.0,16,1014.2,880.4,24.8,7.4,11,13.5,0.0,39600.0,120,54.368233,31.880491,1217.0
2025-03-29,19.1,44741.99,0.0,0.0,15,1013.1,880.4,26.2,10.4,10,12.3,0.0,39600.0,82,54.368233,31.880491,1217.0
2025-03-30,21.3,44857.94,0.0,0.0,15,1012.8,881.0,28.6,12.4,19,14.9,0.0,39611.65,109,54.368233,31.880491,1217.0
2025-03-31,23.4,44974.12,0.0,0.0,15,1012.3,881.4,29.6,15.4,29,15.0,0.0,39600.0,15,54.368233,31.880491,1217.0
2025-04-01,22.4,45090.46,0.0,0.0,21,1014.9,883.3,28.1,16.1,51,13.2,0.0,35510.03,334,54.368233,31.880491,1217.0
2025-04-02,24.6,45206.87,0.0,0.0,16,1011.8,881.5,31.2,14.9,31,14.5,0.0,39677.2,95,54.368233,31.880491,1217.0
2025-04-03,24.6,45323.28,0.0,0.0,24,1010.3,880.2,30.6,17.9,95,20.4,0.0,32796.82,295,54.368233,31.880491,1217.0
2025-04-04,23.6,45439.64,0.1,0.0,33,1013.3,882.4,30.0,18.0,59,17.1,0.1,33579.62,56,54.368233,31.880491,1217.0
2025-04-05,25.7,45555.84,0.0,0.0,24,1011.0,881.2,33.6,16.7,62,25.1,0.0,36271.41,195,54.368233,31.880491,1217.0
2025-04-06,24.3,45671.82,0.0,0.0,21,1014.3,883.5,30.2,17.5,74,20.3,0.0,27994.29,334,54.368233,31.880491,1217.0
2025-04-07,24.1,45787.51,0.0,0.0,28,1014.5,883.7,29.9,16.5,77,27.5,0.0,30208.34,306,54.368233,31.880491,1217.0
2025-04-08,21.0,45902.82,0.0,0.0,34,1016.8,884.4,27.1,14.4,1,19.4,0.0,40216.95,310,54.368233,31.880491,1217.0
2025-04-09,23.0,46017.68,0.0,0.0,23,1014.4,883.2,29.8,14.8,0,13.0,0.0,40340.45,338,54.368233,31.880491,1217.0
2025-04-10,26.3,46132.0,0.0,0.0,16,1006.1,877.2,35.2,16.5,16,20.3,0.0,40467.78,99,54.368233,31.880491,1217.0
2025-04-11,25.0,46245.7,0.0,0.0,26,1004.0,874.9,31.1,19.2,64,19.5,0.0,30048.02,156,54.368233,31.880491,1217.0
2025-04-12,22.9,46358.71,0.6,0.0,33,1005.6,875.5,30.3,16.4,55,23.0,0.6,30008.15,198,54.368233,31.880491,1217.0
2025-04-13,23.8,46470.93,0.0,0.0,29,1010.1,879.7,31.9,14.6,11,32.2,0.0,40815.64,289,54.368233,31.880491,1217.0
2025-04-14,24.4,46582.28,0.9,0.0,25,1012.0,881.6,31.5,18.1,62,20.0,0.9,30049.1,112,54.368233,31.880491,1217.0
2025-04-15,25.5,46692.68,0.0,0.0,19,1008.8,879.2,32.4,18.5,16,21.8,0.0,40660.14,196,54.368233,31.880491,1217.0
2025-04-16,24.0,46802.03,0.0,0.0,12,1007.4,877.5,31.5,16.5,22,31.8,0.0,41478.9,304,54.368233,31.880491,1217.0
2025-04-17,17.5,46910.39,0.0,0.0,17,1012.4,879.1,23.8,11.1,12,30.4,0.0,41623.03,307,54.368233,31.880491,1217.0
2025-04-18,14.8,47018.54,0.0,0.0,27,1016.1,881.2,19.9,9.7,0,23.1,0.0,41623.09,294,54.368233,31.880491,1217.0
2025-04-19,16.0,47126.55,0.0,0.0,24,1015.5,881.1,22.0,8.8,0,22.2,0.0,41888.99,307,54.368233,31.880491,1217.0
2025-04-20,17.5,47234.34,0.0,0.0,27,1014.4,880.9,24.3,9.4,0,9.7,0.0,42040.14,344,54.368233,31.880491,1217.0
2025-04-21,21.0,47341.84,0.0,0.0,17,1013.9,881.8,28.4,11.6,18,13.8,0.0,42193.56,121,54.368233,31.880491,1217.0
2025-04-22,22.0,47448.96,0.0,0.0,19,1015.1,883.3,28.5,14.6,61,23.6,0.0,32694.14,275,54.368233,31.880491,1217.0
2025-04-23,24.3,47555.62,0.0,0.0,19,1012.8,882.3,31.0,15.7,7,15.5,0.0,42352.34,63,54.368233,31.880491,1217.0
2025-04-24,25.5,47661.73,0.0,0.0,14,1011.1,881.3,32.1,17.4,21,20.3,0.0,42666.7,328,54.368233,31.880491,1217.0
2025-04-25,27.5,47767.21,0.0,0.0,14,1010.4,881.4,34.4,19.5,1,18.4,0.0,42925.96,42,54.368233,31.880491,1217.0
2025-04-26,29.0,47871.98,0.0,0.0,15,1009.7,881.4,36.0,21.0,32,21.0,0.0,42863.29,299,54.368233,31.880491,1217.0
2025-04-27,29.2,47975.95,0.0,0.0,15,1008.7,880.6,36.2,22.4,73,23.4,0.0,36741.45,355,54.368233,31.880491,1217.0
2025-04-28,28.5,48079.02,0.0,0.0,13,1007.8,879.6,34.7,21.1,19,24.9,0.0,43558.5,316,54.368233,31.880491,1217.0
2025-04-29,27.0,48181.12,0.0,0.0,20,1008.4,879.5,32.8,20.5,25,31.2,0.0,43495.29,305,54.368233,31.880491,1217.0
2025-04-30,25.0,48282.14,0.6,0.0,31,1011.9,881.8,30.4,19.6,55,27.6,0.6,43062.55,304,54.368233,31.880491,1217.0
2025-05-01,25.5,48381.99,0.1,0.0,30,1012.6,882.6,30.9,19.5,37,15.5,0.1,43146.4,324,54.368233,31.880491,1217.0
2025-05-02,26.6,48480.57,0.0,0.0,24,1012.0,882.5,32.6,19.6,11,15.5,0.0,43648.4,331,54.368233,31.880491,1217.0
2025-05-03,28.3,48577.79,0.0,0.0,18,1009.7,881.2,35.0,19.9,26,15.1,0.0,41481.75,57,54.368233,31.880491,1217.0
2025-05-04,29.7,48673.54,0.0,0.0,16,1007.7,880.0,36.0,22.1,27,16.4,0.0,43807.54,99,54.368233,31.880491,1217.0
2025-05-05,29.5,48767.73,0.0,0.0,21,1006.1,878.5,37.0,23.0,33,28.8,0.0,41615.37,269,54.368233,31.880491,1217.0
2025-05-06,29.5,48860.25,0.0,0.0,11,1005.3,877.8,36.7,21.0,6,29.2,0.0,44510.26,260,54.368233,31.880491,1217.0
2025-05-07,24.3,48951.14,0.0,0.0,13,1008.3,878.3,29.9,18.5,0,24.1,0.0,44512.51,303,54.368233,31.880491,1217.0
2025-05-08,23.5,49041.09,0.0,0.0,20,1010.0,879.5,29.0,17.4,0,23.2,0.0,44370.17,304,54.368233,31.880491,1217.0
2025-05-09,25.7,49130.19,0.0,0.0,16,1010.4,880.7,32.5,17.2,3,15.4,0.0,44370.77,74,54.368233,31.880491,1217.0
2025-05-10,28.0,49218.34,0.0,0.0,11,1008.4,879.9,34.3,18.5,19,20.6,0.0,44517.87,114,54.368233,31.880491,1217.0
2025-05-11,28.7,49305.46,0.0,0.0,10,1006.4,878.5,35.7,20.7,4,24.9,0.0,43484.02,320,54.368233,31.880491,1217.0
2025-05-12,29.5,49391.46,0.0,0.0,9,1004.4,877.0,35.8,20.9,32,27.9,0.0,43626.07,307,54.368233,31.880491,1217.0
2025-05-13,29.7,49476.29,0.0,0.0,11,1004.9,877.5,35.5,23.1,12,19.7,0.0,43469.94,333,54.368233,31.880491,1217.0
2025-05-14,30.8,49559.82,0.0,0.0,12,1005.6,878.6,37.3,21.7,24,20.0,0.0,43200.0,54,54.368233,31.880491,1217.0
2025-05-15,31.1,49642.0,0.0,0.0,10,1007.1,879.9,37.9,24.0,7,20.7,0.0,44522.33,291,54.368233,31.880491,1217.0
2025-05-16,30.2,49722.72,0.0,0.0,11,1008.6,880.9,37.3,22.7,1,34.7,0.0,44983.1,299,54.368233,31.880491,1217.0
2025-05-17,27.4,49801.91,0.0,0.0,13,1011.5,882.3,32.8,21.8,0,22.9,0.0,44986.39,293,54.368233,31.880491,1217.0
2025-05-18,28.2,49879.46,0.0,0.0,11,1011.4,882.6,35.0,20.6,0,17.8,0.0,45145.07,305,54.368233,31.880491,1217.0
2025-05-19,30.4,49955.3,0.0,0.0,10,1009.1,881.5,37.8,21.8,0,17.7,0.0,45305.57,351,54.368233,31.880491,1217.0
2025-05-20,32.4,50029.32,0.0,0.0,8,1006.2,879.7,39.5,23.6,4,19.2,0.0,45152.46,107,54.368233,31.880491,1217.0
2025-05-21,32.2,50101.44,0.0,0.0,8,1005.8,879.2,39.8,24.5,7,18.6,0.0,45155.78,20,54.368233,31.880491,1217.0
2025-05-22,33.1,50171.55,0.0,0.0,8,1005.2,879.1,39.9,26.0,6,21.1,0.0,45318.48,303,54.368233,31.880491,1217.0
2025-05-23,31.6,50239.57,0.0,0.0,16,1003.6,877.1,38.6,24.5,16,20.6,0.0,45482.84,304,54.368233,31.880491,1217.0
2025-05-24,32.3,50305.39,0.0,0.0,15,1000.2,874.4,38.8,25.5,22,26.7,0.0,43200.0,304,54.368233,31.880491,1217.0
2025-05-25,31.3,50368.93,0.0,0.0,15,1001.7,875.3,39.8,23.6,20,30.5,0.0,42477.19,279,54.368233,31.880491,1217.0
2025-05-26,25.5,50430.09,0.2,0.0,27,1009.0,879.4,29.9,21.5,14,27.4,0.2,45495.23,309,54.368233,31.880491,1217.0
2025-05-27,26.4,50488.86,0.0,0.0,22,1008.6,879.4,32.2,19.6,0,18.1,0.0,45827.04,316,54.368233,31.880491,1217.0
2025-05-28,28.1,50545.74,0.0,0.0,17,1007.3,879.0,33.3,20.6,28,17.2,0.0,44774.09,339,54.368233,31.880491,1217.0
2025-05-29,29.2,50600.77,0.0,0.0,13,1005.9,878.2,35.3,21.4,2,20.7,0.0,45671.06,25,54.368233,31.880491,1217.0
2025-05-30,31.3,50653.91,0.0,0.0,9,1002.2,875.8,38.5,22.9,0,26.4,0.0,46174.44,256,54.368233,31.880491,1217.0
2025-05-31,30.2,50705.09,0.0,0.0,10,1007.0,879.6,36.7,23.6,0,23.5,0.0,46180.27,286,54.368233,31.880491,1217.0
2025-06-01,30.3,50754.27,0.0,0.0,8,1010.1,882.3,36.2,23.0,0,18.5,0.0,46522.02,149,54.368233,31.880491,1217.0
2025-06-02,30.5,50801.39,0.0,0.0,5,1006.6,879.3,36.2,23.5,0,22.0,0.0,46673.96,132,54.368233,31.880491,1217.0
2025-06-03,31.6,50846.39,0.0,0.0,5,1000.2,874.1,38.5,22.2,0,23.5,0.0,46704.73,122,54.368233,31.880491,1217.0
2025-06-04,30.4,50889.24,0.0,0.0,11,999.3,872.9,36.7,23.4,0,29.4,0.0,46711.5,304,54.368233,31.880491,1217.0
2025-06-05,26.6,50929.87,0.0,0.0,22,1004.3,875.7,33.0,20.9,0,28.8,0.0,46546.89,310,54.368233,31.880491,1217.0
2025-06-06,25.0,50968.22,0.0,0.0,23,1009.6,879.8,30.6,18.4,0,23.4,0.0,46380.6,310,54.368233,31.880491,1217.0
2025-06-07,27.6,51004.25,0.0,0.0,18,1006.4,878.0,34.6,19.8,21,36.1,0.0,45494.98,303,54.368233,31.880491,1217.0
2025-06-08,24.8,51037.92,0.0,0.0,26,1010.9,880.8,30.3,19.2,4,35.5,0.0,46307.31,309,54.368233,31.880491,1217.0
2025-06-09,26.7,51069.16,0.0,0.0,25,1009.4,880.3,33.8,18.6,14,24.7,0.0,44589.79,286,54.368233,31.880491,1217.0
2025-06-10,27.0,51097.92,0.0,0.0,23,1008.5,879.6,33.0,19.6,34,21.5,0.0,41957.58,316,54.368233,31.880491,1217.0
2025-06-11,28.3,51124.15,0.0,0.0,21,1008.2,879.9,34.7,20.4,8,17.6,0.0,46693.9,326,54.368233,31.880491,1217.0
2025-06-12,30.5,51147.81,0.0,0.0,16,1008.1,880.6,37.3,22.8,3,21.7,0.0,45836.67,44,54.368233,31.880491,1217.0
2025-06-13,30.8,51168.84,0.0,0.0,16,1009.0,881.6,37.3,23.6,0,19.7,0.0,46461.78,345,54.368233,31.880491,1217.0
2025-06-14,30.6,51187.2,0.0,0.0,14,1007.7,880.3,36.7,24.0,1,24.5,0.0,46756.59,329,54.368233,31.880491,1217.0
2025-06-15,31.5,51202.85,0.0,0.0,12,1004.3,877.7,37.8,22.9,0,18.3,0.0,46800.0,285,54.368233,31.880491,1217.0
2025-06-16,32.8,51215.75,0.0,0.0,9,1001.2,875.5,39.0,24.5,0,23.9,0.0,46800.0,120,54.368233,31.880491,1217.0
2025-06-17,34.6,51225.99,0.0,0.0,7,998.1,873.4,42.0,24.6,0,18.2,0.0,46800.0,120,54.368233,31.880491,1217.0
2025-06-18,33.2,51233.62,0.0,0.0,12,1000.4,874.9,39.8,26.1,0,27.4,0.0,46800.0,306,54.368233,31.880491,1217.0
2025-06-19,30.3,51238.64,0.0,0.0,23,1003.4,876.4,35.8,24.4,0,26.7,0.0,46785.98,292,54.368233,31.880491,1217.0
2025-06-20,30.6,51241.07,0.0,0.0,22,1003.6,876.7,37.0,23.3,0,22.3,0.0,46763.76,298,54.368233,31.880491,1217.0
2025-06-21,33.6,51240.93,0.0,0.0,14,1000.6,875.2,41.3,24.5,0,23.7,0.0,46800.0,339,54.368233,31.880491,1217.0
2025-06-22,34.5,51238.23,0.0,0.0,10,999.2,874.4,41.7,25.9,0,17.6,0.0,46800.0,101,54.368233,31.880491,1217.0
2025-06-23,35.6,51232.99,0.0,0.0,8,997.3,873.1,42.6,28.2,0,27.5,0.0,46800.0,121,54.368233,31.880491,1217.0
2025-06-24,35.6,51225.23,0.0,0.0,8,996.0,872.0,42.0,26.8,0,26.7,0.0,46800.0,126,54.368233,31.880491,1217.0
2025-06-25,31.2,51214.96,0.0,0.0,21,1001.2,874.8,37.1,24.1,0,25.8,0.0,46800.0,294,54.368233,31.880491,1217.0
2025-06-26,31.1,51202.22,0.0,0.0,23,1003.0,876.4,37.2,25.1,0,23.8,0.0,46800.0,300,54.368233,31.880491,1217.0
2025-06-27,33.1,51187.02,0.0,0.0,17,1000.6,875.1,39.5,25.5,1,15.8,0.0,46800.0,303,54.368233,31.880491,1217.0
2025-06-28,33.4,51169.38,0.0,0.0,15,999.5,874.2,39.8,25.7,2,22.9,0.0,46800.0,148,54.368233,31.880491,1217.0
2025-06-29,34.9,51149.32,0.0,0.0,11,995.3,871.1,41.3,27.0,0,18.7,0.0,46800.0,125,54.368233,31.880491,1217.0
2025-06-30,35.9,51126.88,0.0,0.0,11,993.9,870.2,42.8,27.3,1,19.2,0.0,46800.0,109,54.368233,31.880491,1217.0
2025-07-01,37.2,51102.08,0.0,0.0,9,994.1,870.9,44.5,28.9,1,18.2,0.0,46630.74,111,54.368233,31.880491,1217.0
2025-07-02,37.6,51074.93,0.0,0.0,9,994.7,871.6,44.7,29.0,6,26.9,0.0,46630.44,101,54.368233,31.880491,1217.0
2025-07-03,38.3,51045.48,0.0,0.0,8,994.2,871.4,44.0,30.6,1,20.1,0.0,46800.0,113,54.368233,31.880491,1217.0
2025-07-04,37.2,51013.73,0.0,0.0,9,995.0,871.7,44.2,29.6,1,12.3,0.0,46636.8,325,54.368233,31.880491,1217.0
2025-07-05,36.3,50979.74,0.0,0.0,12,995.6,871.9,43.5,27.9,1,22.9,0.0,46643.66,278,54.368233,31.880491,1217.0
2025-07-06,36.9,50943.45,0.0,0.0,10,994.4,871.0,43.0,29.9,18,23.4,0.0,44644.49,270,54.368233,31.880491,1217.0
2025-07-07,33.3,50904.51,0.0,0.0,19,997.4,872.3,38.2,27.9,38,28.8,0.0,44096.63,285,54.368233,31.880491,1217.0
2025-07-08,32.5,50862.94,0.0,0.0,21,998.5,873.0,37.5,27.2,30,26.6,0.0,45658.01,299,54.368233,31.880491,1217.0
2025-07-09,33.8,50818.82,0.0,0.0,18,997.7,872.8,39.2,26.6,53,21.7,0.0,44942.48,320,54.368233,31.880491,1217.0
2025-07-10,34.0,50772.22,0.0,0.0,21,998.9,873.9,39.8,28.9,63,19.2,0.0,39471.39,274,54.368233,31.880491,1217.0
2025-07-11,33.8,50723.24,0.0,0.0,23,1001.9,876.4,39.8,28.0,52,19.5,0.0,41825.36,17,54.368233,31.880491,1217.0
2025-07-12,33.1,50671.94,0.0,0.0,16,1004.9,878.8,39.0,27.5,13,28.4,0.0,46123.09,304,54.368233,31.880491,1217.0
2025-07-13,30.5,50618.41,0.0,0.0,19,1007.8,880.4,36.3,26.5,46,26.0,0.0,37963.24,299,54.368233,31.880491,1217.0
2025-07-14,29.9,50562.73,0.0,0.0,19,1006.9,879.4,35.5,25.6,47,21.7,0.0,37777.19,303,54.368233,31.880491,1217.0
2025-07-15,30.9,50504.98,0.0,0.0,17,1003.5,876.8,36.6,23.3,4,13.6,0.0,46673.59,85,54.368233,31.880491,1217.0
2025-07-16,32.8,50445.25,0.0,0.0,13,1002.5,876.6,38.9,25.0,1,18.1,0.0,46704.58,110,54.368233,31.880491,1217.0
2025-07-17,34.1,50383.6,0.0,0.0,12,1002.8,877.3,39.8,26.8,0,18.9,0.0,46738.2,140,54.368233,31.880491,1217.0
2025-07-18,34.2,50320.12,0.0,0.0,11,1003.1,877.7,40.5,27.0,0,19.3,0.0,46285.93,211,54.368233,31.880491,1217.0
2025-07-19,33.3,50254.88,0.0,0.0,12,1003.0,877.2,39.7,26.6,0,23.2,0.0,46800.0,343,54.368233,31.880491,1217.0
2025-07-20,33.0,50187.97,0.0,0.0,14,1002.0,876.3,40.6,25.9,7,26.2,0.0,46800.0,357,54.368233,31.880491,1217.0
2025-07-21,32.2,50119.46,0.0,0.0,12,1002.5,876.4,38.5,26.0,0,25.8,0.0,46800.0,313,54.368233,31.880491,1217.0
2025-07-22,31.6,50049.42,0.0,0.0,9,1002.8,876.4,37.8,24.4,0,16.1,0.0,46800.0,305,54.368233,31.880491,1217.0
2025-07-23,31.2,49977.93,0.0,0.0,11,1001.5,875.1,37.8,24.0,0,27.1,0.0,46797.9,310,54.368233,31.880491,1217.0
2025-07-24,29.9,49905.08,0.0,0.0,12,1001.5,874.6,36.2,23.4,0,28.3,0.0,46765.26,304,54.368233,31.880491,1217.0
2025-07-25,31.4,49830.92,0.0,0.0,10,1001.9,875.5,38.5,23.1,0,22.5,0.0,46731.24,325,54.368233,31.880491,1217.0
2025-07-26,32.4,49755.41,0.0,0.0,12,1003.3,877.1,39.5,24.6,24,26.8,0.0,40962.01,279,54.368233,31.880491,1217.0
2025-07-27,31.9,49677.92,0.0,0.0,17,1004.1,877.6,37.7,25.7,2,24.1,0.0,46114.88,327,54.368233,31.880491,1217.0
2025-07-28,33.2,49598.42,0.0,0.0,16,1002.4,876.7,38.8,25.4,2,23.8,0.0,45907.71,67,54.368233,31.880491,1217.0
2025-07-29,34.8,49517.02,0.0,0.0,15,1001.9,876.8,40.1,27.6,19,23.1,0.0,44453.49,27,54.368233,31.880491,1217.0
2025-07-30,35.1,49433.83,0.0,0.0,15,1002.3,877.3,41.3,28.4,32,22.0,0.0,42924.16,16,54.368233,31.880491,1217.0
2025-07-31,32.7,49348.93,0.0,0.0,16,1003.6,877.5,38.5,25.8,13,20.7,0.0,45084.72,320,54.368233,31.880491,1217.0
2025-08-01,30.8,49262.44,0.0,0.0,12,1005.1,878.1,37.4,24.2,0,21.7,0.0,46049.78,294,54.368233,31.880491,1217.0
2025-08-02,31.3,49174.44,0.0,0.0,12,1005.7,878.8,38.0,23.6,0,23.0,0.0,45546.51,305,54.368233,31.880491,1217.0
2025-08-03,31.6,49085.04,0.0,0.0,13,1005.4,878.7,37.8,24.4,0,22.4,0.0,45370.76,312,54.368233,31.880491,1217.0
2025-08-04,31.8,48994.32,0.0,0.0,13,1006.2,879.4,38.2,23.8,0,24.5,0.0,45192.5,308,54.368233,31.880491,1217.0
2025-08-05,31.8,48902.39,0.0,0.0,15,1006.7,879.9,38.7,25.1,0,24.7,0.0,44702.4,316,54.368233,31.880491,1217.0
2025-08-06,30.7,48809.32,0.0,0.0,16,1006.8,879.6,36.6,24.2,0,28.1,0.0,44689.08,311,54.368233,31.880491,1217.0
2025-08-07,30.6,48715.22,0.0,0.0,15,1007.0,879.7,37.2,23.5,0,28.5,0.0,44362.08,324,54.368233,31.880491,1217.0
2025-08-08,30.7,48620.17,0.0,0.0,15,1007.0,879.7,37.0,23.1,9,25.6,0.0,44349.71,328,54.368233,31.880491,1217.0
2025-08-09,30.5,48524.25,0.0,0.0,13,1008.8,881.2,36.8,22.5,0,20.7,0.0,44179.39,318,54.368233,31.880491,1217.0
2025-08-10,29.4,48427.55,0.0,0.0,12,1008.8,880.8,35.5,22.0,0,26.2,0.0,44173.28,303,54.368233,31.880491,1217.0
2025-08-11,30.5,48330.16,0.0,0.0,15,1008.0,880.6,37.2,22.2,26,23.1,0.0,39777.38,314,54.368233,31.880491,1217.0
2025-08-12,31.2,48232.16,0.0,0.0,19,1007.4,880.3,36.8,24.5,4,20.2,0.0,42364.51,326,54.368233,31.880491,1217.0
2025-08-13,31.7,48133.62,0.0,0.0,17,1006.6,879.8,39.7,24.5,4,31.9,0.0,43236.82,357,54.368233,31.880491,1217.0
2025-08-14,30.5,48034.63,0.0,0.0,22,1007.5,880.1,38.0,24.7,14,23.1,0.0,42933.49,327,54.368233,31.880491,1217.0
2025-08-15,30.5,47935.13,0.0,0.0,20,1005.6,878.4,35.9,23.3,3,16.9,0.0,42786.31,238,54.368233,31.880491,1217.0
2025-08-16,32.6,47834.38,0.0,0.0,16,1002.5,876.5,37.9,25.2,6,23.7,0.0,41652.52,127,54.368233,31.880491,1217.0
2025-08-17,34.0,47732.34,0.0,0.0,14,1002.5,877.0,39.6,26.9,4,20.1,0.0,42201.27,118,54.368233,31.880491,1217.0
2025-08-18,32.5,47629.09,0.0,0.0,19,1004.7,878.5,39.4,25.1,1,17.0,0.0,42336.87,322,54.368233,31.880491,1217.0
2025-08-19,31.7,47524.74,0.0,0.0,17,1004.3,877.8,38.1,25.1,0,25.5,0.0,42347.22,319,54.368233,31.880491,1217.0
2025-08-20,30.0,47419.36,0.0,0.0,11,1003.9,876.8,36.8,22.1,0,25.8,0.0,42490.78,296,54.368233,31.880491,1217.0
2025-08-21,30.4,47313.05,0.0,0.0,9,1003.5,876.6,37.8,21.8,0,15.2,0.0,42485.85,309,54.368233,31.880491,1217.0
2025-08-22,30.7,47205.9,0.0,0.0,9,1003.6,876.7,38.5,22.3,0,22.4,0.0,42352.42,303,54.368233,31.880491,1217.0
2025-08-23,30.9,47097.99,0.0,0.0,17,1002.6,875.9,37.9,23.4,0,16.1,0.0,41810.43,298,54.368233,31.880491,1217.0
2025-08-24,31.8,46989.4,0.0,0.0,16,1002.6,876.3,38.8,23.5,0,17.5,0.0,41669.11,319,54.368233,31.880491,1217.0
2025-08-25,31.4,46880.21,0.0,0.0,15,1004.2,877.5,37.8,24.8,0,20.9,0.0,41550.22,313,54.368233,31.880491,1217.0
2025-08-26,28.6,46770.5,0.0,0.0,11,1007.1,879.0,35.0,22.0,0,27.5,0.0,41833.92,305,54.368233,31.880491,1217.0
2025-08-27,28.8,46660.36,0.0,0.0,9,1007.4,879.4,36.2,20.5,0,20.2,0.0,41579.52,303,54.368233,31.880491,1217.0
2025-08-28,28.6,46549.86,0.0,0.0,13,1008.5,880.2,35.5,21.6,0,22.5,0.0,41331.82,306,54.368233,31.880491,1217.0
2025-08-29,28.3,46439.08,0.0,0.0,15,1009.3,880.8,35.0,21.6,0,24.0,0.0,41228.35,308,54.368233,31.880491,1217.0
2025-08-30,27.9,46328.09,0.0,0.0,15,1010.1,881.4,34.5,21.5,0,25.2,0.0,41099.62,307,54.368233,31.880491,1217.0
2025-08-31,28.4,46216.96,0.0,0.0,11,1008.2,879.9,35.0,20.5,0,16.4,0.0,41004.52,304,54.368233,31.880491,1217.0
2025-09-01,28.1,46105.79,0.0,0.0,13,1004.4,876.5,34.5,20.4,0,18.8,0.0,41014.23,319,54.368233,31.880491,1217.0
2025-09-02,28.2,45994.62,0.0,0.0,13,1003.4,875.6,34.8,20.1,0,16.6,0.0,40863.43,345,54.368233,31.880491,1217.0
2025-09-03,29.1,45883.54,0.0,0.0,12,1003.8,876.3,35.5,20.3,5,16.6,0.0,40729.17,133,54.368233,31.880491,1217.0
2025-09-04,31.1,45772.48,0.0,0.0,10,1004.7,877.9,37.8,22.4,20,16.7,0.0,40074.58,124,54.368233,31.880491,1217.0
2025-09-05,31.8,45660.68,0.0,0.0,10,1006.6,879.8,38.0,24.4,2,20.8,0.0,40596.3,115,54.368233,31.880491,1217.0
2025-09-06,31.9,45548.08,0.0,0.0,10,1006.1,879.4,38.8,23.9,10,24.5,0.0,39649.91,115,54.368233,31.880491,1217.0
2025-09-07,32.1,45434.77,0.0,0.0,9,1004.1,877.7,39.7,24.2,2,23.0,0.0,40467.2,108,54.368233,31.880491,1217.0
2025-09-08,31.6,45320.82,0.0,0.0,10,1004.3,877.7,38.6,24.1,0,18.8,0.0,40467.06,110,54.368233,31.880491,1217.0
2025-09-09,31.7,45206.3,0.0,0.0,10,1006.0,879.2,37.9,23.2,0,20.9,0.0,40466.7,132,54.368233,31.880491,1217.0
2025-09-10,31.3,45091.29,0.0,0.0,9,1005.7,878.8,37.5,24.1,0,17.3,0.0,40466.11,140,54.368233,31.880491,1217.0
2025-09-11,31.8,44975.86,0.0,0.0,8,1002.5,876.2,38.9,23.5,3,20.7,0.0,40342.98,119,54.368233,31.880491,1217.0
2025-09-12,30.6,44860.1,0.0,0.0,10,1004.8,877.8,37.1,24.8,0,19.5,0.0,40343.14,308,54.368233,31.880491,1217.0
2025-09-13,27.8,44744.06,0.0,0.0,23,1009.3,880.6,34.0,21.9,0,20.9,0.0,40223.3,305,54.368233,31.880491,1217.0
2025-09-14,28.2,44627.83,0.0,0.0,23,1010.1,881.5,34.0,21.5,10,25.7,0.0,40105.79,291,54.368233,31.880491,1217.0
2025-09-15,26.9,44511.46,0.0,0.0,26,1011.6,882.3,32.2,21.9,0,25.5,0.0,40107.84,290,54.368233,31.880491,1217.0
2025-09-16,26.9,44395.05,0.0,0.0,26,1010.0,880.9,33.5,19.4,0,12.4,0.0,40109.65,339,54.368233,31.880491,1217.0
2025-09-17,28.2,44278.66,0.0,0.0,20,1007.8,879.5,35.2,20.0,0,23.4,0.0,40111.23,303,54.368233,31.880491,1217.0
2025-09-18,28.0,44162.34,0.0,0.0,16,1009.0,880.4,34.3,22.2,0,19.0,0.0,39999.47,306,54.368233,31.880491,1217.0
2025-09-19,29.2,44046.18,0.0,0.0,13,1006.1,878.4,36.8,20.5,0,16.6,0.0,39975.94,115,54.368233,31.880491,1217.0
2025-09-20,30.8,43930.25,0.0,0.0,12,1004.2,877.3,38.7,23.5,3,34.9,0.0,39899.01,299,54.368233,31.880491,1217.0
2025-09-21,29.9,43814.62,0.0,0.0,15,1006.3,878.8,36.0,22.6,24,32.9,0.0,31575.16,305,54.368233,31.880491,1217.0
2025-09-22,27.8,43699.35,0.0,0.0,20,1009.8,881.0,33.7,21.9,12,26.4,0.0,39531.31,285,54.368233,31.880491,1217.0
2025-09-23,23.8,43584.51,0.0,0.0,27,1012.8,882.1,28.6,19.1,0,22.2,0.0,39458.14,308,54.368233,31.880491,1217.0
2025-09-24,23.6,43470.04,0.0,0.0,24,1009.3,878.9,30.1,17.3,0,17.9,0.0,39385.2,313,54.368233,31.880491,1217.0
2025-09-25,23.8,43355.14,0.0,0.0,20,1008.5,878.3,30.5,16.6,0,15.6,0.0,39311.5,306,54.368233,31.880491,1217.0
2025-09-26,24.1,43239.75,0.0,0.0,20,1010.9,880.5,31.0,16.3,0,12.7,0.0,39136.46,314,54.368233,31.880491,1217.0
2025-09-27,27.4,43123.95,0.0,0.0,14,1011.5,882.3,35.0,17.5,24,13.5,0.0,33611.14,114,54.368233,31.880491,1217.0
2025-09-28,27.1,43007.81,0.0,0.0,16,1012.7,883.3,34.0,20.8,0,23.4,0.0,38892.06,306,54.368233,31.880491,1217.0
2025-09-29,25.5,42891.41,0.0,0.0,15,1012.4,882.4,32.5,19.0,0,10.2,0.0,38819.48,334,54.368233,31.880491,1217.0
2025-09-30,26.3,42774.82,0.0,0.0,10,1006.7,877.8,34.1,17.6,0,17.5,0.0,38746.54,129,54.368233,31.880491,1217.0
2025-10-01,27.1,42658.12,0.0,0.0,9,1004.6,876.3,34.7,19.5,0,19.6,0.0,38673.36,121,54.368233,31.880491,1217.0
2025-10-02,23.5,42541.39,0.0,0.0,21,1010.2,879.6,29.9,16.4,0,16.6,0.0,38552.9,303,54.368233,31.880491,1217.0
2025-10-03,23.8,42424.71,0.0,0.0,21,1013.9,883.0,31.0,16.8,0,13.4,0.0,38400.21,305,54.368233,31.880491,1217.0
2025-10-04,24.0,42308.15,0.0,0.0,21,1015.4,884.4,31.4,16.9,0,17.3,0.0,38245.55,303,54.368233,31.880491,1217.0
2025-10-05,22.2,42191.78,0.0,0.0,26,1016.0,884.2,29.1,16.4,0,20.7,0.0,38093.5,307,54.368233,31.880491,1217.0
2025-10-06,21.4,42075.7,0.0,0.0,22,1014.8,882.9,28.4,15.0,0,15.8,0.0,37944.2,314,54.368233,31.880491,1217.0
2025-10-07,22.5,41959.96,0.0,0.0,17,1013.7,882.3,29.6,15.6,0,15.2,0.0,37666.95,312,54.368233,31.880491,1217.0
2025-10-08,23.5,41844.66,0.0,0.0,15,1012.6,881.7,31.2,15.1,0,12.8,0.0,37526.02,100,54.368233,31.880491,1217.0
2025-10-09,24.8,41729.88,0.0,0.0,13,1012.5,882.2,32.3,16.7,0,15.4,0.0,37262.39,120,54.368233,31.880491,1217.0
2025-10-10,25.1,41615.68,0.0,0.0,13,1010.1,880.3,33.2,16.8,0,14.5,0.0,37130.69,95,54.368233,31.880491,1217.0
2025-10-11,24.7,41502.17,0.0,0.0,15,1009.3,879.3,32.5,16.8,0,9.5,0.0,37002.65,93,54.368233,31.880491,1217.0
2025-10-12,24.9,41389.41,0.0,0.0,16,1010.6,880.5,32.5,17.3,0,20.8,0.0,36878.41,99,54.368233,31.880491,1217.0
2025-10-13,24.9,41277.51,0.0,0.0,17,1012.6,882.3,32.3,17.5,0,16.5,0.0,36642.67,316,54.368233,31.880491,1217.0
2025-10-14,24.1,41166.37,0.0,0.0,14,1014.2,883.4,30.9,17.4,0,15.3,0.0,36642.0,302,54.368233,31.880491,1217.0
2025-10-15,23.5,41055.13,0.0,0.0,15,1012.8,881.9,31.5,15.4,0,13.1,0.0,36530.13,107,54.368233,31.880491,1217.0
2025-10-16,23.9,40943.73,0.0,0.0,14,1013.1,882.4,31.8,15.7,0,12.4,0.0,36422.79,120,54.368233,31.880491,1217.0
2025-10-17,23.2,40832.25,0.0,0.0,15,1015.8,884.4,31.0,15.4,3,11.2,0.0,36320.19,93,54.368233,31.880491,1217.0
2025-10-18,22.1,40720.78,0.0,0.0,16,1015.5,883.8,29.0,16.0,7,10.8,0.0,36222.62,316,54.368233,31.880491,1217.0
2025-10-19,21.3,40609.41,0.0,0.0,18,1013.3,881.5,28.3,14.9,18,13.8,0.0,36130.31,311,54.368233,31.880491,1217.0
2025-10-20,21.4,40498.24,0.0,0.0,19,1011.7,880.1,28.8,13.9,0,12.1,0.0,36137.59,178,54.368233,31.880491,1217.0
2025-10-21,22.0,40387.36,0.0,0.0,16,1012.7,881.2,29.6,14.7,4,8.3,0.0,36053.18,119,54.368233,31.880491,1217.0
2025-10-22,21.6,40276.86,0.0,0.0,15,1015.7,883.7,29.5,13.8,0,12.5,0.0,36061.73,96,54.368233,31.880491,1217.0
2025-10-23,20.8,40166.84,0.0,0.0,18,1016.6,884.1,27.3,14.3,0,14.9,0.0,36000.0,316,54.368233,31.880491,1217.0
2025-10-24,20.8,40057.4,0.0,0.0,18,1015.0,882.8,28.4,13.3,0,14.3,0.0,36000.0,123,54.368233,31.880491,1217.0
2025-10-25,20.3,39948.63,0.0,0.0,17,1013.0,880.8,27.3,13.7,0,19.9,0.0,36000.0,298,54.368233,31.880491,1217.0
2025-10-26,20.4,39840.64,0.0,0.0,18,1012.6,880.5,27.8,13.6,0,14.0,0.0,36000.0,120,54.368233,31.880491,1217.0
2025-10-27,20.5,39733.52,0.0,0.0,17,1013.3,881.2,28.0,13.6,0,13.1,0.0,36000.0,319,54.368233,31.880491,1217.0
2025-10-28,20.2,39627.39,0.0,0.0,17,1015.1,882.6,28.3,12.7,0,7.7,0.0,35976.22,91,54.368233,31.880491,1217.0
2025-10-29,20.5,39522.34,0.0,0.0,15,1013.4,881.2,29.5,12.2,0,11.4,0.0,35924.99,125,54.368233,31.880491,1217.0
2025-10-30,19.7,39418.49,0.0,0.0,16,1014.4,881.8,26.7,12.9,0,12.3,0.0,35873.45,306,54.368233,31.880491,1217.0
2025-10-31,17.9,39315.94,0.0,0.0,28,1019.2,885.2,24.4,12.1,0,17.4,0.0,35821.59,297,54.368233,31.880491,1217.0
2025-11-01,17.9,39214.8,0.0,0.0,32,1018.0,884.1,25.6,10.8,0,6.4,0.0,35769.47,106,54.368233,31.880491,1217.0
2025-11-02,17.8,39115.2,0.0,0.0,28,1016.9,883.2,24.9,11.0,0,10.3,0.0,35717.09,331,54.368233,31.880491,1217.0
2025-11-03,16.4,39017.05,0.0,0.0,31,1021.0,886.2,22.8,11.1,0,22.6,0.0,35664.49,299,54.368233,31.880491,1217.0
2025-11-04,14.3,38919.46,0.0,0.0,32,1023.6,887.5,21.0,7.6,0,16.1,0.0,35611.36,128,54.368233,31.880491,1217.0
2025-11-05,13.8,38822.34,0.0,0.0,28,1021.8,885.7,20.5,7.2,3,11.5,0.0,35557.56,321,54.368233,31.880491,1217.0
2025-11-06,13.8,38725.8,0.0,0.0,26,1020.5,884.6,21.0,7.2,1,11.0,0.0,35503.17,324,54.368233,31.880491,1217.0
2025-11-07,14.3,38629.93,0.0,0.0,25,1021.7,885.8,21.5,7.4,17,12.3,0.0,35448.25,356,54.368233,31.880491,1217.0
2025-11-08,14.6,38534.85,0.0,0.0,24,1023.0,887.0,21.9,7.6,27,9.0,0.0,35392.87,6,54.368233,31.880491,1217.0
2025-11-09,14.6,38440.66,0.0,0.0,22,1022.5,886.6,21.5,7.9,6,10.1,0.0,35337.08,342,54.368233,31.880491,1217.0
2025-11-10,14.0,38347.47,0.0,0.0,22,1021.7,885.7,21.1,7.6,0,10.9,0.0,35280.95,99,54.368233,31.880491,1217.0
2025-11-11,13.8,38255.4,0.0,0.0,23,1021.4,885.3,21.0,6.7,0,10.1,0.0,35224.56,96,54.368233,31.880491,1217.0
2025-11-12,14.5,38164.54,0.0,0.0,21,1021.2,885.5,22.6,6.8,35,12.5,0.0,35126.88,130,54.368233,31.880491,1217.0
2025-11-13,14.4,38075.03,0.0,0.0,20,1022.4,886.4,22.6,6.3,2,12.1,0.0,35030.25,92,54.368233,31.880491,1217.0
2025-11-14,14.8,37986.96,0.0,0.0,18,1019.6,884.2,23.5,7.4,46,16.8,0.0,34935.06,128,54.368233,31.880491,1217.0
2025-11-15,14.6,37900.47,0.0,0.0,16,1018.2,882.9,21.6,7.8,75,16.4,0.0,29553.39,266,54.368233,31.880491,1217.0
2025-11-16,15.4,37815.67,0.0,0.0,18,1021.5,886.1,22.7,9.7,54,11.4,0.0,30941.79,144,54.368233,31.880491,1217.0
2025-11-17,16.2,37732.68,0.0,0.0,23,1022.3,887.2,24.0,9.2,13,10.0,0.0,34659.44,131,54.368233,31.880491,1217.0
2025-11-18,13.9,37651.62,0.0,0.0,34,1023.9,887.6,19.8,8.7,0,17.1,0.0,34571.34,302,54.368233,31.880491,1217.0
2025-11-19,12.9,37572.62,0.0,0.0,35,1024.1,887.3,19.0,7.4,0,11.3,0.0,34485.38,321,54.368233,31.880491,1217.0
2025-11-20,12.2,37495.81,0.0,0.0,31,1025.8,888.5,18.2,6.5,0,12.7,0.0,34401.67,312,54.368233,31.880491,1217.0
2025-11-21,11.3,37421.32,0.0,0.0,27,1028.4,890.3,17.5,5.6,0,14.4,0.0,34320.38,312,54.368233,31.880491,1217.0
2025-11-22,10.7,37349.25,0.0,0.0,22,1028.2,889.9,17.4,4.2,0,13.9,0.0,34241.65,313,54.368233,31.880491,1217.0
2025-11-23,10.6,37279.62,0.0,0.0,17,1025.9,887.8,18.2,3.8,0,12.0,0.0,34165.58,334,54.368233,31.880491,1217.0
2025-11-24,10.7,37211.61,0.0,0.0,13,1023.8,886.0,18.6,4.1,0,11.0,0.0,34091.45,110,54.368233,31.880491,1217.0
2025-11-25,10.2,37145.19,0.0,0.0,12,1022.0,884.2,18.4,2.8,0,9.6,0.0,34018.94,120,54.368233,31.880491,1217.0
2025-11-26,10.9,37080.43,0.0,0.0,11,1019.3,882.2,19.1,3.1,43,10.9,0.0,33948.15,110,54.368233,31.880491,1217.0
2025-11-27,10.4,37017.4,0.0,0.0,11,1021.3,883.8,17.6,4.3,2,12.6,0.0,33879.16,307,54.368233,31.880491,1217.0
2025-11-28,10.2,36956.21,0.0,0.0,13,1022.5,884.7,18.0,3.8,0,11.0,0.0,33671.79,99,54.368233,31.880491,1217.0
2025-11-29,9.5,36896.93,0.0,0.0,18,1021.6,883.6,16.8,2.8,9,8.0,0.0,33643.42,104,54.368233,31.880491,1217.0
2025-11-30,10.4,36839.65,0.0,0.0,19,1019.8,882.5,18.2,2.6,0,10.7,0.0,33368.79,126,54.368233,31.880491,1217.0
2025-12-01,12.8,36784.45,0.0,0.0,22,1018.8,882.6,20.5,5.2,9,15.1,0.0,33224.93,126,54.368233,31.880491,1217.0
2025-12-02,15.3,36731.43,0.0,0.0,27,1016.8,882.0,22.1,8.6,63,14.3,0.0,32967.34,125,54.368233,31.880491,1217.0
2025-12-03,14.0,36680.68,0.0,0.0,46,1018.6,883.0,20.0,9.0,68,18.9,0.0,29509.37,295,54.368233,31.880491,1217.0
2025-12-04,12.1,36632.27,0.0,0.0,49,1021.4,884.6,18.1,6.8,10,10.3,0.0,32711.16,277,54.368233,31.880491,1217.0
2025-12-05,10.0,36586.31,0.0,0.0,51,1022.8,884.9,15.6,4.5,27,11.3,0.0,32479.5,306,54.368233,31.880491,1217.0
2025-12-06,11.1,36542.87,0.0,0.0,41,1022.7,885.3,17.9,4.4,0,11.8,0.0,32587.27,133,54.368233,31.880491,1217.0
2025-12-07,12.7,36502.04,0.0,0.0,31,1022.6,885.9,20.6,5.8,20,14.4,0.0,32584.08,127,54.368233,31.880491,1217.0
2025-12-08,14.9,36463.92,0.0,0.0,21,1020.4,884.9,22.6,6.8,67,15.9,0.0,29220.68,139,54.368233,31.880491,1217.0
2025-12-09,13.9,36428.59,0.8,0.0,27,1019.1,883.4,20.6,10.0,89,14.9,0.8,19939.13,210,54.368233,31.880491,1217.0
2025-12-10,16.7,36396.14,0.1,0.0,26,1014.6,880.7,24.6,10.6,80,14.6,0.1,27238.62,127,54.368233,31.880491,1217.0
2025-12-11,12.4,36366.65,0.2,0.0,46,1014.9,879.1,19.6,6.9,78,26.7,0.2,18738.63,242,54.368233,31.880491,1217.0
2025-12-12,10.4,36340.22,1.1,0.0,72,1014.3,877.8,16.5,5.6,47,17.8,1.1,29716.39,285,54.368233,31.880491,1217.0
2025-12-13,9.2,36316.86,0.0,0.0,60,1013.5,876.5,15.0,4.0,26,12.6,0.0,30913.72,134,54.368233,31.880491,1217.0
2025-12-14,9.3,36296.26,0.0,0.0,41,1016.4,879.1,15.2,4.4,5,22.8,0.0,32322.64,325,54.368233,31.880491,1217.0
2025-12-15,8.5,36278.39,0.4,0.0,47,1017.8,879.9,14.1,2.1,74,10.7,0.4,22489.85,166,54.368233,31.880491,1217.0
2025-12-16,7.8,36263.23,6.6,0.14,73,1014.1,876.4,11.2,4.2,96,15.2,6.8,2118.37,251,54.368233,31.880491,1217.0
2025-12-17,5.7,36250.8,2.7,0.0,88,1019.6,880.2,8.0,4.1,100,22.9,2.7,0.0,291,54.368233,31.880491,1217.0
2025-12-18,4.4,36241.1,5.3,0.0,90,1026.0,885.2,6.2,3.2,100,19.1,5.3,0.0,274,54.368233,31.880491,1217.0
2025-12-19,0.6,36234.12,4.4,8.96,99,1021.3,879.3,2.0,0.2,100,25.5,17.2,0.0,288,54.368233,31.880491,1217.0
2025-12-20,1.9,36229.88,0.7,0.0,88,1024.1,882.3,4.6,-0.3,72,19.0,0.7,20227.5,303,54.368233,31.880491,1217.0
2025-12-21,2.4,36228.37,0.0,0.0,79,1026.8,884.8,7.9,-2.5,20,15.0,0.0,32137.76,135,54.368233,31.880491,1217.0
2025-12-22,4.0,36229.58,0.0,0.0,74,1023.9,883.0,11.3,-1.4,28,16.8,0.0,32267.12,133,54.368233,31.880491,1217.0
2025-12-23,4.6,36233.51,0.0,0.0,76,1023.0,882.6,11.1,-0.9,61,8.5,0.0,32300.82,281,54.368233,31.880491,1217.0
