Date_Time,Temperature_C,Precipitation_mm,Wind_Speed_kmh,Pressure_hPa,daylight_duration (s),rain_sum (mm),snowfall_sum (cm),relative_humidity_2m_mean (%),Pressure_hPa,surface_pressure_mean (hPa),temperature_2m_max (°C),temperature_2m_min (°C),cloud_cover_mean (%),sunshine_duration (s),wind_direction_10m_dominant (°),longitude,latitude,elevation
1/1/2023,17.9,0,16.4,1022.7,37640.81,0,0,43,1022.7,1021.6,23.1,11.4,20,33456.62,46,56.28763,27.240772,9
1/2/2023,18.8,0,24.4,1024.5,37666.55,0,0,29,1024.5,1023.4,24,14.1,62,33209.32,54,56.28763,27.240772,9
1/3/2023,19.3,0,24.7,1025.2,37694.59,0,0,21,1025.2,1024.2,24.3,15.9,73,25453,52,56.28763,27.240772,9
1/4/2023,19.7,0,25.3,1022.4,37724.89,0,0,15,1022.4,1021.3,24.7,14.4,71,29606.1,49,56.28763,27.240772,9
1/5/2023,20.2,0.7,15.8,1020.6,37757.38,0.7,0,52,1020.6,1019.5,23.4,17.1,96,19223.08,52,56.28763,27.240772,9
1/6/2023,18,13.9,16.7,1020.8,37791.98,13.9,0,84,1020.8,1019.8,21.4,15.8,99,13770.16,335,56.28763,27.240772,9
1/7/2023,16,18.1,10.8,1020.2,37828.65,18.1,0,90,1020.2,1019.1,17.9,12.5,73,1348.43,5,56.28763,27.240772,9
1/8/2023,15.7,0,12.6,1019.4,37867.31,0,0,86,1019.4,1018.3,19.2,12.6,41,31613.7,8,56.28763,27.240772,9
1/9/2023,16.3,0,13.7,1020.2,37907.91,0,0,78,1020.2,1019.2,20.1,13.1,22,32840.53,28,56.28763,27.240772,9
1/10/2023,17.9,9.6,17.8,1017,37950.37,9.6,0,80,1017,1015.9,20.2,15.2,84,13453.35,1,56.28763,27.240772,9
1/11/2023,15.5,0,31.7,1020,37994.64,0,0,63,1020,1018.9,19.9,10.6,5,33077.11,56,56.28763,27.240772,9
1/12/2023,12,0,30,1023.4,38040.66,0,0,50,1023.4,1022.3,16.5,7.9,1,33439.29,58,56.28763,27.240772,9
1/13/2023,11.6,0,27.7,1024.1,38088.35,0,0,51,1024.1,1023,16.8,7.9,6,33432.14,54,56.28763,27.240772,9
1/14/2023,12.8,0,24.1,1022.8,38137.66,0,0,49,1022.8,1021.7,18.5,7.8,15,33431.35,52,56.28763,27.240772,9
1/15/2023,14.8,0,15.1,1020.2,38188.52,0,0,47,1020.2,1019.1,21.1,9.9,20,31238.74,44,56.28763,27.240772,9
1/16/2023,16.9,0,13,1017.7,38240.88,0,0,53,1017.7,1016.6,21.7,10.6,17,33256.01,38,56.28763,27.240772,9
1/17/2023,17.7,8.5,19.2,1015.5,38294.66,8.5,0,64,1015.5,1014.4,22.6,13.7,78,21708.29,35,56.28763,27.240772,9
1/18/2023,18,7.6,22.7,1015.1,38349.93,7.6,0,77,1015.1,1014,22,14.1,30,33069.86,49,56.28763,27.240772,9
1/19/2023,16.6,0,18.7,1019.1,38407.28,0,0,58,1019.1,1018,21.2,13.3,4,33450.75,51,56.28763,27.240772,9
1/20/2023,16,0,22.7,1021.1,38466.74,0,0,51,1021.1,1020.1,20.9,12.3,0,33664.8,47,56.28763,27.240772,9
1/21/2023,16,0,24.9,1021.3,38528.2,0,0,45,1021.3,1020.2,20.8,12.7,0,33661.6,48,56.28763,27.240772,9
1/22/2023,15.8,0,24.6,1020.8,38591.54,0,0,39,1020.8,1019.7,21.1,11.5,8,33761.1,51,56.28763,27.240772,9
1/23/2023,15.8,0,28.9,1021.3,38656.69,0,0,31,1021.3,1020.2,20.8,12.2,23,33758.91,54,56.28763,27.240772,9
1/24/2023,15.5,0,28.3,1021.1,38723.51,0,0,27,1021.1,1020.1,20.3,11.9,28,33863.86,56,56.28763,27.240772,9
1/25/2023,15.9,0,31.2,1020.7,38791.93,0,0,25,1020.7,1019.6,20.4,12.3,48,33394.06,54,56.28763,27.240772,9
1/26/2023,15.8,10.9,26.7,1020.6,38861.83,10.9,0,37,1020.6,1019.5,20.2,12.1,88,16767.3,46,56.28763,27.240772,9
1/27/2023,12.8,18.8,21,1020,38933.12,18.8,0,78,1020,1018.9,14.1,10.3,95,0,51,56.28763,27.240772,9
1/28/2023,13.8,0,16.1,1017.7,39005.71,0,0,78,1017.7,1016.6,18,9.7,6,33842.94,19,56.28763,27.240772,9
1/29/2023,14.2,0,14,1016.6,39079.5,0,0,67,1016.6,1015.5,18.5,10.1,0,34212.33,14,56.28763,27.240772,9
1/30/2023,15.2,0,12.3,1018.3,39154.39,0,0,72,1018.3,1017.2,19.6,11,0,34211.53,24,56.28763,27.240772,9
1/31/2023,17,1.6,18.8,1018.4,39230.3,1.6,0,76,1018.4,1017.4,21,11.6,15,34202.36,41,56.28763,27.240772,9
2/1/2023,18.2,4.3,16.6,1017.7,39307.13,4.3,0,86,1017.7,1016.7,21.4,16,50,27766.95,46,56.28763,27.240772,9
2/2/2023,18.3,3.1,19.1,1017.2,39384.79,3.1,0,87,1017.2,1016.1,20.7,16.6,56,17352.58,48,56.28763,27.240772,9
2/3/2023,19.1,0.2,13,1017,39463.19,0.2,0,86,1017,1015.9,22.1,15.9,13,33670.95,67,56.28763,27.240772,9
2/4/2023,17.7,0,18.6,1015.3,39542.25,0,0,81,1015.3,1014.3,22.2,13.5,12,34308.33,241,56.28763,27.240772,9
2/5/2023,17.2,0,19.4,1014.6,39621.88,0,0,76,1014.6,1013.5,22.4,13.2,8,34707.82,344,56.28763,27.240772,9
2/6/2023,18.2,0,12.2,1015.8,39701.99,0,0,69,1015.8,1014.7,22.5,13.7,4,35243.66,19,56.28763,27.240772,9
2/7/2023,18.4,0,13.1,1013.3,39782.65,0,0,71,1013.3,1012.2,22.8,13.3,37,34973.67,55,56.28763,27.240772,9
2/8/2023,20,0,14.1,1012,39864.63,0,0,74,1012,1010.9,24.3,16,76,34440.55,60,56.28763,27.240772,9
2/9/2023,18.5,0,23.2,1013.3,39947.98,0,0,62,1013.3,1012.2,25.2,13,91,35241.82,224,56.28763,27.240772,9
2/10/2023,17.3,0,16.5,1017,40032.6,0,0,58,1017,1016,21.8,12.8,57,34707.59,64,56.28763,27.240772,9
2/11/2023,18.7,0,15.1,1019.6,40118.39,0,0,45,1019.6,1018.5,24.5,13.2,29,36080.76,49,56.28763,27.240772,9
2/12/2023,19.7,0,15.7,1019,40205.26,0,0,44,1019,1017.9,26.1,12.9,37,35943.32,57,56.28763,27.240772,9
2/13/2023,20.3,0,17.8,1019,40293.11,0,0,75,1019,1017.9,24.3,16.8,69,34668.45,62,56.28763,27.240772,9
2/14/2023,20.5,0,11.8,1016.9,40381.86,0,0,77,1016.9,1015.8,25.5,16.3,27,34461.96,78,56.28763,27.240772,9
2/15/2023,21.7,0,13.8,1014.2,40471.41,0,0,56,1014.2,1013.2,27.9,15.4,12,36952.79,104,56.28763,27.240772,9
2/16/2023,21.8,0,14.1,1015.4,40561.68,0,0,56,1015.4,1014.4,26.8,15.5,64,36812.84,85,56.28763,27.240772,9
2/17/2023,21.6,0,17.2,1017.4,40652.58,0,0,60,1017.4,1016.3,28,14.7,21,37108.25,212,56.28763,27.240772,9
2/18/2023,20.7,0,21.7,1017.9,40744.02,0,0,76,1017.9,1016.8,25.8,16,44,36225.59,195,56.28763,27.240772,9
2/19/2023,20.7,0,29.2,1016.9,40835.91,0,0,73,1016.9,1015.8,25.2,16.3,90,34236.58,220,56.28763,27.240772,9
2/20/2023,20.6,0,21.9,1016.2,40928.19,0,0,68,1016.2,1015.1,25.6,15.9,39,36357.98,149,56.28763,27.240772,9
2/21/2023,20.1,0,24.8,1015,41020.75,0,0,70,1015,1014,25.1,14.8,61,35404.45,241,56.28763,27.240772,9
2/22/2023,20.9,0,21.6,1013.8,41113.53,0,0,75,1013.8,1012.7,27,15.6,26,38326.64,109,56.28763,27.240772,9
2/23/2023,21.4,0,17.9,1011.9,41206.44,0,0,79,1011.9,1010.9,26.2,18,30,31672.95,124,56.28763,27.240772,9
2/24/2023,21.5,0,15.9,1013.7,41299.39,0,0,73,1013.7,1012.7,25.8,17,17,37433.3,99,56.28763,27.240772,9
2/25/2023,21.9,0,17.8,1016.8,41392.33,0,0,67,1016.8,1015.7,27.6,16.6,93,34852.6,85,56.28763,27.240772,9
2/26/2023,23.2,0,15.6,1017.6,41485.16,0,0,58,1017.6,1016.5,28.5,17.2,36,38722.08,95,56.28763,27.240772,9
2/27/2023,25.8,0,16.9,1016.6,41577.94,0,0,38,1016.6,1015.6,31.5,19.7,90,32939.11,231,56.28763,27.240772,9
2/28/2023,25.1,0.3,18.4,1015.2,41671.43,0.3,0,37,1015.2,1014.1,32,20.6,30,38901.05,34,56.28763,27.240772,9
3/1/2023,24.7,0,17.1,1015.7,41765.7,0,0,52,1015.7,1014.7,30.2,20.6,61,36129.37,67,56.28763,27.240772,9
3/2/2023,23,0.9,19.2,1017.8,41860.67,0.9,0,66,1017.8,1016.7,26.3,19.7,65,30942.86,108,56.28763,27.240772,9
3/3/2023,23.5,0,17.1,1018.8,41956.26,0,0,58,1018.8,1017.7,27,20,9,39208.57,67,56.28763,27.240772,9
3/4/2023,23.6,0,15.6,1018.7,42052.4,0,0,71,1018.7,1017.6,27.2,20.1,6,39035.03,177,56.28763,27.240772,9
3/5/2023,23.1,0,22.9,1018.2,42149.02,0,0,74,1018.2,1017.2,28.3,19.4,20,36712.31,189,56.28763,27.240772,9
3/6/2023,22.9,0,18.4,1016,42246.04,0,0,76,1016,1014.9,28.3,18.5,26,37453.97,148,56.28763,27.240772,9
3/7/2023,23.5,0,16,1014.5,42343.41,0,0,71,1014.5,1013.4,29.4,18.4,12,39369.26,149,56.28763,27.240772,9
3/8/2023,25,0,15.1,1015,42441.04,0,0,40,1015,1014,30.2,18.7,51,37309.5,76,56.28763,27.240772,9
3/9/2023,25.8,0,16.9,1014.9,42538.86,0,0,40,1014.9,1013.9,31.2,20.8,42,39438.68,67,56.28763,27.240772,9
3/10/2023,26,0,14.6,1014.2,42636.81,0,0,50,1014.2,1013.2,29.9,22.3,87,30336.1,74,56.28763,27.240772,9
3/11/2023,24.7,0,15.5,1013.8,42734.82,0,0,64,1013.8,1012.7,29.3,20.7,6,39506.73,97,56.28763,27.240772,9
3/12/2023,25.8,0,15,1013.3,42832.83,0,0,52,1013.3,1012.2,31.6,19.7,16,39540.31,78,56.28763,27.240772,9
3/13/2023,25.8,0.2,15.2,1012.5,42930.76,0.2,0,50,1012.5,1011.5,30.7,20.9,100,33136.54,125,56.28763,27.240772,9
3/14/2023,26,0,21.4,1011.3,43028.54,0,0,49,1011.3,1010.2,30.7,21.4,10,39600,221,56.28763,27.240772,9
3/15/2023,25.2,0,27.3,1009.3,43126.1,0,0,62,1009.3,1008.3,30.6,20.8,50,36261.59,187,56.28763,27.240772,9
3/16/2023,25.4,0,28,1008,43223.39,0,0,62,1008,1006.9,30.8,20.5,4,39600,194,56.28763,27.240772,9
3/17/2023,24.5,0,28.8,1008.3,43320.32,0,0,66,1008.3,1007.2,30.5,19.8,1,39600,206,56.28763,27.240772,9
3/18/2023,23.7,0,20.5,1009.1,43416.84,0,0,71,1009.1,1008,28.2,19.4,14,39600,202,56.28763,27.240772,9
3/19/2023,23.5,0,25.3,1008.4,43513,0,0,72,1008.4,1007.4,28.8,18.9,18,39600,227,56.28763,27.240772,9
3/20/2023,23.4,0,21,1005.5,43609.5,0,0,74,1005.5,1004.4,28.1,19.3,22,36787.66,174,56.28763,27.240772,9
3/21/2023,23.1,1.5,21.5,1005.1,43706.38,1.5,0,67,1005.1,1004,27.4,18.9,19,39600,44,56.28763,27.240772,9
3/22/2023,22.4,0,31.7,1005.8,43803.61,0,0,48,1005.8,1004.7,27.5,18.2,7,39438.52,232,56.28763,27.240772,9
3/23/2023,22.5,0,34.2,1008.3,43901.1,0,0,38,1008.3,1007.3,28.1,18.1,0,39600,252,56.28763,27.240772,9
3/24/2023,22.9,0,20.5,1011.1,43998.8,0,0,55,1011.1,1010.1,27,17.7,23,37519.72,143,56.28763,27.240772,9
3/25/2023,23.6,0,17.1,1011.7,44096.66,0,0,58,1011.7,1010.6,28.8,18.3,3,39600,184,56.28763,27.240772,9
3/26/2023,23.9,0,17.2,1011.8,44194.59,0,0,53,1011.8,1010.8,28.6,17.9,41,39600,103,56.28763,27.240772,9
3/27/2023,24.5,0.2,16.6,1010.4,44292.55,0.2,0,70,1010.4,1009.3,27.8,21.9,44,36000,97,56.28763,27.240772,9
3/28/2023,23.6,10.1,24.8,1008.3,44390.46,10.1,0,69,1008.3,1007.3,28.5,19.9,15,39600,102,56.28763,27.240772,9
3/29/2023,24.4,0,25.6,1009.7,44488.27,0,0,61,1009.7,1008.7,29,20.2,6,39600,197,56.28763,27.240772,9
3/30/2023,23.9,0,24.2,1009.7,44585.92,0,0,72,1009.7,1008.7,29.2,19.5,29,39600,229,56.28763,27.240772,9
3/31/2023,24.3,0,23.2,1008,44683.33,0,0,70,1008,1007,29.5,19.5,35,37983.97,197,56.28763,27.240772,9
4/1/2023,24.5,0,27.1,1007.8,44780.45,0,0,71,1007.8,1006.7,30.4,20,8,39718.84,197,56.28763,27.240772,9
4/2/2023,23.4,0,37.6,1007.2,44877.2,0,0,65,1007.2,1006.2,29.1,18.9,18,39600,217,56.28763,27.240772,9
4/3/2023,22.7,0,26.2,1008.7,44973.52,0,0,61,1008.7,1007.6,28.2,18.2,3,39937.63,203,56.28763,27.240772,9
4/4/2023,23.1,0,21.7,1010.3,45069.36,0,0,63,1010.3,1009.3,27.5,19.3,9,37413.89,204,56.28763,27.240772,9
4/5/2023,24.3,0,22.7,1010.5,45164.62,0,0,63,1010.5,1009.5,30.4,19,3,39791.6,239,56.28763,27.240772,9
4/6/2023,24.4,0,26,1010.4,45259.26,0,0,68,1010.4,1009.4,30.4,19.2,14,39779.25,211,56.28763,27.240772,9
4/7/2023,24,0,17.5,1013.3,45353.2,0,0,74,1013.3,1012.3,28.7,19.1,35,40027.2,109,56.28763,27.240772,9
4/8/2023,25.2,0,18.7,1014.4,45446.48,0,0,63,1014.4,1013.3,29.9,20.4,46,38189.81,143,56.28763,27.240772,9
4/9/2023,26.2,0,20.3,1014.1,45539.78,0,0,62,1014.1,1013.1,32.1,20.7,13,40275.77,182,56.28763,27.240772,9
4/10/2023,27.7,0,16.7,1011.8,45633.14,0,0,57,1011.8,1010.7,34.6,21,15,40539.96,199,56.28763,27.240772,9
4/11/2023,28.4,0,19.4,1011.6,45726.51,0,0,49,1011.6,1010.5,34.1,21.6,72,37702.89,203,56.28763,27.240772,9
4/12/2023,27.6,0,19.9,1012,45819.82,0,0,52,1012,1011,33.2,21.4,1,40670.25,166,56.28763,27.240772,9
4/13/2023,29.3,0,27.3,1011.7,45913.01,0,0,45,1011.7,1010.7,33.8,23.1,75,36413.12,208,56.28763,27.240772,9
4/14/2023,28.7,0,36.1,1010.6,46006.02,0,0,56,1010.6,1009.5,36.4,23.4,92,32753.64,203,56.28763,27.240772,9
4/15/2023,26,0,29.2,1009.5,46098.76,0,0,66,1009.5,1008.4,32.1,21.5,77,38303.27,216,56.28763,27.240772,9
4/16/2023,25.4,0,26.9,1007.9,46191.2,0,0,66,1007.9,1006.8,30,21.3,65,35699.36,217,56.28763,27.240772,9
4/17/2023,25.8,0,26.9,1008.8,46283.24,0,0,66,1008.8,1007.8,29.4,22.7,75,40614.14,193,56.28763,27.240772,9
4/18/2023,25.9,0,24.1,1012.4,46374.84,0,0,65,1012.4,1011.3,31.2,22,17,40052.68,221,56.28763,27.240772,9
4/19/2023,26.8,0,23,1010.1,46465.91,0,0,61,1010.1,1009,32.9,21.8,46,37950.8,221,56.28763,27.240772,9
4/20/2023,26.8,0,25.5,1006.6,46556.38,0,0,65,1006.6,1005.5,33.1,21.3,32,41082.32,222,56.28763,27.240772,9
4/21/2023,26.5,0,26.7,1005.9,46646.2,0,0,65,1005.9,1004.8,32.3,21.2,6,41534.63,217,56.28763,27.240772,9
4/22/2023,27.1,0,23.4,1007.1,46735.26,0,0,62,1007.1,1006.1,33.7,20.8,35,41688.47,190,56.28763,27.240772,9
4/23/2023,27.4,0,24.1,1007.1,46823.52,0,0,60,1007.1,1006,33.8,21.9,88,38306.23,204,56.28763,27.240772,9
4/24/2023,27,0,19.7,1007.5,46910.89,0,0,64,1007.5,1006.4,33,21.9,24,42002.23,189,56.28763,27.240772,9
4/25/2023,27.6,0,16.3,1007.4,46997.29,0,0,57,1007.4,1006.4,31.2,22.2,25,42162.01,146,56.28763,27.240772,9
4/26/2023,27.6,0.4,17.1,1007.2,47082.64,0.4,0,68,1007.2,1006.1,30,24.5,58,39562,164,56.28763,27.240772,9
4/27/2023,27,0.6,24.3,1006.2,47166.88,0.6,0,62,1006.2,1005.2,32.4,22,55,40400.12,210,56.28763,27.240772,9
4/28/2023,27.2,0,20.6,1006.6,47250.02,0,0,58,1006.6,1005.6,31.3,21.8,8,42492.56,214,56.28763,27.240772,9
4/29/2023,28.3,0,24.6,1005.7,47332.7,0,0,61,1005.7,1004.6,34,23.1,9,42337.32,193,56.28763,27.240772,9
4/30/2023,28,0,21.3,1004.9,47414.96,0,0,59,1004.9,1003.9,33,23.4,2,42825.72,174,56.28763,27.240772,9
5/1/2023,28.4,0,22.1,1004.4,47496.75,0,0,54,1004.4,1003.3,33.9,23.4,2,42984.64,161,56.28763,27.240772,9
5/2/2023,28.4,0,22.8,1005.9,47577.98,0,0,58,1005.9,1004.8,34.2,23.3,0,43200,130,56.28763,27.240772,9
5/3/2023,27.6,0,20.3,1006.9,47658.61,0,0,63,1006.9,1005.8,32.6,22.8,5,43157.13,195,56.28763,27.240772,9
5/4/2023,27.5,0,18.2,1006.7,47738.54,0,0,62,1006.7,1005.7,32.9,23,1,43200,159,56.28763,27.240772,9
5/5/2023,28,0,19.8,1006.9,47817.72,0,0,68,1006.9,1005.9,32.3,23.9,9,42406.11,129,56.28763,27.240772,9
5/6/2023,30.7,0,20.3,1008,47896.07,0,0,38,1008,1006.9,35.9,24.2,1,43108.57,189,56.28763,27.240772,9
5/7/2023,30.4,0,22.7,1007.8,47973.53,0,0,37,1007.8,1006.8,36.7,23.2,0,43200,212,56.28763,27.240772,9
5/8/2023,31.2,0,20.4,1006.5,48050,0,0,41,1006.5,1005.5,38.2,23.4,23,43200,186,56.28763,27.240772,9
5/9/2023,31.7,0,22.8,1006.7,48125.43,0,0,32,1006.7,1005.6,38.6,24.6,62,29780.17,225,56.28763,27.240772,9
5/10/2023,31.8,0,23.2,1006.8,48199.72,0,0,33,1006.8,1005.8,40,25.4,37,43200,189,56.28763,27.240772,9
5/11/2023,31.3,0,24.7,1007.4,48272.8,0,0,43,1007.4,1006.4,38,24.5,11,43200,178,56.28763,27.240772,9
5/12/2023,32.2,0,21.6,1006.2,48344.61,0,0,48,1006.2,1005.2,38.7,25.9,3,43200,181,56.28763,27.240772,9
5/13/2023,32.8,0,20,1004.9,48415.04,0,0,49,1004.9,1003.9,39.3,26.7,1,43200,181,56.28763,27.240772,9
5/14/2023,31.8,0,22.5,1001.8,48484.03,0,0,50,1001.8,1000.8,38.3,26,4,43200,135,56.28763,27.240772,9
5/15/2023,31,0,25.8,1001.4,48551.48,0,0,54,1001.4,1000.4,38,24.8,1,43216.64,182,56.28763,27.240772,9
5/16/2023,29.6,0,28.2,1003,48617.32,0,0,61,1003,1002,35.5,24.3,59,42201.76,158,56.28763,27.240772,9
5/17/2023,31.5,0,26.4,1004.6,48681.46,0,0,48,1004.6,1003.6,39.2,25.9,6,43204.26,166,56.28763,27.240772,9
5/18/2023,32.1,0,29.3,1007,48743.91,0,0,48,1007,1006,38,26.6,48,43200,148,56.28763,27.240772,9
5/19/2023,32.6,0,23.1,1006.7,48805.19,0,0,46,1006.7,1005.7,37.4,26.8,57,41594.1,141,56.28763,27.240772,9
5/20/2023,33.5,0,26.6,1005.5,48865.33,0,0,45,1005.5,1004.5,39.9,28.4,54,43200,180,56.28763,27.240772,9
5/21/2023,33.8,0,28.7,1006.7,48924.29,0,0,42,1006.7,1005.7,39.4,28.5,98,25200,195,56.28763,27.240772,9
5/22/2023,33.3,0,22.6,1007.5,48981.99,0,0,41,1007.5,1006.5,38.7,28.9,42,26060.99,183,56.28763,27.240772,9
5/23/2023,33.3,0,24.1,1007.3,49038.39,0,0,44,1007.3,1006.3,38.9,27.9,18,43200,191,56.28763,27.240772,9
5/24/2023,32.7,0,26.4,1006.1,49093.41,0,0,54,1006.1,1005.1,39.5,27,24,43289.17,214,56.28763,27.240772,9
5/25/2023,32.5,0,25,1005.3,49147.01,0,0,55,1005.3,1004.3,39.3,27.5,62,41551.59,197,56.28763,27.240772,9
5/26/2023,31.9,0,27.8,1004.5,49199.12,0,0,60,1004.5,1003.5,37.1,27.2,6,43410.77,194,56.28763,27.240772,9
5/27/2023,32.6,0,21.9,1003,49249.68,0,0,56,1003,1001.9,37.4,28.1,3,43271.02,119,56.28763,27.240772,9
5/28/2023,32.9,0,22,1003.3,49298.63,0,0,56,1003.3,1002.3,38.1,27.8,30,43264.88,185,56.28763,27.240772,9
5/29/2023,33.8,0,20,1004.1,49345.91,0,0,56,1004.1,1003.1,40.4,27.7,20,43258.74,198,56.28763,27.240772,9
5/30/2023,33.6,0,27.5,1004.4,49391.45,0,0,53,1004.4,1003.3,39.3,28,62,43390.14,162,56.28763,27.240772,9
5/31/2023,33.3,0,33.9,1003.2,49435.2,0,0,54,1003.2,1002.2,39.6,27.8,68,42874.31,226,56.28763,27.240772,9
6/1/2023,32,0,26.4,1003.1,49477.08,0,0,64,1003.1,1002.1,36.5,28.5,73,36682.94,200,56.28763,27.240772,9
6/2/2023,32.6,0,23.1,1003.3,49517.04,0,0,62,1003.3,1002.3,37.6,28.5,27,43200,222,56.28763,27.240772,9
6/3/2023,32.7,0,20.7,1003.7,49555.02,0,0,61,1003.7,1002.7,37.3,28.2,8,42070.68,218,56.28763,27.240772,9
6/4/2023,33.4,0,23.5,1003.6,49590.95,0,0,55,1003.6,1002.6,39.6,28.1,26,40266.68,178,56.28763,27.240772,9
6/5/2023,35.4,0,32.1,1003.3,49624.77,0,0,35,1003.3,1002.3,42,27.5,1,43502.09,223,56.28763,27.240772,9
6/6/2023,35.1,0,34,1003.1,49656.42,0,0,40,1003.1,1002.1,42.7,29.2,0,43641.26,214,56.28763,27.240772,9
6/7/2023,34.7,0,30.6,1001.9,49685.89,0,0,45,1001.9,1000.9,42.1,28.9,0,43637.91,218,56.28763,27.240772,9
6/8/2023,32.4,0,22.9,1001.9,49713.42,0,0,60,1001.9,1000.9,37.9,26.7,3,43779.13,209,56.28763,27.240772,9
6/9/2023,33.1,0,21.7,1000.2,49739.05,0,0,61,1000.2,999.2,38.3,27.7,2,43631.05,170,56.28763,27.240772,9
6/10/2023,35.3,0,22,998.2,49762.76,0,0,51,998.2,997.2,41.7,28.9,4,43773.46,178,56.28763,27.240772,9
6/11/2023,35.1,0,18.2,998.1,49784.53,0,0,48,998.1,997.1,40,30,6,43477.48,161,56.28763,27.240772,9
6/12/2023,35.4,0,24.1,996.6,49804.35,0,0,52,996.6,995.6,42.6,29.1,9,43738.76,189,56.28763,27.240772,9
6/13/2023,35.9,0,25.4,995.6,49822.2,0,0,50,995.6,994.6,43.5,29.6,14,43595.76,174,56.28763,27.240772,9
6/14/2023,34.3,0,26.6,995.3,49838.08,0,0,60,995.3,994.3,39.7,29.3,16,42931.38,163,56.28763,27.240772,9
6/15/2023,33.2,0,23.5,995.3,49851.95,0,0,64,995.3,994.3,37.8,29.1,11,43628.78,202,56.28763,27.240772,9
6/16/2023,33.4,0,21.4,995.2,49863.82,0,0,65,995.2,994.3,37.2,30,22,42864.61,180,56.28763,27.240772,9
6/17/2023,33.2,0,21.8,997.5,49873.66,0,0,68,997.5,996.5,36.9,29.3,7,43389.29,207,56.28763,27.240772,9
6/18/2023,32.9,0,21.2,999.5,49881.46,0,0,65,999.5,998.5,38,28.9,18,43270.43,207,56.28763,27.240772,9
6/19/2023,32.9,0,22.5,999.3,49887.21,0,0,62,999.3,998.3,36.9,28.6,0,43411.67,167,56.28763,27.240772,9
6/20/2023,33.6,0,19.8,998.8,49890.91,0,0,62,998.8,997.8,38.1,29.4,12,43033.81,160,56.28763,27.240772,9
6/21/2023,35,0,26.3,997.9,49892.55,0,0,52,997.9,996.9,41.9,29.4,17,41870.47,194,56.28763,27.240772,9
6/22/2023,34.8,0,29.1,997.6,49892.1,0,0,55,997.6,996.6,41.5,29.7,10,43191.22,195,56.28763,27.240772,9
6/23/2023,33.4,0,17.1,997.8,49889.57,0,0,61,997.8,996.8,37.9,29.6,18,43074.66,180,56.28763,27.240772,9
6/24/2023,33.5,0,19.2,996.5,49884.94,0,0,69,996.5,995.5,36.3,29.8,22,38608.09,140,56.28763,27.240772,9
6/25/2023,33.5,0.6,17.3,995.9,49878.21,0.6,0,73,995.9,994.9,36.6,31,25,37184.41,141,56.28763,27.240772,9
6/26/2023,33.1,1.1,16.4,997.4,49869.38,1.1,0,69,997.4,996.4,36,30.5,35,38448.76,129,56.28763,27.240772,9
6/27/2023,33.2,0,17.7,999,49858.41,0,0,66,999,998,36.7,30.5,13,42740.27,132,56.28763,27.240772,9
6/28/2023,33.3,0,16,1000.3,49845.2,0,0,66,1000.3,999.3,36.4,30.5,4,42336.41,127,56.28763,27.240772,9
6/29/2023,34.4,0,21.7,998.7,49829.73,0,0,66,998.7,997.7,37.7,30.8,21,39418.55,174,56.28763,27.240772,9
6/30/2023,34.2,0,25.8,996.7,49812.08,0,0,62,996.7,995.7,38.5,30.3,15,42525.62,200,56.28763,27.240772,9
7/1/2023,33.9,0,19.6,997.3,49792.28,0,0,62,997.3,996.3,37.4,29.7,2,42001.39,203,56.28763,27.240772,9
7/2/2023,33.5,0,17,998.6,49770.37,0,0,68,998.6,997.6,37.6,29.1,0,42567.4,180,56.28763,27.240772,9
7/3/2023,33.4,0,18.1,998.7,49746.39,0,0,71,998.7,997.7,37.4,29.4,6,42162.17,151,56.28763,27.240772,9
7/4/2023,34.1,0,17,996.7,49720.4,0,0,69,996.7,995.7,36.9,30.2,38,41769.51,158,56.28763,27.240772,9
7/5/2023,35.5,0,18.2,994.6,49692.43,0,0,61,994.6,993.6,40.8,31.3,39,42069.18,165,56.28763,27.240772,9
7/6/2023,36.6,0,21.3,996.4,49662.54,0,0,56,996.4,995.4,41.7,31.5,47,42093.15,143,56.28763,27.240772,9
7/7/2023,35.4,0,19,998.6,49630.77,0,0,55,998.6,997.6,38.9,32.3,41,41695.28,124,56.28763,27.240772,9
7/8/2023,37,0,20.9,998,49597.16,0,0,42,998,997,40.4,32.8,4,41850.27,145,56.28763,27.240772,9
7/9/2023,36.8,0,24.2,997.7,49561.76,0,0,43,997.7,996.7,41.8,32.3,0,41876.66,128,56.28763,27.240772,9
7/10/2023,34.5,0,16.6,998.8,49524.61,0,0,63,998.8,997.8,37.9,31.3,9,41616.37,133,56.28763,27.240772,9
7/11/2023,34,0.2,24.6,1000,49485.78,0.2,0,68,1000,999,37,31.4,11,41201.66,158,56.28763,27.240772,9
7/12/2023,34,0,16.8,998.9,49445.29,0,0,66,998.9,997.9,37.6,30.2,44,41378.06,173,56.28763,27.240772,9
7/13/2023,34.6,0,16.2,998.1,49403.2,0,0,66,998.1,997.1,38.4,30.2,15,41403.9,172,56.28763,27.240772,9
7/14/2023,34.8,0,19.5,999.1,49359.56,0,0,69,999.1,998.1,38.6,31,9,40984.3,140,56.28763,27.240772,9
7/15/2023,34.7,0,17.7,999.1,49314.4,0,0,67,999.1,998.1,38.3,31.9,14,40562.68,138,56.28763,27.240772,9
7/16/2023,35.1,0,17,998.3,49267.79,0,0,63,998.3,997.3,39.2,31.6,49,40952.54,151,56.28763,27.240772,9
7/17/2023,34.8,0,18.5,997.3,49219.67,0,0,65,997.3,996.3,38,31.1,7,40608.85,166,56.28763,27.240772,9
7/18/2023,35.3,0,17.9,996.6,49169.62,0,0,63,996.6,995.6,38.5,30.8,15,41085.88,160,56.28763,27.240772,9
7/19/2023,35.3,0,19.8,995.1,49117.64,0,0,65,995.1,994.1,39.2,31.6,31,41023.84,169,56.28763,27.240772,9
7/20/2023,35.5,0,20,995.7,49063.8,0,0,62,995.7,994.7,39.2,32.1,46,40081.26,177,56.28763,27.240772,9
7/21/2023,34.9,0,18,998.8,49008.18,0,0,60,998.8,997.8,38.1,32,65,39671.58,133,56.28763,27.240772,9
7/22/2023,34.5,0,18.6,999.3,48950.87,0,0,64,999.3,998.3,37.3,31.9,47,40424.73,122,56.28763,27.240772,9
7/23/2023,34,0,14.2,999.6,48891.94,0,0,62,999.6,998.6,37.2,31.3,57,40971.32,124,56.28763,27.240772,9
7/24/2023,33.8,0,16.9,996.9,48831.46,0,0,68,996.9,995.9,36.8,30.7,92,37056.32,135,56.28763,27.240772,9
7/25/2023,33.8,0.3,18,997.9,48769.52,0.3,0,71,997.9,996.9,36.1,31.7,78,39600,131,56.28763,27.240772,9
7/26/2023,33.1,0.9,18.4,1000.5,48706.18,0.9,0,73,1000.5,999.5,35.5,31.4,53,34534.93,132,56.28763,27.240772,9
7/27/2023,33.3,0.5,15.6,1000.6,48641.53,0.5,0,70,1000.6,999.6,35.4,31.3,30,39434.27,123,56.28763,27.240772,9
7/28/2023,33.1,0.8,15.9,999.3,48575.63,0.8,0,71,999.3,998.3,35.6,31.1,54,33637.52,139,56.28763,27.240772,9
7/29/2023,33.5,0.3,18.3,998.1,48508.57,0.3,0,72,998.1,997.1,35.8,30.9,45,35405.21,137,56.28763,27.240772,9
7/30/2023,34.8,0,17.6,997.7,48440.41,0,0,62,997.7,996.7,37.9,31,42,34463.61,174,56.28763,27.240772,9
7/31/2023,35,0,19.1,997.5,48371.21,0,0,66,997.5,996.5,38.7,31.7,24,40446.91,179,56.28763,27.240772,9
8/1/2023,34.9,0,24.2,996.9,48301.07,0,0,68,996.9,995.9,39.7,31.5,10,40611.75,172,56.28763,27.240772,9
8/2/2023,35.1,0,18.2,997.2,48230.04,0,0,63,997.2,996.2,38.7,31.8,7,40775.12,142,56.28763,27.240772,9
8/3/2023,35.5,0,17.4,996.4,48158.18,0,0,54,996.4,995.4,38.9,31.7,19,40903.87,131,56.28763,27.240772,9
8/4/2023,35.2,0,15,997.7,48085.57,0,0,55,997.7,996.7,39.3,31.3,19,40938.27,109,56.28763,27.240772,9
8/5/2023,34.5,0,15.3,1000.9,48012.27,0,0,57,1000.9,999.9,38,31.2,3,40622.56,111,56.28763,27.240772,9
8/6/2023,34.6,0,18.1,999.7,47938.24,0,0,60,999.7,998.7,37.2,31.1,23,40006.31,132,56.28763,27.240772,9
8/7/2023,36.5,0,22.2,996.8,47862.89,0,0,59,996.8,995.8,40.9,31.7,21,40313.31,187,56.28763,27.240772,9
8/8/2023,36.1,0,20.5,997,47786.2,0,0,63,997,996,41.2,32.1,9,40317.02,195,56.28763,27.240772,9
8/9/2023,35.2,0,21.8,1000.3,47708.24,0,0,65,1000.3,999.3,39.1,31.6,1,40631.97,147,56.28763,27.240772,9
8/10/2023,35.7,0,17,1001.7,47629.1,0,0,60,1001.7,1000.7,39.3,31.7,5,40634.14,156,56.28763,27.240772,9
8/11/2023,35.5,0,22,1001.6,47548.86,0,0,62,1001.6,1000.6,40.6,31.5,24,36820.54,153,56.28763,27.240772,9
8/12/2023,36,0,24.1,1001.9,47467.6,0,0,57,1001.9,1000.9,40.1,31.6,14,40638.3,193,56.28763,27.240772,9
8/13/2023,35.9,0,28.7,1000.2,47385.38,0,0,62,1000.2,999.2,41,32.2,8,40487.44,200,56.28763,27.240772,9
8/14/2023,36.9,0,23.8,1000.3,47302.3,0,0,56,1000.3,999.4,41.7,32.9,8,40490.07,191,56.28763,27.240772,9
8/15/2023,38.2,0,24.2,1000.8,47218.41,0,0,33,1000.8,999.8,44.2,32.9,63,40644.08,130,56.28763,27.240772,9
8/16/2023,35.1,0,22.5,1002.7,47133.8,0,0,41,1002.7,1001.7,39.9,30.1,59,40193.74,131,56.28763,27.240772,9
8/17/2023,33.3,0,19.1,1004,47048.55,0,0,61,1004,1003,37.3,29.7,4,40647.66,155,56.28763,27.240772,9
8/18/2023,34.2,0,23.5,1003.1,46962.7,0,0,64,1003.1,1002.1,38.8,29.8,2,40201.46,188,56.28763,27.240772,9
8/19/2023,34.9,0,25.1,1002.1,46876.34,0,0,67,1002.1,1001.1,38.7,31.6,15,39288.53,193,56.28763,27.240772,9
8/20/2023,34.5,0,19.4,1002.5,46789.53,0,0,68,1002.5,1001.5,40,30.7,3,40356.86,166,56.28763,27.240772,9
8/21/2023,34.5,0,18.8,1002.3,46702.34,0,0,65,1002.3,1001.3,38.9,30.1,0,40507,168,56.28763,27.240772,9
8/22/2023,35.6,0,21.8,1001.6,46614.85,0,0,67,1001.6,1000.6,41.4,30.4,3,40362.75,199,56.28763,27.240772,9
8/23/2023,36,0,24.7,999.8,46527.1,0,0,66,999.8,998.8,41.1,31.5,2,40365.62,202,56.28763,27.240772,9
8/24/2023,37.2,0,20.1,997.9,46439.16,0,0,58,997.9,996.9,44.1,30.7,12,40223.38,197,56.28763,27.240772,9
8/25/2023,37.2,0,22.6,997,46351.11,0,0,48,997,996,43.1,31.7,17,40515.57,177,56.28763,27.240772,9
8/26/2023,36.6,0,21.1,998.3,46262.88,0,0,50,998.3,997.3,42.7,31.5,7,40517.59,136,56.28763,27.240772,9
8/27/2023,33.8,0,18,1000.5,46173.86,0,0,72,1000.5,999.5,37.3,30.4,2,40376.6,135,56.28763,27.240772,9
8/28/2023,33.1,0.6,16.4,1000.5,46084,0.6,0,74,1000.5,999.5,36.2,29.8,26,39056.6,128,56.28763,27.240772,9
8/29/2023,33.5,0,16.4,1000.6,45993.38,0,0,72,1000.6,999.6,36.8,29.6,1,40240.16,123,56.28763,27.240772,9
8/30/2023,32.8,0,16.3,1003.6,45902.06,0,0,68,1003.6,1002.6,36.3,29.2,3,40384.18,110,56.28763,27.240772,9
8/31/2023,32.4,0,16.7,1004.4,45810.11,0,0,70,1004.4,1003.4,35.5,29.2,11,40246.41,122,56.28763,27.240772,9
9/1/2023,32.6,0,17.4,1004.1,45717.59,0,0,72,1004.1,1003.1,35.6,29.9,21,40110,128,56.28763,27.240772,9
9/2/2023,32,0.9,17.9,1004.3,45624.57,0.9,0,74,1004.3,1003.3,34.6,28.8,26,38348.9,138,56.28763,27.240772,9
9/3/2023,31.1,1.7,14.4,1003.3,45531.11,1.7,0,76,1003.3,1002.3,33.8,28.8,33,31083.69,127,56.28763,27.240772,9
9/4/2023,31.7,0,15.9,1002.9,45437.29,0,0,73,1002.9,1001.9,34.5,28.9,10,39983.59,146,56.28763,27.240772,9
9/5/2023,33,0,19,1002.6,45343.14,0,0,71,1002.6,1001.6,37.4,29.1,0,40261.24,171,56.28763,27.240772,9
9/6/2023,32.8,0,18,1003.2,45248.75,0,0,72,1003.2,1002.2,37.2,28.7,2,40264.07,124,56.28763,27.240772,9
9/7/2023,32.2,0,16.3,1004.1,45154.18,0,0,71,1004.1,1003,34.9,29.1,8,37044.02,122,56.28763,27.240772,9
9/8/2023,32.4,0.1,15.5,1003.6,45059.47,0.1,0,70,1003.6,1002.6,35.3,28.7,37,39865.92,114,56.28763,27.240772,9
9/9/2023,33.2,0,18.7,1002.1,44964.7,0,0,71,1002.1,1001.1,36.8,30.1,11,40138.51,176,56.28763,27.240772,9
9/10/2023,32.8,0.2,15.9,1000.7,44869.91,0.2,0,71,1000.7,999.7,35.4,30.2,26,39039.15,156,56.28763,27.240772,9
9/11/2023,33,0,17.2,1001.4,44775.18,0,0,69,1001.4,1000.4,36.1,30,1,40145.3,138,56.28763,27.240772,9
9/12/2023,33.7,0,17.6,1002,44680.55,0,0,67,1002,1001,37.1,29.7,2,40148.64,157,56.28763,27.240772,9
9/13/2023,34.4,0,19.3,1000.5,44586.08,0,0,69,1000.5,999.5,39.8,30.3,3,40137.18,197,56.28763,27.240772,9
9/14/2023,33.2,0,16.6,1001.1,44491.84,0,0,74,1001.1,1000.1,36.5,30.2,11,39869.25,140,56.28763,27.240772,9
9/15/2023,32.3,0.1,17.3,1002.5,44397.76,0.1,0,71,1002.5,1001.5,35,29.8,20,39580.28,119,56.28763,27.240772,9
9/16/2023,31.9,0.5,14.2,1002.6,44303.21,0.5,0,70,1002.6,1001.6,34.3,29.9,17,38543.06,121,56.28763,27.240772,9
9/17/2023,32.4,0,15.2,1001.3,44208.14,0,0,70,1001.3,1000.3,35.4,29,12,39321.44,150,56.28763,27.240772,9
9/18/2023,34.1,0,20.1,1000.3,44112.62,0,0,64,1000.3,999.3,38.9,28.6,60,38552.75,205,56.28763,27.240772,9
9/19/2023,33.7,0,16.2,1003.2,44016.7,0,0,70,1003.2,1002.2,38.5,29.4,50,38657.73,150,56.28763,27.240772,9
9/20/2023,34.9,0,18.7,1004,43920.45,0,0,60,1004,1003,39.6,30.7,20,38560.75,167,56.28763,27.240772,9
9/21/2023,35.7,0,21.2,1003.3,43823.93,0,0,56,1003.3,1002.3,42,30.5,19,38812.84,175,56.28763,27.240772,9
9/22/2023,35.7,0,20.3,1003.8,43727.2,0,0,45,1003.8,1002.8,42.6,30.5,22,38960.65,198,56.28763,27.240772,9
9/23/2023,35,0,21.8,1005.4,43630.32,0,0,35,1005.4,1004.4,39.5,29.7,18,38665.67,131,56.28763,27.240772,9
9/24/2023,34.1,0,24,1006,43533.36,0,0,37,1006,1005,39.3,29.8,3,38665.16,101,56.28763,27.240772,9
9/25/2023,33.9,0,20.9,1005.3,43436.36,0,0,28,1005.3,1004.3,39.4,29.2,0,38520.46,90,56.28763,27.240772,9
9/26/2023,33.6,0,20.9,1006.5,43339.4,0,0,28,1006.5,1005.5,40,28.2,0,38519.34,79,56.28763,27.240772,9
9/27/2023,32.2,0,19.1,1008,43242.54,0,0,43,1008,1007,37.1,27.3,0,38117.95,121,56.28763,27.240772,9
9/28/2023,32.4,0,14,1007.8,43145.83,0,0,52,1007.8,1006.8,36.6,27.2,4,37842.78,144,56.28763,27.240772,9
9/29/2023,33.2,0,20.9,1007.4,43049.33,0,0,51,1007.4,1006.4,39.9,27.9,0,37728.29,146,56.28763,27.240772,9
9/30/2023,33.7,0,27.7,1008,42953.11,0,0,30,1008,1007,40.8,27.6,0,37848.2,73,56.28763,27.240772,9
10/1/2023,31.8,0,16,1007.1,42857.23,0,0,55,1007.1,1006.1,36.3,26.7,0,37468.17,198,56.28763,27.240772,9
10/2/2023,32.3,0,23.1,1007.4,42761.75,0,0,61,1007.4,1006.4,36.8,27.3,1,37227.24,206,56.28763,27.240772,9
10/3/2023,32.1,0,21.3,1008.6,42666.73,0,0,64,1008.6,1007.6,36.9,27.3,1,37218.65,165,56.28763,27.240772,9
10/4/2023,33,0,17.9,1008.9,42572.23,0,0,63,1008.9,1007.9,38.5,27.2,1,36985.37,194,56.28763,27.240772,9
10/5/2023,32.9,0,25.6,1007.2,42478.19,0,0,69,1007.2,1006.2,39.2,27.3,5,36868.76,201,56.28763,27.240772,9
10/6/2023,34.3,0,17,1005.1,42383.94,0,0,54,1005.1,1004.1,42.3,27.9,7,36715.18,68,56.28763,27.240772,9
10/7/2023,33.9,0,21.3,1007.6,42289.41,0,0,38,1007.6,1006.6,40.8,27.7,0,36995.68,81,56.28763,27.240772,9
10/8/2023,32.9,0,16.4,1009.3,42194.66,0,0,47,1009.3,1008.3,39,27,0,36775.06,104,56.28763,27.240772,9
10/9/2023,31.7,0,20.9,1010,42099.78,0,0,68,1010,1009,36.4,27.3,6,36443.88,178,56.28763,27.240772,9
10/10/2023,31.2,0,18.7,1010.1,42004.83,0,0,74,1010.1,1009.1,35.7,27,12,35189.39,200,56.28763,27.240772,9
10/11/2023,31.6,0,17.9,1010,41909.88,0,0,68,1010,1009,37,27.1,8,36274.15,211,56.28763,27.240772,9
10/12/2023,32.4,0,20.4,1010.6,41815,0,0,57,1010.6,1009.6,38.5,26.5,2,36261.69,209,56.28763,27.240772,9
10/13/2023,32.1,0,16.9,1010.9,41720.25,0,0,61,1010.9,1009.9,37.7,26.1,3,36181.97,128,56.28763,27.240772,9
10/14/2023,30.9,0,16.5,1010.7,41625.72,0,0,71,1010.7,1009.6,34.8,27.1,3,36086.5,132,56.28763,27.240772,9
10/15/2023,30.6,0,18.5,1008.5,41531.47,0,0,72,1008.5,1007.5,34.7,26.7,21,34439.82,124,56.28763,27.240772,9
10/16/2023,30.6,0,21.3,1008.9,41437.58,0,0,69,1008.9,1007.8,34.6,26.4,6,36007.25,147,56.28763,27.240772,9
10/17/2023,30.5,0,18.8,1010.2,41344.12,0,0,68,1010.2,1009.2,34.2,26.5,2,36000,151,56.28763,27.240772,9
10/18/2023,30,0.3,17.1,1012.8,41251.17,0.3,0,75,1012.8,1011.7,33.6,26.7,9,36000,168,56.28763,27.240772,9
10/19/2023,29.1,1.8,14.6,1013.6,41158.8,1.8,0,78,1013.6,1012.6,31.7,26.5,17,36000,89,56.28763,27.240772,9
10/20/2023,29.3,0,16.6,1013,41067.08,0,0,77,1013,1012,32.8,26.4,10,36000,119,56.28763,27.240772,9
10/21/2023,28.6,0.4,16.7,1013.6,40976.1,0.4,0,77,1013.6,1012.5,31.9,26.3,22,36000,51,56.28763,27.240772,9
10/22/2023,28.4,3.4,15.8,1014.3,40885.94,3.4,0,76,1014.3,1013.2,31.4,26.1,19,36000,55,56.28763,27.240772,9
10/23/2023,28.8,0,13.1,1013.6,40796.67,0,0,71,1013.6,1012.5,32.5,25.5,11,36000,40,56.28763,27.240772,9
10/24/2023,28.7,0,13,1012.7,40708.38,0,0,69,1012.7,1011.6,33.2,25.2,14,36000,76,56.28763,27.240772,9
10/25/2023,28.9,0,16.2,1014,40621.01,0,0,74,1014,1013,32.7,24.8,19,34219.98,97,56.28763,27.240772,9
10/26/2023,27.1,9.3,23,1015.5,40533.8,9.3,0,73,1015.5,1014.4,31,21.1,51,31464.58,227,56.28763,27.240772,9
10/27/2023,25.8,0,10.8,1013.6,40446.71,0,0,69,1013.6,1012.5,29.2,22.1,24,34048.6,319,56.28763,27.240772,9
10/28/2023,27.3,0,12.6,1012.7,40359.82,0,0,61,1012.7,1011.6,31,23.3,4,36000,297,56.28763,27.240772,9
10/29/2023,28.1,0,12.1,1013,40273.2,0,0,60,1013,1011.9,32.1,23.4,25,36000,72,56.28763,27.240772,9
10/30/2023,28.6,0,14.5,1013.3,40186.93,0,0,66,1013.3,1012.2,32.7,23.4,41,35613.12,157,56.28763,27.240772,9
10/31/2023,28.8,0.2,13.4,1014.1,40101.1,0.2,0,65,1014.1,1013.1,33.4,24.4,5,36000,51,56.28763,27.240772,9
11/1/2023,28.5,0,13.6,1015.4,40015.8,0,0,68,1015.4,1014.4,32.3,24.8,22,36000,76,56.28763,27.240772,9
11/2/2023,29.2,0,15.2,1014.4,39931.11,0,0,51,1014.4,1013.3,33.7,24.5,36,36000,246,56.28763,27.240772,9
11/3/2023,28.5,0,15.9,1011.8,39847.11,0,0,60,1011.8,1010.7,34.1,23.5,16,36000,220,56.28763,27.240772,9
11/4/2023,28.2,0,20.7,1010.5,39763.91,0,0,63,1010.5,1009.5,32.5,24.2,18,36000,114,56.28763,27.240772,9
11/5/2023,24.9,10.6,29.9,1012.1,39681.58,10.6,0,71,1012.1,1011.1,28.5,20.4,30,36000,40,56.28763,27.240772,9
11/6/2023,25.2,0,14.3,1013.5,39600.22,0,0,61,1013.5,1012.5,29.6,20.6,7,36000,49,56.28763,27.240772,9
11/7/2023,25.6,0.3,12.5,1013.2,39519.93,0.3,0,59,1013.2,1012.2,29,21.8,9,36000,69,56.28763,27.240772,9
11/8/2023,26.1,0,11.5,1014,39440.79,0,0,57,1014,1012.9,30.4,21.4,4,36000,58,56.28763,27.240772,9
11/9/2023,27.4,0,17.4,1016.1,39362.91,0,0,38,1016.1,1015.1,33.4,22.3,2,36000,39,56.28763,27.240772,9
11/10/2023,27.3,0,15.5,1017.2,39286.39,0,0,34,1017.2,1016.2,33.1,21.6,0,36000,40,56.28763,27.240772,9
11/11/2023,26.7,0,13.3,1018.2,39211.31,0,0,32,1018.2,1017.2,33.7,20.7,56,36000,37,56.28763,27.240772,9
11/12/2023,26.3,0,12.8,1018.5,39137.79,0,0,41,1018.5,1017.4,32,19.6,60,34259.63,27,56.28763,27.240772,9
11/13/2023,25.8,0,12.8,1016.7,39065.93,0,0,39,1016.7,1015.7,31.9,18.7,49,32400,2,56.28763,27.240772,9
11/14/2023,25,0,11.9,1015.4,38995.68,0,0,43,1015.4,1014.4,30.5,19,5,35998.77,46,56.28763,27.240772,9
11/15/2023,25.4,2.2,17.6,1015.7,38926.33,2.2,0,57,1015.7,1014.7,29.3,20.2,46,35970.83,55,56.28763,27.240772,9
11/16/2023,22.2,25.1,19.2,1017,38857.82,25.1,0,82,1017,1015.9,24.1,20.2,88,294.98,24,56.28763,27.240772,9
11/17/2023,21.4,3.3,11.6,1016.7,38790.22,3.3,0,87,1016.7,1015.6,22.9,19.5,52,18931.59,47,56.28763,27.240772,9
11/18/2023,22.2,0,11.5,1016.1,38723.62,0,0,83,1016.1,1015,25.9,19.3,6,35813.23,26,56.28763,27.240772,9
11/19/2023,23,0,10.5,1015.4,38658.11,0,0,73,1015.4,1014.3,27.6,19.5,17,35742.05,350,56.28763,27.240772,9
11/20/2023,22.7,2.2,15.3,1015.3,38593.76,2.2,0,76,1015.3,1014.3,26.5,19.5,62,29859.08,50,56.28763,27.240772,9
11/21/2023,22.7,8.1,19.7,1015.9,38530.66,8.1,0,84,1015.9,1014.9,25.5,20,37,32857.37,38,56.28763,27.240772,9
11/22/2023,23.6,0,17.2,1015.8,38468.91,0,0,68,1015.8,1014.7,29.3,20,1,35535.92,341,56.28763,27.240772,9
11/23/2023,23.6,0,21.9,1014.1,38408.58,0,0,53,1014.1,1013,27.6,19.8,26,35470.01,40,56.28763,27.240772,9
11/24/2023,22.2,0.4,14.4,1011.9,38349.76,0.4,0,61,1011.9,1010.8,26.6,18.4,73,21984.36,18,56.28763,27.240772,9
11/25/2023,21.4,0,12.9,1014.4,38292.55,0,0,69,1014.4,1013.4,25.5,17.3,3,35342.99,10,56.28763,27.240772,9
11/26/2023,22.4,0,12.3,1015.7,38237.04,0,0,65,1015.7,1014.6,27.3,18,92,33929.48,326,56.28763,27.240772,9
11/27/2023,22.9,0,16.3,1013.4,38183.3,0,0,67,1013.4,1012.3,27.1,18.3,8,35223.06,316,56.28763,27.240772,9
11/28/2023,23.2,0,17.2,1013.1,38131.45,0,0,75,1013.1,1012.1,27,19.1,26,35166.02,43,56.28763,27.240772,9
11/29/2023,24,0,19.7,1014.5,38081.56,0,0,72,1014.5,1013.4,27.3,20.4,26,35111.06,44,56.28763,27.240772,9
11/30/2023,23.8,0.2,15.1,1016.1,38033.73,0.2,0,70,1016.1,1015.1,27.2,19.9,7,35058.31,47,56.28763,27.240772,9
12/1/2023,23.5,0,11.1,1016.5,37988.07,0,0,68,1016.5,1015.5,28,18.8,1,35007.85,300,56.28763,27.240772,9
12/2/2023,23.6,0,11.4,1016.4,37944.64,0,0,64,1016.4,1015.3,28,18.3,1,34959.81,41,56.28763,27.240772,9
12/3/2023,24,0,11.9,1017.8,37903.57,0,0,53,1017.8,1016.8,29.7,18.8,0,34914.29,358,56.28763,27.240772,9
12/4/2023,24.4,0,13.3,1017.9,37864.83,0,0,40,1017.9,1016.8,31.1,17.9,44,34871.45,21,56.28763,27.240772,9
12/5/2023,23.6,0,13.3,1016.5,37827.97,0,0,39,1016.5,1015.4,30,18.5,20,33971.66,16,56.28763,27.240772,9
12/6/2023,23,0,13.8,1016.4,37792.94,0,0,35,1016.4,1015.4,29.6,16.3,0,34792.29,4,56.28763,27.240772,9
12/7/2023,22.2,0,15,1016,37759.77,0,0,45,1016,1014.9,27.6,16.1,0,34755.67,4,56.28763,27.240772,9
12/8/2023,22.4,0,13.2,1016.4,37728.51,0,0,51,1016.4,1015.3,27.2,17.2,12,34721.11,37,56.28763,27.240772,9
12/9/2023,24,0,19.2,1017.4,37699.19,0,0,27,1017.4,1016.4,30,17.4,55,34688.65,42,56.28763,27.240772,9
12/10/2023,22.1,0,15.8,1016.4,37671.85,0,0,28,1016.4,1015.3,28.6,15.1,9,34658.32,287,56.28763,27.240772,9
12/11/2023,22.5,0,10.8,1015.9,37646.53,0,0,28,1015.9,1014.9,28.8,15.8,63,34630.19,348,56.28763,27.240772,9
12/12/2023,22.5,0,12.5,1013.9,37623.28,0,0,23,1013.9,1012.9,29.1,16.6,71,34604.28,330,56.28763,27.240772,9
12/13/2023,21.5,0,15.6,1013.7,37602.12,0,0,48,1013.7,1012.7,26.9,14.9,76,34458.8,270,56.28763,27.240772,9
12/14/2023,22.1,0.1,26.3,1013.3,37583.1,0.1,0,54,1013.3,1012.2,26.5,18.4,16,34559.32,227,56.28763,27.240772,9
12/15/2023,20.9,0,12.4,1016.6,37566.24,0,0,42,1016.6,1015.6,25.2,17.1,0,34540.37,27,56.28763,27.240772,9
12/16/2023,20.9,0,22.1,1021.1,37551.6,0,0,35,1021.1,1020.1,26.4,15.6,0,34523.82,47,56.28763,27.240772,9
12/17/2023,20.4,0,16.4,1021,37539.2,0,0,31,1021,1019.9,25.7,14.4,0,34509.71,33,56.28763,27.240772,9
12/18/2023,20.6,0,11.9,1019.3,37529.07,0,0,32,1019.3,1018.2,26.1,14.8,3,34498.09,318,56.28763,27.240772,9
12/19/2023,21.2,0,14.4,1019.3,37521.26,0,0,48,1019.3,1018.2,26.1,16.4,78,33580.66,40,56.28763,27.240772,9
12/20/2023,21,0,11.6,1019.2,37515.79,0,0,51,1019.2,1018.1,25,16.5,18,34005.87,34,56.28763,27.240772,9
12/21/2023,20.6,0,15.8,1017.4,37512.7,0,0,50,1017.4,1016.3,25,16.1,1,34021.24,251,56.28763,27.240772,9
12/22/2023,20.4,0,12.2,1016.5,37512.02,0,0,50,1016.5,1015.5,25.5,14.9,60,34014.41,350,56.28763,27.240772,9
12/23/2023,20.9,0,17.2,1016.8,37513.77,0,0,50,1016.8,1015.7,25.1,15.3,70,32918.63,307,56.28763,27.240772,9
12/24/2023,21.5,0,18,1019.1,37517.99,0,0,61,1019.1,1018.1,26.2,17.2,55,33481.84,227,56.28763,27.240772,9
12/25/2023,22.2,0,21.4,1018.8,37524.71,0,0,63,1018.8,1017.7,26.7,17.1,58,33350.18,237,56.28763,27.240772,9
12/26/2023,21.9,0,13.6,1018.3,37533.9,0,0,60,1018.3,1017.2,27.2,16.6,0,33731.91,54,56.28763,27.240772,9
12/27/2023,24.1,0,12,1018.6,37545.53,0,0,39,1018.6,1017.5,30.2,17.6,0,33727.07,42,56.28763,27.240772,9
12/28/2023,22.4,0,12.6,1016.7,37559.54,0,0,44,1016.7,1015.7,27.8,17.3,25,33722.21,65,56.28763,27.240772,9
12/29/2023,21.9,0,13.2,1016.9,37575.89,0,0,70,1016.9,1015.9,25.7,17.2,16,33466.75,66,56.28763,27.240772,9
12/30/2023,23.3,0,17.1,1017.2,37594.54,0,0,47,1017.2,1016.1,29.4,18.7,20,33463.57,52,56.28763,27.240772,9
12/31/2023,23.4,0,12.6,1016.5,37615.45,0,0,32,1016.5,1015.5,28.5,17.8,57,33089.21,37,56.28763,27.240772,9
1/1/2024,22.9,0,16.8,1016.1,37638.57,0,0,55,1016.1,1015,27.1,19.2,5,33334.27,59,56.28763,27.240772,9
1/2/2024,21.8,0,22.2,1015.9,37663.86,0,0,60,1015.9,1014.8,26.9,17.5,1,33331.9,46,56.28763,27.240772,9
1/3/2024,21.7,0,17.6,1013.7,37691.27,0,0,56,1013.7,1012.6,25.8,17,11,33451.28,243,56.28763,27.240772,9
1/4/2024,21,0,18.8,1013.9,37720.75,0,0,54,1013.9,1012.8,25.3,17.5,3,33327.3,22,56.28763,27.240772,9
1/5/2024,21.3,0,14.6,1015.8,37752.27,0,0,47,1015.8,1014.7,25.6,15.9,1,33325.14,269,56.28763,27.240772,9
1/6/2024,21.1,0,20.9,1016,37785.75,0,0,53,1016,1014.9,26,15.7,0,33323.08,251,56.28763,27.240772,9
1/7/2024,20.3,0,18.1,1018.4,37821.18,0,0,52,1018.4,1017.3,24.9,15,7,33321.16,36,56.28763,27.240772,9
1/8/2024,20.3,0,12,1021,37858.5,0,0,31,1021,1020,25.5,14.3,0,33438.84,7,56.28763,27.240772,9
1/9/2024,18.9,0,13.2,1020.4,37897.64,0,0,27,1020.4,1019.3,24.7,12,4,33556.16,351,56.28763,27.240772,9
1/10/2024,18.7,0,15.9,1019.3,37938.59,0,0,41,1019.3,1018.2,23.9,12,33,32771.23,319,56.28763,27.240772,9
1/11/2024,18.6,0,18.1,1017.1,37981.27,0,0,54,1017.1,1016.1,23.8,12.7,51,32958.34,297,56.28763,27.240772,9
1/12/2024,19,0,18.9,1015.9,38025.64,0,0,61,1015.9,1014.9,23.7,13.2,47,32400,273,56.28763,27.240772,9
1/13/2024,20.3,0,22.9,1016.1,38071.77,0,0,54,1016.1,1015.1,25.7,13.9,75,33194.17,249,56.28763,27.240772,9
1/14/2024,21,0,16.1,1016.2,38120.15,0,0,56,1016.2,1015.2,26.9,14.6,79,32955.25,130,56.28763,27.240772,9
1/15/2024,21.7,0,28.6,1015.6,38170.8,0,0,63,1015.6,1014.6,29,15.7,55,33145.22,228,56.28763,27.240772,9
1/16/2024,22.6,0,25.9,1013.1,38223.62,0,0,63,1013.1,1012,30.7,16,47,33191.75,204,56.28763,27.240772,9
1/17/2024,22.3,0,17.3,1012.5,38278.51,0,0,60,1012.5,1011.4,28,17.3,22,33131.9,78,56.28763,27.240772,9
1/18/2024,22,0,15.6,1014.3,38335.35,0,0,59,1014.3,1013.3,27.1,15.9,30,33457.27,237,56.28763,27.240772,9
1/19/2024,20.7,3.3,15.4,1016.6,38394.08,3.3,0,70,1016.6,1015.5,24.7,17.2,15,33069.06,79,56.28763,27.240772,9
1/20/2024,22,0,18.1,1018.7,38454.57,0,0,44,1018.7,1017.6,27.8,16.4,62,33446.75,52,56.28763,27.240772,9
1/21/2024,20.8,0,17.9,1017.4,38516.75,0,0,53,1017.4,1016.4,25.8,15.3,2,33662.49,243,56.28763,27.240772,9
1/22/2024,20.7,0,14.1,1019.1,38580.52,0,0,54,1019.1,1018,25.6,15.4,2,33639.5,32,56.28763,27.240772,9
1/23/2024,20.8,0,15.1,1018.7,38645.78,0,0,48,1018.7,1017.7,26.3,14.9,11,33514.08,256,56.28763,27.240772,9
1/24/2024,20.3,0,17.6,1016.9,38712.43,0,0,62,1016.9,1015.9,25.6,14.6,66,33171.55,236,56.28763,27.240772,9
1/25/2024,21,0,21.2,1015.6,38780.4,0,0,70,1015.6,1014.5,25.8,15.5,84,33184.03,292,56.28763,27.240772,9
1/26/2024,21.8,0.3,15.9,1015.6,38849.59,0.3,0,72,1015.6,1014.6,25.9,17.8,96,32683.82,63,56.28763,27.240772,9
1/27/2024,21.4,10.3,18.1,1015.8,38919.91,10.3,0,79,1015.8,1014.8,24.7,18.5,98,31487.05,297,56.28763,27.240772,9
1/28/2024,21.1,0.1,22.1,1014.9,38991.27,0.1,0,68,1014.9,1013.9,26.8,16.3,89,32596.21,182,56.28763,27.240772,9
1/29/2024,20.2,0,14.5,1016.3,39063.59,0,0,60,1016.3,1015.2,24.2,16.3,86,33432,60,56.28763,27.240772,9
1/30/2024,21,0,15.9,1016.1,39136.78,0,0,54,1016.1,1015,25.6,15.1,48,32919.62,44,56.28763,27.240772,9
1/31/2024,22.1,0,14,1015.5,39210.76,0,0,67,1015.5,1014.4,26.3,18,27,33952.22,68,56.28763,27.240772,9
2/1/2024,21.5,0.8,15.4,1013.9,39285.45,0.8,0,52,1013.9,1012.9,25.5,18.7,53,33558.64,68,56.28763,27.240772,9
2/2/2024,20.1,7.2,28.8,1011.8,39360.89,7.2,0,73,1011.8,1010.7,24.3,16,74,24303.46,250,56.28763,27.240772,9
2/3/2024,18,0,22.4,1015.1,39437.87,0,0,45,1015.1,1014,23.3,13.4,21,34574.5,248,56.28763,27.240772,9
2/4/2024,17.3,0,16.3,1017.6,39516.4,0,0,46,1017.6,1016.6,22.3,12.1,6,35105.87,43,56.28763,27.240772,9
2/5/2024,17.8,0,17.2,1016.8,39596.39,0,0,38,1016.8,1015.7,23.5,12,52,33133.21,226,56.28763,27.240772,9
2/6/2024,18.8,0,22.3,1016.9,39677.73,0,0,27,1016.9,1015.8,24.7,12.2,0,35508.36,271,56.28763,27.240772,9
2/7/2024,18.3,0,13,1020.2,39760.32,0,0,49,1020.2,1019.1,23.7,11.5,0,35513.71,72,56.28763,27.240772,9
2/8/2024,19.1,0,17.1,1020.2,39844.07,0,0,57,1020.2,1019.2,23.6,13.2,1,35380.95,255,56.28763,27.240772,9
2/9/2024,19.4,0,17.4,1019,39928.89,0,0,59,1019,1018,23.9,13.3,0,35383.01,228,56.28763,27.240772,9
2/10/2024,19.9,0,11.8,1019.5,40014.66,0,0,51,1019.5,1018.4,24.4,13.6,71,34158.43,43,56.28763,27.240772,9
2/11/2024,18.7,1.3,13.4,1019.8,40101.32,1.3,0,64,1019.8,1018.8,21.9,15.4,94,243.37,52,56.28763,27.240772,9
2/12/2024,20,0.4,16.7,1017.9,40188.75,0.4,0,58,1017.9,1016.8,23.2,15.6,74,6847.1,38,56.28763,27.240772,9
2/13/2024,21.3,0,15.8,1018.6,40276.88,0,0,54,1018.6,1017.5,28,14.8,0,36227.47,23,56.28763,27.240772,9
2/14/2024,22,0,14.2,1019.4,40365.6,0,0,67,1019.4,1018.4,26.4,16.7,4,36230.8,202,56.28763,27.240772,9
2/15/2024,22.3,0.4,17.4,1019.1,40454.84,0.4,0,77,1019.1,1018.1,25.8,18.8,50,34506.07,148,56.28763,27.240772,9
2/16/2024,23,0.2,16.9,1018.1,40544.51,0.2,0,82,1018.1,1017.1,26.8,19.6,76,30602.76,93,56.28763,27.240772,9
2/17/2024,23.8,0.2,19.4,1014.2,40634.52,0.2,0,73,1014.2,1013.2,27.5,19.4,46,29636.36,202,56.28763,27.240772,9
2/18/2024,22.8,0,38.8,1008.9,40724.79,0,0,59,1008.9,1007.8,30,16.2,5,37108.87,226,56.28763,27.240772,9
2/19/2024,20.7,0,20.3,1011.8,40815.24,0,0,63,1011.8,1010.8,25.3,15.9,0,37702.03,97,56.28763,27.240772,9
2/20/2024,21,0,30.7,1012.6,40905.79,0,0,54,1012.6,1011.5,26.1,16.5,0,37903.36,188,56.28763,27.240772,9
2/21/2024,21.5,0,20.4,1014.8,40996.34,0,0,49,1014.8,1013.7,27.2,15.9,8,37958.79,32,56.28763,27.240772,9
2/22/2024,21.9,0,19.3,1016.9,41086.98,0,0,46,1016.9,1015.9,27.4,16.5,0,38307.52,82,56.28763,27.240772,9
2/23/2024,21,0,23.8,1016.4,41178.45,0,0,66,1016.4,1015.3,25.9,15.2,7,38331.56,206,56.28763,27.240772,9
2/24/2024,22.4,0,14.5,1014.4,41270.84,0,0,66,1014.4,1013.3,26.4,17.1,53,35324.16,159,56.28763,27.240772,9
2/25/2024,20.6,30.3,17.1,1009.6,41364.05,30.3,0,78,1009.6,1008.5,24.3,17.2,76,12436.85,33,56.28763,27.240772,9
2/26/2024,19.8,4.3,20.6,1009.9,41458,4.3,0,78,1009.9,1008.8,23.3,16.8,53,29711.92,53,56.28763,27.240772,9
2/27/2024,19.6,0,14.8,1014.2,41552.63,0,0,71,1014.2,1013.2,23.7,16.2,10,38605.44,59,56.28763,27.240772,9
2/28/2024,19.1,0,12.9,1013.7,41647.84,0,0,71,1013.7,1012.6,23.1,15.8,32,27309.45,50,56.28763,27.240772,9
2/29/2024,19.1,0,32.6,1010.6,41743.56,0,0,58,1010.6,1009.5,24.6,12.3,3,38988.82,200,56.28763,27.240772,9
3/1/2024,13.7,0,33.1,1017.7,41839.73,0,0,50,1017.7,1016.6,18,9.1,2,39088.11,65,56.28763,27.240772,9
3/2/2024,13.6,0,16.9,1019.2,41936.26,0,0,46,1019.2,1018.1,18.3,8.4,4,39187.65,50,56.28763,27.240772,9
3/3/2024,16,0,17.3,1016.7,42033.07,0,0,43,1016.7,1015.7,21,8.7,4,39252.98,55,56.28763,27.240772,9
3/4/2024,18.6,5.7,15.2,1015.6,42130.1,5.7,0,63,1015.6,1014.5,22.2,13.1,75,24825.91,52,56.28763,27.240772,9
3/5/2024,18.7,5.5,15,1014.3,42227.28,5.5,0,84,1014.3,1013.2,21.5,16.1,75,23954.17,73,56.28763,27.240772,9
3/6/2024,19.4,0.6,16.9,1014.7,42324.53,0.6,0,82,1014.7,1013.6,23,15.5,26,39360.73,69,56.28763,27.240772,9
3/7/2024,20.1,0,14.8,1014.9,42421.79,0,0,72,1014.9,1013.9,24.3,15.5,34,39395.95,147,56.28763,27.240772,9
3/8/2024,20.7,0,13.3,1014.7,42518.97,0,0,77,1014.7,1013.7,24.4,16.2,40,38714.96,64,56.28763,27.240772,9
3/9/2024,20.6,17.1,21.9,1014.4,42616.01,17.1,0,84,1014.4,1013.3,22.9,17.7,53,28388.97,67,56.28763,27.240772,9
3/10/2024,20.4,0.7,19.5,1015.5,42712.84,0.7,0,82,1015.5,1014.4,24.2,17,32,39499.75,196,56.28763,27.240772,9
3/11/2024,21,0.1,12.3,1016.6,42809.39,0.1,0,81,1016.6,1015.6,25,17.4,30,39187.29,97,56.28763,27.240772,9
3/12/2024,21.6,0,17.3,1015.9,42905.6,0,0,76,1015.9,1014.8,25.6,17.4,8,39567.59,68,56.28763,27.240772,9
3/13/2024,22.7,0,21.1,1018.5,43001.51,0,0,57,1018.5,1017.5,27.9,17.8,0,39600,58,56.28763,27.240772,9
3/14/2024,22.5,0,15,1017.5,43097.84,0,0,60,1017.5,1016.5,27.9,17.5,21,39600,74,56.28763,27.240772,9
3/15/2024,22.2,0,13.3,1016,43194.65,0,0,62,1016,1015,27.2,17.3,93,15119.83,56,56.28763,27.240772,9
3/16/2024,23.5,0,16.1,1014.2,43291.87,0,0,69,1014.2,1013.1,28.2,18.6,58,38306.31,84,56.28763,27.240772,9
3/17/2024,24.6,0,18.2,1013.5,43389.44,0,0,68,1013.5,1012.4,29.9,19.7,63,32568.51,89,56.28763,27.240772,9
3/18/2024,25.3,0,15.8,1013.7,43487.3,0,0,67,1013.7,1012.6,29.6,20.8,82,33450.36,96,56.28763,27.240772,9
3/19/2024,26.1,0,12.6,1013.5,43585.39,0,0,61,1013.5,1012.4,29.5,22.1,94,26633.33,110,56.28763,27.240772,9
3/20/2024,26.9,0,17,1012.1,43683.64,0,0,62,1012.1,1011.1,31.1,22,18,39600,163,56.28763,27.240772,9
3/21/2024,25.4,0,27.2,1011.5,43781.98,0,0,69,1011.5,1010.4,30.9,20.1,3,39600,180,56.28763,27.240772,9
3/22/2024,26.5,0,23.8,1009.3,43880.36,0,0,52,1009.3,1008.3,32.8,19.6,66,39312.93,233,56.28763,27.240772,9
3/23/2024,26.8,0.1,28,1010.2,43978.71,0.1,0,51,1010.2,1009.1,31.3,22.3,86,26518.33,216,56.28763,27.240772,9
3/24/2024,26.9,0,13,1011.2,44076.97,0,0,58,1011.2,1010.2,30.7,22.1,99,17978.57,125,56.28763,27.240772,9
3/25/2024,28.1,0.1,23.3,1011.4,44175.08,0.1,0,49,1011.4,1010.3,32.7,24.4,99,10835.34,245,56.28763,27.240772,9
3/26/2024,25,0.2,35.2,1011.9,44272.96,0.2,0,61,1011.9,1010.8,30.4,20,55,38985.43,211,56.28763,27.240772,9
3/27/2024,23.1,0,29.5,1014.7,44370.57,0,0,63,1014.7,1013.7,28.1,18.7,42,38990.45,218,56.28763,27.240772,9
3/28/2024,23.1,0,25.8,1011.8,44467.82,0,0,68,1011.8,1010.8,28.1,18.2,22,39600,200,56.28763,27.240772,9
3/29/2024,23.8,0.1,16.3,1010.8,44564.66,0.1,0,64,1010.8,1009.8,27.3,19.7,15,39600,106,56.28763,27.240772,9
3/30/2024,26.9,0,20.8,1014.2,44661.01,0,0,32,1014.2,1013.2,33.3,21.4,45,39618.37,66,56.28763,27.240772,9
3/31/2024,25.7,0,19.5,1014.9,44756.82,0,0,44,1014.9,1013.9,31.4,20.5,95,21533.79,218,56.28763,27.240772,9
4/1/2024,24,0,24.8,1012.4,44852.01,0,0,72,1012.4,1011.3,29.1,20.1,51,32182.93,212,56.28763,27.240772,9
4/2/2024,24.3,0,17.9,1010.5,44946.64,0,0,74,1010.5,1009.4,28.2,20.2,79,38538.15,175,56.28763,27.240772,9
4/3/2024,25.6,0,20.2,1010,45041.38,0,0,65,1010,1008.9,31.1,20.7,54,39600,210,56.28763,27.240772,9
4/4/2024,25.2,0,21.1,1011.2,45136.27,0,0,65,1011.2,1010.2,29.7,20.7,40,34010.38,171,56.28763,27.240772,9
4/5/2024,25.7,0,20.2,1011.6,45231.25,0,0,65,1011.6,1010.5,31.4,20.2,5,40039.14,202,56.28763,27.240772,9
4/6/2024,26,0,21.2,1010.4,45326.29,0,0,69,1010.4,1009.4,33.3,20.6,4,40030.27,207,56.28763,27.240772,9
4/7/2024,27.1,0,15.3,1009.4,45421.29,0,0,55,1009.4,1008.4,33.9,20.6,39,40152.38,174,56.28763,27.240772,9
4/8/2024,28.1,0,24.9,1009.2,45516.21,0,0,46,1009.2,1008.2,33.4,22.1,87,37632.48,187,56.28763,27.240772,9
4/9/2024,27.4,0,12.4,1009.9,45610.98,0,0,56,1009.9,1008.9,30.7,23.8,100,8540.55,103,56.28763,27.240772,9
4/10/2024,28.4,0,20,1008.1,45705.53,0,0,59,1008.1,1007.1,34.4,23.8,74,37717.41,153,56.28763,27.240772,9
4/11/2024,30.1,0,27.4,1006.7,45799.8,0,0,49,1006.7,1005.7,36,24.1,34,40532.45,225,56.28763,27.240772,9
4/12/2024,28.2,0,31.5,1005,45893.72,0,0,52,1005,1004,33.4,22.7,73,37584.22,199,56.28763,27.240772,9
4/13/2024,26.7,0,33.2,1004.5,45987.22,0,0,55,1004.5,1003.5,32.9,22.2,47,39600,161,56.28763,27.240772,9
4/14/2024,25.8,0,34.2,1007,46080.25,0,0,61,1007,1005.9,31,21.3,1,40945.52,182,56.28763,27.240772,9
4/15/2024,27.1,4,25.3,1010.7,46172.71,4,0,57,1010.7,1009.7,33.4,21.1,43,40943.74,88,56.28763,27.240772,9
4/16/2024,22,56.7,25.4,1008.3,46264.56,56.7,0,81,1008.3,1007.2,23.5,20.2,84,0,37,56.28763,27.240772,9
4/17/2024,22,5.5,22.7,1007.3,46355.71,5.5,0,78,1007.3,1006.2,25.5,18.7,32,38128.21,236,56.28763,27.240772,9
4/18/2024,22.6,0.5,20.7,1009,46446.09,0.5,0,83,1009,1007.9,27,18.7,34,40638.41,50,56.28763,27.240772,9
4/19/2024,24,0,14.2,1008.3,46535.63,0,0,80,1008.3,1007.2,27,20.5,6,41382.77,134,56.28763,27.240772,9
4/20/2024,25,0.6,14.1,1008.4,46624.25,0.6,0,74,1008.4,1007.4,28.1,21.2,20,36507.4,23,56.28763,27.240772,9
4/21/2024,25.8,0,11.9,1008.9,46711.87,0,0,67,1008.9,1007.9,30,21.1,21,41230.35,152,56.28763,27.240772,9
4/22/2024,26.3,0,12.9,1009.5,46798.54,0,0,66,1009.5,1008.5,30.8,21.4,17,41228.76,108,56.28763,27.240772,9
4/23/2024,27.6,0,16.9,1006.4,46884.9,0,0,54,1006.4,1005.3,32.6,22.6,13,41072.08,74,56.28763,27.240772,9
4/24/2024,26.4,0,16.8,1004.6,46971,0,0,64,1004.6,1003.6,29.9,21.5,27,42160.62,204,56.28763,27.240772,9
4/25/2024,25.7,5.1,23.2,1006.7,47056.76,5.1,0,57,1006.7,1005.7,30.3,20.7,23,33394.34,17,56.28763,27.240772,9
4/26/2024,28.6,0,20.8,1006.9,47142.13,0,0,41,1006.9,1005.8,33.5,21.7,3,42327.04,39,56.28763,27.240772,9
4/27/2024,29.8,0,23.7,1008.2,47227.04,0,0,38,1008.2,1007.2,35,24.2,51,42490.95,82,56.28763,27.240772,9
4/28/2024,30.8,0,25.5,1010.3,47311.41,0,0,33,1010.3,1009.2,36.6,24.2,36,42656.62,72,56.28763,27.240772,9
4/29/2024,31.4,0,24.4,1011.1,47395.18,0,0,24,1011.1,1010.1,36.9,25.8,15,41373.06,101,56.28763,27.240772,9
4/30/2024,31.4,0,17.3,1009.7,47478.27,0,0,34,1009.7,1008.7,36.4,25.3,18,41522.02,138,56.28763,27.240772,9
5/1/2024,31.7,0,29.7,1006.7,47560.62,0,0,50,1006.7,1005.7,36.9,26.4,52,39327.84,147,56.28763,27.240772,9
5/2/2024,23.8,19.3,19.5,1007.4,47642.15,19.3,0,79,1007.4,1006.4,27.6,21.7,72,0,309,56.28763,27.240772,9
5/3/2024,25,0,29.2,1006.9,47722.79,0,0,77,1006.9,1005.8,29.2,21.1,6,42788.27,245,56.28763,27.240772,9
5/4/2024,26.8,0,18.9,1008.3,47802.45,0,0,73,1008.3,1007.3,31.2,21.4,24,41655.59,233,56.28763,27.240772,9
5/5/2024,28,0,21.9,1007.4,47881.06,0,0,69,1007.4,1006.4,33.4,23,1,42511.09,217,56.28763,27.240772,9
5/6/2024,29.2,0,16.9,1007.2,47958.54,0,0,61,1007.2,1006.2,34.3,22.6,0,43200,132,56.28763,27.240772,9
5/7/2024,31.4,0,32.8,1006.4,48034.81,0,0,50,1006.4,1005.4,37.7,23.8,3,43200,228,56.28763,27.240772,9
5/8/2024,34.2,0,33.4,1005,48109.79,0,0,33,1005,1004,41.3,25.7,8,43200,232,56.28763,27.240772,9
5/9/2024,33.2,0,33.5,1003.7,48183.39,0,0,34,1003.7,1002.6,42.6,25.1,0,43200,242,56.28763,27.240772,9
5/10/2024,30.5,0,24.9,1006.4,48255.54,0,0,53,1006.4,1005.4,36.4,24.9,0,43200,162,56.28763,27.240772,9
5/11/2024,34,0,18.9,1007.4,48326.14,0,0,30,1007.4,1006.4,42.1,24.8,29,43200,70,56.28763,27.240772,9
5/12/2024,33.9,0,20.1,1007.5,48395.22,0,0,28,1007.5,1006.5,39.7,27.5,23,41466.66,106,56.28763,27.240772,9
5/13/2024,31.9,0,18.9,1006.5,48463.32,0,0,43,1006.5,1005.5,37.8,26.5,0,43224.91,145,56.28763,27.240772,9
5/14/2024,33.6,0,25.9,1006.9,48530.5,0,0,35,1006.9,1005.9,39.9,26.1,4,43200,204,56.28763,27.240772,9
5/15/2024,33.4,0,23.7,1007.9,48596.7,0,0,42,1007.9,1006.9,39,28.3,2,43200,142,56.28763,27.240772,9
5/16/2024,32.9,0,17.2,1008.2,48661.83,0,0,47,1008.2,1007.2,37.6,27.7,5,43200,123,56.28763,27.240772,9
5/17/2024,33.3,0,17.4,1006.8,48725.86,0,0,48,1006.8,1005.8,38.5,27.4,8,43200,151,56.28763,27.240772,9
5/18/2024,33.4,0,26.1,1004.3,48788.7,0,0,48,1004.3,1003.3,39.6,28.2,6,43200,178,56.28763,27.240772,9
5/19/2024,31.8,0,27.2,1002.9,48850.3,0,0,57,1002.9,1001.9,37.8,25.5,1,43440.26,211,56.28763,27.240772,9
5/20/2024,31.2,0,19.7,1004.4,48910.58,0,0,56,1004.4,1003.4,37.6,25.1,5,43435.69,211,56.28763,27.240772,9
5/21/2024,31.7,0,18.4,1004.2,48969.48,0,0,50,1004.2,1003.2,37.1,25.3,15,43431.03,200,56.28763,27.240772,9
5/22/2024,32,0,23.7,1002.5,49026.94,0,0,55,1002.5,1001.5,38.1,26,7,43295.92,187,56.28763,27.240772,9
5/23/2024,33,0,30.3,1000.5,49082.88,0,0,49,1000.5,999.5,39.3,27,0,43421.45,152,56.28763,27.240772,9
5/24/2024,33.8,0,23.7,999.9,49137.22,0,0,45,999.9,998.9,39.3,28.1,0,43549.02,86,56.28763,27.240772,9
5/25/2024,35.2,0,17.4,1000.3,49189.92,0,0,41,1000.3,999.3,43.3,27.7,0,43545.1,200,56.28763,27.240772,9
5/26/2024,35.1,0,15.5,1001.6,49240.89,0,0,46,1001.6,1000.6,43.2,28.8,0,43406.65,157,56.28763,27.240772,9
5/27/2024,34.7,0,18.8,1001.2,49290.05,0,0,48,1001.2,1000.2,41.3,28,1,43537.1,156,56.28763,27.240772,9
5/28/2024,35.3,0,22.3,1000.3,49337.36,0,0,41,1000.3,999.3,42.2,28.4,0,43533.04,178,56.28763,27.240772,9
5/29/2024,34.9,0,20.2,999.7,49382.71,0,0,41,999.7,998.7,41.6,28.1,1,43528.97,149,56.28763,27.240772,9
5/30/2024,37.1,0,19.2,1001.2,49426.07,0,0,29,1001.2,1000.2,44,28.8,0,43663.06,196,56.28763,27.240772,9
5/31/2024,38.3,0,24,1001.9,49467.33,0,0,27,1001.9,1000.9,46.2,29.6,0,43659.86,182,56.28763,27.240772,9
6/1/2024,37.5,0,24.5,1001.2,49506.51,0,0,34,1001.2,1000.2,44.6,31.9,0,43656.62,186,56.28763,27.240772,9
6/2/2024,36.3,0,15.7,1000.4,49543.93,0,0,37,1000.4,999.4,42.4,30.5,0,43653.3,125,56.28763,27.240772,9
6/3/2024,34.1,0,13.8,1001.6,49579.62,0,0,51,1001.6,1000.6,38.8,29.6,0,43649.88,107,56.28763,27.240772,9
6/4/2024,33.9,0,18.9,1001.7,49613.57,0,0,61,1001.7,1000.7,38.6,29.3,1,43646.38,177,56.28763,27.240772,9
6/5/2024,33.1,0,19.1,1001.7,49645.73,0,0,59,1001.7,1000.7,38.4,27.7,1,43785.77,198,56.28763,27.240772,9
6/6/2024,34.1,0,21.1,1003,49676.08,0,0,46,1003,1002,40.5,27.3,0,43639.19,187,56.28763,27.240772,9
6/7/2024,34.8,0,17.7,1002.1,49704.58,0,0,43,1002.1,1001.1,40.8,28.9,3,43635.53,125,56.28763,27.240772,9
6/8/2024,34.3,1.1,20.5,1002,49731.21,1.1,0,49,1002,1001,38.7,29.8,10,43486.73,128,56.28763,27.240772,9
6/9/2024,35.3,0,18.3,1002.4,49755.94,0,0,48,1002.4,1001.4,39.8,30.9,8,43444.58,172,56.28763,27.240772,9
6/10/2024,35.2,0,22.3,1002.7,49778.73,0,0,52,1002.7,1001.7,40.6,29.6,7,43445.07,199,56.28763,27.240772,9
6/11/2024,35.1,0,23.4,1001.9,49799.56,0,0,51,1001.9,1000.9,41.6,29.9,9,43594.04,186,56.28763,27.240772,9
6/12/2024,35.1,0,21.9,1000.7,49818.4,0,0,54,1000.7,999.7,41.2,29.9,6,43469.78,203,56.28763,27.240772,9
6/13/2024,34.1,0,20.5,999.1,49835.22,0,0,60,999.1,998.1,39.6,29.8,6,43474.69,158,56.28763,27.240772,9
6/14/2024,34.8,0,18.6,997.7,49850.01,0,0,50,997.7,996.7,40.1,29.4,0,43759.01,210,56.28763,27.240772,9
6/15/2024,34.3,0,16.5,998.8,49862.72,0,0,56,998.8,997.8,39.2,29.3,6,43488.09,177,56.28763,27.240772,9
6/16/2024,34.7,0,17.9,1000.3,49873.34,0,0,57,1000.3,999.3,38.8,29.9,4,43217.66,132,56.28763,27.240772,9
6/17/2024,37.6,0,19.7,999.9,49881.84,0,0,44,999.9,998.9,43.3,30.1,20,43397.36,178,56.28763,27.240772,9
6/18/2024,38.6,0,23.3,999,49888.18,0,0,41,999,998,44.5,33.5,57,36880.34,194,56.28763,27.240772,9
6/19/2024,38.9,0,21.8,997.1,49892.38,0,0,41,997.1,996.1,44.5,33.2,18,43288.8,166,56.28763,27.240772,9
6/20/2024,39.9,0,21.3,996,49894.36,0,0,26,996,995.1,46.6,31.3,6,43431.01,198,56.28763,27.240772,9
6/21/2024,40.4,0,22,995.5,49894.15,0,0,18,995.5,994.5,46.5,33.8,13,42596.93,152,56.28763,27.240772,9
6/22/2024,39.6,0,23.8,996.2,49891.7,0,0,23,996.2,995.2,46.6,34.1,8,43195.8,99,56.28763,27.240772,9
6/23/2024,36.3,0,21.1,998.2,49887.03,0,0,47,998.2,997.2,41.4,32.3,13,42420.62,127,56.28763,27.240772,9
6/24/2024,37.5,0,17.3,996.8,49880.17,0,0,47,996.8,995.8,42.5,31.7,19,42394.28,161,56.28763,27.240772,9
6/25/2024,37.1,0,19.8,994.1,49871.16,0,0,55,994.1,993.1,42,32,24,42277.18,175,56.28763,27.240772,9
6/26/2024,36.3,0,19.7,993,49860.02,0,0,57,993,992,42.9,31,6,42618,178,56.28763,27.240772,9
6/27/2024,35.5,0,19.6,995.1,49846.78,0,0,56,995.1,994.2,40.5,30.6,2,42884.75,191,56.28763,27.240772,9
6/28/2024,34.8,0,19.1,994.9,49831.47,0,0,64,994.9,994,39.3,30.8,66,42366.97,159,56.28763,27.240772,9
6/29/2024,35,0,20,994.8,49814.12,0,0,63,994.8,993.8,39.4,30.3,63,42521.4,179,56.28763,27.240772,9
6/30/2024,35.6,0,25.4,995.3,49794.77,0,0,56,995.3,994.3,42.2,30.6,15,42542.37,207,56.28763,27.240772,9
7/1/2024,35.4,0,28.4,993,49773.43,0,0,59,993,992,41.3,30.5,49,42427.7,218,56.28763,27.240772,9
7/2/2024,36.6,0,24.7,991.4,49750.16,0,0,49,991.4,990.4,42.8,31,15,40371.87,216,56.28763,27.240772,9
7/3/2024,37,0,24,991.8,49724.98,0,0,48,991.8,990.8,43.8,31.1,4,41643.45,210,56.28763,27.240772,9
7/4/2024,35.6,0,22.1,994.3,49697.93,0,0,62,994.3,993.4,41.7,30.3,12,42066.68,217,56.28763,27.240772,9
7/5/2024,35.7,0,23.6,993.9,49669.04,0,0,58,993.9,992.9,40.6,31.2,34,42090.29,220,56.28763,27.240772,9
7/6/2024,36,0,22.8,993,49638.34,0,0,58,993,992.1,40.8,30.6,39,41962.33,216,56.28763,27.240772,9
7/7/2024,38.3,0,22.7,993.4,49605.87,0,0,43,993.4,992.4,44.5,32.5,41,39970.48,204,56.28763,27.240772,9
7/8/2024,37.4,0,22.7,995.8,49571.66,0,0,50,995.8,994.8,44.1,33.1,21,42023.41,138,56.28763,27.240772,9
7/9/2024,34.9,0,13.3,999.3,49535.75,0,0,57,999.3,998.3,37.6,32.5,30,41610.25,103,56.28763,27.240772,9
7/10/2024,34.6,0,17.1,1000.6,49498.18,0,0,62,1000.6,999.6,37.1,32.2,32,40767.85,125,56.28763,27.240772,9
7/11/2024,35.1,0.2,18.6,998.4,49458.91,0.2,0,67,998.4,997.4,38.6,32.5,43,40491.01,156,56.28763,27.240772,9
7/12/2024,35.8,0,23.3,994.7,49417.57,0,0,58,994.7,993.7,41.1,31.5,82,41394,184,56.28763,27.240772,9
7/13/2024,35.8,0,17.8,993.9,49374.18,0,0,56,993.9,992.9,40.5,31.3,47,41124.63,191,56.28763,27.240772,9
7/14/2024,36,0,19.5,994,49328.79,0,0,59,994,993,41.2,31.7,1,41297.8,168,56.28763,27.240772,9
7/15/2024,35.5,0,18,995.4,49281.49,0,0,62,995.4,994.4,40.1,31.5,4,41175.22,146,56.28763,27.240772,9
7/16/2024,35.2,0,14,997.2,49232.34,0,0,61,997.2,996.2,38.7,31.8,30,40513.76,122,56.28763,27.240772,9
7/17/2024,36,0,17.9,996.1,49181.43,0,0,62,996.1,995.1,38.4,32.5,42,40534.79,160,56.28763,27.240772,9
7/18/2024,36.4,0,18.7,995.2,49128.83,0,0,60,995.2,994.2,40.7,33,45,40344.7,194,56.28763,27.240772,9
7/19/2024,36.5,0,15.8,993,49074.59,0,0,57,993,992.1,39.8,32.7,5,41140.68,163,56.28763,27.240772,9
7/20/2024,35.8,0,15.5,994.6,49018.81,0,0,61,994.6,993.7,39.9,32.5,6,40860.65,132,56.28763,27.240772,9
7/21/2024,35.4,0,16,995.3,48961.54,0,0,60,995.3,994.3,39,32.1,25,40890.27,121,56.28763,27.240772,9
7/22/2024,35.3,0,17.2,995.7,48902.86,0,0,64,995.7,994.7,39.3,31.7,12,40762.44,131,56.28763,27.240772,9
7/23/2024,35.4,0,20.5,994.8,48842.84,0,0,68,994.8,993.8,39.1,32.2,35,40792.36,178,56.28763,27.240772,9
7/24/2024,35.6,0,21.9,991.8,48781.55,0,0,66,991.8,990.8,40.4,32.3,36,40823.04,210,56.28763,27.240772,9
7/25/2024,35.5,0,21.9,991.3,48719.04,0,0,66,991.3,990.3,40.4,31,11,41016.95,208,56.28763,27.240772,9
7/26/2024,36,0,23.6,992.8,48655.4,0,0,63,992.8,991.9,40.9,31.5,24,40915.34,202,56.28763,27.240772,9
7/27/2024,36.3,0,29.7,994,48590.68,0,0,61,994,993,42.1,32.5,70,39553.16,186,56.28763,27.240772,9
7/28/2024,36.1,0,20.9,992.3,48524.96,0,0,63,992.3,991.4,40.8,32.7,55,40765.71,191,56.28763,27.240772,9
7/29/2024,35.8,0,19.1,992.8,48458.3,0,0,62,992.8,991.8,39.8,32.7,38,40783.12,204,56.28763,27.240772,9
7/30/2024,34.8,0,14.8,996.3,48390.75,0,0,61,996.3,995.3,37.7,32.3,28,40792.95,124,56.28763,27.240772,9
7/31/2024,34.7,0,18.3,997.1,48322.29,0,0,67,997.1,996.2,37,32,50,40611.05,142,56.28763,27.240772,9
8/1/2024,35.2,0.2,19.9,995.5,48252.35,0.2,0,67,995.5,994.5,37.8,32.2,40,37393.98,150,56.28763,27.240772,9
8/2/2024,36.2,0,20.4,992.9,48180.9,0,0,64,992.9,991.9,41,32.6,67,36419.87,179,56.28763,27.240772,9
8/3/2024,35,0.2,16.9,994.6,48108.04,0.2,0,67,994.6,993.6,37.4,32.7,69,37528.65,152,56.28763,27.240772,9
8/4/2024,34.3,0.9,19.1,994.9,48033.84,0.9,0,76,994.9,993.9,36.8,32.3,65,36328,167,56.28763,27.240772,9
8/5/2024,33.6,0.3,17.2,997.8,47958.39,0.3,0,67,997.8,996.8,35.9,31.5,82,29615.85,145,56.28763,27.240772,9
8/6/2024,33.5,3.1,21.5,997.8,47881.76,3.1,0,72,997.8,996.8,36.4,31.6,92,24217.74,170,56.28763,27.240772,9
8/7/2024,33.1,1.7,20.1,998.1,47804.04,1.7,0,75,998.1,997.1,35.1,31.4,81,21172.25,164,56.28763,27.240772,9
8/8/2024,32.4,0.1,18.4,999.8,47725.3,0.1,0,73,999.8,998.8,35.1,30.5,37,28373.96,140,56.28763,27.240772,9
8/9/2024,32.5,0.1,15,1002,47645.61,0.1,0,71,1002,1001,35.9,30.2,40,40478.18,126,56.28763,27.240772,9
8/10/2024,32.4,0,16.8,1001.7,47565.07,0,0,70,1001.7,1000.7,35.1,30.3,61,39708.86,134,56.28763,27.240772,9
8/11/2024,32.9,0,16.3,998.7,47483.73,0,0,68,998.7,997.7,35.3,30,12,39600,147,56.28763,27.240772,9
8/12/2024,33.5,0,18.9,997.9,47401.67,0,0,71,997.9,996.9,36.2,30.5,42,40486.62,129,56.28763,27.240772,9
8/13/2024,33.1,0,17.1,1000.3,47318.96,0,0,70,1000.3,999.3,35.8,31.1,12,40032.42,126,56.28763,27.240772,9
8/14/2024,32.9,0,15.4,1001.4,47235.67,0,0,67,1001.4,1000.4,35.9,30.8,6,40340.38,122,56.28763,27.240772,9
8/15/2024,33,0,16.3,999.5,47151.86,0,0,69,999.5,998.5,35.7,30.4,31,40192.8,132,56.28763,27.240772,9
8/16/2024,32.8,0.1,16.1,997.1,47067.62,0.1,0,73,997.1,996.1,35.3,30.8,51,39896.41,132,56.28763,27.240772,9
8/17/2024,32.3,0,13.8,999.5,46983.01,0,0,68,999.5,998.5,35,30.7,72,28366.65,123,56.28763,27.240772,9
8/18/2024,32.2,0.1,17,1002,46898.08,0.1,0,68,1002,1001,34.6,30.5,68,37427.08,161,56.28763,27.240772,9
8/19/2024,32.1,0.6,20.2,1001.8,46812.9,0.6,0,69,1001.8,1000.8,34.2,30.1,82,37138.63,137,56.28763,27.240772,9
8/20/2024,31.4,3.1,18.4,1002,46727.43,3.1,0,75,1002,1001,33.1,29.9,58,29582.37,121,56.28763,27.240772,9
8/21/2024,31.8,0,18.8,1003.5,46641.05,0,0,68,1003.5,1002.4,34.2,29.7,59,39922.23,154,56.28763,27.240772,9
8/22/2024,32.4,0,16.2,1002.8,46553.71,0,0,68,1002.8,1001.8,35.4,29.7,31,37435.19,153,56.28763,27.240772,9
8/23/2024,33.1,0,18.8,1002.5,46465.5,0,0,68,1002.5,1001.5,36.3,30.3,4,40222.54,139,56.28763,27.240772,9
8/24/2024,33.5,0,17.7,1002.4,46376.48,0,0,65,1002.4,1001.4,36.4,30.4,2,40225.96,140,56.28763,27.240772,9
8/25/2024,33.9,0,17.8,1000.9,46286.72,0,0,66,1000.9,999.9,37.9,30,3,40373.17,157,56.28763,27.240772,9
8/26/2024,35.6,0,24.9,999,46196.29,0,0,61,999,998,41.9,30.6,2,40375.77,209,56.28763,27.240772,9
8/27/2024,36.1,0,22.9,997.9,46105.27,0,0,60,997.9,996.9,43,30.4,6,40520.8,199,56.28763,27.240772,9
8/28/2024,36.6,0,22.4,997.9,46013.7,0,0,61,997.9,996.9,44,30.7,3,40380.85,154,56.28763,27.240772,9
8/29/2024,34.6,0,21.3,997.7,45921.68,0,0,68,997.7,996.7,38.8,30.2,20,39881.68,138,56.28763,27.240772,9
8/30/2024,35.5,0,23.2,998.2,45829.25,0,0,51,998.2,997.2,40.6,30.7,17,40385.74,121,56.28763,27.240772,9
8/31/2024,34,0,24.1,1001.1,45736.48,0,0,46,1001.1,1000.1,39.4,29.7,0,40388.14,122,56.28763,27.240772,9
9/1/2024,32.2,0,18.1,1003.3,45643.44,0,0,64,1003.3,1002.3,35.9,29.4,59,40251.5,133,56.28763,27.240772,9
9/2/2024,32.3,0.5,19.1,1003,45550.18,0.5,0,71,1003,1002,35.7,29,29,39600,118,56.28763,27.240772,9
9/3/2024,32,0,16.2,1003.3,45456.77,0,0,72,1003.3,1002.3,35.5,28.6,10,39844.73,100,56.28763,27.240772,9
9/4/2024,32.3,0,15.6,1003.3,45363.28,0,0,68,1003.3,1002.3,35.5,29,6,40123.54,123,56.28763,27.240772,9
9/5/2024,32.9,0,18.6,1000.8,45269.75,0,0,67,1000.8,999.8,36.4,29.3,12,40127.14,164,56.28763,27.240772,9
9/6/2024,32.9,0,18.1,1001.5,45176.25,0,0,69,1001.5,1000.5,36.7,29.5,4,40130.73,177,56.28763,27.240772,9
9/7/2024,32.3,0,17.6,1003.2,45082.84,0,0,72,1003.2,1002.2,35.6,29,7,40134.29,125,56.28763,27.240772,9
9/8/2024,31.8,0.2,16.3,1004.6,44989.58,0.2,0,72,1004.6,1003.6,35,28.7,24,39455.1,123,56.28763,27.240772,9
9/9/2024,33.3,0,23.5,1002.3,44896.4,0,0,71,1002.3,1001.3,39.2,28.4,21,39690.46,189,56.28763,27.240772,9
9/10/2024,34.2,0,22.6,1000.6,44802.69,0,0,66,1000.6,999.6,38.4,30.4,4,40144.73,168,56.28763,27.240772,9
9/11/2024,35.1,0,19.6,1001.4,44708.39,0,0,44,1001.4,1000.4,41.5,29.3,0,40279.91,133,56.28763,27.240772,9
9/12/2024,32.8,0,15.9,1001.9,44613.57,0,0,47,1001.9,1000.9,36.6,29,0,40413.54,111,56.28763,27.240772,9
9/13/2024,32.6,0,14.7,1001,44518.29,0,0,56,1001,1000,36.6,28.6,0,40224.16,128,56.28763,27.240772,9
9/14/2024,32.6,0,21.2,1000.1,44422.61,0,0,68,1000.1,999.1,37,27.8,4,40025.62,175,56.28763,27.240772,9
9/15/2024,32.2,0.3,23.7,1001.8,44326.59,0.3,0,72,1001.8,1000.8,36,28.8,22,39704.01,186,56.28763,27.240772,9
9/16/2024,31.6,1.6,15.1,1004.8,44230.29,1.6,0,68,1004.8,1003.7,34.6,27.6,18,39038.27,164,56.28763,27.240772,9
9/17/2024,32,0,15.2,1006.1,44133.79,0,0,65,1006.1,1005.1,36.3,28.3,4,39267.2,131,56.28763,27.240772,9
9/18/2024,32.8,0,21.7,1004.7,44037.11,0,0,54,1004.7,1003.7,38.2,27.4,2,39418.36,215,56.28763,27.240772,9
9/19/2024,32.6,0,18.2,1005.2,43940.36,0,0,57,1005.2,1004.2,37.8,27.2,1,39389.62,207,56.28763,27.240772,9
9/20/2024,33.3,0,17.7,1005.5,43843.55,0,0,50,1005.5,1004.5,39,27.5,0,39260.7,220,56.28763,27.240772,9
9/21/2024,33.8,0,25.1,1004.8,43746.78,0,0,44,1004.8,1003.7,41.1,26.8,0,39084.61,197,56.28763,27.240772,9
9/22/2024,33.2,0,19.1,1004.7,43650.08,0,0,59,1004.7,1003.7,38.2,28.1,0,38811.64,127,56.28763,27.240772,9
9/23/2024,32.1,0,16.2,1005,43553.52,0,0,72,1005,1004,35.7,27.3,1,38397.43,122,56.28763,27.240772,9
9/24/2024,32.3,0,18.4,1003.3,43457.16,0,0,71,1003.3,1002.3,35.8,28.3,16,36773.32,137,56.28763,27.240772,9
9/25/2024,32.2,0,16.4,1002,43361.07,0,0,73,1002,1000.9,35.5,28.6,1,37994.34,138,56.28763,27.240772,9
9/26/2024,31.8,0,15,1001.6,43265.29,0,0,76,1001.6,1000.6,35.6,28.5,8,37997.55,124,56.28763,27.240772,9
9/27/2024,32,0.1,13,1002.4,43169.89,0.1,0,73,1002.4,1001.4,35.9,28.7,21,34454.93,117,56.28763,27.240772,9
9/28/2024,32.3,0,17.3,1003.3,43074.93,0,0,72,1003.3,1002.3,36.5,28.8,4,37472.66,141,56.28763,27.240772,9
9/29/2024,31.9,0,16.2,1006.7,42980.34,0,0,68,1006.7,1005.7,34.4,29,16,37343.91,126,56.28763,27.240772,9
9/30/2024,31.7,0.1,18.8,1009.2,42885.46,0.1,0,62,1009.2,1008.1,34.8,28.7,10,37101.71,178,56.28763,27.240772,9
10/1/2024,31.9,0,17.5,1007.7,42790.24,0,0,64,1007.7,1006.7,34.7,28.4,6,37094.2,166,56.28763,27.240772,9
10/2/2024,33.2,0,19.1,1007.7,42694.74,0,0,59,1007.7,1006.7,38,28.3,1,36973.46,221,56.28763,27.240772,9
10/3/2024,33.1,0,24.6,1005.9,42599.03,0,0,67,1005.9,1004.9,39.7,28.8,7,36855.61,210,56.28763,27.240772,9
10/4/2024,32.3,0,21,1004.3,42503.18,0,0,73,1004.3,1003.3,36.9,28.4,19,36709.83,215,56.28763,27.240772,9
10/5/2024,31.7,0,17.5,1005.6,42407.24,0,0,58,1005.6,1004.6,35.7,28.1,7,34464.45,216,56.28763,27.240772,9
10/6/2024,31.9,0,16.5,1008.1,42311.3,0,0,48,1008.1,1007.1,36.3,26.9,4,36763.34,231,56.28763,27.240772,9
10/7/2024,32.7,0.1,20.7,1011.4,42215.41,0.1,0,49,1011.4,1010.4,39.4,28.4,16,36362.95,93,56.28763,27.240772,9
10/8/2024,31,1.6,14.8,1012.4,42119.64,1.6,0,68,1012.4,1011.3,35,28,15,36254.39,150,56.28763,27.240772,9
10/9/2024,31.1,0,16.1,1010.1,42024.05,0,0,67,1010.1,1009.1,34.1,27.4,19,36149.62,163,56.28763,27.240772,9
10/10/2024,29.9,3.8,11.5,1009.3,41928.73,3.8,0,67,1009.3,1008.3,34.3,27.3,14,35139.26,328,56.28763,27.240772,9
10/11/2024,31.4,0,13.7,1008.4,41833.74,0,0,48,1008.4,1007.4,36.2,26.8,1,36368.16,231,56.28763,27.240772,9
10/12/2024,31.3,0,13.8,1008,41739.14,0,0,51,1008,1007,36.2,26.5,1,36273.69,217,56.28763,27.240772,9
10/13/2024,31,0,16,1008,41645,0,0,62,1008,1006.9,35.4,26.4,3,36000,158,56.28763,27.240772,9
10/14/2024,30.2,0,14.8,1009.1,41551.41,0,0,67,1009.1,1008.1,35,25.7,1,36099.88,147,56.28763,27.240772,9
10/15/2024,29.8,0,14.4,1010.8,41458.43,0,0,66,1010.8,1009.8,33.6,26.4,5,36005.09,89,56.28763,27.240772,9
10/16/2024,29.9,0,16.5,1010.7,41366.13,0,0,61,1010.7,1009.7,33.6,26.6,3,36016.25,191,56.28763,27.240772,9
10/17/2024,30.7,0,15.9,1009.1,41274.6,0,0,63,1009.1,1008.1,35.1,26.2,2,36000,213,56.28763,27.240772,9
10/18/2024,30.8,0,18.4,1008.6,41183.89,0,0,63,1008.6,1007.6,35.5,25.9,2,36000,205,56.28763,27.240772,9
10/19/2024,30.6,0,17.6,1009.9,41093.96,0,0,56,1009.9,1008.9,36.1,25,1,36000,192,56.28763,27.240772,9
10/20/2024,30.6,0,14.9,1009.6,41004.07,0,0,70,1009.6,1008.6,35.4,25.8,10,36000,163,56.28763,27.240772,9
10/21/2024,30.5,0,20.6,1009.2,40914.16,0,0,76,1009.2,1008.2,34,27.3,20,36000,191,56.28763,27.240772,9
10/22/2024,30,2.6,13.9,1010.6,40824.3,2.6,0,76,1010.6,1009.6,33,27.1,36,36000,203,56.28763,27.240772,9
10/23/2024,29.1,1.5,13.1,1012.4,40734.59,1.5,0,77,1012.4,1011.4,31.7,26.3,19,36000,88,56.28763,27.240772,9
10/24/2024,29.2,0,15.9,1012.5,40645.09,0,0,78,1012.5,1011.5,33,25.7,6,36000,137,56.28763,27.240772,9
10/25/2024,30.6,0,18.8,1012.1,40555.89,0,0,63,1012.1,1011.1,35.1,25.7,15,36000,235,56.28763,27.240772,9
10/26/2024,30.8,0,20.7,1012.9,40467.06,0,0,64,1012.9,1011.8,34.3,27.1,5,36000,129,56.28763,27.240772,9
10/27/2024,30.5,0,22.3,1010.9,40378.7,0,0,68,1010.9,1009.9,34.8,27,6,36000,191,56.28763,27.240772,9
10/28/2024,30.1,0,23.2,1009,40290.88,0,0,57,1009,1008,35.3,25.7,13,36000,77,56.28763,27.240772,9
10/29/2024,29.9,0,17.5,1009.3,40203.69,0,0,46,1009.3,1008.3,34.7,25.5,7,36000,310,56.28763,27.240772,9
10/30/2024,30,0,15.6,1010.4,40117.21,0,0,37,1010.4,1009.4,36,25.2,4,36000,39,56.28763,27.240772,9
10/31/2024,28.9,0,15.8,1012.3,40031.55,0,0,55,1012.3,1011.3,32.9,24.4,32,36000,170,56.28763,27.240772,9
11/1/2024,28.7,0,15.2,1014.6,39946.78,0,0,66,1014.6,1013.5,32.4,24.8,1,36000,135,56.28763,27.240772,9
11/2/2024,29.3,0,15.6,1014.1,39862.99,0,0,61,1014.1,1013.1,33.8,24.1,0,36000,224,56.28763,27.240772,9
11/3/2024,29.2,0,16.5,1013.1,39780.28,0,0,64,1013.1,1012.1,34.2,24.5,1,36000,218,56.28763,27.240772,9
11/4/2024,28,0,15,1012.2,39698.74,0,0,73,1012.2,1011.1,32.9,23.3,11,35888.75,208,56.28763,27.240772,9
11/5/2024,27.4,0,14.2,1013.1,39618.47,0,0,71,1013.1,1012.1,32.3,22.9,7,36000,137,56.28763,27.240772,9
11/6/2024,27.4,0,15.3,1015.4,39539.56,0,0,60,1015.4,1014.4,32.8,21.6,5,36000,169,56.28763,27.240772,9
11/7/2024,27.9,0,16.9,1015,39462.11,0,0,54,1015,1013.9,33.4,22.3,0,36000,228,56.28763,27.240772,9
11/8/2024,28.1,0,14.9,1013.4,39386.08,0,0,43,1013.4,1012.4,34,21,10,36000,262,56.28763,27.240772,9
11/9/2024,27.7,0,14.9,1013.8,39310.72,0,0,52,1013.8,1012.7,32.2,22.3,1,36000,8,56.28763,27.240772,9
11/10/2024,28.1,0,12.8,1015.1,39235.97,0,0,36,1015.1,1014.1,34,21,5,36000,28,56.28763,27.240772,9
11/11/2024,29,0,15.3,1014.6,39161.92,0,0,24,1014.6,1013.6,35.4,22.3,7,36000,8,56.28763,27.240772,9
11/12/2024,27.8,0,14,1013,39088.64,0,0,31,1013,1012,33.2,22.4,0,36000,356,56.28763,27.240772,9
11/13/2024,26.8,0,13,1011,39016.23,0,0,60,1011,1009.9,31.5,21.6,22,36000,180,56.28763,27.240772,9
11/14/2024,26.1,1.5,15.1,1012.2,38944.77,1.5,0,74,1012.2,1011.1,29.6,22.3,21,35069.36,58,56.28763,27.240772,9
11/15/2024,25.5,0,20.6,1014,38874.34,0,0,68,1014,1012.9,29.9,21.9,6,35953.29,58,56.28763,27.240772,9
11/16/2024,25.4,0,12,1013.5,38805.05,0,0,57,1013.5,1012.4,29.2,21,1,35901.79,312,56.28763,27.240772,9
11/17/2024,25.5,0,15.6,1013.3,38736.98,0,0,49,1013.3,1012.2,30.2,20.4,0,35827.85,245,56.28763,27.240772,9
11/18/2024,25.5,0,12.2,1014.8,38670.23,0,0,57,1014.8,1013.8,29.9,20.8,0,35755.24,293,56.28763,27.240772,9
11/19/2024,25.5,0,14.7,1015.7,38604.88,0,0,64,1015.7,1014.7,29.5,21.5,3,35684.07,152,56.28763,27.240772,9
11/20/2024,25.2,0,17.7,1014.7,38541.04,0,0,61,1014.7,1013.6,29.5,20.5,0,35614.44,239,56.28763,27.240772,9
11/21/2024,25.7,0,18.4,1014.2,38478.79,0,0,63,1014.2,1013.1,30.3,20.9,0,35546.45,235,56.28763,27.240772,9
11/22/2024,25.8,0,15.2,1013.6,38418.23,0,0,71,1013.6,1012.6,30.2,21.4,30,35480.24,28,56.28763,27.240772,9
11/23/2024,26.6,0,17.3,1014.1,38359.47,0,0,55,1014.1,1013.1,33.6,21.8,52,34125.83,39,56.28763,27.240772,9
11/24/2024,25.4,0,11.8,1013.3,38302.59,0,0,64,1013.3,1012.3,29.3,21.2,4,35353.54,209,56.28763,27.240772,9
11/25/2024,25.7,0.1,10.7,1014.9,38247.72,0.1,0,72,1014.9,1013.9,29,22.1,18,35293.28,95,56.28763,27.240772,9
11/26/2024,25.8,0.2,11.3,1015.4,38194.93,0.2,0,73,1015.4,1014.3,29.6,22.1,13,35235.25,88,56.28763,27.240772,9
11/27/2024,25.6,0,18.1,1013.2,38144.33,0,0,68,1013.2,1012.2,30.1,21,2,35179.55,232,56.28763,27.240772,9
11/28/2024,26.3,0,18.1,1012.7,38095.92,0,0,53,1012.7,1011.7,31,21.4,50,33184.47,234,56.28763,27.240772,9
11/29/2024,24.7,0,20.4,1013.8,38049.12,0,0,37,1013.8,1012.7,30.2,19.5,8,35075.04,237,56.28763,27.240772,9
11/30/2024,22.7,0,19.1,1014.1,38003.9,0,0,46,1014.1,1013.1,27,18.4,2,35025.41,48,56.28763,27.240772,9
12/1/2024,22.1,0,26.5,1013.5,37960.3,0,0,22,1013.5,1012.5,27.4,17.5,0,34977.51,52,56.28763,27.240772,9
12/2/2024,20.5,0,23.7,1015,37918.37,0,0,16,1015,1014,25.8,15.8,0,34931.37,53,56.28763,27.240772,9
12/3/2024,20,0,17.1,1017.6,37878.18,0,0,17,1017.6,1016.5,26.3,13.9,0,34887.09,47,56.28763,27.240772,9
12/4/2024,20.4,0,9.7,1017.7,37839.79,0,0,20,1017.7,1016.6,26.6,14.2,0,34844.71,271,56.28763,27.240772,9
12/5/2024,20.9,0,7.5,1017.8,37803.23,0,0,21,1017.8,1016.7,26.8,14.9,0,34804.3,5,56.28763,27.240772,9
12/6/2024,21.2,0,12.2,1017.7,37768.59,0,0,31,1017.7,1016.6,26.7,15.7,0,34765.95,1,56.28763,27.240772,9
12/7/2024,21.3,0,16.3,1018.6,37735.9,0,0,27,1018.6,1017.6,27.9,15,0,34729.7,40,56.28763,27.240772,9
12/8/2024,21.1,0,23.3,1020.6,37705.23,0,0,16,1020.6,1019.6,26.7,16.2,0,34695.61,45,56.28763,27.240772,9
12/9/2024,20.4,0,9.2,1018.3,37676.63,0,0,18,1018.3,1017.3,26.5,13.8,60,34663.77,24,56.28763,27.240772,9
12/10/2024,20.7,0,12.8,1017.5,37650.16,0,0,33,1017.5,1016.4,26.2,14.3,2,34634.23,52,56.28763,27.240772,9
12/11/2024,20.4,0,21.1,1020.4,37625.87,0,0,22,1020.4,1019.3,25.7,15.8,1,34607.05,51,56.28763,27.240772,9
12/12/2024,19.8,0,11.9,1018.6,37603.82,0,0,32,1018.6,1017.6,25.3,13.6,14,34582.3,46,56.28763,27.240772,9
12/13/2024,20.5,0,11.9,1016.7,37584.05,0,0,49,1016.7,1015.6,25.4,14.8,7,34560.05,45,56.28763,27.240772,9
12/14/2024,20.5,0.6,14.2,1016.3,37566.64,0.6,0,63,1016.3,1015.2,23.7,17.1,39,33912.11,53,56.28763,27.240772,9
12/15/2024,20.3,0,24.1,1019.4,37551.61,0,0,49,1019.4,1018.3,25.1,15.1,3,34482.7,77,56.28763,27.240772,9
12/16/2024,17.9,0,25.6,1022.3,37539.04,0,0,21,1022.3,1021.2,22.8,12.1,0,34508.84,58,56.28763,27.240772,9
12/17/2024,16.9,0,10.7,1018.9,37528.97,0,0,31,1018.9,1017.8,21.9,10.4,62,34497.15,0,56.28763,27.240772,9
12/18/2024,18.1,0,13.6,1016.7,37521.43,0,0,21,1016.7,1015.6,24,12.9,0,34382.18,46,56.28763,27.240772,9
12/19/2024,17.4,0,13.1,1016.1,37516.3,0,0,30,1016.1,1015,23.5,11.8,25,34482.57,8,56.28763,27.240772,9
12/20/2024,18.1,0,10.2,1017.2,37513.54,0,0,26,1017.2,1016.1,25.1,12.1,13,34415.43,33,56.28763,27.240772,9
12/21/2024,18.6,0,17,1014.4,37513.14,0,0,41,1014.4,1013.3,23.7,12.1,6,34282.85,259,56.28763,27.240772,9
12/22/2024,18.8,0,11.5,1014.3,37515.08,0,0,43,1014.3,1013.2,24.3,13.2,0,34142.5,46,56.28763,27.240772,9
12/23/2024,19,0,9,1016.6,37519.34,0,0,37,1016.6,1015.5,24.8,13.2,1,34004.18,10,56.28763,27.240772,9
12/24/2024,19.3,0,12.2,1017.9,37525.89,0,0,33,1017.9,1016.8,25.6,12.7,2,34126.33,58,56.28763,27.240772,9
12/25/2024,19.9,0,12.7,1018.4,37534.71,0,0,47,1018.4,1017.4,24.7,15,2,33605.24,49,56.28763,27.240772,9
12/26/2024,20.2,0,9,1021.5,37545.79,0,0,46,1021.5,1020.4,25.4,14.8,1,33728.32,50,56.28763,27.240772,9
12/27/2024,20,0,10.8,1022.4,37559.08,0,0,28,1022.4,1021.3,26.2,13.4,5,33723.16,42,56.28763,27.240772,9
12/28/2024,19.5,0,11,1020.7,37574.57,0,0,27,1020.7,1019.6,25.1,13.2,45,33718.04,251,56.28763,27.240772,9
12/29/2024,19.8,0,16.2,1018.8,37592.24,0,0,43,1018.8,1017.7,24.9,14.5,88,32480.25,3,56.28763,27.240772,9
12/30/2024,21.3,0,10.2,1017.8,37612.05,0,0,66,1017.8,1016.7,25,16.3,95,32474.16,64,56.28763,27.240772,9
12/31/2024,21.4,0,12.4,1017,37633.99,0,0,74,1017,1015.9,24.9,18,96,9097.33,63,56.28763,27.240772,9
1/1/2025,19.4,1.3,19.1,1015,37658.02,1.3,0,77,1015,1014,23.8,12.9,44,32400,247,56.28763,27.240772,9
1/2/2025,16.8,0,24.1,1017.9,37684.11,0,0,53,1017.9,1016.8,23,11.7,2,33572.89,79,56.28763,27.240772,9
1/3/2025,14.8,0,14.5,1022.1,37712.24,0,0,39,1022.1,1021.1,19.4,10.8,0,33448.41,55,56.28763,27.240772,9
1/4/2025,14.1,0,14.1,1021.6,37742.37,0,0,31,1021.6,1020.5,19.4,9,0,33566.36,62,56.28763,27.240772,9
1/5/2025,15.1,0,10.3,1021.3,37774.48,0,0,30,1021.3,1020.2,20.9,8.6,0,33563.54,40,56.28763,27.240772,9
1/6/2025,16.6,0,16.9,1020.9,37808.54,0,0,32,1020.9,1019.8,23.3,10.6,29,33561.02,49,56.28763,27.240772,9
1/7/2025,17.2,0,8.9,1020.4,37844.58,0,0,33,1020.4,1019.3,23.2,11.1,99,32400,39,56.28763,27.240772,9
1/8/2025,18.3,0,14.9,1017.5,37883.03,0,0,31,1017.5,1016.4,24.3,12.2,54,32841.16,44,56.28763,27.240772,9
1/9/2025,18.6,0,19.8,1015.7,37923.88,0,0,26,1015.7,1014.7,24.7,13.3,21,32840.42,39,56.28763,27.240772,9
1/10/2025,18.8,0,8.4,1018.8,37967.03,0,0,25,1018.8,1017.7,24.2,12.7,0,33434.95,350,56.28763,27.240772,9
1/11/2025,19.4,0,8.6,1019.3,38012.39,0,0,25,1019.3,1018.2,25.7,12.5,32,33433.83,24,56.28763,27.240772,9
1/12/2025,19.3,0,10,1018.6,38059.88,0,0,44,1018.6,1017.5,24.6,13.6,71,33075.66,67,56.28763,27.240772,9
1/13/2025,19.5,0.1,13,1017.9,38109.4,0.1,0,52,1017.9,1016.8,24.4,15.2,37,25479.65,60,56.28763,27.240772,9
1/14/2025,19.1,0,16.9,1019.1,38160.88,0,0,60,1019.1,1018,23.9,15.1,5,33312.23,60,56.28763,27.240772,9
1/15/2025,19.5,0,9.1,1021.5,38214.21,0,0,43,1021.5,1020.5,25,14,0,33498.96,13,56.28763,27.240772,9
1/16/2025,19.2,0,16.9,1019.6,38269.32,0,0,51,1019.6,1018.5,24.3,12.6,29,33582.33,245,56.28763,27.240772,9
1/17/2025,19.8,0.2,23.6,1015.1,38326.11,0.2,0,62,1015.1,1014,24,15.1,24,33070.4,239,56.28763,27.240772,9
1/18/2025,18.5,1.5,21.7,1012.4,38384.51,1.5,0,63,1012.4,1011.4,23.6,14.4,27,33189.71,46,56.28763,27.240772,9
1/19/2025,18.2,0,15.1,1014.8,38444.43,0,0,52,1014.8,1013.7,22.9,13.8,3,33309.79,81,56.28763,27.240772,9
1/20/2025,17.2,0,16.4,1015.9,38505.77,0,0,46,1015.9,1014.8,22.1,11.8,1,33662.92,228,56.28763,27.240772,9
1/21/2025,17.1,0,19,1015.8,38568.46,0,0,34,1015.8,1014.7,22.8,11.9,0,33986.01,231,56.28763,27.240772,9
1/22/2025,17.2,0,11.5,1022,38632.43,0,0,29,1022,1020.9,23,11.5,0,33986.84,47,56.28763,27.240772,9
1/23/2025,17.8,0,15.9,1022.3,38697.58,0,0,22,1022.3,1021.3,23,12.8,10,34094.11,50,56.28763,27.240772,9
1/24/2025,17.2,0,12.9,1019.2,38763.84,0,0,27,1019.2,1018.1,24.3,10.6,0,34219.41,62,56.28763,27.240772,9
1/25/2025,17.5,0,12,1018,38831.11,0,0,21,1018,1016.9,23.8,10.4,0,34332.41,252,56.28763,27.240772,9
1/26/2025,18.4,0,9.4,1016.8,38899.34,0,0,24,1016.8,1015.7,24.3,11.1,0,34335.29,303,56.28763,27.240772,9
1/27/2025,20.8,0,15.5,1013.9,38968.57,0,0,31,1013.9,1012.8,27.5,13.5,18,34096.07,213,56.28763,27.240772,9
1/28/2025,20.6,0,19.9,1013.2,39039.53,0,0,52,1013.2,1012.1,25.7,16.4,19,34085.18,107,56.28763,27.240772,9
1/29/2025,20.2,0,31.3,1017.8,39112.24,0,0,37,1017.8,1016.7,24.9,15.6,1,34203.1,53,56.28763,27.240772,9
1/30/2025,18.7,0,16.8,1017.8,39186.6,0,0,27,1017.8,1016.7,24.1,13.4,9,33872.93,59,56.28763,27.240772,9
1/31/2025,18.6,0,23.2,1017.4,39262.5,0,0,20,1017.4,1016.3,23.8,13.7,3,33293.62,50,56.28763,27.240772,9
2/1/2025,17.8,0,14.7,1017.4,39339.84,0,0,19,1017.4,1016.3,23.4,11.3,0,35094.47,38,56.28763,27.240772,9
2/2/2025,16.1,1.1,20.2,1016.4,39418.52,1.1,0,45,1016.4,1015.4,20.6,11.4,21,34465.14,55,56.28763,27.240772,9
2/3/2025,16.2,0,15,1017,39498.45,0,0,51,1017,1016,21.6,10.7,0,34839.9,147,56.28763,27.240772,9
2/4/2025,17.5,0,14.7,1018.5,39579.51,0,0,53,1018.5,1017.4,22.7,10.9,1,35237.85,128,56.28763,27.240772,9
2/5/2025,17.9,0,10.7,1016.8,39661.62,0,0,55,1016.8,1015.7,22.7,11.7,15,34842.13,72,56.28763,27.240772,9
2/6/2025,19.4,2.5,14.7,1015.6,39744.68,2.5,0,65,1015.6,1014.5,23.9,14.2,96,28800,52,56.28763,27.240772,9
2/7/2025,18.8,5.9,15.5,1015.1,39828.6,5.9,0,85,1015.1,1014,21.4,16.8,73,15000.44,37,56.28763,27.240772,9
2/8/2025,18.7,61.2,13.1,1013.8,39913.28,61.2,0,85,1013.8,1012.8,21.3,16.8,83,21714.98,42,56.28763,27.240772,9
2/9/2025,18.6,0,15.8,1012.7,39998.64,0,0,80,1012.7,1011.6,22.5,14.8,62,33717.73,206,56.28763,27.240772,9
2/10/2025,17.7,0,14.8,1016.1,40084.59,0,0,72,1016.1,1015,22.1,14.2,33,35658.23,43,56.28763,27.240772,9
2/11/2025,18.4,0.4,6.9,1018.3,40171.03,0.4,0,63,1018.3,1017.2,22.9,13.3,72,34835.59,19,56.28763,27.240772,9
2/12/2025,20.6,0.1,8.5,1017.7,40257.89,0.1,0,62,1017.7,1016.6,25.2,16.4,53,35802.3,59,56.28763,27.240772,9
2/13/2025,21,0,7.4,1016.8,40345.07,0,0,60,1016.8,1015.7,24.2,16.5,96,11227.78,35,56.28763,27.240772,9
2/14/2025,21.6,0,15.9,1015.3,40432.49,0,0,67,1015.3,1014.2,26.6,17.4,48,23625.7,136,56.28763,27.240772,9
2/15/2025,20.4,0,8.4,1014.3,40520.07,0,0,71,1014.3,1013.2,24.6,16.7,86,22436.32,241,56.28763,27.240772,9
2/16/2025,20.5,0.2,7.5,1014.3,40607.88,0.2,0,70,1014.3,1013.3,23.4,17.7,95,18111.59,68,56.28763,27.240772,9
2/17/2025,20.7,2,8.6,1015.2,40696.69,2,0,75,1015.2,1014.1,25,18,62,23143.45,96,56.28763,27.240772,9
2/18/2025,21.5,0,17.1,1014.7,40786.55,0,0,63,1014.7,1013.6,26.3,16.9,54,23929.79,218,56.28763,27.240772,9
2/19/2025,21.3,0,12,1013.7,40877.39,0,0,54,1013.7,1012.6,26.9,16.4,4,37884.23,65,56.28763,27.240772,9
2/20/2025,19.6,4,11.8,1013.1,40969.11,4,0,52,1013.1,1012.1,24.6,15.8,55,30145.73,52,56.28763,27.240772,9
2/21/2025,21.7,0,16.5,1014.1,41061.62,0,0,54,1014.1,1013,26.7,15.5,2,38280.27,160,56.28763,27.240772,9
2/22/2025,21.6,0,17,1015.3,41154.86,0,0,53,1015.3,1014.2,27.5,16.3,33,37162.2,140,56.28763,27.240772,9
2/23/2025,22.6,0,12,1013.8,41248.72,0,0,54,1013.8,1012.8,28.1,16,71,37365.58,70,56.28763,27.240772,9
2/24/2025,22.7,5.3,10.9,1013.2,41343.14,5.3,0,70,1013.2,1012.1,25.5,18.5,90,6165.7,1,56.28763,27.240772,9
2/25/2025,21.3,0,26.5,1014.3,41438.04,0,0,51,1014.3,1013.2,27.3,15.5,70,35508.68,247,56.28763,27.240772,9
2/26/2025,19.7,0,13.2,1017.2,41533.34,0,0,52,1017.2,1016.1,23.7,14,98,25518.84,171,56.28763,27.240772,9
2/27/2025,19.7,0,13.9,1015.1,41628.95,0,0,47,1015.1,1014,22.8,15.3,80,2919.28,238,56.28763,27.240772,9
2/28/2025,19.4,0,20.3,1013.6,41724.8,0,0,41,1013.6,1012.6,25.7,13,40,37645.09,207,56.28763,27.240772,9
3/1/2025,19.4,0,16.9,1013.5,41820.82,0,0,57,1013.5,1012.4,24.9,13.6,3,39068.77,204,56.28763,27.240772,9
3/2/2025,20.2,0,34.2,1012,41916.94,0,0,46,1012,1010.9,27.7,14.9,3,39168.02,223,56.28763,27.240772,9
3/3/2025,21,0,19,1017.6,42013.07,0,0,24,1017.6,1016.5,26.7,14.6,1,39243.74,55,56.28763,27.240772,9
3/4/2025,21.7,0,18,1019.4,42109.14,0,0,23,1019.4,1018.3,27.1,14.7,60,30876.5,67,56.28763,27.240772,9
3/5/2025,23.2,0,9.1,1019,42205.08,0,0,39,1019,1017.9,27.8,18.7,61,22977.79,65,56.28763,27.240772,9
3/6/2025,24.4,0,12.4,1016.9,42300.82,0,0,37,1016.9,1015.9,29.2,17,73,33553.96,168,56.28763,27.240772,9
3/7/2025,27.8,0,10.9,1013.9,42396.28,0,0,35,1013.9,1012.8,33.5,21.9,87,34297.78,119,56.28763,27.240772,9
3/8/2025,27.8,0,12.5,1009.7,42491.53,0,0,33,1009.7,1008.6,33.2,22.2,78,39031.91,142,56.28763,27.240772,9
3/9/2025,25.6,1.8,20.8,1011.6,42587.29,1.8,0,41,1011.6,1010.5,31.3,21.5,99,0,269,56.28763,27.240772,9
3/10/2025,26.3,0.4,23.2,1013.7,42683.61,0.4,0,46,1013.7,1012.7,31.8,21.3,94,34220.74,222,56.28763,27.240772,9
3/11/2025,27.7,0,20.2,1013.7,42780.45,0,0,39,1013.7,1012.6,33.6,22.1,47,39526.56,189,56.28763,27.240772,9
3/12/2025,26.6,0,20.6,1012.2,42877.72,0,0,47,1012.2,1011.2,32.6,21.7,37,37791.04,207,56.28763,27.240772,9
3/13/2025,24.6,0,29.1,1011.1,42975.36,0,0,62,1011.1,1010.1,30.5,20,8,39593.09,154,56.28763,27.240772,9
3/14/2025,25.4,0,17.1,1012.9,43073.32,0,0,38,1012.9,1011.8,30.5,20,0,39600,218,56.28763,27.240772,9
3/15/2025,25.6,0,16.4,1014.5,43171.51,0,0,33,1014.5,1013.5,30.7,20.5,0,39600,130,56.28763,27.240772,9
3/16/2025,26.7,0,16.8,1015,43269.88,0,0,26,1015,1014,32.3,20.1,58,39600,197,56.28763,27.240772,9
3/17/2025,25.1,0,32.2,1013.7,43368.36,0,0,34,1013.7,1012.6,29.1,20.4,86,12323.95,248,56.28763,27.240772,9
3/18/2025,23.7,0,23.8,1012.2,43466.89,0,0,53,1012.2,1011.2,30.1,17.8,0,39600,210,56.28763,27.240772,9
3/19/2025,23.8,0,23.9,1013.3,43565.41,0,0,71,1013.3,1012.3,30,18.8,0,39600,186,56.28763,27.240772,9
3/20/2025,24.6,0,14.7,1015.2,43663.84,0,0,65,1015.2,1014.1,31.2,19,2,39600,159,56.28763,27.240772,9
3/21/2025,25.9,0,15.2,1015.7,43762.12,0,0,42,1015.7,1014.6,33,18.9,9,39600,133,56.28763,27.240772,9
3/22/2025,27.5,0,23.7,1013.1,43860.19,0,0,38,1013.1,1012,33.9,19.9,47,39600,209,56.28763,27.240772,9
3/23/2025,27.2,0,23.6,1012.6,43957.98,0,0,47,1012.6,1011.5,32.8,22.1,48,35076.8,215,56.28763,27.240772,9
3/24/2025,24.8,0,34.9,1011.8,44055.44,0,0,60,1011.8,1010.8,31.8,18.4,6,39600,214,56.28763,27.240772,9
3/25/2025,22.7,0,20.8,1011,44152.48,0,0,54,1011,1010,27.5,18.1,3,39600,157,56.28763,27.240772,9
3/26/2025,22.9,0,21.5,1012,44249.05,0,0,45,1012,1011,27.3,18.5,1,39600,211,56.28763,27.240772,9
3/27/2025,24.3,0,19.9,1013.9,44345.07,0,0,32,1013.9,1012.8,30.8,18.8,0,39600,60,56.28763,27.240772,9
3/28/2025,24.7,0,16.5,1014,44440.61,0,0,30,1014,1013,31.3,18.8,81,38494.87,87,56.28763,27.240772,9
3/29/2025,24.6,0,15.3,1012.9,44536.32,0,0,37,1012.9,1011.9,30,18.2,0,39636.47,153,56.28763,27.240772,9
3/30/2025,25.9,0,15.3,1012.9,44632.29,0,0,38,1012.9,1011.8,32.4,18.3,2,39737.55,179,56.28763,27.240772,9
3/31/2025,26.8,0,17,1012.2,44728.43,0,0,35,1012.2,1011.2,33.4,19.6,19,39842.62,190,56.28763,27.240772,9
4/1/2025,26.7,0,17.2,1010.7,44824.7,0,0,45,1010.7,1009.7,33.6,19.9,3,39713.56,169,56.28763,27.240772,9
4/2/2025,27.7,0,14.2,1009.6,44921.03,0,0,47,1009.6,1008.5,35.9,19.4,25,39943.02,219,56.28763,27.240772,9
4/3/2025,27.4,0,16,1010,45017.36,0,0,55,1010,1008.9,34.5,20.8,16,39933.83,176,56.28763,27.240772,9
4/4/2025,28.6,0,20.5,1010.8,45113.62,0,0,43,1010.8,1009.8,35.5,21.5,13,39924.02,187,56.28763,27.240772,9
4/5/2025,29.9,0,24,1011,45209.76,0,0,33,1011,1010,37.6,22.4,17,40041,216,56.28763,27.240772,9
4/6/2025,29.7,0,26.1,1010.2,45305.71,0,0,35,1010.2,1009.2,38.5,22.2,31,40161.35,203,56.28763,27.240772,9
4/7/2025,29.7,0,18.2,1009.7,45401.41,0,0,42,1009.7,1008.6,36.9,22.4,76,39861.84,177,56.28763,27.240772,9
4/8/2025,29.3,0,21.9,1008.6,45496.79,0,0,50,1008.6,1007.6,36.9,23,23,37069.86,197,56.28763,27.240772,9
4/9/2025,29.5,0,14.4,1008.1,45591.77,0,0,47,1008.1,1007.1,36.8,22.8,0,40406.63,229,56.28763,27.240772,9
4/10/2025,29.4,0,14.3,1005.1,45686.31,0,0,51,1005.1,1004.1,37.7,22.6,5,40537.54,188,56.28763,27.240772,9
4/11/2025,29.2,0,25.4,1002.7,45780.33,0,0,54,1002.7,1001.7,37.8,22.1,4,40671.3,193,56.28763,27.240772,9
4/12/2025,29.7,0,18.9,1004.2,45873.76,0,0,46,1004.2,1003.2,36.3,23,0,40807.79,116,56.28763,27.240772,9
4/13/2025,31.5,0,14.8,1007.9,45966.53,0,0,40,1007.9,1006.9,37.7,24.9,0,40805.59,149,56.28763,27.240772,9
4/14/2025,31.8,0,16.6,1008.3,46058.57,0,0,37,1008.3,1007.3,38.1,23.9,24,40945.74,150,56.28763,27.240772,9
4/15/2025,32.1,0,28.3,1007.1,46149.81,0,0,39,1007.1,1006.1,40.1,25,41,39645.55,180,56.28763,27.240772,9
4/16/2025,30,0,24.9,1006.8,46240.17,0,0,52,1006.8,1005.8,37.2,23.7,1,41087.73,183,56.28763,27.240772,9
4/17/2025,27.6,0,24.5,1006.1,46329.71,0,0,61,1006.1,1005,35.4,22.4,0,41380.72,176,56.28763,27.240772,9
4/18/2025,26.8,0,18.9,1006.9,46419.05,0,0,65,1006.9,1005.9,32.4,22,7,41381.9,159,56.28763,27.240772,9
4/19/2025,26.5,0,16.8,1008.4,46508.28,0,0,65,1008.4,1007.3,30.7,21.8,1,41532.29,137,56.28763,27.240772,9
4/20/2025,27.6,0,17.7,1009.1,46597.3,0,0,53,1009.1,1008.1,34,22,28,41533.9,151,56.28763,27.240772,9
4/21/2025,27.8,0,15,1011.4,46686.07,0,0,53,1011.4,1010.4,34.4,21.6,3,41535.12,183,56.28763,27.240772,9
4/22/2025,28.3,0,18.4,1012,46774.51,0,0,51,1012,1010.9,34.2,21.5,4,41689.35,177,56.28763,27.240772,9
4/23/2025,30.3,0,27.7,1008.8,46862.55,0,0,42,1008.8,1007.8,37.7,22.1,1,42000.12,211,56.28763,27.240772,9
4/24/2025,31.2,0,20.5,1006.1,46950.14,0,0,41,1006.1,1005.1,38.3,24.4,1,42315.17,209,56.28763,27.240772,9
4/25/2025,31.7,0,17.1,1006.6,47037.19,0,0,40,1006.6,1005.6,39,23.5,8,42477.57,178,56.28763,27.240772,9
4/26/2025,33.7,0,16.5,1006.2,47123.63,0,0,26,1006.2,1005.2,40.7,24.6,88,41296.52,217,56.28763,27.240772,9
4/27/2025,33.8,0,24.7,1006.1,47209.4,0,0,29,1006.1,1005.1,40.7,26.7,96,39652.73,191,56.28763,27.240772,9
4/28/2025,33.4,0,30.4,1004.5,47294.41,0,0,28,1004.5,1003.5,43.2,26.8,31,39600,193,56.28763,27.240772,9
4/29/2025,32.9,0,23.5,1003.7,47378.61,0,0,32,1003.7,1002.7,39.5,25.1,1,43139.45,180,56.28763,27.240772,9
4/30/2025,32.8,0,23.2,1004.9,47461.89,0,0,34,1004.9,1003.9,39.8,26.6,13,43153.68,120,56.28763,27.240772,9
5/1/2025,31.9,0,15.5,1006.1,47544.2,0,0,45,1006.1,1005.1,38,25.8,6,41493.35,137,56.28763,27.240772,9
5/2/2025,32.1,0,15.4,1005.8,47625.45,0,0,51,1005.8,1004.8,39,24.9,1,43024.57,155,56.28763,27.240772,9
5/3/2025,32.6,0,17.5,1004.1,47705.56,0,0,50,1004.1,1003,39.4,25.7,5,43200,187,56.28763,27.240772,9
5/4/2025,32.1,0,19.2,1002.9,47784.45,0,0,55,1002.9,1001.9,38.1,26.1,13,43196.27,178,56.28763,27.240772,9
5/5/2025,32.5,0,22.9,1002.1,47862.03,0,0,52,1002.1,1001.1,39.2,26.7,2,43200,150,56.28763,27.240772,9
5/6/2025,32.1,0,19.9,1001.3,47938.22,0,0,52,1001.3,1000.3,38.1,26.8,15,43200,124,56.28763,27.240772,9
5/7/2025,30,0,24.5,1001.5,48013.05,0,0,61,1001.5,1000.5,37.5,23.8,6,43200,195,56.28763,27.240772,9
5/8/2025,28.5,0,16.3,1003.4,48087.11,0,0,66,1003.4,1002.4,34.3,23.1,13,40450.84,196,56.28763,27.240772,9
5/9/2025,30.3,0,17.6,1005.8,48160.43,0,0,55,1005.8,1004.8,37.2,23.6,1,43200,193,56.28763,27.240772,9
5/10/2025,30.2,0,13.5,1007.4,48232.96,0,0,58,1007.4,1006.4,34.9,24.8,0,43200,155,56.28763,27.240772,9
5/11/2025,31.5,0,15.9,1005.6,48304.64,0,0,47,1005.6,1004.6,36.9,24.5,6,43200,180,56.28763,27.240772,9
5/12/2025,33.1,0,23.5,1003.6,48375.38,0,0,35,1003.6,1002.6,39.6,26.1,0,43232.38,188,56.28763,27.240772,9
5/13/2025,33.3,0,23.9,1003.9,48445.13,0,0,30,1003.9,1002.9,40.8,26.8,0,43226.25,195,56.28763,27.240772,9
5/14/2025,34,0,31,1004.6,48513.82,0,0,29,1004.6,1003.6,41.3,26.6,0,43220,229,56.28763,27.240772,9
5/15/2025,33.7,0,30.7,1004.9,48581.36,0,0,38,1004.9,1003.9,42.5,27.1,0,43213.65,226,56.28763,27.240772,9
5/16/2025,32.7,0,25.6,1003.6,48647.7,0,0,50,1003.6,1002.6,40.8,25.8,0,43330.55,219,56.28763,27.240772,9
5/17/2025,32.2,0,19.7,1002.6,48712.77,0,0,59,1002.6,1001.6,40.1,25.2,0,43200.66,204,56.28763,27.240772,9
5/18/2025,32,0,19,1003.3,48776.48,0,0,64,1003.3,1002.3,38.7,26.4,0,43200,188,56.28763,27.240772,9
5/19/2025,34.2,0,21.3,1002.3,48838.77,0,0,50,1002.3,1001.3,42.1,26.7,1,43314.21,185,56.28763,27.240772,9
5/20/2025,34.6,0,17.5,1001.3,48899.55,0,0,43,1001.3,1000.3,42.3,28.3,0,43308.62,176,56.28763,27.240772,9
5/21/2025,33.4,0,15.5,1001,48958.75,0,0,53,1001,1000,38.3,27.9,0,43432.02,151,56.28763,27.240772,9
5/22/2025,34.5,0,21.1,999.1,49016.3,0,0,49,999.1,998.1,42,27.4,1,43427.39,180,56.28763,27.240772,9
5/23/2025,34.6,0,15,997.1,49072.13,0,0,46,997.1,996.2,41.9,28.6,4,43422.73,127,56.28763,27.240772,9
5/24/2025,33.9,0,14.1,996.8,49126.14,0,0,50,996.8,995.8,38.6,28.6,0,43418.02,126,56.28763,27.240772,9
5/25/2025,33.5,0,14.4,998.4,49178.27,0,0,56,998.4,997.4,38.7,28,0,43413.29,157,56.28763,27.240772,9
5/26/2025,33.2,0,19.4,999.4,49228.42,0,0,59,999.4,998.3,39.2,27.7,1,43274.43,144,56.28763,27.240772,9
5/27/2025,34.3,0,24.1,999.1,49276.62,0,0,48,999.1,998.1,40.2,28.9,1,43538.84,78,56.28763,27.240772,9
5/28/2025,37.5,0,19.7,998.9,49323.25,0,0,26,998.9,997.9,44.5,28.8,1,43534.9,210,56.28763,27.240772,9
5/29/2025,37.4,0,17.6,998.6,49368.37,0,0,27,998.6,997.6,44.6,31.1,6,43280.69,153,56.28763,27.240772,9
5/30/2025,35.8,0,19.4,998.3,49411.93,0,0,39,998.3,997.3,41.9,29.5,1,43526.67,168,56.28763,27.240772,9
5/31/2025,35.1,0,22.7,999.5,49453.87,0,0,48,999.5,998.5,42.5,28.4,8,43661.11,205,56.28763,27.240772,9
6/1/2025,35.2,0,19,1001.3,49494.16,0,0,49,1001.3,1000.3,42.9,28,7,43657.65,200,56.28763,27.240772,9
6/2/2025,35.9,0,20.2,999.7,49532.77,0,0,36,999.7,998.7,42.8,28.7,26,43654.12,120,56.28763,27.240772,9
6/3/2025,35.6,0,16.6,998.3,49569.63,0,0,31,998.3,997.3,42.9,28.8,11,43650.52,192,56.28763,27.240772,9
6/4/2025,33,0,22.2,998.6,49604.72,0,0,58,998.6,997.6,39.4,27,7,43788.94,221,56.28763,27.240772,9
6/5/2025,31.7,0,14.6,1002.3,49638,0,0,70,1002.3,1001.3,35.7,26.7,9,42966.82,195,56.28763,27.240772,9
6/6/2025,32.3,0.5,15.5,1005.2,49669.41,0.5,0,61,1005.2,1004.2,35.7,28.1,19,43073.53,194,56.28763,27.240772,9
6/7/2025,32.5,0,17.2,1005.7,49698.9,0,0,60,1005.7,1004.7,35.9,29,1,43468.63,185,56.28763,27.240772,9
6/8/2025,32.7,0,16.2,1005,49726.46,0,0,64,1005,1004,36.9,28.8,8,43065.8,173,56.28763,27.240772,9
6/9/2025,34.1,0,18,1004.7,49752.04,0,0,49,1004.7,1003.7,38.3,28.6,2,43738.41,198,56.28763,27.240772,9
6/10/2025,35.4,0,17.9,1002.1,49775.57,0,0,37,1002.1,1001.1,41.3,28.7,1,43771.23,208,56.28763,27.240772,9
6/11/2025,37,0,18.8,1001.5,49797.04,0,0,27,1001.5,1000.5,43.4,29,1,43768.31,203,56.28763,27.240772,9
6/12/2025,38.8,0,19.9,1000.6,49816.4,0,0,24,1000.6,999.6,45.6,30.3,0,43765.45,186,56.28763,27.240772,9
6/13/2025,39.3,0,22.6,999.8,49833.61,0,0,29,999.8,998.8,47.3,31.1,0,43762.66,124,56.28763,27.240772,9
6/14/2025,37.9,0,26.6,998.6,49848.64,0,0,36,998.6,997.6,44.7,31.1,3,43759.96,162,56.28763,27.240772,9
6/15/2025,37.3,0,18.9,996.3,49861.43,0,0,33,996.3,995.4,43.8,30.8,0,43906.45,181,56.28763,27.240772,9
6/16/2025,39.3,0,20.3,995.1,49871.99,0,0,18,995.1,994.1,46.5,32.3,0,44053.9,202,56.28763,27.240772,9
6/17/2025,37.8,0,19.4,995.6,49880.37,0,0,31,995.6,994.6,45.4,30.7,0,43902.3,148,56.28763,27.240772,9
6/18/2025,35.2,0,17.7,996.8,49886.61,0,0,52,996.8,995.8,41.3,29.8,0,43900.21,164,56.28763,27.240772,9
6/19/2025,35.4,0,24.8,996,49890.72,0,0,49,996,995.1,43,29.4,0,43898.12,218,56.28763,27.240772,9
6/20/2025,36.3,0,24.5,996.2,49892.71,0,0,42,996.2,995.2,43.8,28.8,0,43703.91,233,56.28763,27.240772,9
6/21/2025,36.6,0,23,996.9,49892.59,0,0,43,996.9,995.9,44.1,30.2,0,43588.5,227,56.28763,27.240772,9
6/22/2025,35.9,0,26.5,995.7,49890.38,0,0,51,995.7,994.7,43.1,30.2,2,43473.65,221,56.28763,27.240772,9
6/23/2025,35.6,0,24.6,994.3,49886.09,0,0,52,994.3,993.3,41.7,30.3,3,43359.21,202,56.28763,27.240772,9
6/24/2025,34.2,0,25.2,993.4,49879.74,0,0,60,993.4,992.4,40.3,29.1,15,43245.02,199,56.28763,27.240772,9
6/25/2025,35.3,0,20.1,993.9,49871.35,0,0,48,993.9,992.9,42.1,28.7,8,43263.66,195,56.28763,27.240772,9
6/26/2025,34.6,0,15.1,995.8,49860.92,0,0,54,995.8,994.8,39.5,30.2,19,41797.9,170,56.28763,27.240772,9
6/27/2025,33.9,0,14.6,995.4,49848.48,0,0,69,995.4,994.4,38.2,29.7,14,42865.1,127,56.28763,27.240772,9
6/28/2025,33.8,0,15.4,994.9,49834.05,0,0,68,994.9,993.9,37.7,30.4,86,41568.31,119,56.28763,27.240772,9
6/29/2025,34.3,0,13.2,993.2,49817.64,0,0,62,993.2,992.2,37.5,30.5,22,41979.3,148,56.28763,27.240772,9
6/30/2025,34,0,15.1,993.5,49799.28,0,0,69,993.5,992.5,37.4,30.2,21,42676.82,156,56.28763,27.240772,9
7/1/2025,33.6,0.3,15.2,994.8,49778.98,0.3,0,73,994.8,993.8,37.2,30.5,16,41999.21,142,56.28763,27.240772,9
7/2/2025,33.5,0,13.2,995,49756.76,0,0,71,995,994,36.6,30.3,20,37078.36,142,56.28763,27.240772,9
7/3/2025,33.6,0,15.1,994.9,49732.65,0,0,70,994.9,993.9,37.4,29.9,8,41901.72,178,56.28763,27.240772,9
7/4/2025,33.1,0.5,15.7,996.1,49706.67,0.5,0,75,996.1,995.1,36.7,29.8,67,39438.96,156,56.28763,27.240772,9
7/5/2025,33.4,0,20.7,995.5,49678.83,0,0,72,995.5,994.5,37.9,30.2,34,32265.52,160,56.28763,27.240772,9
7/6/2025,33.7,0,21.8,994.2,49649.12,0,0,66,994.2,993.2,38,29.8,22,41684.45,199,56.28763,27.240772,9
7/7/2025,33.5,0,21.2,995,49617.23,0,0,61,995,994,37.8,30,32,41281.46,215,56.28763,27.240772,9
7/8/2025,33.1,0,21.3,996.4,49583.19,0,0,63,996.4,995.4,37.2,28.9,50,42012.58,203,56.28763,27.240772,9
7/9/2025,33.6,0,19.4,996.3,49547.05,0,0,54,996.3,995.3,37.8,28.8,56,41313.55,199,56.28763,27.240772,9
7/10/2025,34.1,0,14.3,996.9,49508.88,0,0,51,996.9,995.9,38.6,29.2,44,41769.09,189,56.28763,27.240772,9
7/11/2025,33.9,0,13.7,998.8,49468.74,0,0,61,998.8,997.8,37.6,30,76,41209.89,132,56.28763,27.240772,9
7/12/2025,33.3,0,14.8,1000.3,49426.7,0,0,64,1000.3,999.3,36.8,30.2,36,40504.97,152,56.28763,27.240772,9
7/13/2025,33.9,0,13,1000,49382.83,0,0,62,1000,999,37.7,30.3,38,41185.47,125,56.28763,27.240772,9
7/14/2025,35.9,0,17.1,997.6,49337.19,0,0,52,997.6,996.6,40.9,31.3,45,31417.21,119,56.28763,27.240772,9
7/15/2025,37.9,0,17.6,996.6,49289.84,0,0,37,996.6,995.6,44.4,33.2,7,40721.68,113,56.28763,27.240772,9
7/16/2025,37,0,16.4,996.9,49240.85,0,0,45,996.9,995.9,43.5,32.3,6,40733.43,150,56.28763,27.240772,9
7/17/2025,35.8,0,17.6,997.7,49190.29,0,0,58,997.7,996.7,41.1,30.9,4,40987.26,146,56.28763,27.240772,9
7/18/2025,34,0,15.9,999,49138.21,0,0,69,999,998,36.5,30.7,3,41106.27,116,56.28763,27.240772,9
7/19/2025,33.9,0,13.4,996.4,49084.69,0,0,70,996.4,995.4,37.3,30.4,7,41039.23,143,56.28763,27.240772,9
7/20/2025,35.7,0,17.6,994,49029.78,0,0,62,994,993,39.8,31.1,24,41066.08,158,56.28763,27.240772,9
7/21/2025,34.2,0,15.9,996.1,48973.55,0,0,72,996.1,995.1,37.3,31.1,16,41042.91,120,56.28763,27.240772,9
7/22/2025,33.5,0,13.5,997,48916.05,0,0,70,997,996,36.4,30.9,70,40963.12,107,56.28763,27.240772,9
7/23/2025,33.7,0.1,15.5,993.9,48857.35,0.1,0,71,993.9,992.9,36.8,30.5,45,40787.29,141,56.28763,27.240772,9
7/24/2025,33.6,0,14.5,992.9,48797.52,0,0,71,992.9,991.9,37.8,30.5,3,41138.92,144,56.28763,27.240772,9
7/25/2025,33.3,0,15.2,994.4,48736.6,0,0,71,994.4,993.4,36.7,30.3,18,41044.95,137,56.28763,27.240772,9
7/26/2025,34,0,15.2,996,48674.56,0,0,63,996,995,37.8,30,7,41072.8,147,56.28763,27.240772,9
7/27/2025,35.9,0,18.5,995.9,48610.89,0,0,52,995.9,994.9,42.7,30.8,18,41091.31,163,56.28763,27.240772,9
7/28/2025,37.2,0,19.3,996.2,48545.55,0,0,46,996.2,995.2,44.5,31.6,16,40934.04,166,56.28763,27.240772,9
7/29/2025,38.2,0,27.4,996,48478.63,0,0,40,996,995.1,44.8,31.5,22,40943.2,209,56.28763,27.240772,9
7/30/2025,37.7,0,20.9,994.6,48410.22,0,0,48,994.6,993.6,43.6,32.8,42,35409.32,190,56.28763,27.240772,9
7/31/2025,38.2,0,22.6,993.9,48340.4,0,0,51,993.9,993,46,32.4,41,38861.79,175,56.28763,27.240772,9
8/1/2025,34.3,0,14.5,997.7,48269.25,0,0,67,997.7,996.7,37.1,31.6,6,40649.68,108,56.28763,27.240772,9
8/2/2025,33.3,0,16.1,999.1,48196.85,0,0,70,999.1,998.1,36.2,30.2,13,40775.91,149,56.28763,27.240772,9
8/3/2025,32.9,0,14,999.8,48123.27,0,0,73,999.8,998.8,35.7,29.9,27,40618.34,114,56.28763,27.240772,9
8/4/2025,32.7,0,12.6,1001.5,48048.6,0,0,71,1001.5,1000.5,35.7,30,18,40303.3,116,56.28763,27.240772,9
8/5/2025,33.1,0,14.5,1000.5,47972.92,0,0,72,1000.5,999.5,36.4,29.7,18,40623.5,138,56.28763,27.240772,9
8/6/2025,33.8,0,16.2,999.9,47896.28,0,0,71,999.9,998.9,36.8,30.7,6,40468.56,138,56.28763,27.240772,9
8/7/2025,33.3,0,17.2,1001.1,47818.78,0,0,73,1001.1,1000.1,36.3,30.4,39,39306.93,125,56.28763,27.240772,9
8/8/2025,32.8,0,16,1002.4,47740.47,0,0,71,1002.4,1001.4,35.9,30.1,8,40474.75,125,56.28763,27.240772,9
8/9/2025,33.2,0,15.3,1003.7,47661.45,0,0,70,1003.7,1002.7,36.2,29.7,19,40633.02,142,56.28763,27.240772,9
8/10/2025,34,0,16.7,1002.2,47581.76,0,0,68,1002.2,1001.2,37,30.3,52,38502.93,142,56.28763,27.240772,9
8/11/2025,34.8,0,18.4,1001.8,47501.48,0,0,62,1001.8,1000.8,39.5,30.4,12,40483.54,169,56.28763,27.240772,9
8/12/2025,35.4,0,28.2,1000.1,47420.69,0,0,60,1000.1,999.1,42,30.8,3,40486.31,205,56.28763,27.240772,9
8/13/2025,35.3,0,22,997.9,47339.44,0,0,64,997.9,996.9,40.6,31.1,4,40489.05,189,56.28763,27.240772,9
8/14/2025,36.5,0,17.9,997.3,47257.8,0,0,58,997.3,996.3,44.5,31.7,14,40491.69,167,56.28763,27.240772,9
8/15/2025,33.4,0,15.7,999.4,47175.73,0,0,64,999.4,998.4,36.1,30.8,9,40494.27,155,56.28763,27.240772,9
8/16/2025,33.1,0,15.5,998.8,47092.61,0,0,67,998.8,997.8,36.3,30.5,39,40196.13,149,56.28763,27.240772,9
8/17/2025,33.6,0,17,998.1,47008.41,0,0,68,998.1,997.1,37.1,30.2,12,40349.57,136,56.28763,27.240772,9
8/18/2025,33.3,0,16.1,999.5,46923.2,0,0,66,999.5,998.5,36.8,29.8,40,39600,125,56.28763,27.240772,9
8/19/2025,33.5,0,17.7,999.1,46837.07,0,0,66,999.1,998.1,36.9,29.7,8,40355.63,139,56.28763,27.240772,9
8/20/2025,33.3,0,14.1,998.6,46750.08,0,0,67,998.6,997.6,37.1,30.4,6,40358.57,119,56.28763,27.240772,9
8/21/2025,33.6,0,16.5,1000.5,46662.3,0,0,63,1000.5,999.5,36.9,30.2,0,40508.26,134,56.28763,27.240772,9
8/22/2025,34.3,0,26.3,999,46573.81,0,0,67,999,998,39,30.3,11,39779.82,188,56.28763,27.240772,9
8/23/2025,33.9,2,22.1,997.4,46484.68,2,0,74,997.4,996.4,37.4,31.1,31,36866.37,200,56.28763,27.240772,9
8/24/2025,34.3,0,19.3,997.9,46394.98,0,0,74,997.9,996.9,38.2,30.7,25,40225.07,200,56.28763,27.240772,9
8/25/2025,34,0,19.4,998.5,46304.77,0,0,71,998.5,997.5,38,30.8,17,39520.13,181,56.28763,27.240772,9
8/26/2025,34,0,16.3,999.9,46214.12,0,0,66,999.9,998.9,38.6,30,3,40375.11,142,56.28763,27.240772,9
8/27/2025,33.2,0,12.8,1000.7,46123.1,0,0,69,1000.7,999.7,36.5,29.4,13,40377.7,144,56.28763,27.240772,9
8/28/2025,32.8,0,13.9,1001.3,46031.77,0,0,69,1001.3,1000.3,36.8,29.1,25,40380.27,126,56.28763,27.240772,9
8/29/2025,34.4,0,16.7,999.8,45940.2,0,0,60,999.8,998.8,39.6,28.6,7,40382.78,153,56.28763,27.240772,9
8/30/2025,34.9,0,18.1,1001.2,45848.45,0,0,58,1001.2,1000.2,41.4,30,22,40385.25,149,56.28763,27.240772,9
8/31/2025,33,0,13.2,1000.9,45756.57,0,0,69,1000.9,999.9,37.5,29.5,37,40387.7,109,56.28763,27.240772,9
9/1/2025,33.5,0,16.2,997.6,45664.64,0,0,68,997.6,996.6,37.7,29.3,10,40390.1,150,56.28763,27.240772,9
9/2/2025,33.2,0,16.4,998.1,45572.7,0,0,68,998.1,997.1,36.9,29.8,7,40254.06,148,56.28763,27.240772,9
9/3/2025,32.6,0,15.7,1000.8,45480.83,0,0,69,1000.8,999.7,36.2,29.1,6,40257.1,105,56.28763,27.240772,9
9/4/2025,31.9,0,15.7,1003.2,45388.97,0,0,72,1003.2,1002.2,35.4,28.7,9,40123.12,116,56.28763,27.240772,9
9/5/2025,32.7,0,15,1003.6,45296.49,0,0,71,1003.6,1002.6,36,27.9,22,37883.32,146,56.28763,27.240772,9
9/6/2025,34.5,0,24.2,1002.4,45203.35,0,0,64,1002.4,1001.4,40.4,29.6,5,40130.37,201,56.28763,27.240772,9
9/7/2025,34.3,0,18.4,1000.6,45109.6,0,0,64,1000.6,999.6,39.3,29.9,7,39433.07,178,56.28763,27.240772,9
9/8/2025,34.7,0,18,999.4,45015.32,0,0,62,999.4,998.4,41.4,29.3,2,40256.26,201,56.28763,27.240772,9
9/9/2025,31.8,0.8,15,1002.6,44920.56,0.8,0,76,1002.6,1001.6,35,28.7,35,38361.72,120,56.28763,27.240772,9
9/10/2025,31.7,0,13.3,1003.1,44825.39,0,0,72,1003.1,1002.1,35,28.1,10,40144.12,132,56.28763,27.240772,9
9/11/2025,31.7,1.2,15.3,1003.5,44729.88,1.2,0,73,1003.5,1002.5,34.6,29.5,65,29437.46,132,56.28763,27.240772,9
9/12/2025,31.4,2.4,16.2,1004.6,44634.07,2.4,0,74,1004.6,1003.6,33.6,29.6,45,34734.42,148,56.28763,27.240772,9
9/13/2025,31.1,0.9,16.8,1006.1,44538.03,0.9,0,72,1006.1,1005.1,33.5,29.3,49,37173.45,148,56.28763,27.240772,9
9/14/2025,31.3,0.5,15.5,1006.8,44441.83,0.5,0,68,1006.8,1005.8,34.1,28.6,38,38405.36,167,56.28763,27.240772,9
9/15/2025,32.5,0,14.7,1005.1,44345.53,0,0,67,1005.1,1004,35.2,28.3,22,39349.21,191,56.28763,27.240772,9
9/16/2025,33.8,0,20.5,1003.2,44249.17,0,0,68,1003.2,1002.2,38.7,29.7,19,39193.02,207,56.28763,27.240772,9
9/17/2025,34,0,20.5,1003.1,44152.83,0,0,72,1003.1,1002.1,39.3,30,31,39421.1,175,56.28763,27.240772,9
9/18/2025,32.4,0.6,16.7,1003.3,44056.55,0.6,0,78,1003.3,1002.3,35.9,28.9,36,38322.99,170,56.28763,27.240772,9
9/19/2025,32,0,12.9,1004.3,43960.4,0,0,71,1004.3,1003.2,36.5,28.4,10,39264.34,112,56.28763,27.240772,9
9/20/2025,31.3,0,12.1,1004.8,43864.44,0,0,70,1004.8,1003.8,34.7,28.3,4,39111.73,113,56.28763,27.240772,9
9/21/2025,31,0,15.7,1004.9,43768.72,0,0,75,1004.9,1003.9,34.3,27.8,24,38415.69,131,56.28763,27.240772,9
9/22/2025,31.4,0.8,13.9,1005.4,43673.31,0.8,0,78,1005.4,1004.4,34.6,28.4,28,33198.12,140,56.28763,27.240772,9
9/23/2025,31.4,1.2,13.5,1005.2,43578.26,1.2,0,77,1005.2,1004.2,35.1,28.4,32,32971.75,168,56.28763,27.240772,9
9/24/2025,31,0,16.7,1002.4,43483.51,0,0,76,1002.4,1001.4,35.8,26.7,13,31783.15,120,56.28763,27.240772,9
9/25/2025,30.6,0,14,1003.7,43388.41,0,0,60,1003.7,1002.7,35.8,26.1,0,38542.09,120,56.28763,27.240772,9
9/26/2025,31,0,14.1,1006.3,43292.9,0,0,60,1006.3,1005.3,36.4,26.6,0,38258.5,139,56.28763,27.240772,9
9/27/2025,31.3,0,15.2,1008,43197.06,0,0,66,1008,1007,36.5,25.4,0,38000.35,161,56.28763,27.240772,9
9/28/2025,32.2,0,19.5,1006.3,43100.95,0,0,63,1006.3,1005.3,37.9,26.4,6,37608.99,198,56.28763,27.240772,9
9/29/2025,35.1,0,15.1,1003.3,43004.61,0,0,42,1003.3,1002.3,42.6,27.6,17,37983.59,33,56.28763,27.240772,9
9/30/2025,33.7,0,15.7,1001.2,42908.13,0,0,48,1001.2,1000.2,40.5,28.3,1,37849.69,160,56.28763,27.240772,9
10/1/2025,33.4,0,16.5,1000.2,42811.57,0,0,58,1000.2,999.2,39.5,27.5,2,37603.13,164,56.28763,27.240772,9
10/2/2025,31.7,0,16.2,1004,42714.99,0,0,70,1004,1003,36.1,27,2,37345.42,144,56.28763,27.240772,9
10/3/2025,31.2,0,18.2,1007.2,42618.45,0,0,73,1007.2,1006.2,36.4,25.8,3,36981.31,188,56.28763,27.240772,9
10/4/2025,32,0,17.1,1006.9,42522.01,0,0,64,1006.9,1005.9,38.6,26.3,0,36990.18,125,56.28763,27.240772,9
10/5/2025,31.3,0,15.4,1006.8,42425.75,0,0,69,1006.8,1005.8,34.8,27.9,6,36874.15,125,56.28763,27.240772,9
10/6/2025,31,0.3,17.4,1007.9,42329.73,0.3,0,62,1007.9,1006.9,34.9,27.2,4,36639.61,99,56.28763,27.240772,9
10/7/2025,30.8,0,17.4,1008.7,42234,0,0,65,1008.7,1007.7,34.5,27,6,36532.23,121,56.28763,27.240772,9
10/8/2025,30.1,0.3,15.4,1009.8,42138.65,0.3,0,73,1009.8,1008.8,32.8,27.5,24,36252.53,112,56.28763,27.240772,9
10/9/2025,29.7,1.2,16.7,1011.6,42043.73,1.2,0,75,1011.6,1010.6,32.7,27.7,35,30715.61,152,56.28763,27.240772,9
10/10/2025,29.9,0.1,18.6,1010,41949.31,0.1,0,70,1010,1008.9,33.5,25.4,10,36158.54,193,56.28763,27.240772,9
10/11/2025,29.3,0,16.7,1010.1,41855.46,0,0,68,1010.1,1009.1,33.8,25.2,4,36254.96,183,56.28763,27.240772,9
10/12/2025,29.4,0.6,17.8,1011,41762.26,0.6,0,68,1011,1010,33.6,24.4,4,36070.54,193,56.28763,27.240772,9
10/13/2025,30.5,0,16.2,1011,41669.75,0,0,63,1011,1009.9,36,25.3,6,36081.51,202,56.28763,27.240772,9
10/14/2025,30.6,0,16,1009,41577.91,0,0,61,1009,1008,35.2,25.8,1,36095.18,136,56.28763,27.240772,9
10/15/2025,29.8,0,15,1008.7,41485.98,0,0,73,1008.7,1007.7,34,25.5,1,36011.23,150,56.28763,27.240772,9
10/16/2025,29.1,2.1,15.6,1011,41393.94,2.1,0,77,1011,1009.9,31.8,26.7,37,31414.94,130,56.28763,27.240772,9
10/17/2025,29,0.7,12.9,1012.8,41301.84,0.7,0,74,1012.8,1011.7,32.7,26.2,21,33140.21,118,56.28763,27.240772,9
10/18/2025,29.8,0,16.6,1011.3,41209.77,0,0,71,1011.3,1010.2,34,25.5,8,36000,218,56.28763,27.240772,9
10/19/2025,29.9,0,13.1,1009.4,41117.79,0,0,72,1009.4,1008.4,34.3,25.9,11,36000,205,56.28763,27.240772,9
10/20/2025,30.1,0,13.6,1009.2,41026,0,0,52,1009.2,1008.2,35.8,24.9,1,36000,228,56.28763,27.240772,9
10/21/2025,29.3,0.9,18.5,1012,40934.45,0.9,0,56,1012,1011,34.7,24.2,3,36000,208,56.28763,27.240772,9
10/22/2025,29.4,0,20,1013.5,40843.24,0,0,52,1013.5,1012.5,35.3,23.8,0,36000,221,56.28763,27.240772,9
10/23/2025,29.5,0,21.7,1011.9,40752.43,0,0,45,1011.9,1010.9,36.1,23.2,0,36000,217,56.28763,27.240772,9
10/24/2025,28.7,0,15.4,1011.3,40662.12,0,0,45,1011.3,1010.3,34.6,22.4,0,36000,246,56.28763,27.240772,9
10/25/2025,28.2,0,13.1,1009.7,40572.38,0,0,41,1009.7,1008.6,34.6,21.5,0,36000,237,56.28763,27.240772,9
10/26/2025,28,0,15.3,1009.7,40483.3,0,0,49,1009.7,1008.7,33.8,22,0,36000,231,56.28763,27.240772,9
10/27/2025,28.2,0,13.7,1010.7,40394.95,0,0,51,1010.7,1009.6,34.2,22.6,0,36000,175,56.28763,27.240772,9
10/28/2025,28.5,0,14,1010.8,40307.44,0,0,41,1010.8,1009.8,34.7,22.3,0,36000,208,56.28763,27.240772,9
10/29/2025,28.5,0,15.7,1010,40220.83,0,0,36,1010,1008.9,35.7,22.2,0,36000,247,56.28763,27.240772,9
10/30/2025,28.7,0,15.7,1010,40135.23,0,0,38,1010,1009,35.6,21.6,0,36000,249,56.28763,27.240772,9
10/31/2025,28.8,0,17.6,1011.8,40050.72,0,0,42,1011.8,1010.8,36.3,22.6,0,36000,237,56.28763,27.240772,9
11/1/2025,28.9,0,14.9,1012.3,39967.39,0,0,36,1012.3,1011.3,35.2,22.6,0,36000,268,56.28763,27.240772,9
11/2/2025,27.9,0,19.4,1012.9,39885.33,0,0,43,1012.9,1011.8,34.8,21.9,0,36000,246,56.28763,27.240772,9
11/3/2025,26.8,0,15.9,1012.8,39804.5,0,0,50,1012.8,1011.8,32.3,20.2,0,36000,238,56.28763,27.240772,9
11/4/2025,28.8,0,20.6,1014.8,39724.14,0,0,23,1014.8,1013.8,35.1,22.8,2,36000,46,56.28763,27.240772,9
11/5/2025,27.2,0,17.2,1014.5,39644.18,0,0,14,1014.5,1013.4,34,21.7,0,36000,53,56.28763,27.240772,9
11/6/2025,25.4,0,14.5,1014.5,39564.71,0,0,21,1014.5,1013.4,33.1,19.1,0,36000,66,56.28763,27.240772,9
11/7/2025,24.9,0,11.6,1016.2,39485.82,0,0,23,1016.2,1015.2,31.9,19,0,36000,62,56.28763,27.240772,9
11/8/2025,24.3,0,7.4,1017.3,39407.59,0,0,26,1017.3,1016.3,31.6,18.3,9,36000,343,56.28763,27.240772,9
11/9/2025,24.3,0,10.3,1015.8,39330.12,0,0,28,1015.8,1014.8,31,17.8,88,36000,298,56.28763,27.240772,9
11/10/2025,25.5,0,16.8,1015,39253.48,0,0,19,1015,1013.9,32.7,18.9,60,36000,39,56.28763,27.240772,9
11/11/2025,25.3,0,19.6,1015.7,39177.77,0,0,21,1015.7,1014.6,33.3,18.8,0,36000,39,56.28763,27.240772,9
11/12/2025,25.1,0,12.4,1017.5,39103.09,0,0,23,1017.5,1016.5,32.4,18.8,44,35109.82,37,56.28763,27.240772,9
11/13/2025,24.6,0,9.4,1018.2,39029.52,0,0,23,1018.2,1017.2,31.3,18.5,0,36000,339,56.28763,27.240772,9
11/14/2025,23.9,0,9.3,1017.1,38957.16,0,0,25,1017.1,1016,30.9,17.4,2,35987.23,347,56.28763,27.240772,9
11/15/2025,24,0,13.8,1017.2,38886.11,0,0,31,1017.2,1016.2,30.3,17.6,44,35958.65,266,56.28763,27.240772,9
11/16/2025,23.7,0,14.8,1019.5,38816.46,0,0,46,1019.5,1018.5,29.3,18,77,35913.93,247,56.28763,27.240772,9
11/17/2025,23.8,0,11.7,1019.1,38748.32,0,0,50,1019.1,1018.1,28.8,17.9,98,31710.48,268,56.28763,27.240772,9
11/18/2025,24.9,0,10.1,1016,38681.77,0,0,37,1016,1014.9,31.8,17.6,52,34080.7,320,56.28763,27.240772,9
11/19/2025,24.7,0,9.9,1016,38616.93,0,0,39,1016,1014.9,32.8,19.1,2,35696.82,61,56.28763,27.240772,9
11/20/2025,25.4,0,11.1,1017.3,38553.91,0,0,24,1017.3,1016.3,33.8,18.4,1,35628.04,44,56.28763,27.240772,9
11/21/2025,25.2,0,16.7,1018.5,38492.78,0,0,23,1018.5,1017.5,33.2,18.1,0,35561.27,43,56.28763,27.240772,9
11/22/2025,24.5,0,16.7,1018.6,38433.68,0,0,21,1018.6,1017.6,32.3,17.2,0,35496.61,47,56.28763,27.240772,9
11/23/2025,23.6,0,16.4,1018.2,38376.57,0,0,17,1018.2,1017.2,30.7,17.2,0,35434.18,42,56.28763,27.240772,9
11/24/2025,22.6,0,9.6,1018,38320.81,0,0,20,1018,1016.9,30.2,15.3,0,35373.36,36,56.28763,27.240772,9
11/25/2025,21.7,0,9.7,1017.7,38266.36,0,0,27,1017.7,1016.6,28.5,15.3,0,35313.88,15,56.28763,27.240772,9
11/26/2025,21.5,0,11.5,1016.9,38213.28,0,0,39,1016.9,1015.9,27.1,14.9,27,35255.82,353,56.28763,27.240772,9
11/27/2025,22.1,0,11.9,1018,38161.63,0,0,51,1018,1016.9,27.7,16.9,1,35199.25,55,56.28763,27.240772,9
11/28/2025,21.9,0,10.1,1018.3,38111.5,0,0,53,1018.3,1017.3,27.5,16.1,1,35144.26,43,56.28763,27.240772,9
11/29/2025,22.2,0,8.7,1017,38062.94,0,0,43,1017,1016,28,16.4,0,35090.92,319,56.28763,27.240772,9
11/30/2025,21.7,0,10.4,1016.6,38016.02,0,0,33,1016.6,1015.6,27.9,15.5,0,35039.32,288,56.28763,27.240772,9
12/1/2025,21.7,0,9.4,1016.7,37970.83,0,0,31,1016.7,1015.7,28,15.2,2,34989.53,3,56.28763,27.240772,9
12/2/2025,21.9,0,8,1016.3,37927.42,0,0,29,1016.3,1015.3,27.5,15.4,67,27900.27,17,56.28763,27.240772,9
12/3/2025,22.3,0,10.5,1016.4,37885.87,0,0,39,1016.4,1015.3,27.9,17.8,56,31831.27,208,56.28763,27.240772,9
12/4/2025,22.9,0,12,1018.3,37846.26,0,0,66,1018.3,1017.2,26.9,17.7,75,31521.52,71,56.28763,27.240772,9
12/5/2025,22.3,2,9.5,1019.1,37808.64,2,0,66,1019.1,1018,25.3,20.2,71,4331.97,26,56.28763,27.240772,9
12/6/2025,22.4,0,10.5,1018.8,37773.1,0,0,62,1018.8,1017.8,26.8,18.5,7,34770.74,240,56.28763,27.240772,9
12/7/2025,22.5,0,9,1019.7,37739.7,0,0,59,1019.7,1018.7,28.4,17.4,1,34733.59,25,56.28763,27.240772,9
12/8/2025,22.9,0,8,1019.9,37708.51,0,0,40,1019.9,1018.8,30.1,16.7,18,34698.84,37,56.28763,27.240772,9
12/9/2025,22.3,0,7.7,1018.5,37679.62,0,0,47,1018.5,1017.4,28,16.6,67,32843.42,53,56.28763,27.240772,9
12/10/2025,21.8,0,9.4,1018.1,37653.07,0,0,67,1018.1,1017.1,26.7,17.4,98,31787.82,44,56.28763,27.240772,9
12/11/2025,22.1,0,10,1016.2,37628.96,0,0,72,1016.2,1015.1,26,18.1,93,24301.68,58,56.28763,27.240772,9
12/12/2025,21.9,0,16.8,1014.5,37607.35,0,0,66,1014.5,1013.5,26.7,17.3,8,34308.26,286,56.28763,27.240772,9
12/13/2025,22.1,0,18.1,1013.6,37588.25,0,0,68,1013.6,1012.5,27.1,17.5,52,33015.4,255,56.28763,27.240772,9
12/14/2025,18.9,5.8,11.1,1015.5,37571.41,5.8,0,79,1015.5,1014.4,22.9,15.5,25,23525.7,34,56.28763,27.240772,9
12/15/2025,20.3,19.2,14.3,1016,37556.8,19.2,0,65,1016,1014.9,24.8,15.4,62,34336.8,36,56.28763,27.240772,9
12/16/2025,17.9,45.1,15.2,1013.7,37544.41,45.1,0,85,1013.7,1012.6,19.3,16.7,97,0,46,56.28763,27.240772,9
12/17/2025,18,28.1,19.3,1015.2,37534.25,28.1,0,81,1015.2,1014.1,20.1,16.5,82,21136.62,47,56.28763,27.240772,9
12/18/2025,19,37.5,23.3,1016.2,37526.32,37.5,0,81,1016.2,1015.1,21.7,17,96,2064.38,53,56.28763,27.240772,9
12/19/2025,17.8,19.9,23.4,1012.7,37520.62,19.9,0,75,1012.7,1011.6,21.3,14.5,41,23808.93,279,56.28763,27.240772,9
12/20/2025,16.2,0,11.8,1015.7,37517.15,0,0,74,1015.7,1014.6,20.1,13,11,33745.37,32,56.28763,27.240772,9
12/21/2025,15.5,0,17.8,1020.7,37515.92,0,0,68,1020.7,1019.6,19.5,12.2,5,33886.83,53,56.28763,27.240772,9
12/22/2025,15.5,0,9.3,1021.5,37516.9,0,0,62,1021.5,1020.4,20.7,10.8,1,33880.75,44,56.28763,27.240772,9
12/23/2025,16.3,0,4.8,1019.6,37520.12,0,0,65,1019.6,1018.5,21.2,11.9,12,33874.55,35,56.28763,27.240772,9
1/1/2023,1.6,0,11,1031.6,35041.75,0,0,61,1031.6,913.8,9.5,-4.4,22,30310.1,289,59.648438,36.309315,986
1/2/2023,1.7,0,13.4,1034,35079.48,0,0,57,1034,916,7.5,-2.2,0,30700.8,294,59.648438,36.309315,986
1/3/2023,4.1,0,11.2,1031.7,35120.59,0,0,41,1031.7,914.9,11.6,-2.5,0,30717.67,297,59.648438,36.309315,986
1/4/2023,3.1,0,9.8,1025.3,35164.99,0,0,52,1025.3,908.8,10.2,-1.9,11,30903.45,309,59.648438,36.309315,986
1/5/2023,3.9,4.2,15,1019.9,35212.57,4.2,0,61,1019.9,904.4,9.2,-2,100,4563.98,307,59.648438,36.309315,986
1/6/2023,3.2,0,12.2,1020.9,35263.25,0,0,88,1020.9,905,8,-0.8,56,12822.8,308,59.648438,36.309315,986
1/7/2023,3.5,0,11.8,1018.2,35316.93,0,0,77,1018.2,902.7,10.1,-0.2,29,30305.33,293,59.648438,36.309315,986
1/8/2023,3.2,0,15.8,1021.3,35373.52,0,0,76,1021.3,905.4,9.4,-1.6,8,31131.76,164,59.648438,36.309315,986
1/9/2023,-0.9,0.9,19.3,1028.3,35432.92,0,0.63,94,1028.3,909.9,3,-4.2,100,7907.34,159,59.648438,36.309315,986
1/10/2023,-5.7,3.2,16.9,1036.7,35495.02,0,2.31,78,1036.7,915.3,-3.5,-7.7,100,0,148,59.648438,36.309315,986
1/11/2023,-10.2,0,17,1046.4,35559.75,0,0,65,1046.4,922,-6.2,-13.9,69,27432.97,144,59.648438,36.309315,986
1/12/2023,-12.6,0,12.5,1048.7,35626.99,0,0,50,1048.7,922.9,-7.9,-15.8,2,31559.18,118,59.648438,36.309315,986
1/13/2023,-11.1,0,11.2,1043.4,35696.66,0,0,33,1043.4,919,-3.4,-17.3,0,31717.11,141,59.648438,36.309315,986
1/14/2023,-9,0,8.7,1038.5,35768.66,0,0,20,1038.5,915.5,-1.1,-14.9,13,31781.83,215,59.648438,36.309315,986
1/15/2023,-5.4,0,11.2,1031.2,35842.89,0,0,19,1031.2,910.6,3.1,-13.9,35,31847.11,240,59.648438,36.309315,986
1/16/2023,-1.7,0,10.2,1026,35919.27,0,0,40,1026,907.6,7.1,-7,17,31619.45,257,59.648438,36.309315,986
1/17/2023,-0.3,0,13.8,1024.9,35997.71,0,0,63,1024.9,907.2,8,-5.9,63,31879.68,298,59.648438,36.309315,986
1/18/2023,-0.8,0,10.4,1025.8,36078.27,0,0,72,1025.8,907.7,6.4,-5.2,44,27240.84,307,59.648438,36.309315,986
1/19/2023,-0.3,0,11.4,1028.5,36161.85,0,0,71,1028.5,910.4,7,-4.6,15,32010.29,287,59.648438,36.309315,986
1/20/2023,-1.2,0,12.5,1031.7,36248.44,0,0,74,1031.7,912.8,5.3,-5.8,12,31973.72,155,59.648438,36.309315,986
1/21/2023,-1.9,0,12.3,1032.3,36337.9,0,0,72,1032.3,913.1,4.7,-6.3,0,32249.4,145,59.648438,36.309315,986
1/22/2023,-2.6,0,12.8,1033.7,36430.07,0,0,72,1033.7,914,3.5,-6.8,2,32212.59,128,59.648438,36.309315,986
1/23/2023,-2.8,0,15.3,1033.4,36524.8,0,0,73,1033.4,913.7,3.8,-6.9,4,32281.11,248,59.648438,36.309315,986
1/24/2023,-3.2,0,15.6,1032.9,36621.94,0,0,74,1032.9,913.1,2.5,-6.7,21,32570.21,160,59.648438,36.309315,986
1/25/2023,-3.3,0,11.1,1031.9,36721.33,0,0,69,1031.9,912.1,2.2,-6.8,19,32306.83,150,59.648438,36.309315,986
1/26/2023,-2.3,0,9.4,1029.6,36822.84,0,0,64,1029.6,910.5,4.7,-7.4,4,32829.5,262,59.648438,36.309315,986
1/27/2023,-1.1,0,11.2,1027.7,36926.31,0,0,61,1027.7,909.3,5.9,-6.4,27,32904.06,224,59.648438,36.309315,986
1/28/2023,0.5,0,10.5,1021.6,37031.62,0,0,65,1021.6,904.5,6.2,-4.8,59,26292.39,297,59.648438,36.309315,986
1/29/2023,2.5,0,11.1,1015.3,37138.6,0,0,53,1015.3,899.8,9.3,-1.8,76,32812.68,307,59.648438,36.309315,986
1/30/2023,3,0,12,1016.6,37247.13,0,0,66,1016.6,901.1,9.7,-2,77,27989.18,345,59.648438,36.309315,986
1/31/2023,6,2,12.6,1012.5,37357.08,2,0,71,1012.5,898.6,13.3,-2.1,99,27481.89,149,59.648438,36.309315,986
2/1/2023,6.5,2.1,10.2,1009.2,37468.3,2.1,0,80,1009.2,895.9,11.9,0.8,74,9164.55,259,59.648438,36.309315,986
2/2/2023,4.2,0,9.3,1015.5,37580.68,0,0,78,1015.5,900.6,11.9,-0.5,31,30951.75,323,59.648438,36.309315,986
2/3/2023,4.2,0.3,12.5,1017.2,37694.07,0.3,0,65,1017.2,902.1,12.5,-2.3,27,33001.12,300,59.648438,36.309315,986
2/4/2023,2.6,0,13.6,1020.8,37808.36,0,0,69,1020.8,904.6,10.9,-4.7,47,34053.5,302,59.648438,36.309315,986
2/5/2023,3.4,0,12.6,1017.3,37923.41,0,0,74,1017.3,901.9,10.1,-0.2,44,25629.97,300,59.648438,36.309315,986
2/6/2023,4.1,0,10.7,1019,38039.12,0,0,53,1019,903.6,12.3,-2.8,48,33180.45,319,59.648438,36.309315,986
2/7/2023,6.1,0.5,10.8,1009.8,38155.55,0.4,0.07,60,1009.8,896.2,16,-1,37,26227.48,324,59.648438,36.309315,986
2/8/2023,6.8,4.1,17.7,1010.1,38273.85,3.2,0.63,70,1010.1,896.8,14.9,1.5,67,30418.03,318,59.648438,36.309315,986
2/9/2023,2,1.9,21.9,1021.5,38394.05,0.6,0.91,75,1021.5,905.1,6.9,-1.3,94,21995.97,320,59.648438,36.309315,986
2/10/2023,-2.2,0.3,17.7,1032.4,38516.04,0,0.21,78,1032.4,913,1.4,-6.1,88,9763.48,137,59.648438,36.309315,986
2/11/2023,-2.7,0,10.7,1034.7,38639.66,0,0,74,1034.7,914.9,2.8,-6.9,48,32400,154,59.648438,36.309315,986
2/12/2023,-1.4,3.5,12,1026.5,38764.78,0.3,2.24,82,1026.5,908.2,3,-7.1,100,15198.67,319,59.648438,36.309315,986
2/13/2023,1.8,2.3,13.5,1021.1,38891.26,0.6,1.19,91,1021.1,904.6,7.7,-1.6,98,17799.93,322,59.648438,36.309315,986
2/14/2023,2.5,5.2,14,1024.2,39018.97,2.7,1.75,89,1024.2,907.6,6.2,-0.3,100,0,158,59.648438,36.309315,986
2/15/2023,4.2,12.4,17.4,1014.4,39147.79,9.4,2.1,93,1014.4,899.6,9.4,-1.5,100,1357.54,347,59.648438,36.309315,986
2/16/2023,5.8,4.3,19.4,1016.1,39277.59,4.3,0,92,1016.1,901.7,11.2,0.2,100,210.99,60,59.648438,36.309315,986
2/17/2023,3.7,0,23.9,1026.4,39408.23,0,0,86,1026.4,910.1,10.4,-1.2,78,34609.96,107,59.648438,36.309315,986
2/18/2023,2.9,0.1,10.5,1026.1,39539.6,0.1,0,83,1026.1,909.4,7.8,-1.6,50,21668.15,201,59.648438,36.309315,986
2/19/2023,3.9,0,10.9,1019.8,39671.57,0,0,62,1019.8,904.3,12.4,-3.2,16,35511.99,309,59.648438,36.309315,986
2/20/2023,6,0,13.1,1018.2,39804.04,0,0,56,1018.2,903.7,14.3,-0.6,1,35581.96,307,59.648438,36.309315,986
2/21/2023,6.4,0,8.1,1011.9,39936.88,0,0,58,1011.9,898.2,16.5,-1.3,11,35752.93,300,59.648438,36.309315,986
2/22/2023,6.4,0,10.2,1013.3,40069.97,0,0,56,1013.3,899.5,14.9,0.4,10,35825.44,308,59.648438,36.309315,986
2/23/2023,8.3,0,9.7,1012,40203.2,0,0,59,1012,899,18.7,-0.2,64,35662.04,333,59.648438,36.309315,986
2/24/2023,7,0.2,18.7,1019.1,40336.46,0.2,0,60,1019.1,904.9,15.2,1,83,32509.53,141,59.648438,36.309315,986
2/25/2023,0,3.5,18,1033.1,40469.65,0,2.45,80,1033.1,914.5,3.5,-3.6,80,7184.5,164,59.648438,36.309315,986
2/26/2023,5.3,0.7,15.4,1027.6,40602.65,0.7,0,68,1027.6,911.7,14.4,-4,36,33677.54,259,59.648438,36.309315,986
2/27/2023,7.5,0,13.1,1026.8,40735.54,0,0,67,1026.8,911.8,15.5,0.3,1,36416.37,155,59.648438,36.309315,986
2/28/2023,6.8,0,12.4,1025,40869.41,0,0,63,1025,910,14.9,-0.6,0,36679.26,129,59.648438,36.309315,986
3/1/2023,7.5,0,10.8,1020.7,41004.36,0,0,52,1020.7,906.4,17.5,-0.4,0,36801.45,312,59.648438,36.309315,986
3/2/2023,9.2,0,10.2,1017.8,41140.26,0,0,43,1017.8,904.5,18.8,2.2,36,36927.16,316,59.648438,36.309315,986
3/3/2023,9.7,0,17.8,1021.6,41277.03,0,0,47,1021.6,908,19.5,2.2,57,36803.21,147,59.648438,36.309315,986
3/4/2023,11.9,0,11.8,1016.9,41414.55,0,0,47,1016.9,904.7,21.9,2,26,36545.78,307,59.648438,36.309315,986
3/5/2023,11.6,0.7,15,1017.8,41552.72,0.7,0,52,1017.8,905.4,19.5,5.1,42,30334.72,323,59.648438,36.309315,986
3/6/2023,13.3,0,11.4,1015.2,41691.45,0,0,45,1015.2,903.7,24,5.7,8,37329.26,314,59.648438,36.309315,986
3/7/2023,16.2,0.7,16.8,1013.2,41830.62,0.7,0,38,1013.2,903,26.2,5.2,76,36394.42,320,59.648438,36.309315,986
3/8/2023,9.1,1,19.4,1023.5,41970.16,1,0,79,1023.5,909.6,12.9,6.1,86,14245.75,155,59.648438,36.309315,986
3/9/2023,12.9,0.1,9.8,1015.1,42109.95,0.1,0,72,1015.1,903.4,22.1,5.1,92,32776.8,317,59.648438,36.309315,986
3/10/2023,15.6,3.3,19.2,1012.6,42249.89,3.3,0,66,1012.6,902.2,25,8,99,25012.29,287,59.648438,36.309315,986
3/11/2023,10.2,23.4,15.2,1018.8,42389.9,23.4,0,94,1018.8,905.8,12.1,7.4,87,0,159,59.648438,36.309315,986
3/12/2023,11.7,0,9.9,1019.2,42529.88,0,0,71,1019.2,906.7,19.3,6.1,36,34673.57,299,59.648438,36.309315,986
3/13/2023,13.2,0,10.3,1015.4,42669.73,0,0,54,1015.4,903.8,22.3,5.7,72,32347.21,300,59.648438,36.309315,986
3/14/2023,15.6,0,17.7,1016,42809.36,0,0,44,1016,905.3,23.5,7.7,96,23264.26,318,59.648438,36.309315,986
3/15/2023,13.2,0,15.5,1018.5,42948.66,0,0,56,1018.5,906.6,19.9,7.1,64,38079.72,124,59.648438,36.309315,986
3/16/2023,12.8,0,13.1,1012.9,43087.55,0,0,44,1012.9,901.5,20.6,6.1,42,38252.4,183,59.648438,36.309315,986
3/17/2023,13.7,8.4,9.7,1009.7,43225.94,8.4,0,62,1009.7,898.9,22,7.5,41,37996.63,298,59.648438,36.309315,986
3/18/2023,12.6,1,13.4,1012.7,43363.72,1,0,66,1012.7,901.3,20.5,6.2,18,38041.08,93,59.648438,36.309315,986
3/19/2023,11.7,0.7,12.2,1014.2,43500.98,0.7,0,70,1014.2,902.2,18.4,5.9,17,37534.5,141,59.648438,36.309315,986
3/20/2023,12,0,15.5,1011.5,43638.71,0,0,62,1011.5,900,19,5.2,56,37554.55,142,59.648438,36.309315,986
3/21/2023,13.2,0.1,18.8,1009,43777.01,0.1,0,47,1009,898.2,20.4,5.3,54,36417.43,108,59.648438,36.309315,986
3/22/2023,9.9,6.6,10.9,1009,43915.78,6.6,0,81,1009,897,12,6.8,100,0,259,59.648438,36.309315,986
3/23/2023,9.9,0,15.8,1012.6,44054.93,0,0,68,1012.6,900.1,15.1,4.5,93,12149.18,153,59.648438,36.309315,986
3/24/2023,11.1,0,14.3,1014.9,44194.4,0,0,54,1014.9,902.7,18.1,5.1,73,33025.42,345,59.648438,36.309315,986
3/25/2023,12,0,11.4,1015.7,44334.07,0,0,50,1015.7,903.7,19.8,4.6,4,40043.41,196,59.648438,36.309315,986
3/26/2023,13.7,0,14.1,1013.2,44473.87,0,0,46,1013.2,902.1,21.8,5.9,20,40229.48,58,59.648438,36.309315,986
3/27/2023,15.1,0.2,21.8,1008.3,44613.71,0.2,0,51,1008.3,898.2,23.6,7.6,82,27943.65,236,59.648438,36.309315,986
3/28/2023,13.2,5.6,15.3,1009.1,44753.5,5.6,0,69,1009.1,898.3,20,9.1,80,25819.02,295,59.648438,36.309315,986
3/29/2023,14.3,0,13.4,1010.5,44893.16,0,0,61,1010.5,899.9,20.8,8.1,12,39972.12,287,59.648438,36.309315,986
3/30/2023,16.4,0,13.3,1009.4,45032.59,0,0,47,1009.4,899.7,24.2,8.6,4,41009.56,276,59.648438,36.309315,986
3/31/2023,17.7,0,14.6,1008.4,45171.7,0,0,36,1008.4,899.2,24.4,10.7,18,41362.32,349,59.648438,36.309315,986
4/1/2023,14.3,0.6,16.6,1006.3,45310.4,0.6,0,56,1006.3,896.1,20.5,7.4,69,28706.84,152,59.648438,36.309315,986
4/2/2023,9.2,0,22.4,1011.2,45448.61,0,0,70,1011.2,898.7,13.3,7.4,84,25803.07,138,59.648438,36.309315,986
4/3/2023,10.4,0,16.9,1012,45586.22,0,0,55,1012,899.8,16.7,5.3,62,39583.4,323,59.648438,36.309315,986
4/4/2023,9.2,4.7,22.2,1017,45723.15,4.7,0,65,1017,903.8,14.9,3.8,44,42149.57,139,59.648438,36.309315,986
4/5/2023,11.2,0,9.8,1014,45859.3,0,0,53,1014,901.9,17.5,5.9,43,41387.25,207,59.648438,36.309315,986
4/6/2023,16.2,0,18,1008.9,45994.58,0,0,34,1008.9,899.1,26,5.1,20,42835.37,295,59.648438,36.309315,986
4/7/2023,18.7,0,20.7,1010.8,46128.88,0,0,27,1010.8,901.7,28.2,8.9,24,42857.61,280,59.648438,36.309315,986
4/8/2023,18.6,0.2,20.9,1014.6,46262.27,0.2,0,29,1014.6,905.1,28,11.1,25,42492.72,98,59.648438,36.309315,986
4/9/2023,18.3,0,28.2,1016.5,46395.71,0,0,35,1016.5,906.7,27.8,10,34,39701.84,300,59.648438,36.309315,986
4/10/2023,15.8,0,19.3,1020.9,46529.28,0,0,46,1020.9,909.7,22.9,9.4,35,40017.5,139,59.648438,36.309315,986
4/11/2023,19.2,0,16.8,1016.6,46662.88,0,0,35,1016.6,907,28.1,9.1,46,42998.4,46,59.648438,36.309315,986
4/12/2023,24.3,0,21.9,1010,46796.44,0,0,18,1010,902.9,33.5,12.4,54,39257.81,201,59.648438,36.309315,986
4/13/2023,26.8,0,28.5,1004.5,46929.87,0,0,18,1004.5,898.9,34.1,15.5,74,40154.7,210,59.648438,36.309315,986
4/14/2023,20.4,0,24.5,1010.3,47063.05,0,0,41,1010.3,901.8,27.9,11.8,13,43200,239,59.648438,36.309315,986
4/15/2023,17,0,15.8,1014.5,47195.92,0,0,41,1014.5,904.4,23.8,10.6,6,43200,331,59.648438,36.309315,986
4/16/2023,15.4,0,19.8,1016.9,47328.38,0,0,37,1016.9,906,21.6,9.5,69,39600,119,59.648438,36.309315,986
4/17/2023,9.6,0,23.4,1024.4,47460.33,0,0,44,1024.4,910.5,13.1,4.1,61,39826.75,140,59.648438,36.309315,986
4/18/2023,8.8,0,16.2,1026.2,47591.66,0,0,28,1026.2,911.8,15.4,3.4,37,42492.93,131,59.648438,36.309315,986
4/19/2023,11.3,0,15.6,1019.4,47722.29,0,0,20,1019.4,906.7,19.4,2,0,43200,117,59.648438,36.309315,986
4/20/2023,15.2,0,22.7,1011.9,47852.12,0,0,19,1011.9,901.4,25,4.8,1,43200,41,59.648438,36.309315,986
4/21/2023,19.1,0,22.1,1008.8,47981.03,0,0,19,1008.8,900,28.2,7.4,1,43200,34,59.648438,36.309315,986
4/22/2023,22.3,0,13.6,1009.3,48108.93,0,0,18,1009.3,901.6,31.5,11.6,53,43200,347,59.648438,36.309315,986
4/23/2023,22.7,0,17.1,1012.3,48235.71,0,0,24,1012.3,904.4,29,14.6,74,28555.06,19,59.648438,36.309315,986
4/24/2023,22.5,0,20.2,1013.3,48361.26,0,0,23,1013.3,905.2,29.6,12.9,49,42305.53,88,59.648438,36.309315,986
4/25/2023,22.8,0,16.7,1011.3,48485.47,0,0,22,1011.3,903.6,30.5,14.5,9,43200,118,59.648438,36.309315,986
4/26/2023,24.2,0,22.8,1010,48608.23,0,0,19,1010,902.8,33.2,15.4,37,36000,63,59.648438,36.309315,986
4/27/2023,22,0,19.6,1010.7,48729.41,0,0,25,1010.7,902.8,29.6,14.4,19,43200,117,59.648438,36.309315,986
4/28/2023,22.6,0,19.6,1009.9,48849.09,0,0,17,1009.9,902.2,30.5,14.5,33,43200,113,59.648438,36.309315,986
4/29/2023,23.3,0,22.5,1008.6,48968.14,0,0,17,1008.6,901.3,30.8,13.9,71,43200,95,59.648438,36.309315,986
4/30/2023,22.1,0,21.7,1007.5,49086.64,0,0,23,1007.5,900,28,14.9,72,22852.92,111,59.648438,36.309315,986
5/1/2023,21.9,0,21.7,1007.4,49204.52,0,0,28,1007.4,899.8,30.1,15.1,62,38468.25,313,59.648438,36.309315,986
5/2/2023,21,3.4,18.7,1011.3,49321.65,3.4,0,41,1011.3,902.9,29.8,14.5,39,32322.04,31,59.648438,36.309315,986
5/3/2023,17.6,0.9,17.4,1015.6,49437.95,0.9,0,56,1015.6,905.7,22.6,12.9,75,34297.7,137,59.648438,36.309315,986
5/4/2023,15.9,1.7,22.4,1015.3,49553.31,1.7,0,58,1015.3,904.8,23.5,11.2,57,37919.91,112,59.648438,36.309315,986
5/5/2023,10.3,6.4,17.1,1018.1,49667.63,6.4,0,71,1018.1,905.2,14.4,5.2,67,10229.3,150,59.648438,36.309315,986
5/6/2023,13.5,0,11,1015.7,49780.82,0,0,57,1015.7,904.2,22.1,4.6,9,43200,253,59.648438,36.309315,986
5/7/2023,15.9,0,18.5,1016.3,49892.75,0,0,49,1016.3,905.7,22.7,9.8,0,43264.95,31,59.648438,36.309315,986
5/8/2023,18.1,0,15.6,1014,50003.32,0,0,41,1014,904.4,26.2,8.4,1,43254.92,130,59.648438,36.309315,986
5/9/2023,22.9,0,21.7,1011.9,50112.43,0,0,25,1011.9,904.1,32.8,12.6,38,43373.48,10,59.648438,36.309315,986
5/10/2023,23.3,0.1,23.3,1011.7,50219.96,0.1,0,30,1011.7,904.1,31,14.8,100,24623.04,146,59.648438,36.309315,986
5/11/2023,21.1,0.2,13,1014.9,50325.79,0.2,0,48,1014.9,906.2,27,15.4,22,43357.07,272,59.648438,36.309315,986
5/12/2023,21.3,0,14.9,1017.9,50429.81,0,0,42,1017.9,908.9,27.5,13.6,22,43348.75,51,59.648438,36.309315,986
5/13/2023,22.4,0,9.9,1015,50531.9,0,0,32,1015,906.7,29,13.9,12,43532.09,101,59.648438,36.309315,986
5/14/2023,25,0,16.1,1006.3,50631.93,0,0,22,1006.3,899.9,32.8,13.5,50,43655.3,66,59.648438,36.309315,986
5/15/2023,19.6,2.1,19.8,1007.6,50729.8,2.1,0,52,1007.6,899.2,25.4,15.5,70,36015.96,118,59.648438,36.309315,986
5/16/2023,13.8,6.2,17.1,1015,50825.37,6.2,0,66,1015,903.7,18.2,11,97,6042.73,148,59.648438,36.309315,986
5/17/2023,14.4,0.4,14.8,1015.1,50918.51,0.4,0,57,1015.1,904.1,19.9,9.4,46,22550.98,119,59.648438,36.309315,986
5/18/2023,19.1,0,25.2,1013.7,51009.25,0,0,41,1013.7,904.4,30,8.2,27,41894.25,138,59.648438,36.309315,986
5/19/2023,22.7,0,18,1013.4,51098.32,0,0,31,1013.4,905.4,31.7,12.4,38,43955.41,78,59.648438,36.309315,986
5/20/2023,23,0,18.4,1012.5,51185.79,0,0,31,1012.5,904.7,30.8,15.5,71,29345.42,90,59.648438,36.309315,986
5/21/2023,25.1,0,22.3,1010.5,51271.57,0,0,30,1010.5,903.6,32.3,15.4,80,31972.7,27,59.648438,36.309315,986
5/22/2023,24.4,0,23.3,1011.2,51355.56,0,0,35,1011.2,904,32.2,18.1,69,30624.02,314,59.648438,36.309315,986
5/23/2023,25.2,0.1,19.8,1013.6,51437.69,0.1,0,33,1013.6,906.4,32.3,17.2,40,40265.77,299,59.648438,36.309315,986
5/24/2023,25.8,0,14.4,1014.8,51517.86,0,0,27,1014.8,907.7,32,18.4,15,44408.25,357,59.648438,36.309315,986
5/25/2023,25.1,0,23.7,1014.4,51595.99,0,0,24,1014.4,907.1,33,17.5,28,44401.63,59,59.648438,36.309315,986
5/26/2023,23.8,0,16.6,1012.7,51671.98,0,0,17,1012.7,905.1,30.6,16.2,45,44845.3,124,59.648438,36.309315,986
5/27/2023,24.3,0,17.6,1010.9,51745.74,0,0,16,1010.9,903.7,31.2,16.2,71,43426.82,98,59.648438,36.309315,986
5/28/2023,24,0,22.9,1012.8,51817.18,0,0,24,1012.8,905.3,29.9,16.5,43,43609.53,40,59.648438,36.309315,986
5/29/2023,25.4,0,22.5,1013.4,51886.21,0,0,18,1013.4,906.3,32.5,16.6,41,45143.46,11,59.648438,36.309315,986
5/30/2023,24.9,0,17.6,1012.3,51952.73,0,0,16,1012.3,905.2,32.5,15.4,20,45138.78,83,59.648438,36.309315,986
5/31/2023,25.6,0,15.8,1009.8,52016.66,0,0,12,1009.8,903.1,33.5,15.3,24,45761.8,72,59.648438,36.309315,986
6/1/2023,26.9,0,16.3,1009.1,52077.89,0,0,10,1009.1,903,34.2,17.1,68,39600,97,59.648438,36.309315,986
6/2/2023,26.4,0,22.3,1011,52136.33,0,0,23,1011,904.5,34.2,17.8,17,45292.86,23,59.648438,36.309315,986
6/3/2023,25.5,0.2,14.9,1012.6,52191.88,0.2,0,36,1012.6,905.6,33,19.1,27,37123.3,322,59.648438,36.309315,986
6/4/2023,26.3,0,12.4,1011.5,52244.46,0,0,33,1011.5,904.9,32.8,18.9,30,44653.93,12,59.648438,36.309315,986
6/5/2023,27.6,0,16.4,1010.6,52293.97,0,0,23,1010.6,904.6,34.2,18.6,25,45609.34,59,59.648438,36.309315,986
6/6/2023,28.1,0,19,1010.7,52340.31,0,0,18,1010.7,904.8,35.5,17.7,34,45609.27,40,59.648438,36.309315,986
6/7/2023,27.7,0,19.8,1010.8,52383.47,0,0,21,1010.8,904.8,35,19.1,22,45609.06,76,59.648438,36.309315,986
6/8/2023,27.1,0,21.1,1011.8,52423.8,0,0,32,1011.8,905.5,34.7,18.8,86,37044.02,51,59.648438,36.309315,986
6/9/2023,23.7,0,19.2,1013.3,52461.36,0,0,45,1013.3,905.7,28.8,18,52,41502.64,112,59.648438,36.309315,986
6/10/2023,24.4,0,18.3,1009.9,52496.12,0,0,34,1009.9,902.8,30.5,17.8,1,45612.99,101,59.648438,36.309315,986
6/11/2023,26.1,0,17.7,1006.8,52528.04,0,0,22,1006.8,900.7,33,18.6,9,45937.02,98,59.648438,36.309315,986
6/12/2023,27.5,0,17.5,1005.6,52557.11,0,0,18,1005.6,900.1,34.6,18.6,15,46430.88,61,59.648438,36.309315,986
6/13/2023,28.2,0,24.6,1005,52583.29,0,0,19,1005,899.7,35.6,18.3,2,46100.09,69,59.648438,36.309315,986
6/14/2023,28.4,0,19.8,1004.3,52606.57,0,0,17,1004.3,899.2,36.2,19.9,1,46601.41,77,59.648438,36.309315,986
6/15/2023,28.8,0,20.1,1003.7,52626.93,0,0,14,1003.7,898.7,36.2,19.1,3,46094.93,16,59.648438,36.309315,986
6/16/2023,29.9,0,18.4,1002.5,52644.34,0,0,14,1002.5,898,36.7,21.1,1,46934.98,68,59.648438,36.309315,986
6/17/2023,29,0,23.8,1001.8,52658.77,0,0,19,1001.8,897.1,35.7,21.9,37,45831.73,123,59.648438,36.309315,986
6/18/2023,29.1,0,33.4,1002.6,52670.23,0,0,27,1002.6,897.9,38.4,20.1,1,46776.86,99,59.648438,36.309315,986
6/19/2023,29.9,0,27,1004.2,52678.68,0,0,29,1004.2,899.6,38.8,20.8,4,46608.62,38,59.648438,36.309315,986
6/20/2023,29.1,0,20.8,1005.4,52684.11,0,0,31,1005.4,900.4,35,22,4,46448.37,121,59.648438,36.309315,986
6/21/2023,29.8,0,23.2,1005.7,52686.5,0,0,29,1005.7,901,34.5,22.9,14,44981.67,79,59.648438,36.309315,986
6/22/2023,27.8,0,20.5,1009.5,52685.84,0,0,24,1009.5,903.6,33,22.3,0,46620.05,99,59.648438,36.309315,986
6/23/2023,28.1,0,20.9,1011.3,52682.12,0,0,20,1011.3,905.3,33.3,21.3,21,46289.84,95,59.648438,36.309315,986
6/24/2023,27.9,0,21.8,1009.1,52675.34,0,0,22,1009.1,903.3,33.3,22.2,23,45823.77,84,59.648438,36.309315,986
6/25/2023,25,0.3,20.6,1010,52665.46,0.3,0,32,1010,903.1,28.6,17.9,35,38992.59,56,59.648438,36.309315,986
6/26/2023,25.5,0,16.7,1007.5,52652.5,0,0,23,1007.5,901.1,31.2,18.7,0,46962.75,79,59.648438,36.309315,986
6/27/2023,27,0,15.1,1005.1,52636.41,0,0,18,1005.1,899.4,34.2,17.5,0,47133.52,107,59.648438,36.309315,986
6/28/2023,29.9,0,22.6,1007.3,52617.01,0,0,16,1007.3,902.3,37.4,19.6,1,46961.22,55,59.648438,36.309315,986
6/29/2023,29.7,0,21,1006.8,52594.33,0,0,19,1006.8,901.9,35.5,21.5,1,46646.57,117,59.648438,36.309315,986
6/30/2023,29.6,0,23.2,1002.8,52568.45,0,0,18,1002.8,898.3,36.3,21.4,6,46802.23,107,59.648438,36.309315,986
7/1/2023,30.6,0,24.5,1002.9,52539.4,0,0,17,1002.9,898.6,37.2,21.6,3,46800.89,103,59.648438,36.309315,986
7/2/2023,27.3,0,26.2,1009.3,52507.28,0,0,35,1009.3,903.3,33.6,20.5,3,46302.68,59,59.648438,36.309315,986
7/3/2023,25.8,0,18.9,1012.3,52472.13,0,0,31,1012.3,905.4,31.8,20,1,46489.92,112,59.648438,36.309315,986
7/4/2023,26,0,23.2,1011.4,52434.04,0,0,24,1011.4,904.7,32.2,18.4,0,46489.26,67,59.648438,36.309315,986
7/5/2023,26.7,0,22,1009.8,52393.06,0,0,23,1009.8,903.6,32,19,10,45106.98,37,59.648438,36.309315,986
7/6/2023,26.6,0,23.3,1010.1,52349.27,0,0,25,1010.1,903.8,33.2,19.6,21,42622.89,3,59.648438,36.309315,986
7/7/2023,27.3,0,23.3,1010.6,52302.75,0,0,25,1010.6,904.5,32.8,20.9,28,40529.65,8,59.648438,36.309315,986
7/8/2023,27.2,0,20.8,1009.1,52253.54,0,0,20,1009.1,903.1,33.8,19.9,0,46483.44,36,59.648438,36.309315,986
7/9/2023,27.5,0,16.2,1006.7,52201.73,0,0,20,1006.7,901,34,19.3,0,46649.95,71,59.648438,36.309315,986
7/10/2023,28.7,0,16,1003.9,52147.39,0,0,17,1003.9,898.9,36.7,19.3,0,46815.11,124,59.648438,36.309315,986
7/11/2023,31,0,20.8,1005.8,52090.6,0,0,13,1005.8,901.3,39.7,20.6,0,46475.14,61,59.648438,36.309315,986
7/12/2023,30.3,0,28.5,1010.2,52031.41,0,0,26,1010.2,905.1,38.9,20.9,0,46160.13,24,59.648438,36.309315,986
7/13/2023,29.8,0,27,1011.6,51969.9,0,0,30,1011.6,906.2,37.3,23.1,0,46015.09,37,59.648438,36.309315,986
7/14/2023,28.3,0,22.2,1012.8,51906.14,0,0,27,1012.8,906.8,33.8,21.5,0,45847.66,94,59.648438,36.309315,986
7/15/2023,29.2,0,16.9,1008.7,51840.2,0,0,25,1008.7,903.4,35,22.7,0,45706.35,92,59.648438,36.309315,986
7/16/2023,30.8,0,18,1007.3,51772.16,0,0,22,1007.3,902.7,36.9,23.5,2,45541.63,79,59.648438,36.309315,986
7/17/2023,30.7,0,19.6,1006.5,51701.95,0,0,28,1006.5,901.9,37.4,24.4,3,45378.11,105,59.648438,36.309315,986
7/18/2023,26,0,20.5,1010.3,51628.95,0,0,43,1010.3,903.7,32.1,20.5,3,45242.73,121,59.648438,36.309315,986
7/19/2023,25.7,0,20.2,1010.8,51553.17,0,0,38,1010.8,904.1,31.5,20.2,1,45109.91,103,59.648438,36.309315,986
7/20/2023,26.8,0,17.5,1011.1,51474.71,0,0,32,1011.1,904.7,32.7,19.9,1,45112.95,116,59.648438,36.309315,986
7/21/2023,26.8,0,20.9,1011.3,51393.7,0,0,25,1011.3,904.9,33.3,19.4,0,45275.59,84,59.648438,36.309315,986
7/22/2023,28.1,0,21.5,1010.9,51310.25,0,0,19,1010.9,905,34.1,19.3,0,45247.94,33,59.648438,36.309315,986
7/23/2023,28.1,0,24.3,1010.4,51224.49,0,0,21,1010.4,904.6,34,20.4,0,45119.92,24,59.648438,36.309315,986
7/24/2023,28.9,0,23.2,1006.1,51136.52,0,0,20,1006.1,900.9,34.9,20.5,0,45121.38,21,59.648438,36.309315,986
7/25/2023,30.1,0,18.7,1004.9,51046.46,0,0,18,1004.9,900.3,36.8,22,0,45122.33,16,59.648438,36.309315,986
7/26/2023,30.6,0,23.4,1007.1,50954.43,0,0,21,1007.1,902.5,37.3,23,0,44691.67,9,59.648438,36.309315,986
7/27/2023,29.6,0,23.5,1008.2,50860.52,0,0,34,1008.2,903.1,37.2,23.3,8,44147.72,44,59.648438,36.309315,986
7/28/2023,29.6,0,15.5,1005.5,50764.86,0,0,32,1005.5,900.7,35.2,22.5,12,43695.48,101,59.648438,36.309315,986
7/29/2023,29.8,0,24.5,1004.9,50667.54,0,0,26,1004.9,900.2,35.2,22.9,30,35581.51,15,59.648438,36.309315,986
7/30/2023,29.1,0,23.2,1007.2,50568.68,0,0,20,1007.2,902,35.3,22.2,0,44447.98,13,59.648438,36.309315,986
7/31/2023,29,0,21,1007.4,50468.37,0,0,18,1007.4,902.2,35.5,20.8,0,44447.46,22,59.648438,36.309315,986
8/1/2023,30.4,0,23.7,1006.9,50366.73,0,0,19,1006.9,902.2,37,22.4,0,44152.75,18,59.648438,36.309315,986
8/2/2023,30.3,0,24.2,1007.9,50263.85,0,0,23,1007.9,903,36.1,23.5,0,44152.87,39,59.648438,36.309315,986
8/3/2023,29.3,0,24,1007.1,50159.83,0,0,19,1007.1,902,35.8,22,0,44294.09,29,59.648438,36.309315,986
8/4/2023,29.3,0,24.5,1009.2,50054.77,0,0,21,1009.2,903.9,36,21.6,0,44012.24,33,59.648438,36.309315,986
8/5/2023,29.6,0,24.4,1010.8,49948.76,0,0,27,1010.8,905.4,36,22.3,2,43737.52,24,59.648438,36.309315,986
8/6/2023,29.2,0,17.4,1008.8,49841.74,0,0,32,1008.8,903.5,35.8,22.9,21,43200,83,59.648438,36.309315,986
8/7/2023,28.5,0,22.1,1005.8,49732.87,0,0,29,1005.8,900.6,35,21.5,2,43745.65,136,59.648438,36.309315,986
8/8/2023,28.6,0,25.5,1006.4,49622.1,0,0,24,1006.4,901.1,35.5,21.1,22,41503.99,7,59.648438,36.309315,986
8/9/2023,28,0,23.2,1010.8,49509.57,0,0,25,1010.8,904.8,35.1,21.3,3,43493.93,59,59.648438,36.309315,986
8/10/2023,28,0,27.2,1012.8,49395.38,0,0,23,1012.8,906.6,35.3,20.8,0,43501.2,23,59.648438,36.309315,986
8/11/2023,28.9,0,26.3,1012.9,49279.65,0,0,23,1012.9,907,35.5,21,15,41887.93,26,59.648438,36.309315,986
8/12/2023,26.2,0,26.4,1014.3,49162.5,0,0,26,1014.3,907.4,33.2,19.9,0,43392.87,67,59.648438,36.309315,986
8/13/2023,24.4,0,27.3,1015.3,49044.03,0,0,25,1015.3,907.7,31.5,16.8,0,43401.38,57,59.648438,36.309315,986
8/14/2023,22.2,0,26.6,1018.2,48924.36,0,0,18,1018.2,909.5,29.8,14.2,0,43409.34,94,59.648438,36.309315,986
8/15/2023,21,0,23.2,1017.8,48803.59,0,0,15,1017.8,908.7,28.5,14.1,0,43303.86,120,59.648438,36.309315,986
8/16/2023,22,0,21,1015.4,48681.83,0,0,16,1015.4,907,30.2,12.4,0,43313.61,110,59.648438,36.309315,986
8/17/2023,24.3,0,18.8,1013.6,48559.18,0,0,16,1013.6,906.1,32,14.4,0,43216.38,39,59.648438,36.309315,986
8/18/2023,26.1,0,17.1,1012,48435.73,0,0,19,1012,905.3,33.7,17.5,0,43200,25,59.648438,36.309315,986
8/19/2023,27.1,0,18.4,1010.8,48311.6,0,0,17,1010.8,904.6,34.5,18.7,0,43200,15,59.648438,36.309315,986
8/20/2023,27.6,0,23.4,1011.6,48186.88,0,0,19,1011.6,905.5,35,19.9,5,43200,49,59.648438,36.309315,986
8/21/2023,27,0,17.5,1012.2,48061.65,0,0,31,1012.2,905.8,33.5,19.6,5,43200,114,59.648438,36.309315,986
8/22/2023,26.1,0,19.2,1012.3,47936.03,0,0,35,1012.3,905.6,32.6,20.6,1,43200,106,59.648438,36.309315,986
8/23/2023,27.1,0,24.2,1010.9,47810.09,0,0,26,1010.9,904.6,34.8,19.1,2,43200,70,59.648438,36.309315,986
8/24/2023,27.5,0,26.5,1009.3,47683.93,0,0,23,1009.3,903.4,34.2,19.6,5,40022.57,38,59.648438,36.309315,986
8/25/2023,26.8,0,26.3,1008.4,47557.63,0,0,26,1008.4,902.3,34.2,21.2,2,43200,107,59.648438,36.309315,986
8/26/2023,25.8,1.1,18.9,1008.4,47431.13,1.1,0,38,1008.4,902,34.2,18.2,31,43200,98,59.648438,36.309315,986
8/27/2023,21.7,1.5,20.2,1013.7,47303.54,1.5,0,51,1013.7,905.4,27.5,17,22,42668.14,120,59.648438,36.309315,986
8/28/2023,21.1,0,15.9,1011.4,47174.78,0,0,37,1011.4,903.1,27.1,15.8,1,43200,135,59.648438,36.309315,986
8/29/2023,26.6,0,14.8,1003.2,47044.97,0,0,24,1003.2,897.5,36.2,14,2,43200,245,59.648438,36.309315,986
8/30/2023,23.5,0.4,22.9,1011,46914.19,0.4,0,43,1011,903.5,30.4,18,22,39473.32,98,59.648438,36.309315,986
8/31/2023,22.1,0,19.6,1015.9,46782.54,0,0,45,1015.9,907.4,28.3,16.9,3,43200,134,59.648438,36.309315,986
9/1/2023,23.6,0,19.2,1015.1,46650.12,0,0,29,1015.1,907.2,30.2,18.1,1,43200,129,59.648438,36.309315,986
9/2/2023,24.4,0,15.9,1013.5,46517.01,0,0,20,1013.5,906.1,31.8,17.2,0,43200,119,59.648438,36.309315,986
9/3/2023,24.9,0,19.4,1012.7,46383.32,0,0,21,1012.7,905.5,32.5,15.9,0,43200,99,59.648438,36.309315,986
9/4/2023,23.2,0,17.8,1014.8,46249.12,0,0,26,1014.8,906.9,30.2,17,0,43200,125,59.648438,36.309315,986
9/5/2023,23.6,0,18.2,1014.5,46114.5,0,0,23,1014.5,906.7,31.2,16.5,0,43121.63,138,59.648438,36.309315,986
9/6/2023,24.2,0,16.7,1013.3,45979.56,0,0,18,1013.3,905.8,32,16.4,0,42989.67,120,59.648438,36.309315,986
9/7/2023,26.3,0,18.3,1010.5,45844.38,0,0,17,1010.5,904,35,15.3,0,42857.28,74,59.648438,36.309315,986
9/8/2023,25.9,0,21,1011.9,45709.03,0,0,28,1011.9,905.2,33.2,18.4,4,42724.54,123,59.648438,36.309315,986
9/9/2023,26,0,18.2,1008,45573.61,0,0,29,1008,901.7,33.8,18.8,1,42591.56,139,59.648438,36.309315,986
9/10/2023,26.7,0,21.6,1005,45438.19,0,0,30,1005,899.2,35,19.7,0,42458.39,77,59.648438,36.309315,986
9/11/2023,20.9,0,21.8,1014.4,45302.87,0,0,44,1014.4,905.7,26.8,14.7,1,42325.12,139,59.648438,36.309315,986
9/12/2023,20,0,22.5,1014.9,45167.71,0,0,35,1014.9,905.8,27.4,13.9,0,42191.82,143,59.648438,36.309315,986
9/13/2023,21.4,0,18.8,1014.4,45032.81,0,0,28,1014.4,905.8,28.9,15,0,42058.59,137,59.648438,36.309315,986
9/14/2023,21.2,0,16.9,1015,44898.24,0,0,28,1015,906.3,28.9,14.8,0,41925.48,133,59.648438,36.309315,986
9/15/2023,20.1,0,17.4,1016.7,44763.91,0,0,30,1016.7,907.5,27.2,13.8,0,41626.36,141,59.648438,36.309315,986
9/16/2023,18.9,0,15.7,1016.3,44628.93,0,0,30,1016.3,906.7,26.1,13.4,1,41415.57,139,59.648438,36.309315,986
9/17/2023,19.2,0,19.2,1014.6,44493.22,0,0,25,1014.6,905.3,26.2,13.1,0,41207.39,129,59.648438,36.309315,986
9/18/2023,19.8,0,16.4,1014.1,44356.86,0,0,24,1014.1,905.1,26.5,12.6,0,41001.95,124,59.648438,36.309315,986
9/19/2023,19.2,0,22.7,1018.5,44219.94,0,0,29,1018.5,908.8,27,11.9,0,40522.52,103,59.648438,36.309315,986
9/20/2023,17.2,0,18.4,1022.7,44082.56,0,0,48,1022.7,911.8,23,12.6,11,40193.07,128,59.648438,36.309315,986
9/21/2023,16.9,0,18.1,1021.5,43944.79,0,0,37,1021.5,910.7,23.5,11.2,0,40138.37,131,59.648438,36.309315,986
9/22/2023,16.5,0,16.4,1023.1,43806.72,0,0,34,1023.1,911.9,23.1,11.1,0,39822.11,122,59.648438,36.309315,986
9/23/2023,16,0,21.4,1023,43668.44,0,0,35,1023,911.7,23.2,10.1,0,39642.59,126,59.648438,36.309315,986
9/24/2023,16.2,0,20.1,1021.6,43530.04,0,0,31,1021.6,910.5,23.5,9,0,39467.37,119,59.648438,36.309315,986
9/25/2023,16.6,0,17.2,1018.5,43391.59,0,0,30,1018.5,907.8,23.9,8.1,0,39296.71,123,59.648438,36.309315,986
9/26/2023,17.7,0,13.1,1018.2,43253.17,0,0,29,1018.2,907.9,24.5,8.7,24,38511.23,120,59.648438,36.309315,986
9/27/2023,17.7,0,18.4,1019.9,43114.89,0,0,30,1019.9,909.5,24.2,10.4,38,34587.5,117,59.648438,36.309315,986
9/28/2023,17.3,0,23.3,1020.5,42976.82,0,0,32,1020.5,909.9,24,10.9,3,37990.67,115,59.648438,36.309315,986
9/29/2023,17,0,12.6,1019.8,42839.05,0,0,32,1019.8,909.2,23.4,10.1,0,38174.86,81,59.648438,36.309315,986
9/30/2023,16.7,0,13,1018.1,42701.65,0,0,31,1018.1,907.5,23.9,9.2,0,38177.73,124,59.648438,36.309315,986
10/1/2023,17.4,0,12.3,1014.7,42564.73,0,0,26,1014.7,904.7,25.4,9.4,0,37943.21,140,59.648438,36.309315,986
10/2/2023,20.2,0,13.5,1012.1,42428.36,0,0,21,1012.1,903.4,28,10.6,40,37751.12,135,59.648438,36.309315,986
10/3/2023,22.7,0,21.9,1012.3,42292.62,0,0,20,1012.3,904.4,31.2,14.1,36,37471.25,43,59.648438,36.309315,986
10/4/2023,21.5,0,20.9,1016,42157.62,0,0,24,1016,907.3,30.5,12.9,17,37331.72,109,59.648438,36.309315,986
10/5/2023,21.2,0.9,26.6,1014.2,42023.26,0.9,0,36,1014.2,905.6,30.4,14.5,55,36076.22,325,59.648438,36.309315,986
10/6/2023,15.1,0,24.5,1021.2,41888.55,0,0,60,1021.2,909.7,21.5,10.4,16,36666.09,134,59.648438,36.309315,986
10/7/2023,15,0,9.9,1019.1,41753.43,0,0,51,1019.1,907.8,22.2,8.9,1,36928.77,196,59.648438,36.309315,986
10/8/2023,16,0,19.6,1020.5,41617.98,0,0,40,1020.5,909.4,23.2,9.1,0,37055.77,153,59.648438,36.309315,986
10/9/2023,19.3,0,10,1014,41482.31,0,0,32,1014,904.8,28,9.3,11,36926.37,303,59.648438,36.309315,986
10/10/2023,19.4,0,23.1,1017.3,41346.51,0,0,42,1017.3,907.8,29.3,11.5,16,36800.02,135,59.648438,36.309315,986
10/11/2023,20.7,0,13.5,1015.5,41210.67,0,0,44,1015.5,906.6,31.1,10.8,8,36676.86,283,59.648438,36.309315,986
10/12/2023,14.9,4.1,20.9,1025.3,41074.9,4.1,0,66,1025.3,913.3,23.5,8.1,67,29357.07,146,59.648438,36.309315,986
10/13/2023,7.9,0.5,16.7,1029.7,40939.3,0.5,0,76,1029.7,914.7,11.6,3,70,14565.94,147,59.648438,36.309315,986
10/14/2023,11.6,0.1,19.8,1021.6,40803.96,0.1,0,62,1021.6,908.7,19.9,3.2,30,36000,159,59.648438,36.309315,986
10/15/2023,11.8,0,15.4,1021.1,40668.99,0,0,59,1021.1,908.4,17.8,5.8,4,36219.69,143,59.648438,36.309315,986
10/16/2023,12.6,0,9.7,1015.2,40534.5,0,0,51,1015.2,903.5,21.1,4.8,10,36297.04,207,59.648438,36.309315,986
10/17/2023,15.7,1.2,19.4,1013.4,40400.57,1.2,0,53,1013.4,903,24.5,8.9,56,27929.95,312,59.648438,36.309315,986
10/18/2023,14.9,0,14.8,1020.5,40267.34,0,0,63,1020.5,909,21.4,9.3,3,35926.63,189,59.648438,36.309315,986
10/19/2023,15.8,0,11,1016.6,40134.89,0,0,58,1016.6,905.8,24,8.9,16,35852.82,288,59.648438,36.309315,986
10/20/2023,17,4.1,23.2,1019,40003.34,4.1,0,57,1019,908.4,25.9,10.9,41,35779.46,57,59.648438,36.309315,986
10/21/2023,13.6,0.5,11.6,1021.1,39872.8,0.5,0,73,1021.1,909.1,19.4,8,26,31619.21,158,59.648438,36.309315,986
10/22/2023,16.3,0,9.4,1019.4,39743.39,0,0,52,1019.4,908.5,25.9,7.2,24,32460.82,237,59.648438,36.309315,986
10/23/2023,14.8,0,13.9,1023.2,39615.21,0,0,53,1023.2,911.4,21.2,9,6,35403.55,141,59.648438,36.309315,986
10/24/2023,15.8,0,10.5,1016.1,39488.39,0,0,48,1016.1,905.4,23.9,7.5,22,35329.42,291,59.648438,36.309315,986
10/25/2023,16,0.9,23.4,1016.4,39362.86,0.9,0,54,1016.4,905.8,25.2,9.9,97,22172.18,303,59.648438,36.309315,986
10/26/2023,15.9,0,9.8,1019.1,39237.51,0,0,60,1019.1,908.1,22.1,10.6,13,35184.75,179,59.648438,36.309315,986
10/27/2023,17.1,0,11.6,1015.8,39112.27,0,0,46,1015.8,905.6,25.9,9.9,8,35113.29,309,59.648438,36.309315,986
10/28/2023,18.2,0,12.2,1014.7,38987.26,0,0,36,1014.7,905,27.1,10.6,49,35042.48,315,59.648438,36.309315,986
10/29/2023,18.1,0,11.2,1016.9,38862.59,0,0,38,1016.9,907,27.1,11.1,1,34972.38,307,59.648438,36.309315,986
10/30/2023,18.9,0,18.5,1019.9,38738.38,0,0,41,1019.9,909.9,27.7,11.1,43,34430.71,321,59.648438,36.309315,986
10/31/2023,12.9,0,18.8,1029.6,38614.76,0,0,55,1029.6,916.4,18.5,7.3,38,34715.88,140,59.648438,36.309315,986
11/1/2023,11.5,0,16.2,1027,38491.83,0,0,40,1027,913.6,20.1,4.2,12,34767.25,149,59.648438,36.309315,986
11/2/2023,12,0,11.5,1021.6,38369.73,0,0,30,1021.6,908.9,21.6,3.1,2,34700.87,222,59.648438,36.309315,986
11/3/2023,14.3,0,10.9,1014.7,38248.57,0,0,22,1014.7,903.6,23.5,4.9,91,34527.51,302,59.648438,36.309315,986
11/4/2023,15.5,0,10.5,1014.3,38128.51,0,0,26,1014.3,903.7,22.4,9,64,29885.24,271,59.648438,36.309315,986
11/5/2023,14.2,0,15.5,1017.5,38009.65,0,0,45,1017.5,906.1,20.4,8.4,48,33398.95,178,59.648438,36.309315,986
11/6/2023,13.6,0,8.2,1015.6,37892.13,0,0,55,1015.6,904.2,21.2,7.3,14,33801.96,305,59.648438,36.309315,986
11/7/2023,15,0,21.8,1015,37776.1,0,0,50,1015,904.2,22.2,7.4,34,32400,314,59.648438,36.309315,986
11/8/2023,12.4,0.3,23.7,1023.7,37661.69,0.3,0,69,1023.7,910.9,17.4,8.9,60,32400,298,59.648438,36.309315,986
11/9/2023,9.9,0,7.9,1024.8,37549.04,0,0,66,1024.8,911,14.9,5.1,41,27388.19,138,59.648438,36.309315,986
11/10/2023,13.5,0,18.4,1020.2,37438.28,0,0,48,1020.2,908.3,22.7,4.3,20,33510.08,308,59.648438,36.309315,986
11/11/2023,11.1,0,19.4,1028.7,37329.58,0,0,72,1028.7,915,15.6,7.9,55,31855.25,154,59.648438,36.309315,986
11/12/2023,11.3,0,9.2,1025.9,37223.08,0,0,74,1025.9,912.5,18.5,7,24,25928.56,213,59.648438,36.309315,986
11/13/2023,12.3,0,9.3,1022.5,37118.92,0,0,62,1022.5,909.9,21.5,5.7,10,33059.98,230,59.648438,36.309315,986
11/14/2023,12.8,0,10,1017.7,37017.06,0,0,51,1017.7,905.8,21,5.5,51,32991.35,287,59.648438,36.309315,986
11/15/2023,14.1,0,9.4,1016,36916.45,0,0,38,1016,904.7,22.8,8.2,14,32922.01,298,59.648438,36.309315,986
11/16/2023,13.9,0,8.8,1014,36817,0,0,42,1014,902.9,22.1,6.7,83,29802.62,297,59.648438,36.309315,986
11/17/2023,13.9,0,12.5,1012.8,36718.85,0,0,40,1012.8,901.8,22.2,7.8,47,32492.07,331,59.648438,36.309315,986
11/18/2023,11,0,21.7,1020.3,36622.09,0,0,72,1020.3,907.4,15.7,5.7,14,32268.43,182,59.648438,36.309315,986
11/19/2023,11.9,0,9.6,1016.9,36526.86,0,0,65,1016.9,904.7,20.4,5.3,7,31850.54,308,59.648438,36.309315,986
11/20/2023,15.5,0,24.2,1009.9,36433.29,0,0,48,1009.9,899.8,23.5,5.8,37,32245.33,193,59.648438,36.309315,986
11/21/2023,15.9,0,28,1007.8,36341.48,0,0,45,1007.8,898.1,21.1,8.2,53,28727.94,246,59.648438,36.309315,986
11/22/2023,8.2,0,27.8,1022.5,36251.59,0,0,68,1022.5,908.3,14.1,1.9,40,31287.09,291,59.648438,36.309315,986
11/23/2023,7.4,0,14.9,1019.5,36163.73,0,0,49,1019.5,905.3,12.1,1.5,25,31841.14,287,59.648438,36.309315,986
11/24/2023,9.8,0,17.7,1016,36078.04,0,0,42,1016,903.1,17.2,3.6,89,27126.96,194,59.648438,36.309315,986
11/25/2023,8.5,0,9.2,1016.5,35994.64,0,0,42,1016.5,903.1,17,1.9,1,31812.39,302,59.648438,36.309315,986
11/26/2023,9.9,0,14.6,1013.6,35913.68,0,0,31,1013.6,901,19.3,3.2,40,24174.61,288,59.648438,36.309315,986
11/27/2023,11.1,0,11.6,1011.2,35835.28,0,0,40,1011.2,899.4,20,4.2,9,31588.52,335,59.648438,36.309315,986
11/28/2023,11.9,1.1,18.1,1014.3,35759.59,1.1,0,55,1014.3,902.4,19.5,5.5,58,29050.65,357,59.648438,36.309315,986
11/29/2023,7.4,2.7,15.9,1026.2,35686.74,2.7,0,86,1026.2,911.4,9.2,5.6,100,0,148,59.648438,36.309315,986
11/30/2023,8.2,0,7.2,1021.5,35616.88,0,0,69,1021.5,907.5,14.6,3.9,19,29166.63,265,59.648438,36.309315,986
12/1/2023,10.2,0,10.5,1020.5,35550.13,0,0,44,1020.5,907.3,18.5,2.5,47,31164.54,290,59.648438,36.309315,986
12/2/2023,9.6,0,10.8,1021.7,35486.65,0,0,50,1021.7,908.1,16.4,4,0,31199.46,297,59.648438,36.309315,986
12/3/2023,9.5,0,9.8,1021.8,35426.57,0,0,40,1021.8,908.2,18.2,2.3,0,31234.36,296,59.648438,36.309315,986
12/4/2023,9.6,0,9.8,1020.8,35369.9,0,0,30,1020.8,907.4,18.5,2.7,0,31180.16,288,59.648438,36.309315,986
12/5/2023,10.2,0,11.9,1019.2,35315.95,0,0,31,1019.2,906.1,20.4,3,0,31126.84,301,59.648438,36.309315,986
12/6/2023,6.7,0,9.7,1023.5,35264.66,0,0,60,1023.5,908.6,13.4,0.8,44,31074.03,200,59.648438,36.309315,986
12/7/2023,7.9,0,10.4,1016.8,35216.09,0,0,42,1016.8,903.1,14.4,0.5,76,26702.21,270,59.648438,36.309315,986
12/8/2023,7.7,0,16.7,1023.2,35170.29,0,0,58,1023.2,908.8,15.5,0.9,10,30704.85,186,59.648438,36.309315,986
12/9/2023,4.3,0,10.9,1027.4,35127.33,0,0,83,1027.4,911.2,10.4,-0.9,77,26858.12,188,59.648438,36.309315,986
12/10/2023,8,0,10.5,1018,35087.26,0,0,54,1018,904.2,16.6,0.2,41,29077.39,274,59.648438,36.309315,986
12/11/2023,8.2,0,22.5,1023.4,35050.14,0,0,62,1023.4,909.1,17.1,3.3,31,30396.18,213,59.648438,36.309315,986
12/12/2023,2.2,0,13.2,1027.9,35016.04,0,0,76,1027.9,910.9,6.4,-1.9,100,8063.34,151,59.648438,36.309315,986
12/13/2023,0.9,0,8.3,1020,34985.01,0,0,82,1020,903.3,6.9,-2.8,87,21935.95,192,59.648438,36.309315,986
12/14/2023,4.6,0.5,17.4,1013.9,34957.1,0.5,0,69,1013.9,899.3,11.9,-2.3,89,10800,281,59.648438,36.309315,986
12/15/2023,4.6,0,20.8,1023.1,34932.38,0,0,67,1023.1,907.5,9,0.1,82,13804.66,312,59.648438,36.309315,986
12/16/2023,4.3,0,8,1027.2,34910.89,0,0,67,1027.2,911,10.7,-1.1,0,30156.63,226,59.648438,36.309315,986
12/17/2023,5.9,0,15.6,1022.7,34892.69,0,0,52,1022.7,907.7,11.4,-1.6,0,30034.31,277,59.648438,36.309315,986
12/18/2023,6,0.8,19.2,1025.3,34877.83,0.8,0,65,1025.3,909.9,12.2,1.5,87,28974.88,152,59.648438,36.309315,986
12/19/2023,0.8,0.5,12.8,1031.3,34866.36,0.5,0,89,1031.3,913.3,3.4,-2,63,4383.89,199,59.648438,36.309315,986
12/20/2023,0.9,0,9.1,1032.3,34858.33,0,0,85,1032.3,914.1,6.5,-3.1,45,22914.32,165,59.648438,36.309315,986
12/21/2023,2.7,0,7.4,1023.3,34853.79,0,0,68,1023.3,906.9,10.3,-3.5,24,29392.09,275,59.648438,36.309315,986
12/22/2023,4.9,0,16.1,1015.4,34852.79,0,0,50,1015.4,900.8,10.9,-2,5,30103.38,285,59.648438,36.309315,986
12/23/2023,7.8,1.2,20,1012.1,34855.36,1.2,0,54,1012.1,898.9,13.9,0.2,59,22196.69,350,59.648438,36.309315,986
12/24/2023,9,0,13.5,1013.5,34861.55,0,0,63,1013.5,900.6,17.8,1.7,2,29796.61,31,59.648438,36.309315,986
12/25/2023,10.3,0,14.3,1015.7,34871.43,0,0,57,1015.7,903,20,2.7,31,29799.92,116,59.648438,36.309315,986
12/26/2023,6.6,0,14.2,1021.8,34884.92,0,0,63,1021.8,907.1,14.3,2.5,25,29528.62,312,59.648438,36.309315,986
12/27/2023,6.6,0,11,1025.7,34901.98,0,0,53,1025.7,910.6,15,0.5,1,30128.66,297,59.648438,36.309315,986
12/28/2023,10.2,0.5,14.5,1017.1,34922.54,0.5,0,42,1017.1,904.3,18.4,1.5,60,27791.62,292,59.648438,36.309315,986
12/29/2023,1.8,0.2,19.9,1033.2,34946.53,0.2,0,78,1033.2,915.3,7.1,-1.8,92,0,153,59.648438,36.309315,986
12/30/2023,2.3,0,10.7,1027.7,34973.9,0,0,71,1027.7,910.7,9.8,-4,1,30289.61,280,59.648438,36.309315,986
12/31/2023,5.3,0,10.5,1020.4,35004.57,0,0,39,1020.4,905.3,13.2,-2.2,0,30542.86,285,59.648438,36.309315,986
1/1/2024,7.3,0,13.9,1021.4,35038.47,0,0,50,1021.4,907,14.1,1.1,70,29571.22,239,59.648438,36.309315,986
1/2/2024,4.1,0,10,1024.7,35075.55,0,0,69,1024.7,908.7,9.8,-0.9,8,30388.3,179,59.648438,36.309315,986
1/3/2024,5.4,0,13.1,1014.3,35115.72,0,0,55,1014.3,900,12.2,-2.2,71,30216.52,278,59.648438,36.309315,986
1/4/2024,7.3,0.1,11.7,1016.2,35158.93,0.1,0,56,1016.2,902.3,14.1,1,34,19562.08,287,59.648438,36.309315,986
1/5/2024,6.5,0,10.6,1015.4,35205.09,0,0,52,1015.4,901.4,15.2,0.4,42,31013.95,310,59.648438,36.309315,986
1/6/2024,7.8,2,22.7,1015.2,35254.14,2,0,52,1015.2,901.7,14.6,0.4,61,28803.89,319,59.648438,36.309315,986
1/7/2024,2.6,5,18.5,1026.5,35306.01,4.8,0.14,86,1026.5,909.7,6.8,-2.9,70,15050.34,345,59.648438,36.309315,986
1/8/2024,4.9,0,15.6,1021.2,35360.62,0,0,47,1021.2,905.9,12.4,-4,15,31215.57,286,59.648438,36.309315,986
1/9/2024,8.1,0,17.5,1017.3,35417.9,0,0,35,1017.3,903.7,16.2,1.8,53,30903.81,290,59.648438,36.309315,986
1/10/2024,6,0,16.1,1015.3,35477.78,0,0,51,1015.3,901.1,15.6,0,48,31330.79,7,59.648438,36.309315,986
1/11/2024,4.8,0,18.8,1020.4,35540.19,0,0,67,1020.4,905.2,9.9,0.6,85,29664.31,158,59.648438,36.309315,986
1/12/2024,5.3,0,12.2,1010.1,35605.05,0,0,67,1010.1,896.2,14,-1.5,78,27515.24,316,59.648438,36.309315,986
1/13/2024,7.6,0,12.7,1010.9,35672.44,0,0,55,1010.9,897.8,15.8,0.7,35,31413.83,24,59.648438,36.309315,986
1/14/2024,4.9,0,20,1017,35743.1,0,0,74,1017,902.1,11.9,-0.6,71,29949.24,117,59.648438,36.309315,986
1/15/2024,1.9,0,19.2,1022.8,35817.04,0,0,79,1022.8,906.2,7.9,-1.8,39,26860.89,167,59.648438,36.309315,986
1/16/2024,2.4,0,17.2,1023.4,35894.11,0,0,82,1023.4,906.9,10.6,-2.6,46,29682.11,162,59.648438,36.309315,986
1/17/2024,5,0,12.4,1019,35974.16,0,0,58,1019,904,13.8,-2.8,56,27223.19,285,59.648438,36.309315,986
1/18/2024,6.1,0,12.3,1023.2,36057.04,0,0,55,1023.2,908.1,13.7,-0.4,79,26562.89,291,59.648438,36.309315,986
1/19/2024,1.9,0,8.4,1028.5,36142.6,0,0,81,1028.5,911.2,7.3,-2.7,38,20558.69,140,59.648438,36.309315,986
1/20/2024,3.7,0,9.8,1023.9,36230.72,0,0,59,1023.9,907.8,12.5,-3.7,16,31958.81,287,59.648438,36.309315,986
1/21/2024,6.2,0,11.3,1019.1,36321.24,0,0,35,1019.1,904.5,14.2,-1.2,88,25200,277,59.648438,36.309315,986
1/22/2024,6.9,0,11.1,1022.8,36414.03,0,0,40,1022.8,908.1,14.7,-0.2,33,32412.81,243,59.648438,36.309315,986
1/23/2024,3.6,0,14.8,1027,36508.93,0,0,78,1027,910.5,9.3,-0.6,43,32377.66,167,59.648438,36.309315,986
1/24/2024,2,2.4,9.5,1020.9,36605.84,2.2,0.14,92,1020.9,904.5,5.8,-0.5,78,19675.29,213,59.648438,36.309315,986
1/25/2024,0.3,2.5,15.7,1024.6,36704.59,1,1.05,91,1024.6,907.1,2,-3,100,0,173,59.648438,36.309315,986
1/26/2024,2.7,0,10.5,1020.5,36805.06,0,0,82,1020.5,904.4,10.6,-3.8,89,23492.52,248,59.648438,36.309315,986
1/27/2024,6.9,1,9.6,1012.1,36907.13,1,0,73,1012.1,898.6,13.8,1.8,71,26875.66,320,59.648438,36.309315,986
1/28/2024,6.7,6.9,21.3,1013,37010.66,6.9,0,77,1013,899.3,13,3.9,75,30847.21,302,59.648438,36.309315,986
1/29/2024,2.9,1.4,14.2,1025.3,37115.52,1.4,0,86,1025.3,908.8,5.8,0.6,99,2432.73,190,59.648438,36.309315,986
1/30/2024,1.8,0,13.9,1029.3,37221.61,0,0,84,1029.3,911.9,6.6,-3.7,64,28983.3,158,59.648438,36.309315,986
1/31/2024,0.4,0,10.7,1030.4,37328.78,0,0,72,1030.4,912.3,6.8,-4.1,45,32275.57,255,59.648438,36.309315,986
2/1/2024,-0.9,0,9.5,1027.7,37436.91,0,0,77,1027.7,909.4,5.1,-5.8,30,31295.2,200,59.648438,36.309315,986
2/2/2024,-0.9,6.9,23,1016.2,37546.11,0,4.83,85,1016.2,899.2,2.2,-4.1,100,4855.86,260,59.648438,36.309315,986
2/3/2024,-1.1,0.1,26.2,1020.2,37657.46,0,0.07,67,1020.2,902.6,4.8,-7,61,28800,302,59.648438,36.309315,986
2/4/2024,-2.4,0,15.3,1022.9,37771,0,0,73,1022.9,904.6,2,-9.8,25,33655.09,279,59.648438,36.309315,986
2/5/2024,1.1,0,12.8,1018.1,37886.59,0,0,66,1018.1,901.7,7.4,-3.7,11,34061.39,293,59.648438,36.309315,986
2/6/2024,3.8,0.3,15.8,1012.8,38004.08,0.3,0,66,1012.8,898,10.9,-1.4,70,30132.66,21,59.648438,36.309315,986
2/7/2024,4.3,0,13,1020.6,38123.33,0,0,67,1020.6,905.2,12.4,-2.2,19,34359.19,348,59.648438,36.309315,986
2/8/2024,5.6,0,10.6,1020.7,38244.19,0,0,58,1020.7,905.7,14.4,-0.7,6,34373.5,317,59.648438,36.309315,986
2/9/2024,7.2,0,13.1,1018.7,38366.53,0,0,52,1018.7,904.6,15.4,-0.1,4,34648.23,296,59.648438,36.309315,986
2/10/2024,8,0,11.4,1020.7,38490.2,0,0,48,1020.7,906.7,16.2,0.5,60,34542.52,299,59.648438,36.309315,986
2/11/2024,8.9,0,7.9,1022.7,38615.07,0,0,46,1022.7,908.7,16.6,1.4,70,34264.8,311,59.648438,36.309315,986
2/12/2024,8.6,0,10.8,1023.1,38741.01,0,0,50,1023.1,909,17,0.3,1,34844.97,277,59.648438,36.309315,986
2/13/2024,9.7,0,11.6,1020.3,38867.89,0,0,43,1020.3,906.9,17.8,1.3,1,34912.92,289,59.648438,36.309315,986
2/14/2024,10.8,0,11.5,1017.7,38995.58,0,0,39,1017.7,905,20.9,3.7,41,34981.9,302,59.648438,36.309315,986
2/15/2024,11.2,0,11,1017,39123.96,0,0,42,1017,904.6,21.1,3,46,35051.82,334,59.648438,36.309315,986
2/16/2024,9.1,1,20.6,1019.1,39252.9,1,0,62,1019.1,905.6,16.8,2,98,5994.26,160,59.648438,36.309315,986
2/17/2024,4,1.6,20.4,1017.1,39382.28,1.2,0.28,82,1017.1,901.9,11.8,0.2,79,25200,146,59.648438,36.309315,986
2/18/2024,1.1,2.3,17.9,1019.4,39511.98,1.2,0.77,88,1019.4,902.8,3.6,-2,93,4044.83,133,59.648438,36.309315,986
2/19/2024,-0.2,0,18.4,1023.7,39641.89,0,0,74,1023.7,906.1,5.8,-4,80,21810.23,157,59.648438,36.309315,986
2/20/2024,0.5,0,16.3,1025.6,39771.88,0,0,72,1025.6,908,6.9,-4.3,40,32826.25,152,59.648438,36.309315,986
2/21/2024,2,0,14,1026.2,39901.85,0,0,71,1026.2,909.2,8.8,-3.5,23,32544.8,138,59.648438,36.309315,986
2/22/2024,3,0,14.5,1026,40031.88,0,0,69,1026,909.4,10.1,-3.2,9,35698.02,206,59.648438,36.309315,986
2/23/2024,4.1,0,13.2,1024.7,40163.08,0,0,68,1024.7,908.6,11.8,-2.6,32,34582.15,184,59.648438,36.309315,986
2/24/2024,4.6,4.6,16.4,1025.3,40295.54,4.5,0.07,75,1025.3,909.4,10.9,-1.4,78,35711.88,146,59.648438,36.309315,986
2/25/2024,-1.4,4.3,16.9,1028.4,40429.13,0.1,2.94,82,1028.4,909.8,1.1,-5.2,100,0,154,59.648438,36.309315,986
2/26/2024,-4.5,4.2,17,1030.9,40563.75,0.1,2.87,73,1030.9,910.8,-2.3,-6.3,99,3600,148,59.648438,36.309315,986
2/27/2024,-3.5,0.2,10.4,1031.6,40699.29,0,0.14,66,1031.6,911.8,1,-6.3,84,36042.82,166,59.648438,36.309315,986
2/28/2024,-2.2,1.8,12.2,1029.9,40835.63,0,1.33,68,1029.9,910.8,2.7,-6.8,98,32192.53,162,59.648438,36.309315,986
2/29/2024,-3,6.1,16.2,1028.8,40972.67,0,4.27,79,1028.8,909.5,-1.4,-4,100,0,163,59.648438,36.309315,986
3/1/2024,-1.9,1.4,14.3,1028.2,41110.3,0.1,0.98,73,1028.2,909.5,1.9,-5.2,99,9151.25,2,59.648438,36.309315,986
3/2/2024,-2,0,12.2,1025.9,41248.41,0,0,71,1025.9,907.4,4.2,-5.9,35,35342.89,84,59.648438,36.309315,986
3/3/2024,-0.3,0,11,1022.4,41386.9,0,0,68,1022.4,904.9,6.4,-6.2,9,37059.02,117,59.648438,36.309315,986
3/4/2024,2.6,0,11.3,1019.2,41525.67,0,0,65,1019.2,903.3,10.1,-4.1,81,35416.96,149,59.648438,36.309315,986
3/5/2024,2.1,6,6.8,1019.5,41664.62,6,0,89,1019.5,903.3,5.7,-1.6,100,290.15,272,59.648438,36.309315,986
3/6/2024,4.4,0,7.9,1018.4,41803.64,0,0,72,1018.4,903.2,11.2,-0.4,51,30132.95,323,59.648438,36.309315,986
3/7/2024,6.7,0,7.7,1015.4,41942.64,0,0,66,1015.4,901.4,15.1,-1.1,20,37201.43,346,59.648438,36.309315,986
3/8/2024,9.4,0,13.3,1013.6,42081.52,0,0,62,1013.6,900.9,17.8,2.4,61,36516.14,273,59.648438,36.309315,986
3/9/2024,7.5,0.6,16,1016.4,42220.17,0.6,0,85,1016.4,902.6,11.8,4.8,91,12443.29,150,59.648438,36.309315,986
3/10/2024,9.5,0,12.8,1017,42358.5,0,0,82,1017,904,15.2,5.1,70,28250.71,158,59.648438,36.309315,986
3/11/2024,10.9,6.1,23.9,1017.5,42496.41,5.9,0.14,69,1017.5,904.9,19.2,4.1,73,36776.41,152,59.648438,36.309315,986
3/12/2024,4.3,14.9,15.8,1026.1,42633.8,14.3,0.42,90,1026.1,910.1,5.7,2.2,92,1042.08,152,59.648438,36.309315,986
3/13/2024,5.6,0.2,7.6,1025.6,42770.77,0.2,0,73,1025.6,910.1,11.6,0.9,30,33749.01,281,59.648438,36.309315,986
3/14/2024,6.1,0,19.5,1028.9,42908.31,0,0,73,1028.9,913.2,11.4,0.2,62,38078.61,148,59.648438,36.309315,986
3/15/2024,8.7,0,10.9,1022.3,43046.52,0,0,75,1022.3,908.3,16.9,1.5,75,34964.2,195,59.648438,36.309315,986
3/16/2024,11.5,0.2,15,1015.8,43185.32,0.2,0,73,1015.8,903.6,18.8,3.4,79,32222.53,275,59.648438,36.309315,986
3/17/2024,12.6,0.4,24,1017.6,43324.61,0.4,0,70,1017.6,905.6,19.4,7.3,25,38244.62,158,59.648438,36.309315,986
3/18/2024,12.5,0,16.6,1019.5,43464.3,0,0,72,1019.5,907.2,18.8,6.8,51,37336.46,160,59.648438,36.309315,986
3/19/2024,18.6,0,27.8,1008.6,43604.31,0,0,48,1008.6,899.7,28.6,6.5,83,36105.39,194,59.648438,36.309315,986
3/20/2024,14.7,1.1,21.3,1007.7,43744.54,1.1,0,66,1007.7,897.5,22.2,6.4,40,34967.55,284,59.648438,36.309315,986
3/21/2024,11.7,0,17.7,1016.2,43884.91,0,0,64,1016.2,904,18.5,6.2,24,38735.92,281,59.648438,36.309315,986
3/22/2024,11.9,0,12.6,1014.9,44025.34,0,0,68,1014.9,903,18.1,6.9,78,37164.29,152,59.648438,36.309315,986
3/23/2024,15.2,0.3,9.7,1010.1,44165.72,0.3,0,51,1010.1,899.9,22.4,8.1,36,36418.83,257,59.648438,36.309315,986
3/24/2024,16.4,0,14.3,1013,44305.98,0,0,48,1013,902.9,25,7.2,52,36913.9,17,59.648438,36.309315,986
3/25/2024,19.3,0,25.4,1006,44446.02,0,0,42,1006,897.7,25.4,13,94,12752.63,179,59.648438,36.309315,986
3/26/2024,15.9,0,21.4,1008.2,44585.75,0,0,42,1008.2,898.4,22.1,6.1,17,37567.68,217,59.648438,36.309315,986
3/27/2024,14.5,0,24.1,1013.1,44725.09,0,0,36,1013.1,902.2,22.6,5.7,26,40741.57,260,59.648438,36.309315,986
3/28/2024,8.8,1.1,16.3,1021.4,44863.95,1.1,0,63,1021.4,907.6,14.2,5.6,100,22407.45,151,59.648438,36.309315,986
3/29/2024,9.3,0,18.2,1020.8,45002.22,0,0,45,1020.8,907.3,15.1,4.2,54,36378.17,102,59.648438,36.309315,986
3/30/2024,10.6,0,9.9,1021.8,45139.82,0,0,37,1021.8,908.6,18,3.7,6,41348.3,147,59.648438,36.309315,986
3/31/2024,13.5,0,18.1,1019.8,45276.65,0,0,36,1019.8,907.9,21.4,4.5,68,38672.36,343,59.648438,36.309315,986
4/1/2024,8.8,10.8,21.4,1021.5,45412.62,10.8,0,70,1021.5,907.6,16.6,4.4,57,30673.55,290,59.648438,36.309315,986
4/2/2024,8.7,0.6,10.5,1021.8,45547.81,0.6,0,62,1021.8,907.9,13.6,4,29,39355.91,94,59.648438,36.309315,986
4/3/2024,10.5,0,13.9,1017.5,45683.17,0,0,53,1017.5,904.7,17.6,3,4,42175.89,112,59.648438,36.309315,986
4/4/2024,14.7,0,15.3,1013.5,45818.77,0,0,37,1013.5,902.7,23.1,4.8,19,41387.64,305,59.648438,36.309315,986
4/5/2024,14.9,0,22.3,1015.2,45954.55,0,0,45,1015.2,904.3,24.1,8.1,55,42677.59,142,59.648438,36.309315,986
4/6/2024,15,0,19.2,1017.5,46090.4,0,0,48,1017.5,906.3,23,8.1,6,42690.04,132,59.648438,36.309315,986
4/7/2024,16.7,0,17.4,1016.4,46226.25,0,0,36,1016.4,906,25,7.9,57,37775.94,146,59.648438,36.309315,986
4/8/2024,16.2,0.2,23.1,1017.2,46362.01,0.2,0,41,1017.2,906.5,22.5,10.6,93,22041.5,147,59.648438,36.309315,986
4/9/2024,15,0,17.7,1022,46497.57,0,0,50,1022,910.4,20.6,9.2,18,42719.96,114,59.648438,36.309315,986
4/10/2024,15.7,0,16.6,1016.5,46632.86,0,0,46,1016.5,905.7,23.4,7.5,29,43200,134,59.648438,36.309315,986
4/11/2024,16.4,0.4,15.5,1010,46767.79,0.4,0,50,1010,900.2,22.4,8.9,56,35558.47,354,59.648438,36.309315,986
4/12/2024,11,8.3,14.7,1013,46902.25,8.3,0,79,1013,901,13.8,9.1,100,0,231,59.648438,36.309315,986
4/13/2024,10.6,7,16.8,1014.3,47036.15,7,0,78,1014.3,901.9,14.2,8.4,98,11869.91,118,59.648438,36.309315,986
4/14/2024,8.8,3.3,12.4,1016.1,47169.4,3.3,0,85,1016.1,902.9,10.6,6.8,95,0,158,59.648438,36.309315,986
4/15/2024,11.5,0,13,1020,47301.9,0,0,72,1020,907.4,17,6.8,21,43185.62,94,59.648438,36.309315,986
4/16/2024,13,0,15.9,1021.7,47433.54,0,0,67,1021.7,909.4,19.4,6.3,88,38592.62,126,59.648438,36.309315,986
4/17/2024,13,0,14.7,1017.4,47564.23,0,0,61,1017.4,905.6,17.6,7.4,99,29516.72,49,59.648438,36.309315,986
4/18/2024,15.3,0,17.8,1012.1,47693.86,0,0,45,1012.1,901.7,22.5,9.4,68,39600,330,59.648438,36.309315,986
4/19/2024,16.4,0,13.8,1009.1,47822.33,0,0,37,1009.1,899.4,23.7,8.2,23,43200,351,59.648438,36.309315,986
4/20/2024,17.5,0,11.8,1010.6,47949.53,0,0,38,1010.6,901.1,25,8.6,3,43200,287,59.648438,36.309315,986
4/21/2024,18.5,0.1,13.8,1010.3,48075.34,0.1,0,43,1010.3,901.2,26.5,10.1,19,43200,294,59.648438,36.309315,986
4/22/2024,19.6,0.7,18.4,1013.1,48199.83,0.7,0,43,1013.1,904,26.9,12.2,61,37092.83,303,59.648438,36.309315,986
4/23/2024,19.2,0,22.3,1014.2,48323.91,0,0,39,1014.2,905,27,13,55,42561.79,22,59.648438,36.309315,986
4/24/2024,16.9,16,23.2,1015.3,48447.66,16,0,61,1015.3,905.1,23.2,10.9,90,25200,66,59.648438,36.309315,986
4/25/2024,14.2,3.4,11.2,1017.8,48570.99,3.4,0,77,1017.8,906.4,17.5,11.9,99,2617.25,136,59.648438,36.309315,986
4/26/2024,13.2,0.9,10.2,1016.6,48693.8,0.9,0,72,1016.6,904.9,17.9,8,60,17434.1,291,59.648438,36.309315,986
4/27/2024,14.5,0.3,17.2,1018.2,48816,0.3,0,49,1018.2,906.8,20.9,7.1,24,43200,344,59.648438,36.309315,986
4/28/2024,12.5,0,16.7,1021.3,48937.48,0,0,38,1021.3,908.9,20,5.1,2,43200,144,59.648438,36.309315,986
4/29/2024,12,0,16.1,1022.3,49058.14,0,0,30,1022.3,909.5,18.8,4.6,0,43200,142,59.648438,36.309315,986
4/30/2024,14.4,0,9.2,1019.8,49177.89,0,0,31,1019.8,908.2,22.8,4.7,17,43200,134,59.648438,36.309315,986
5/1/2024,16.4,0,14.1,1015,49296.62,0,0,34,1015,904.6,24.2,6.4,94,42867.57,139,59.648438,36.309315,986
5/2/2024,16.1,0.6,12.2,1007.7,49414.21,0.6,0,48,1007.7,898,20.5,9.9,100,8924.53,287,59.648438,36.309315,986
5/3/2024,16.7,0.2,10.9,1003.3,49530.57,0.2,0,69,1003.3,894.3,22.2,12.1,72,21921.43,297,59.648438,36.309315,986
5/4/2024,17.2,0.7,11.4,1004.3,49645.57,0.7,0,64,1004.3,895.4,24,10.8,38,30813.05,310,59.648438,36.309315,986
5/5/2024,18.8,0.1,21.3,1009.7,49759.12,0.1,0,58,1009.7,900.8,26.9,9.5,6,43200,344,59.648438,36.309315,986
5/6/2024,22.7,0,18.2,1010.4,49871.08,0,0,42,1010.4,902.7,31.2,11.9,60,37989.15,275,59.648438,36.309315,986
5/7/2024,23.7,0.2,18.5,1009.1,49981.35,0.2,0,37,1009.1,901.9,31.3,15.9,56,41386.52,279,59.648438,36.309315,986
5/8/2024,22.1,7.6,18,1009.9,50089.81,7.6,0,54,1009.9,902.1,32,14.4,58,43246.46,154,59.648438,36.309315,986
5/9/2024,14.4,22.7,17.7,1015.7,50196.33,22.7,0,81,1015.7,904.6,18.4,10.5,100,4933.67,138,59.648438,36.309315,986
5/10/2024,12.9,6.4,12.5,1019.9,50300.78,6.4,0,76,1019.9,907.8,17.9,8.3,51,24734.86,140,59.648438,36.309315,986
5/11/2024,15.1,0,15.3,1020.7,50403.05,0,0,68,1020.7,909.3,21.9,8.1,3,43350.42,142,59.648438,36.309315,986
5/12/2024,18.5,0,12.4,1013.5,50503.16,0,0,58,1013.5,904,26.9,9.4,10,43536.3,322,59.648438,36.309315,986
5/13/2024,23,0,10.9,1007.4,50601.91,0,0,45,1007.4,900.1,31.9,13.4,68,41941.9,57,59.648438,36.309315,986
5/14/2024,22.2,0.4,16.7,1009.1,50699.36,0.4,0,56,1009.1,901.5,28.9,17,92,36921.36,141,59.648438,36.309315,986
5/15/2024,20,0.6,16.8,1015.2,50795.42,0.6,0,70,1015.2,906.1,24.5,15.8,73,30924.1,144,59.648438,36.309315,986
5/16/2024,18.8,1.3,15.5,1016.6,50890.01,1.3,0,77,1016.6,906.9,23.9,14.9,80,30988.36,157,59.648438,36.309315,986
5/17/2024,17,1.6,16.2,1012.5,50983.02,1.6,0,80,1012.5,902.6,22.6,11.6,46,31963.6,261,59.648438,36.309315,986
5/18/2024,14.2,28.2,19.8,1014.6,51074.36,28.2,0,84,1014.6,903.5,19.5,9.2,92,6611.74,134,59.648438,36.309315,986
5/19/2024,11.9,0.8,16.6,1019.4,51163.92,0.8,0,75,1019.4,907,15.4,8.9,99,10249.02,140,59.648438,36.309315,986
5/20/2024,14.6,0,19.1,1017.2,51251.62,0,0,70,1017.2,906,20.1,9.2,18,43991.71,142,59.648438,36.309315,986
5/21/2024,16.4,0,16.6,1017.2,51337.35,0,0,60,1017.2,906.6,23,10.9,53,43200,140,59.648438,36.309315,986
5/22/2024,16,0,15.9,1016.9,51421.02,0,0,59,1016.9,906.2,21.2,10.6,39,43965.54,125,59.648438,36.309315,986
5/23/2024,17.6,0.6,13.5,1012.3,51502.5,0.6,0,60,1012.3,902.7,24.6,9.9,33,40454,134,59.648438,36.309315,986
5/24/2024,17.3,0.2,16.3,1014.4,51581.72,0.2,0,71,1014.4,904.5,23.9,11.1,57,31597.63,126,59.648438,36.309315,986
5/25/2024,17.5,0,16.6,1019.2,51658.55,0,0,62,1019.2,908.9,22,13.1,78,14796.24,137,59.648438,36.309315,986
5/26/2024,17.6,0,17,1018.9,51732.9,0,0,53,1018.9,908.6,23.2,10.8,6,44538.95,113,59.648438,36.309315,986
5/27/2024,21.1,0,17.9,1013.7,51804.66,0,0,41,1013.7,905.1,29.9,11.1,13,44688.45,122,59.648438,36.309315,986
5/28/2024,21.1,0,19.5,1016.1,51873.72,0,0,32,1016.1,907.3,27.4,14,14,44219.92,98,59.648438,36.309315,986
5/29/2024,21.3,0,14.9,1014.9,51939.97,0,0,32,1014.9,906.3,28,13.3,3,44985.66,68,59.648438,36.309315,986
5/30/2024,21.9,0,17,1015.8,52003.31,0,0,34,1015.8,907.3,29.2,13.3,0,45294.98,104,59.648438,36.309315,986
5/31/2024,22.6,0,18.3,1016.5,52063.63,0,0,28,1016.5,908.2,30.6,13.6,0,45294.2,93,59.648438,36.309315,986
6/1/2024,23.4,0,13.3,1013.4,52120.91,0,0,23,1013.4,905.6,31.5,13.9,0,45608.48,100,59.648438,36.309315,986
6/2/2024,24.5,0,21.3,1011.4,52175.65,0,0,22,1011.4,904.2,32.9,15.2,2,45608.98,53,59.648438,36.309315,986
6/3/2024,23.2,0,21.1,1014.2,52227.88,0,0,34,1014.2,906.4,30,16.5,0,45609.29,28,59.648438,36.309315,986
6/4/2024,23.2,0,19,1014.2,52277.57,0,0,37,1014.2,906.3,29.5,16.5,16,44970.32,48,59.648438,36.309315,986
6/5/2024,22.2,0.4,17.9,1014.4,52324.66,0.4,0,40,1014.4,906.1,28,16.5,27,41367.03,340,59.648438,36.309315,986
6/6/2024,23.5,0,14.4,1014.3,52369.11,0,0,21,1014.3,906.5,30.1,15.6,0,45932.21,12,59.648438,36.309315,986
6/7/2024,24.4,0,15.4,1012.2,52410.86,0,0,16,1012.2,904.9,32,15.6,0,46418.17,4,59.648438,36.309315,986
6/8/2024,25.9,0,19.5,1009.9,52449.88,0,0,19,1009.9,903.3,33.2,16,2,46094.2,347,59.648438,36.309315,986
6/9/2024,27.3,0,15.6,1010,52486.12,0,0,18,1010,904,34.5,18.5,0,46261.49,12,59.648438,36.309315,986
6/10/2024,28.5,0,17,1010,52519.53,0,0,17,1010,904.3,36.2,18.7,0,46263.29,4,59.648438,36.309315,986
6/11/2024,29.6,0,20.1,1009.7,52550.08,0,0,19,1009.7,904.4,37.3,20.6,6,46264.84,19,59.648438,36.309315,986
6/12/2024,29.6,0,21.7,1009.5,52577.71,0,0,22,1009.5,904.2,37.4,21,38,40569.37,35,59.648438,36.309315,986
6/13/2024,28.6,0,21.3,1008.9,52602.39,0,0,23,1008.9,903.3,35.7,21,24,46105.45,55,59.648438,36.309315,986
6/14/2024,27,0,22.4,1008.4,52624.07,0,0,22,1008.4,902.4,33.2,20.6,27,45938.84,81,59.648438,36.309315,986
6/15/2024,27.1,0,17.7,1007.7,52642.73,0,0,24,1007.7,901.8,33,21.4,43,45770.95,93,59.648438,36.309315,986
6/16/2024,27.5,0,16.5,1008.4,52658.31,0,0,26,1008.4,902.5,34.7,20.4,13,42339.12,83,59.648438,36.309315,986
6/17/2024,28.3,0,19.1,1011.1,52670.78,0,0,25,1011.1,905.2,34.6,20,11,44044.19,7,59.648438,36.309315,986
6/18/2024,28.8,0,23.2,1011,52680.1,0,0,21,1011,905.3,35,21.5,28,41445.64,351,59.648438,36.309315,986
6/19/2024,29.4,0,23.5,1009.5,52686.25,0,0,20,1009.5,904.2,35.2,23,24,39001.32,343,59.648438,36.309315,986
6/20/2024,27.8,0,23,1008.7,52689.17,0,0,30,1008.7,902.9,33.2,21.8,9,45097.03,340,59.648438,36.309315,986
6/21/2024,27.9,0,20.1,1006.5,52688.86,0,0,30,1006.5,901,33.8,21.2,23,46108.48,346,59.648438,36.309315,986
6/22/2024,26.8,0,15.5,1006.9,52685.25,0,0,34,1006.9,901,33.5,21.1,21,40993.39,15,59.648438,36.309315,986
6/23/2024,26.8,0,18,1009.7,52678.4,0,0,37,1009.7,903.5,33,20.8,34,41646.43,106,59.648438,36.309315,986
6/24/2024,25.6,0,18.7,1010.4,52668.34,0,0,41,1010.4,903.7,32,20.2,9,46130.88,113,59.648438,36.309315,986
6/25/2024,27.1,0,17.4,1006.4,52655.12,0,0,29,1006.4,900.7,33.5,18.9,23,46473.72,85,59.648438,36.309315,986
6/26/2024,28.1,0,17.4,1003.5,52638.76,0,0,21,1003.5,898.3,34.3,19,0,46803.69,71,59.648438,36.309315,986
6/27/2024,28.3,0,23.1,1004.9,52619.34,0,0,29,1004.9,899.7,36.7,20.4,29,46289.68,81,59.648438,36.309315,986
6/28/2024,24.1,0,21.2,1009.3,52596.88,0,0,47,1009.3,902.3,28.7,19,38,43777.75,123,59.648438,36.309315,986
6/29/2024,23.7,0.4,19.4,1007.8,52571.43,0.4,0,39,1007.8,900.8,29.2,18.3,45,24962.3,137,59.648438,36.309315,986
6/30/2024,25.8,0,19.1,1009,52543.04,0,0,34,1009,902.6,31.6,19.6,6,46303.29,105,59.648438,36.309315,986
7/1/2024,25.2,0,19.2,1009.1,52511.77,0,0,32,1009.1,902.5,30.4,20.2,0,46319.29,107,59.648438,36.309315,986
7/2/2024,25.3,0,19.6,1006.3,52477.66,0,0,28,1006.3,899.9,31.3,18.8,1,46490.15,100,59.648438,36.309315,986
7/3/2024,25.2,0,20.5,1005.8,52440.75,0,0,20,1005.8,899.5,32.8,18.4,47,31633.56,135,59.648438,36.309315,986
7/4/2024,27.3,0,16.3,1006.5,52401.11,0,0,17,1006.5,900.8,34.8,19.5,34,40723.8,112,59.648438,36.309315,986
7/5/2024,28.3,0,20.6,1006.1,52358.79,0,0,19,1006.1,900.8,35,20.5,0,46657.85,43,59.648438,36.309315,986
7/6/2024,28,0,25.1,1005.4,52313.83,0,0,21,1005.4,900,35.5,20.5,0,46486.2,4,59.648438,36.309315,986
7/7/2024,26.9,0,22,1007.4,52266.3,0,0,21,1007.4,901.4,33.7,18.9,0,46484.3,42,59.648438,36.309315,986
7/8/2024,28.6,0,27.6,1008.3,52216.23,0,0,21,1008.3,902.8,35.3,19.9,8,44981.95,41,59.648438,36.309315,986
7/9/2024,29.2,0,24.1,1009.4,52163.7,0,0,26,1009.4,904,36,21.1,15,42620.52,72,59.648438,36.309315,986
7/10/2024,29.7,0,23.8,1010.6,52108.74,0,0,24,1010.6,905.2,37.5,24,8,43473.79,102,59.648438,36.309315,986
7/11/2024,28.8,0,24.7,1008.1,52051.32,0,0,21,1008.1,902.7,36.5,20.6,0,46016.24,47,59.648438,36.309315,986
7/12/2024,27.7,0.2,21.2,1005.8,51990.9,0.2,0,33,1005.8,900.3,34.3,22.2,25,40785.25,327,59.648438,36.309315,986
7/13/2024,26,0.7,15,1005,51927.5,0.7,0,46,1005,899,31,21.3,21,44590.63,11,59.648438,36.309315,986
7/14/2024,26.5,0,18.9,1005,51861.21,0,0,29,1005,899.2,35.2,18.4,6,45043.96,37,59.648438,36.309315,986
7/15/2024,24.5,0,20.5,1008.9,51792.16,0,0,25,1008.9,902,31,18.1,0,45705.64,103,59.648438,36.309315,986
7/16/2024,26,0,19.1,1009.4,51720.45,0,0,29,1009.4,902.9,32.7,18.1,0,45541.3,80,59.648438,36.309315,986
7/17/2024,27.5,0,28.5,1008.9,51646.18,0,0,28,1008.9,903,35.2,19.5,5,45078.75,79,59.648438,36.309315,986
7/18/2024,28.1,0,19.3,1007.3,51569.48,0,0,28,1007.3,901.8,33.5,21,36,40704.93,54,59.648438,36.309315,986
7/19/2024,27.3,0,22.5,1005.7,51490.45,0,0,28,1005.7,900.1,34.8,21.1,6,44628.58,124,59.648438,36.309315,986
7/20/2024,27.8,0,18,1005.4,51409.18,0,0,26,1005.4,900,33.8,19.9,0,45274.98,81,59.648438,36.309315,986
7/21/2024,28.2,0,20.3,1005.1,51325.79,0,0,23,1005.1,899.9,35.1,20.6,0,45117.39,81,59.648438,36.309315,986
7/22/2024,29.1,0,20,1005.6,51240.39,0,0,21,1005.6,900.6,35.3,21,1,44961.59,54,59.648438,36.309315,986
7/23/2024,29.6,0,20.2,1004.1,51153.07,0,0,27,1004.1,899.4,36,21.4,11,43896.8,66,59.648438,36.309315,986
7/24/2024,29.6,0,15.7,1000.8,51063.95,0,0,32,1000.8,896.4,36.1,21.5,5,44686.04,90,59.648438,36.309315,986
7/25/2024,30,0,20.7,1000.5,50973.11,0,0,31,1000.5,896.3,37.1,22.8,2,44536.64,69,59.648438,36.309315,986
7/26/2024,29.6,0,17.7,1004.2,50880.66,0,0,32,1004.2,899.5,35.2,23,0,44453.24,104,59.648438,36.309315,986
7/27/2024,31.3,0,19.6,1003.5,50786.7,0,0,28,1003.5,899.4,39.1,21.7,0,44451.98,99,59.648438,36.309315,986
7/28/2024,31.4,0,21.1,1005.1,50691.32,0,0,25,1005.1,900.8,38.4,24.1,0,44450.43,56,59.648438,36.309315,986
7/29/2024,29,0,26.2,1005.8,50594.62,0,0,32,1005.8,900.7,35.2,23,0,44299.86,41,59.648438,36.309315,986
7/30/2024,26.6,0,18,1007.7,50496.69,0,0,33,1007.7,901.7,32.2,21.6,1,44152.04,124,59.648438,36.309315,986
7/31/2024,29,0,15.5,1004.6,50397.47,0,0,25,1004.6,899.6,36.2,21.5,0,44298.13,117,59.648438,36.309315,986
8/1/2024,29.4,0,23.8,1006.4,50296.16,0,0,27,1006.4,901.4,36.2,21.2,7,44009.05,103,59.648438,36.309315,986
8/2/2024,28.4,0,20.1,1006.4,50192.71,0,0,33,1006.4,901.1,34.4,23,1,44010.7,97,59.648438,36.309315,986
8/3/2024,28.7,0,17.3,1005.4,50087.27,0,0,25,1005.4,900.3,34.5,22.8,0,44011.98,100,59.648438,36.309315,986
8/4/2024,28.7,0,18.4,1006.3,49979.95,0,0,21,1006.3,901,34.7,22,0,43874.62,113,59.648438,36.309315,986
8/5/2024,29.4,0,18.8,1006.6,49870.86,0,0,20,1006.6,901.6,35.9,20.5,0,43877.03,93,59.648438,36.309315,986
8/6/2024,28.8,0,16.5,1006.1,49760.13,0,0,20,1006.1,901,35.8,21.8,0,43878.98,118,59.648438,36.309315,986
8/7/2024,28.9,0,19.2,1005.3,49647.87,0,0,17,1005.3,900.3,36.7,19,0,43748.56,97,59.648438,36.309315,986
8/8/2024,30.6,0,19.8,1005.6,49534.19,0,0,16,1005.6,901,39.2,19.9,0,43622.16,114,59.648438,36.309315,986
8/9/2024,29.2,0,21.8,1009.9,49419.21,0,0,41,1009.9,904.4,36,23.5,0,43372.91,87,59.648438,36.309315,986
8/10/2024,28.8,0,17.8,1010,49303.03,0,0,32,1010,904.4,34.5,23,1,43382.37,115,59.648438,36.309315,986
8/11/2024,28.9,0,17.3,1008.4,49185.75,0,0,23,1008.4,903,35.2,22.3,0,43391.4,107,59.648438,36.309315,986
8/12/2024,29.2,0,16.3,1007.1,49067.49,0,0,21,1007.1,902,35.8,21,0,43280.73,103,59.648438,36.309315,986
8/13/2024,29.6,0,20.5,1008,48948.35,0,0,29,1008,902.9,36.4,23.1,21,37132.87,103,59.648438,36.309315,986
8/14/2024,29.6,0,18.6,1008.5,48828.42,0,0,34,1008.5,903.4,36.5,22.6,5,43200,118,59.648438,36.309315,986
8/15/2024,29.9,0,24,1008.9,48707.81,0,0,36,1008.9,903.8,36.2,23.6,3,43200,62,59.648438,36.309315,986
8/16/2024,27.3,0,19.2,1008.4,48586.62,0,0,39,1008.4,902.5,32,22.1,7,43200,110,59.648438,36.309315,986
8/17/2024,24.9,0,25.8,1011.4,48464.93,0,0,43,1011.4,904.4,31,19.1,9,43200,102,59.648438,36.309315,986
8/18/2024,22.8,0,20.6,1015.7,48342.84,0,0,44,1015.7,907.5,28.2,18.1,23,43200,114,59.648438,36.309315,986
8/19/2024,23.1,0,16.5,1013.3,48220.45,0,0,28,1013.3,905.4,29.4,16.2,8,43200,105,59.648438,36.309315,986
8/20/2024,22.9,0,25.3,1011.6,48097.68,0,0,20,1011.6,903.9,30.6,14.6,0,43200,111,59.648438,36.309315,986
8/21/2024,23.8,0,19.2,1012.5,47973.64,0,0,20,1012.5,905,31,15.9,0,43200,74,59.648438,36.309315,986
8/22/2024,24.8,0,14.5,1010.4,47848.29,0,0,23,1010.4,903.4,31.9,16.4,0,43200,113,59.648438,36.309315,986
8/23/2024,26,0,17.4,1009.9,47721.71,0,0,21,1009.9,903.4,33.5,17.7,0,43200,108,59.648438,36.309315,986
8/24/2024,27,0,18.9,1011.8,47594.02,0,0,20,1011.8,905.4,34.2,18.4,0,43200,49,59.648438,36.309315,986
8/25/2024,27.3,0,16.6,1011.1,47465.31,0,0,21,1011.1,904.9,34.8,19.2,0,43200,39,59.648438,36.309315,986
8/26/2024,28.1,0,19.3,1009.5,47335.69,0,0,22,1009.5,903.7,36,19.6,0,43200,97,59.648438,36.309315,986
8/27/2024,27.8,0,23.2,1009.5,47205.24,0,0,20,1009.5,903.6,36.3,20,7,43200,112,59.648438,36.309315,986
8/28/2024,25.1,0,25.3,1013.2,47074.08,0,0,21,1013.2,906.1,31.7,18.6,0,43200,67,59.648438,36.309315,986
8/29/2024,20.8,0,25.1,1015.5,46942.28,0,0,29,1015.5,906.7,27.2,13.5,0,43200,121,59.648438,36.309315,986
8/30/2024,20.6,0,18.1,1014.5,46809.94,0,0,29,1014.5,905.6,27.5,13,0,43200,89,59.648438,36.309315,986
8/31/2024,22.1,0,18.2,1013.4,46677.16,0,0,24,1013.4,905.2,29.9,13.2,0,43200,103,59.648438,36.309315,986
9/1/2024,23.2,0,21.8,1015.6,46544.01,0,0,23,1015.6,907.6,30.3,14.9,0,43200,29,59.648438,36.309315,986
9/2/2024,21.8,0,23.1,1018.2,46410.6,0,0,22,1018.2,909.4,28.5,15,0,43200,100,59.648438,36.309315,986
9/3/2024,20.6,0,13.5,1015.5,46276.99,0,0,16,1015.5,906.5,29.5,11.5,0,43200,123,59.648438,36.309315,986
9/4/2024,22.6,0,11.8,1011.6,46143.29,0,0,14,1011.6,903.8,32.5,10.4,0,43149.93,127,59.648438,36.309315,986
9/5/2024,24.3,0,16.4,1007.7,46009.57,0,0,13,1007.7,900.9,34.8,12.9,0,43019.24,116,59.648438,36.309315,986
9/6/2024,23.1,0,22.2,1013.3,45875.92,0,0,21,1013.3,905.5,31.3,15.8,0,42888.42,96,59.648438,36.309315,986
9/7/2024,19.8,0,17,1018.9,45742.42,0,0,26,1018.9,909.3,26.4,13.9,0,42757.56,136,59.648438,36.309315,986
9/8/2024,19.9,0,16.7,1018.8,45609.15,0,0,20,1018.8,909.3,27.1,13.4,0,42626.75,124,59.648438,36.309315,986
9/9/2024,18.7,0,18.4,1019,45476.04,0,0,20,1019,909.1,25.9,12.2,0,42495.84,126,59.648438,36.309315,986
9/10/2024,18.4,0,12.6,1017.2,45342.17,0,0,22,1017.2,907.3,26,10.7,0,42363.93,122,59.648438,36.309315,986
9/11/2024,19.7,0,14.3,1013.8,45207.49,0,0,22,1013.8,904.7,27.8,10.4,0,42231.04,134,59.648438,36.309315,986
9/12/2024,21.6,0,19,1011.4,45072.07,0,0,17,1011.4,903.2,30,12.4,0,42097.23,137,59.648438,36.309315,986
9/13/2024,21.4,0,19.3,1011,44936.01,0,0,19,1011,902.8,28.5,14.8,1,41855.48,110,59.648438,36.309315,986
9/14/2024,20.6,0,18,1010.1,44799.4,0,0,22,1010.1,901.7,27.4,13,20,41641.88,111,59.648438,36.309315,986
9/15/2024,20.4,0,11.9,1011,44662.31,0,0,28,1011,902.5,26.6,12.9,69,37095.39,68,59.648438,36.309315,986
9/16/2024,19,0,19.4,1013,44524.84,0,0,52,1013,903.8,26.1,13.6,30,39397.46,274,59.648438,36.309315,986
9/17/2024,19.5,0,17.1,1014.9,44387.07,0,0,45,1014.9,905.6,26.1,14,3,40733.49,121,59.648438,36.309315,986
9/18/2024,19,0,19,1015.8,44249.08,0,0,41,1015.8,906.3,25.9,12.1,8,40397.31,124,59.648438,36.309315,986
9/19/2024,18,0,17.4,1017.7,44110.96,0,0,43,1017.7,907.6,24.8,10.8,25,40206.27,129,59.648438,36.309315,986
9/20/2024,19,0,19.1,1016.5,43972.8,0,0,32,1016.5,906.9,25.3,12.7,1,40018.8,146,59.648438,36.309315,986
9/21/2024,20.8,0,17.8,1014.2,43834.66,0,0,28,1014.2,905.5,29,12.1,4,39835.16,159,59.648438,36.309315,986
9/22/2024,21.2,0,16.3,1016.4,43696.64,0,0,27,1016.4,907.6,28.4,15.1,0,39602.13,142,59.648438,36.309315,986
9/23/2024,23,0,16.2,1015.2,43558.82,0,0,26,1015.2,907.1,31.4,14.7,0,39465.46,146,59.648438,36.309315,986
9/24/2024,25.2,0,15,1011.2,43421.28,0,0,22,1011.2,904.3,35.3,14.4,0,39309.23,154,59.648438,36.309315,986
9/25/2024,23.8,0,21.6,1012.4,43284.11,0,0,45,1012.4,904.9,31.9,17.6,0,38794.71,70,59.648438,36.309315,986
9/26/2024,19.9,0,19,1016.3,43147.38,0,0,52,1016.3,907.1,26,15.9,56,28678.15,123,59.648438,36.309315,986
9/27/2024,16.7,0,23.9,1019.6,43011.18,0,0,37,1019.6,908.9,23,10.4,29,33781.33,128,59.648438,36.309315,986
9/28/2024,14.9,0,19,1019.4,42875.59,0,0,24,1019.4,908,21.8,9.2,60,37423.02,129,59.648438,36.309315,986
9/29/2024,11.9,0.1,14.8,1020.3,42740.53,0.1,0,37,1020.3,907.8,16.6,6.1,73,6266.09,137,59.648438,36.309315,986
9/30/2024,13.9,0,11.6,1017.4,42605.05,0,0,33,1017.4,905.9,21.5,5.7,3,37940.66,174,59.648438,36.309315,986
10/1/2024,18.2,0,8.9,1011.9,42469.05,0,0,28,1011.9,902.6,27,8.1,15,36000,305,59.648438,36.309315,986
10/2/2024,21.4,0,13.8,1010,42332.64,0,0,29,1010,901.9,31.3,11.9,0,37608.86,328,59.648438,36.309315,986
10/3/2024,23.9,0,19.4,1009.6,42195.91,0,0,27,1009.6,902.4,34.1,14.6,10,37467.55,64,59.648438,36.309315,986
10/4/2024,19.3,0,18.5,1014.2,42058.96,0,0,44,1014.2,905,26.5,14.2,18,37195.21,95,59.648438,36.309315,986
10/5/2024,18,0,19.6,1017,41921.86,0,0,48,1017,907,23.8,12.4,36,35130.18,122,59.648438,36.309315,986
10/6/2024,16.6,0,15.4,1021.7,41784.73,0,0,58,1021.7,910.7,20.2,13.9,87,17284.14,131,59.648438,36.309315,986
10/7/2024,16.7,0,11.7,1022.8,41647.64,0,0,52,1022.8,911.7,22.1,10.4,8,36799.91,120,59.648438,36.309315,986
10/8/2024,17.4,0,10.5,1018.4,41510.7,0,0,42,1018.4,908,25.5,9.7,2,36926.84,177,59.648438,36.309315,986
10/9/2024,19.3,0,17.9,1015,41374.01,0,0,33,1015,905.7,28.3,10.6,11,36800.23,342,59.648438,36.309315,986
10/10/2024,19,0,10,1012.7,41237.64,0,0,31,1012.7,903.4,27.7,10.1,0,36799.3,309,59.648438,36.309315,986
10/11/2024,20.1,0,22.6,1013.7,41101.73,0,0,37,1013.7,904.8,30.3,12.4,0,36797.59,168,59.648438,36.309315,986
10/12/2024,19,0,15.7,1014.7,40966.33,0,0,48,1014.7,905.3,26.5,12.1,5,36558.36,162,59.648438,36.309315,986
10/13/2024,17,0.1,19.1,1015.7,40831.58,0.1,0,48,1015.7,905.5,23.6,10.9,35,29040.06,149,59.648438,36.309315,986
10/14/2024,16.8,0,17.4,1015.8,40697.55,0,0,51,1015.8,905.5,25,9.1,6,36331.83,171,59.648438,36.309315,986
10/15/2024,14.4,0,17.9,1020.1,40564.37,0,0,62,1020.1,908.5,21.4,9.1,15,36312.1,143,59.648438,36.309315,986
10/16/2024,13.2,0,18.4,1021.5,40432.12,0,0,65,1021.5,909.3,19.8,7.8,7,36016.14,150,59.648438,36.309315,986
10/17/2024,15.9,0,17.6,1017.5,40300.92,0,0,53,1017.5,906.7,24.8,7.4,1,36050.34,172,59.648438,36.309315,986
10/18/2024,19.8,0,10.4,1013.2,40170.88,0,0,36,1013.2,904.2,29.6,10.2,1,35872.43,295,59.648438,36.309315,986
10/19/2024,21.9,0,13.4,1012.5,40041.9,0,0,25,1012.5,904.3,32,12.8,3,35801.66,340,59.648438,36.309315,986
10/20/2024,18.8,0,17.4,1014.1,39912.93,0,0,42,1014.1,904.7,27.8,10.8,11,35730.59,153,59.648438,36.309315,986
10/21/2024,13.9,0.1,19.5,1015.7,39783.9,0.1,0,63,1015.7,904.4,19.9,9.2,43,34132.22,152,59.648438,36.309315,986
10/22/2024,10.9,2.9,18.5,1020.5,39654.9,2.9,0,71,1020.5,907.6,15.2,8.4,88,23257.5,148,59.648438,36.309315,986
10/23/2024,9.4,0.3,16.3,1025.4,39526.05,0.3,0,77,1025.4,911.4,11.9,7.8,99,4171.46,152,59.648438,36.309315,986
10/24/2024,10.1,0.8,14.9,1023.4,39397.46,0.8,0,68,1023.4,909.8,14.1,7,60,28078.56,156,59.648438,36.309315,986
10/25/2024,7.2,16.7,24.2,1020.1,39269.25,16.7,0,84,1020.1,905.8,10.8,3.5,69,7841.56,290,59.648438,36.309315,986
10/26/2024,8.8,0,11.2,1022.3,39141.53,0,0,72,1022.3,908.4,14.4,2.3,72,28832.78,281,59.648438,36.309315,986
10/27/2024,11.1,0.6,18.5,1024.3,39014.43,0.6,0,68,1024.3,911,15.9,7.2,86,22680.74,154,59.648438,36.309315,986
10/28/2024,6.4,0.4,13,1026.9,38888.04,0.4,0,81,1026.9,911.5,10.1,2.3,78,10818.96,158,59.648438,36.309315,986
10/29/2024,6.5,0,12.2,1023.9,38762.52,0,0,77,1023.9,909,13.4,1.5,27,31315.53,203,59.648438,36.309315,986
10/30/2024,7.9,0,11.1,1023.9,38637.98,0,0,71,1023.9,909.5,15.4,1.6,39,31374.99,208,59.648438,36.309315,986
10/31/2024,9.5,0,10.9,1022.4,38514.54,0,0,63,1022.4,908.7,16.4,2.2,75,30118.77,211,59.648438,36.309315,986
11/1/2024,13.7,0,14.2,1021.8,38392.32,0,0,50,1021.8,909.7,22.5,5.8,56,32400,229,59.648438,36.309315,986
11/2/2024,13.7,0,9.4,1021.1,38271.48,0,0,50,1021.1,909.1,20.4,7.5,37,34246.82,273,59.648438,36.309315,986
11/3/2024,15.7,0,11.4,1015.1,38152.14,0,0,51,1015.1,904.5,24,8.9,29,34235.11,337,59.648438,36.309315,986
11/4/2024,14.8,0.3,27.9,1015.3,38034.43,0.3,0,64,1015.3,904.4,24.6,8.9,40,33536.19,97,59.648438,36.309315,986
11/5/2024,17.1,0.1,22.3,1012.9,37918.5,0.1,0,63,1012.9,903,27.5,8.7,53,33397.84,271,59.648438,36.309315,986
11/6/2024,7.2,0.6,20.5,1029.8,37804.47,0.6,0,78,1029.8,914.5,11.4,3.5,100,0,152,59.648438,36.309315,986
11/7/2024,7.7,0.1,17.1,1030.7,37692.51,0.1,0,75,1030.7,915.4,13.1,4.2,64,22346.66,149,59.648438,36.309315,986
11/8/2024,6.5,0,13.9,1031.2,37582.55,0,0,77,1031.2,915.4,11.4,3,40,29660.68,154,59.648438,36.309315,986
11/9/2024,6,0,12.6,1030.3,37473.51,0,0,75,1030.3,914.5,11.4,1.5,52,32605.57,177,59.648438,36.309315,986
11/10/2024,6.2,0,8.6,1028.5,37365.29,0,0,68,1028.5,912.9,13.1,0.9,1,33343.57,199,59.648438,36.309315,986
11/11/2024,8.8,0,10.3,1023.4,37258.03,0,0,65,1023.4,909.3,17.3,0.6,15,33272.98,245,59.648438,36.309315,986
11/12/2024,10.1,0,16,1020.8,37151.84,0,0,67,1020.8,907.5,17.3,4.5,83,25095.6,198,59.648438,36.309315,986
11/13/2024,5,1.7,15.4,1028.9,37046.86,1.7,0,85,1028.9,912.8,7.3,2.4,100,0,143,59.648438,36.309315,986
11/14/2024,2.9,0,8.1,1028.4,36943.2,0,0,84,1028.4,911.5,5.4,0.2,88,7422.51,145,59.648438,36.309315,986
11/15/2024,4.9,0,7.4,1022.7,36841,0,0,66,1022.7,907.2,12.6,-0.9,28,28383.58,291,59.648438,36.309315,986
11/16/2024,7.5,0,8.1,1016.7,36740.39,0,0,63,1016.7,902.9,13.9,0.9,11,32569.57,275,59.648438,36.309315,986
11/17/2024,9.8,0,9.9,1017.7,36641.51,0,0,63,1017.7,904.6,17.1,4.1,16,31947.53,251,59.648438,36.309315,986
11/18/2024,8.3,0,10,1018.8,36544.49,0,0,74,1018.8,905.1,14.9,3,14,32214.46,242,59.648438,36.309315,986
11/19/2024,8.8,7.2,10.8,1017.4,36449.46,7.2,0,82,1017.4,904,13.8,4.4,37,22227.32,286,59.648438,36.309315,986
11/20/2024,10.9,4.8,10.5,1020.2,36356.58,4.8,0,79,1020.2,907.3,17.5,5.7,71,26680.48,246,59.648438,36.309315,986
11/21/2024,9.6,0,10.5,1022.1,36265.97,0,0,85,1022.1,908.5,14.6,5.7,68,25002.02,161,59.648438,36.309315,986
11/22/2024,10.3,0.9,15.9,1021.9,36177.79,0.9,0,81,1021.9,908.6,17.4,5.8,54,25289.82,305,59.648438,36.309315,986
11/23/2024,9.9,0.1,9.8,1024.3,36092.18,0.1,0,83,1024.3,910.6,14.1,7.7,68,18982.05,133,59.648438,36.309315,986
11/24/2024,9,0,8.1,1017.1,36009.29,0,0,70,1017.1,903.8,14.8,5.3,26,23950.55,278,59.648438,36.309315,986
11/25/2024,9.8,0,10.7,1017.8,35929.25,0,0,50,1017.8,904.7,17.1,4.5,13,31665.92,272,59.648438,36.309315,986
11/26/2024,10.9,0,9.9,1018.3,35852.24,0,0,48,1018.3,905.5,19,3.2,0,31605.21,277,59.648438,36.309315,986
11/27/2024,13.2,0,10.4,1012.5,35778.39,0,0,50,1012.5,901.3,22.1,5.2,65,31269.21,316,59.648438,36.309315,986
11/28/2024,11.5,2,14.2,1013.8,35707.71,2,0,67,1013.8,901.8,20.2,5.9,71,28814.5,142,59.648438,36.309315,986
11/29/2024,5.7,0.3,17.5,1021.7,35639.36,0.3,0,72,1021.7,906.7,10.2,0.2,57,16805.55,200,59.648438,36.309315,986
11/30/2024,4.8,0,15.8,1026.7,35573.27,0,0,66,1026.7,910.7,10.6,-0.8,52,31094.77,255,59.648438,36.309315,986
12/1/2024,2.5,0,11.4,1029.7,35509.53,0,0,71,1029.7,912.6,4.3,1.2,86,7906.34,135,59.648438,36.309315,986
12/2/2024,2,0,8.7,1029.2,35448.22,0,0,69,1029.2,911.9,4.8,-0.6,80,24398.86,139,59.648438,36.309315,986
12/3/2024,0.5,0,9.1,1028.3,35389.43,0,0,77,1028.3,910.5,6.1,-3.7,30,28985.63,243,59.648438,36.309315,986
12/4/2024,2.2,0,10.1,1026.2,35333.24,0,0,71,1026.2,909.2,9,-3.3,25,31142.16,228,59.648438,36.309315,986
12/5/2024,2.7,0,12.4,1027.6,35279.73,0,0,73,1027.6,910.7,10,-3.1,27,30830.53,227,59.648438,36.309315,986
12/6/2024,2,0,13,1031.4,35229,0,0,83,1031.4,913.8,6.9,-1.5,66,25677.37,162,59.648438,36.309315,986
12/7/2024,2.1,0.3,14.8,1033.8,35181.12,0.3,0,79,1033.8,916,7.2,-1,73,25297.73,149,59.648438,36.309315,986
12/8/2024,-1.1,0,11.2,1037.4,35136.18,0,0,82,1037.4,917.9,1.9,-4.6,91,6933.46,143,59.648438,36.309315,986
12/9/2024,-0.8,0,10.7,1029,35094.27,0,0,73,1029,910.6,3.7,-5.2,91,10800,210,59.648438,36.309315,986
12/10/2024,0.8,0,14.1,1032.6,35055.46,0,0,74,1032.6,914.4,5,-3.3,92,18000,138,59.648438,36.309315,986
12/11/2024,1.3,0,7.9,1030.1,35019.84,0,0,59,1030.1,912.4,7.1,-3.4,4,30348.52,295,59.648438,36.309315,986
12/12/2024,4.6,0,15.1,1018.2,34987.5,0,0,37,1018.2,903.1,10.8,-2.3,26,30489.19,290,59.648438,36.309315,986
12/13/2024,7.1,0.1,8.6,1012.8,34958.51,0.1,0,45,1012.8,899.3,16.2,1.1,50,28639.04,234,59.648438,36.309315,986
12/14/2024,5.6,7.9,24.1,1015,34932.96,0.6,5.11,54,1015,900.7,13.2,-2,93,19471.31,327,59.648438,36.309315,986
12/15/2024,-7.3,6.1,15.6,1041.2,34910.91,0,4.27,90,1041.2,918.7,-2.7,-13.4,91,2863.31,153,59.648438,36.309315,986
12/16/2024,-8.7,0,11.1,1032.5,34892.46,0,0,69,1032.5,910.4,-4.4,-13.7,42,27041.4,270,59.648438,36.309315,986
12/17/2024,-3.2,0,15.8,1023.1,34877.68,0,0,68,1023.1,904.4,0.2,-7.2,70,19916.48,279,59.648438,36.309315,986
12/18/2024,-4.3,0,9.3,1020.8,34866.6,0,0,71,1020.8,901.9,-1.6,-7.9,0,30120.91,282,59.648438,36.309315,986
12/19/2024,-4.4,0,12.1,1022.6,34859.07,0,0,72,1022.6,903.4,0,-7.6,9,30116.35,279,59.648438,36.309315,986
12/20/2024,-3.1,0,11.3,1026.9,34855.03,0,0,78,1026.9,907.8,1.6,-7.1,39,29790.71,268,59.648438,36.309315,986
12/21/2024,-0.9,0,11.1,1023.8,34854.44,0,0,82,1023.8,906,2.7,-7,91,24491.5,181,59.648438,36.309315,986
12/22/2024,-0.7,0,9.5,1024.4,34857.29,0,0,87,1024.4,906.6,3.7,-3.7,32,24177.34,295,59.648438,36.309315,986
12/23/2024,2,0,9.3,1021.6,34863.54,0,0,57,1021.6,905.1,10.6,-4,0,30106.38,292,59.648438,36.309315,986
12/24/2024,1.9,0,7.6,1021.9,34873.15,0,0,50,1021.9,905.4,8.9,-3.3,59,29389.23,285,59.648438,36.309315,986
12/25/2024,3.3,0,13.9,1023.4,34886.11,0,0,54,1023.4,907.2,10.6,-0.9,49,29417.26,287,59.648438,36.309315,986
12/26/2024,2.9,0,11.8,1029,34902.35,0,0,63,1029,912,10.1,-1.7,2,30128.33,289,59.648438,36.309315,986
12/27/2024,2.3,0,10.5,1027.1,34921.86,0,0,65,1027.1,910.1,9.5,-3,13,30248.56,278,59.648438,36.309315,986
12/28/2024,3.8,0.5,9.9,1018.7,34944.6,0.5,0,52,1018.7,903.3,10.3,-1.5,20,29275.11,275,59.648438,36.309315,986
12/29/2024,4.2,0,8.5,1019.2,34970.52,0,0,64,1019.2,903.8,11.9,-0.6,8,30004.42,308,59.648438,36.309315,986
12/30/2024,4.5,0,14.2,1024.3,34999.59,0,0,79,1024.3,908.5,9.9,-0.9,59,30084.75,188,59.648438,36.309315,986
12/31/2024,3.9,2.9,7,1025.8,35031.75,2.9,0,89,1025.8,909.7,5.8,2.3,100,0,183,59.648438,36.309315,986
1/1/2025,2.8,0.5,10.4,1028.7,35066.98,0.5,0,85,1028.7,911.7,5.3,0.3,97,3867.09,133,59.648438,36.309315,986
1/2/2025,1.1,0.6,9.6,1032,35105.23,0.3,0.21,83,1032,914,4.6,-0.9,92,7355.34,170,59.648438,36.309315,986
1/3/2025,1.2,0,11.5,1027.6,35146.45,0,0,84,1027.6,910.1,4.9,-1.1,100,15891.74,119,59.648438,36.309315,986
1/4/2025,0.8,0,8,1021.5,35190.6,0,0,77,1021.5,904.6,6.7,-2.3,43,25504.09,263,59.648438,36.309315,986
1/5/2025,2.5,0,6.8,1022.9,35237.63,0,0,54,1022.9,906.5,9.1,-1.9,1,31089.14,285,59.648438,36.309315,986
1/6/2025,3.2,0,14.2,1024.5,35287.5,0,0,46,1024.5,908.2,7.9,-2.2,53,30774.38,276,59.648438,36.309315,986
1/7/2025,2.4,0,11.8,1034.9,35340.27,0,0,81,1034.9,917.1,6.2,0.4,99,15316.39,160,59.648438,36.309315,986
1/8/2025,0.9,0,10.3,1036.8,35396.53,0,0,83,1036.8,918.1,4.2,-2.5,88,10862.62,145,59.648438,36.309315,986
1/9/2025,1,0,12.3,1030.7,35456.28,0,0,79,1030.7,912.8,8.9,-3.3,86,28413.09,123,59.648438,36.309315,986
1/10/2025,1.2,0,7.1,1028.6,35519.37,0,0,66,1028.6,911,9.1,-4.2,34,30996.74,262,59.648438,36.309315,986
1/11/2025,1.6,0,9,1023.7,35585.68,0,0,39,1023.7,906.8,10.1,-4.7,0,31520.71,285,59.648438,36.309315,986
1/12/2025,5.3,0,11.7,1019.7,35655.06,0,0,39,1019.7,904.7,13.9,-2,0,31583.42,276,59.648438,36.309315,986
1/13/2025,5.1,0,11.5,1022.4,35727.4,0,0,53,1022.4,907,10.9,-0.6,91,23185.73,306,59.648438,36.309315,986
1/14/2025,4.1,0,9,1025,35802.54,0,0,68,1025,909,9.9,-0.4,83,23307.14,277,59.648438,36.309315,986
1/15/2025,4.9,0,9.4,1024,35880.38,0,0,62,1024,908.4,11.4,-1,54,30311.17,299,59.648438,36.309315,986
1/16/2025,4.1,0,11.5,1021.1,35960.76,0,0,72,1021.1,905.5,10.8,-0.6,42,31550.26,78,59.648438,36.309315,986
1/17/2025,1.1,3.1,9.7,1023.6,36043.57,2,0.77,94,1023.6,906.5,3,-1.3,91,0,139,59.648438,36.309315,986
1/18/2025,1.3,0,8.5,1022,36128.67,0,0,74,1022,905.2,6.3,-3,36,20807.63,245,59.648438,36.309315,986
1/19/2025,1.7,0,8.7,1016.7,36215.94,0,0,63,1016.7,900.7,8.7,-3.4,70,30833.24,342,59.648438,36.309315,986
1/20/2025,4.5,0,12.8,1016.9,36305.26,0,0,60,1016.9,902,11.2,-1.5,55,32015.67,313,59.648438,36.309315,986
1/21/2025,2,1.8,16.2,1025.6,36396.5,1.6,0.14,77,1025.6,908.7,4.1,-0.8,79,727.98,326,59.648438,36.309315,986
1/22/2025,1,0,11.1,1034.2,36489.54,0,0,66,1034.2,915.9,6.7,-3.1,21,32257.81,326,59.648438,36.309315,986
1/23/2025,0.5,0,10.7,1036.3,36584.25,0,0,83,1036.3,917.5,4.9,-2.3,70,18801.76,171,59.648438,36.309315,986
1/24/2025,1.6,0,9.9,1026.1,36680.52,0,0,56,1026.1,908.9,9.3,-4,57,26931.88,275,59.648438,36.309315,986
1/25/2025,4.4,0,9.4,1022,36778.24,0,0,48,1022,906.4,13.2,-1.5,49,32913.52,235,59.648438,36.309315,986
1/26/2025,3,0,12.7,1027.8,36877.29,0,0,75,1027.8,911,9.8,-2.5,3,32872.94,166,59.648438,36.309315,986
1/27/2025,1.4,0,12.1,1027.8,36977.74,0,0,79,1027.8,910.4,5.9,-3.5,96,12876.65,161,59.648438,36.309315,986
1/28/2025,0.8,1.7,12.3,1027,37080.65,0,1.19,80,1027,909.4,3.2,-0.9,99,8976.54,145,59.648438,36.309315,986
1/29/2025,1.7,0,14.2,1031.2,37186.05,0,0,72,1031.2,913.5,6.9,-0.9,48,32240.77,123,59.648438,36.309315,986
1/30/2025,1.4,0,12.9,1032.2,37293.79,0,0,69,1032.2,914.3,6.3,-2.4,61,32424.47,141,59.648438,36.309315,986
1/31/2025,1,0,12.4,1032,37403.7,0,0,71,1032,914,7.1,-3.2,17,32732.73,125,59.648438,36.309315,986
2/1/2025,1.4,0,13.2,1027.9,37515.64,0,0,68,1027.9,910.4,9.1,-4.4,18,33004.54,162,59.648438,36.309315,986
2/2/2025,1.4,0,12.4,1025.4,37629.48,0,0,70,1025.4,908.2,7.9,-4,47,33517.49,163,59.648438,36.309315,986
2/3/2025,1.2,0,13.4,1022.9,37745.04,0,0,73,1022.9,906,7.4,-3.2,36,32738.24,186,59.648438,36.309315,986
2/4/2025,2.2,0,9.2,1020.6,37862.21,0,0,59,1020.6,904.3,9.4,-4.2,5,34059.49,290,59.648438,36.309315,986
2/5/2025,4.2,0,8,1020.1,37980.82,0,0,44,1020.1,904.7,12.2,-2.5,25,34206.73,294,59.648438,36.309315,986
2/6/2025,5.2,0.3,9.9,1015,38100.75,0.3,0,61,1015,900.6,12.3,-2.5,76,33809.04,241,59.648438,36.309315,986
2/7/2025,6.8,2.3,17.5,1013.4,38221.86,1.9,0.28,66,1013.4,899.7,15.6,1.4,57,34232.54,184,59.648438,36.309315,986
2/8/2025,2,3.8,16.6,1023.2,38344.03,1.5,1.61,82,1023.2,906.5,5.2,-0.4,97,655.79,259,59.648438,36.309315,986
2/9/2025,-2.3,9.8,11.3,1024.6,38467.1,0.6,6.44,92,1024.6,906,-0.4,-4.3,100,0,148,59.648438,36.309315,986
2/10/2025,-5.7,0.4,10.6,1029,38590.96,0.1,0.28,86,1029,908.5,-2,-10.4,75,28006.98,245,59.648438,36.309315,986
2/11/2025,-7,0,10.1,1030.5,38715.49,0,0,80,1030.5,909.4,-1.2,-11.6,25,32400,263,59.648438,36.309315,986
2/12/2025,-5.2,0,9.3,1029.6,38840.55,0,0,77,1029.6,909.3,1,-9.8,22,34898.39,262,59.648438,36.309315,986
2/13/2025,-2,0.1,8.9,1025.6,38966.04,0,0.07,74,1025.6,907,2.7,-6.3,84,28768.02,247,59.648438,36.309315,986
2/14/2025,0.1,0,10.6,1021.2,39091.81,0,0,77,1021.2,904.1,6.4,-4.9,19,34746.62,278,59.648438,36.309315,986
2/15/2025,1.8,0.5,18.5,1020.6,39217.77,0.5,0,82,1020.6,904.2,7.1,-3.4,63,30228.91,279,59.648438,36.309315,986
2/16/2025,3.3,0.1,11.3,1023.4,39343.99,0.1,0,80,1023.4,907.2,9.4,-1,62,31460.32,219,59.648438,36.309315,986
2/17/2025,4,4.1,21.1,1018.7,39471.61,4.1,0,80,1018.7,903.3,9.6,-1.8,92,25898.38,289,59.648438,36.309315,986
2/18/2025,4.8,2.9,20.9,1021.3,39600.69,0.8,1.47,76,1021.3,906,9.1,1.9,77,21600,267,59.648438,36.309315,986
2/19/2025,5.2,0,9.7,1021.6,39731.11,0,0,74,1021.6,906.4,11.2,-0.3,28,34125.11,268,59.648438,36.309315,986
2/20/2025,6.2,0,8.5,1016.5,39862.76,0,0,63,1016.5,902.2,13.6,-1.4,70,32947.43,293,59.648438,36.309315,986
2/21/2025,8,0,9.5,1013.4,39995.51,0,0,65,1013.4,900.2,16.4,1.5,15,35678.65,337,59.648438,36.309315,986
2/22/2025,5.8,0.2,20.8,1018.4,40129.24,0.2,0,82,1018.4,903.8,11.9,0.4,79,31987.78,147,59.648438,36.309315,986
2/23/2025,3.8,0.4,19.7,1014.9,40263.83,0.4,0,88,1014.9,899.9,13.4,-1.2,84,22861.12,138,59.648438,36.309315,986
2/24/2025,1,1,19.9,1015.8,40399.17,0.4,0.42,91,1015.8,899.6,9.1,-2.3,92,21127.18,149,59.648438,36.309315,986
2/25/2025,-2.5,7.5,17.4,1021.6,40535.16,0.2,5.11,89,1021.6,903.3,-0.7,-6.8,97,0,144,59.648438,36.309315,986
2/26/2025,-4.7,0,11.4,1024,40671.66,0,0,67,1024,904.6,-0.2,-7.4,41,32961.12,281,59.648438,36.309315,986
2/27/2025,-2.2,0,14.4,1020.9,40808.59,0,0,67,1020.9,902.8,3.7,-9.1,17,36678.86,280,59.648438,36.309315,986
2/28/2025,0.8,0,12.3,1022.3,40945.82,0,0,68,1022.3,905.3,6,-3.4,48,36437.15,245,59.648438,36.309315,986
3/1/2025,1.2,0.1,14.6,1021,41083.25,0.1,0,73,1021,904.3,9.1,-5.1,60,36644.12,165,59.648438,36.309315,986
3/2/2025,-4.3,4.4,14.8,1026.7,41220.77,0.1,3.01,87,1026.7,907.1,-1.8,-8.4,85,0,152,59.648438,36.309315,986
3/3/2025,-4.1,0,8.9,1029.7,41358.29,0,0,61,1029.7,909.9,2.3,-8.9,6,37185.7,302,59.648438,36.309315,986
3/4/2025,1.2,0,10,1025.6,41495.7,0,0,46,1025.6,908.3,8.8,-7.2,66,36931.77,276,59.648438,36.309315,986
3/5/2025,4.4,0,8.9,1023.3,41632.88,0,0,60,1023.3,907.6,10.8,-1.5,80,22598.48,227,59.648438,36.309315,986
3/6/2025,7.2,0,12.6,1020.8,41769.75,0,0,62,1020.8,906.4,15.1,-0.3,70,36131.41,281,59.648438,36.309315,986
3/7/2025,9,0,13.2,1023.7,41906.2,0,0,58,1023.7,909.7,17.5,2,48,36930.62,299,59.648438,36.309315,986
3/8/2025,10.3,0.5,13.3,1017.9,42042.32,0.5,0,59,1017.9,905,17.3,2,91,29627.28,182,59.648438,36.309315,986
3/9/2025,8.1,6.7,12.7,1019.7,42179.13,6.7,0,84,1019.7,905.8,11.1,5.9,100,3749.97,157,59.648438,36.309315,986
3/10/2025,8.7,0.7,13.3,1021.5,42316.75,0.7,0,85,1021.5,907.6,13,5.6,96,16042.42,166,59.648438,36.309315,986
3/11/2025,10,0.8,13.8,1021.5,42455.06,0.8,0,85,1021.5,908.1,14.2,7.9,99,6710.09,157,59.648438,36.309315,986
3/12/2025,10.2,0,11,1022,42593.99,0,0,76,1022,908.7,14.5,4.9,73,22908.89,135,59.648438,36.309315,986
3/13/2025,9.3,0,13.3,1022.8,42733.43,0,0,69,1022.8,909,16.2,3.3,31,34325.5,161,59.648438,36.309315,986
3/14/2025,9.8,0,10.7,1023.6,42873.3,0,0,54,1023.6,909.9,18.4,2.3,0,38369.82,182,59.648438,36.309315,986
3/15/2025,11.7,0,12.8,1022.5,43013.49,0,0,36,1022.5,909.6,21.3,2,0,38553.5,191,59.648438,36.309315,986
3/16/2025,13.4,0,14,1021.1,43153.93,0,0,34,1021.1,909,22.5,4.8,8,38653.13,205,59.648438,36.309315,986
3/17/2025,14.6,0,11.3,1015.6,43294.52,0,0,31,1015.6,904.5,24.1,4.4,0,38954.41,303,59.648438,36.309315,986
3/18/2025,15.4,0,8.9,1011.9,43435.17,0,0,30,1011.9,901.5,24.9,6.5,0,39110.27,320,59.648438,36.309315,986
3/19/2025,17,0,11.8,1012.5,43575.79,0,0,25,1012.5,902.6,27.1,7.8,2,38832.56,311,59.648438,36.309315,986
3/20/2025,18.8,0,11.1,1015,43716.28,0,0,26,1015,905.4,29.1,9.6,50,38677.38,343,59.648438,36.309315,986
3/21/2025,16.2,0.1,15.7,1017.7,43856.57,0.1,0,51,1017.7,907,23.5,10.6,74,30983.55,148,59.648438,36.309315,986
3/22/2025,17.9,0,10,1013.3,43996.54,0,0,54,1013.3,903.7,27,9.1,49,39421.71,181,59.648438,36.309315,986
3/23/2025,13.9,15.7,18.7,1015.9,44136.13,15.7,0,74,1015.9,904.5,21.1,8.6,88,25482.29,108,59.648438,36.309315,986
3/24/2025,4.6,14.6,15.4,1024.8,44275.23,14.6,0,94,1024.8,909,8.2,2.2,100,0,152,59.648438,36.309315,986
3/25/2025,3.5,3.6,10.8,1024.8,44413.75,3.5,0.07,84,1024.8,908.5,6.4,1.7,96,8635.59,143,59.648438,36.309315,986
3/26/2025,3.1,5.3,12.2,1022.9,44551.61,3.6,1.19,84,1022.9,906.7,7,1.1,93,18356.71,325,59.648438,36.309315,986
3/27/2025,4.5,0.2,9.6,1021.6,44688.69,0.1,0.07,69,1021.6,906.1,10.4,-1.2,17,40021.9,304,59.648438,36.309315,986
3/28/2025,8,0,11.6,1019.4,44825.09,0,0,61,1019.4,905.5,15.4,-0.2,13,40495.68,280,59.648438,36.309315,986
3/29/2025,11.7,0,11.4,1017.6,44961.76,0,0,66,1017.6,905.3,19.8,3,6,40690.55,232,59.648438,36.309315,986
3/30/2025,13.8,0,11.3,1018.5,45098.79,0,0,71,1018.5,906.8,21.9,5.3,3,41185.33,188,59.648438,36.309315,986
3/31/2025,16.7,0,10.3,1015.1,45236.11,0,0,56,1015.1,904.8,25.5,8.8,23,41391.09,287,59.648438,36.309315,986
4/1/2025,17.5,2.1,14.4,1016.1,45373.61,2.1,0,50,1016.1,906,26.1,9.9,60,33479.93,304,59.648438,36.309315,986
4/2/2025,16.2,0,12.2,1016.7,45511.23,0,0,59,1016.7,906.1,23.5,9.4,38,38863.36,114,59.648438,36.309315,986
4/3/2025,18.8,0,15.8,1010,45648.85,0,0,58,1010,901,29.3,8.3,80,37316.98,299,59.648438,36.309315,986
4/4/2025,19.4,0,11.5,1013.5,45786.41,0,0,53,1013.5,904.4,27.8,13.1,88,38272.03,113,59.648438,36.309315,986
4/5/2025,18.5,0,11.1,1014.2,45923.82,0,0,57,1014.2,904.7,25.2,11.6,48,41872.19,129,59.648438,36.309315,986
4/6/2025,21.3,0,10.9,1012.7,46060.99,0,0,45,1012.7,904.3,30.1,13.2,87,40987.96,316,59.648438,36.309315,986
4/7/2025,18.9,0,9.2,1017.2,46197.82,0,0,55,1017.2,907.5,24.8,13.1,98,11500.59,149,59.648438,36.309315,986
4/8/2025,15.3,8.2,13.6,1017.1,46334.21,8.2,0,83,1017.1,906.2,20,10.4,68,15006.75,301,59.648438,36.309315,986
4/9/2025,17.2,0,11.9,1016.3,46470.09,0,0,68,1016.3,906.1,24.9,9.2,25,42381.86,216,59.648438,36.309315,986
4/10/2025,18.9,0,9.7,1009.7,46605.36,0,0,57,1009.7,900.8,27.9,10.7,3,43200,305,59.648438,36.309315,986
4/11/2025,20.7,0,14.6,1005.3,46739.91,0,0,48,1005.3,897.5,30.2,11.8,69,39903.04,168,59.648438,36.309315,986
4/12/2025,20.3,0.3,13,1007,46873.67,0.3,0,56,1007,898.8,26.8,14.1,50,38914.55,128,59.648438,36.309315,986
4/13/2025,19.2,5.5,11.1,1014.2,47006.5,5.5,0,59,1014.2,904.9,24.6,14.6,27,41724.96,120,59.648438,36.309315,986
4/14/2025,21.2,0,14.4,1017,47138.34,0,0,53,1017,908.1,26.9,13.9,49,43200,142,59.648438,36.309315,986
4/15/2025,19.5,5.2,15.2,1014.5,47269.07,5.2,0,65,1014.5,905.3,27.2,13.6,48,30562.25,92,59.648438,36.309315,986
4/16/2025,18.7,1.7,19.2,1009.9,47398.58,1.7,0,65,1009.9,900.9,25.9,12,51,42583.89,140,59.648438,36.309315,986
4/17/2025,10.9,6.3,18.3,1016.9,47526.95,6.3,0,76,1016.9,904.4,13.9,7.6,100,736.37,41,59.648438,36.309315,986
4/18/2025,8.2,8.1,18.2,1021.2,47655.08,8.1,0,79,1021.2,907.2,12.5,5.7,97,5359.57,315,59.648438,36.309315,986
4/19/2025,8.7,0.9,7.3,1022.7,47783.09,0.9,0,73,1022.7,908.7,13.2,4.3,49,31611.68,154,59.648438,36.309315,986
4/20/2025,10.3,0,16.6,1021,47910.84,0,0,62,1021,907.8,17,3.6,3,43200,157,59.648438,36.309315,986
4/21/2025,12.4,0,13.6,1020.5,48038.28,0,0,63,1020.5,908.1,19.5,4.7,6,43200,144,59.648438,36.309315,986
4/22/2025,16.1,0,11.2,1018.7,48165.3,0,0,55,1018.7,907.9,24.3,6.8,18,43200,285,59.648438,36.309315,986
4/23/2025,17.7,0.5,11.7,1016,48291.8,0.5,0,52,1016,906,26,9.4,22,39550.4,317,59.648438,36.309315,986
4/24/2025,20.2,0,17.2,1010.8,48417.68,0,0,46,1010.8,902.2,28.5,10.9,48,43200,306,59.648438,36.309315,986
4/25/2025,22.8,0,14,1010.4,48542.84,0,0,37,1010.4,902.7,31.1,13.8,2,43200,328,59.648438,36.309315,986
4/26/2025,23.9,0,14.1,1010.2,48667.19,0,0,37,1010.2,903,32.5,14.2,18,43200,323,59.648438,36.309315,986
4/27/2025,25.3,0,18,1011,48790.62,0,0,35,1011,904.1,35.1,16,81,38305.98,316,59.648438,36.309315,986
4/28/2025,24,0.1,11.2,1013.1,48913.01,0.1,0,42,1013.1,905.6,32.2,17,82,25737.54,324,59.648438,36.309315,986
4/29/2025,18.1,0,15.1,1019,49034.27,0,0,59,1019,908.9,24.8,10.7,62,39807.17,127,59.648438,36.309315,986
4/30/2025,15.3,0,16,1019.4,49154.29,0,0,57,1019.4,908.2,21.7,9.8,48,40845.1,138,59.648438,36.309315,986
5/1/2025,17.4,0,14.9,1019.4,49272.94,0,0,50,1019.4,909,23.6,10.8,69,34877.02,131,59.648438,36.309315,986
5/2/2025,19.1,0,14,1018.3,49390.11,0,0,45,1018.3,908.6,26.3,11.6,5,43200,112,59.648438,36.309315,986
5/3/2025,22.1,0,13.2,1013.6,49505.7,0,0,33,1013.6,905.4,29.7,12.6,0,43200,65,59.648438,36.309315,986
5/4/2025,22.6,0,14.8,1013.5,49619.58,0,0,29,1013.5,905.4,30.7,12.6,0,43200,134,59.648438,36.309315,986
5/5/2025,23.3,0,12.8,1011,49731.63,0,0,22,1011,903.5,31.9,13.6,0,43200,97,59.648438,36.309315,986
5/6/2025,25.5,0,20.5,1005.2,49841.72,0,0,17,1005.2,899,34.5,14.4,33,43268.67,349,59.648438,36.309315,986
5/7/2025,21.2,0.8,19.3,1009.2,49949.89,0.8,0,54,1009.2,901.2,27.6,15.3,53,39913.98,3,59.648438,36.309315,986
5/8/2025,17.9,0.2,12.1,1014.1,50056.99,0.2,0,60,1014.1,904.4,23.1,13.4,45,26328.43,353,59.648438,36.309315,986
5/9/2025,20.3,0,10.1,1016.2,50163.09,0,0,44,1016.2,907,26.8,12.6,5,43239.27,75,59.648438,36.309315,986
5/10/2025,21.8,0,15,1016.2,50268.09,0,0,33,1016.2,907.6,28.5,12.9,9,43361.08,53,59.648438,36.309315,986
5/11/2025,22.5,0,12.2,1013.6,50371.89,0,0,29,1013.6,905.5,29.4,14.1,10,43352.98,114,59.648438,36.309315,986
5/12/2025,24.4,0,12.8,1009.6,50474.41,0,0,24,1009.6,902.6,31.5,14.9,1,43540.44,31,59.648438,36.309315,986
5/13/2025,25.3,0,15.4,1007.6,50575.52,0,0,21,1007.6,901.1,33,15.4,10,43662.81,87,59.648438,36.309315,986
5/14/2025,28.2,0,13,1005.6,50675.15,0,0,19,1005.6,900.2,38.2,17,16,43606.27,308,59.648438,36.309315,986
5/15/2025,26.9,0,17,1009.9,50773.17,0,0,32,1009.9,903.8,34.3,19.5,20,43635.64,122,59.648438,36.309315,986
5/16/2025,25.4,0,20.8,1011.7,50869.49,0,0,43,1011.7,904.8,33.7,18.3,30,42988.55,116,59.648438,36.309315,986
5/17/2025,20.9,0,16.9,1017.7,50964,0,0,51,1017.7,908.6,25.5,16.9,66,25657.72,135,59.648438,36.309315,986
5/18/2025,21.1,0,16.2,1016.9,51056.59,0,0,40,1016.9,908,27.1,15.1,2,43868.18,124,59.648438,36.309315,986
5/19/2025,24.8,0,16.6,1012.2,51147.14,0,0,32,1012.2,905.1,33.5,14.4,0,44149.68,81,59.648438,36.309315,986
5/20/2025,26.9,0,17.9,1011.7,51235.57,0,0,24,1011.7,905.3,35,17.2,2,44141.12,99,59.648438,36.309315,986
5/21/2025,27.8,0,17.5,1010.4,51321.73,0,0,25,1010.4,904.4,37,18.9,5,44423.38,122,59.648438,36.309315,986
5/22/2025,24.8,0,18.4,1014.3,51405.53,0,0,38,1014.3,907,31.9,18,20,43866.78,105,59.648438,36.309315,986
5/23/2025,22.4,0,18,1015.4,51486.84,0,0,37,1015.4,907.1,27.4,17.1,8,43963.64,107,59.648438,36.309315,986
5/24/2025,21.8,0,16.1,1010.7,51565.56,0,0,25,1010.7,902.8,27.5,16.1,47,30197.12,127,59.648438,36.309315,986
5/25/2025,22.2,0,18.6,1011,51641.56,0,0,27,1011,903.1,28.1,15.6,38,44846.67,88,59.648438,36.309315,986
5/26/2025,20.6,0.6,16.6,1014.1,51714.72,0.6,0,40,1014.1,905.3,26.5,15.7,54,42812.62,101,59.648438,36.309315,986
5/27/2025,20.2,0,21.2,1013.5,51785.05,0,0,36,1013.5,904.7,25.3,14.1,22,44545.44,79,59.648438,36.309315,986
5/28/2025,21.2,0,15.8,1012.6,51853.13,0,0,31,1012.6,904.2,27.2,13.7,2,44841.08,104,59.648438,36.309315,986
5/29/2025,21.8,0,19.4,1010,51919.02,0,0,23,1010,902,28.8,15.3,2,45139.3,116,59.648438,36.309315,986
5/30/2025,22.1,0,15.2,1010.2,51982.64,0,0,20,1010.2,902.4,28.5,14.4,0,45606.41,91,59.648438,36.309315,986
5/31/2025,23.7,0,18.7,1013.3,52043.95,0,0,21,1013.3,905.6,30.3,14.9,0,45607.45,65,59.648438,36.309315,986
6/1/2025,24.6,0,18.5,1015.2,52102.86,0,0,19,1015.2,907.7,31.8,15.6,0,45608.24,80,59.648438,36.309315,986
6/2/2025,25.1,0,16.8,1011.7,52159.32,0,0,17,1011.7,904.7,32.3,16,0,45925.16,82,59.648438,36.309315,986
6/3/2025,25.7,0,13.8,1007,52213.27,0,0,13,1007,900.7,33.2,15.9,0,46403.43,104,59.648438,36.309315,986
6/4/2025,25.5,0,18.7,1005,52264.62,0,0,25,1005,898.8,33.1,17.1,0,46088.54,76,59.648438,36.309315,986
6/5/2025,22.2,0.6,19.3,1009.4,52313.33,0.6,0,40,1009.4,901.7,29.3,16.6,35,44647.45,31,59.648438,36.309315,986
6/6/2025,18.5,2.9,16.3,1014.9,52359.32,2.9,0,52,1014.9,905.3,24,14.9,46,36419.61,11,59.648438,36.309315,986
6/7/2025,20.4,0,16,1015.4,52402.54,0,0,48,1015.4,906.4,25.7,14.2,24,44798.59,103,59.648438,36.309315,986
6/8/2025,17.1,1,9.9,1016.6,52442.92,1,0,68,1016.6,906.4,21.3,12.8,75,21658.04,205,59.648438,36.309315,986
6/9/2025,18.6,0,16.3,1015,52480.39,0,0,66,1015,905.4,24.8,11.9,14,45446.39,108,59.648438,36.309315,986
6/10/2025,20.3,0,9.2,1012.8,52514.9,0,0,60,1012.8,904,26.2,14.2,40,41908.41,296,59.648438,36.309315,986
6/11/2025,20.8,2,20.2,1014.2,52546.38,2,0,58,1014.2,905.5,29.4,15.1,29,41246.06,327,59.648438,36.309315,986
6/12/2025,22.5,0,15.1,1014.1,52574.78,0,0,51,1014.1,906,29.2,14.9,6,45771.91,67,59.648438,36.309315,986
6/13/2025,25.2,0,17.1,1013.3,52600.03,0,0,33,1013.3,906.2,32,16.4,5,45604.96,16,59.648438,36.309315,986
6/14/2025,25.9,0,18.3,1011.3,52622.06,0,0,24,1011.3,904.6,31.5,17.3,0,46435.49,19,59.648438,36.309315,986
6/15/2025,27.1,0,17,1007.5,52640.84,0,0,20,1007.5,901.6,33.8,18.2,0,46772.55,18,59.648438,36.309315,986
6/16/2025,28,0,13.7,1005,52656.32,0,0,18,1005,899.7,35.5,18.8,0,47104.65,36,59.648438,36.309315,986
6/17/2025,28.8,0,16.5,1004.7,52668.63,0,0,22,1004.7,899.7,36.7,18.9,0,46937.8,99,59.648438,36.309315,986
6/18/2025,26.7,0,17.5,1007.7,52677.79,0,0,37,1007.7,901.7,33.8,20.3,0,46777.54,98,59.648438,36.309315,986
6/19/2025,25.3,0,17.9,1010.6,52683.82,0,0,38,1010.6,903.8,30.1,20,6,46116.93,96,59.648438,36.309315,986
6/20/2025,25.3,0,15.8,1011.8,52686.74,0,0,31,1011.8,904.9,30.4,19.4,3,46135.66,86,59.648438,36.309315,986
6/21/2025,26.6,0,14.6,1008.5,52686.56,0,0,22,1008.5,902.3,33.5,19,0,46950.12,99,59.648438,36.309315,986
6/22/2025,28.7,0,18.5,1007.8,52683.33,0,0,18,1007.8,902.4,35.7,19,0,46790.37,80,59.648438,36.309315,986
6/23/2025,28.3,0,16.7,1006.5,52677.03,0,0,24,1006.5,901.2,35.3,20.6,0,46961.68,97,59.648438,36.309315,986
6/24/2025,28.3,0,17.5,1005.1,52667.71,0,0,28,1005.1,899.8,36,20.1,0,46962.11,53,59.648438,36.309315,986
6/25/2025,24.7,0,22.8,1010.6,52655.39,0,0,39,1010.6,903.6,31.6,18.8,0,46632.31,71,59.648438,36.309315,986
6/26/2025,23.8,0,15.7,1012.8,52640.09,0,0,30,1012.8,905.2,29,18.3,0,46632.51,116,59.648438,36.309315,986
6/27/2025,25.1,0,15.6,1009,52621.84,0,0,26,1009,902.3,32,17.6,0,46975.03,115,59.648438,36.309315,986
6/28/2025,25.8,0,20.7,1008.6,52600.66,0,0,23,1008.6,902.1,32.6,17.3,0,47131.59,64,59.648438,36.309315,986
6/29/2025,26.2,0,14,1004.5,52576.59,0,0,20,1004.5,898.6,32.4,19.6,0,47130.17,112,59.648438,36.309315,986
6/30/2025,28.1,0,16.9,1002.4,52549.66,0,0,16,1002.4,897.4,35.8,18.9,0,46972.9,112,59.648438,36.309315,986
7/1/2025,30.4,0,19.3,1002.7,52519.89,0,0,14,1002.7,898.4,38.7,20.8,0,46971.39,97,59.648438,36.309315,986
7/2/2025,30.8,0,17.3,1003.9,52487.32,0,0,21,1003.9,899.6,38,22.6,0,46644.58,109,59.648438,36.309315,986
7/3/2025,31.1,0,17.1,1003.6,52451.98,0,0,24,1003.6,899.4,38.4,23.3,0,46814.06,107,59.648438,36.309315,986
7/4/2025,31.1,0,18.2,1004.3,52413.91,0,0,22,1004.3,900.1,38,22.7,0,46812.1,42,59.648438,36.309315,986
7/5/2025,30.2,0,18.1,1004.7,52373.14,0,0,23,1004.7,900.1,36.6,23.4,0,46658.48,90,59.648438,36.309315,986
7/6/2025,29.4,0,20.7,1004.1,52329.61,0,0,21,1004.1,899.3,36.2,22.9,0,46806.88,106,59.648438,36.309315,986
7/7/2025,28.5,0,23.4,1005.7,52282.93,0,0,22,1005.7,900.5,34.5,21.9,12,46484.73,53,59.648438,36.309315,986
7/8/2025,28.3,0,17.9,1006.8,52233.1,0,0,27,1006.8,901.4,33.5,22.8,18,40293.68,58,59.648438,36.309315,986
7/9/2025,28.7,0,18.2,1006.8,52180.21,0,0,28,1006.8,901.5,32.7,23.2,35,37432.26,49,59.648438,36.309315,986
7/10/2025,27.6,0,17.3,1009.1,52124.38,0,0,20,1009.1,903.2,32.5,21.6,13,46016.48,102,59.648438,36.309315,986
7/11/2025,26.1,0,17,1010.9,52065.69,0,0,18,1010.9,904.3,31.9,19.5,1,46328.31,104,59.648438,36.309315,986
7/12/2025,26.1,0,21.7,1010.2,52004.24,0,0,19,1010.2,903.7,33.2,17.8,0,46158.64,54,59.648438,36.309315,986
7/13/2025,27,0,21.4,1009.8,51940.14,0,0,20,1009.8,903.6,33,19.1,0,46013.76,3,59.648438,36.309315,986
7/14/2025,28.3,0,21.7,1008.1,51873.48,0,0,21,1008.1,902.5,34,22.2,19,40004.18,358,59.648438,36.309315,986
7/15/2025,27.6,0,20,1007.1,51804.35,0,0,27,1007.1,901.5,32.9,21,15,44551.89,355,59.648438,36.309315,986
7/16/2025,28.8,0,16.1,1006.7,51732.86,0,0,21,1006.7,901.5,35.6,20.6,0,45705.32,55,59.648438,36.309315,986
7/17/2025,29.8,0,16.1,1006.7,51659.1,0,0,17,1006.7,901.8,36.7,21.2,0,45867.84,26,59.648438,36.309315,986
7/18/2025,30.8,0,20.6,1007.5,51583.16,0,0,16,1007.5,902.8,37.5,21.9,0,45703.54,10,59.648438,36.309315,986
7/19/2025,31.1,0,20.7,1007.3,51505.15,0,0,21,1007.3,902.7,37.2,23,1,45406.87,10,59.648438,36.309315,986
7/20/2025,29.6,0,22,1006.1,51425.16,0,0,22,1006.1,901.2,36.2,22.1,0,45407.34,39,59.648438,36.309315,986
7/21/2025,27.9,0,18,1007,51343.27,0,0,17,1007,901.4,34.7,20.6,0,45566.71,92,59.648438,36.309315,986
7/22/2025,28.7,0,18.8,1005.4,51259.58,0,0,17,1005.4,900.2,36.3,19.2,0,45406.82,28,59.648438,36.309315,986
7/23/2025,28.6,0,21,1004,51174.18,0,0,12,1004,898.9,36.4,20.4,0,45562.91,352,59.648438,36.309315,986
7/24/2025,30.1,0,20.9,1003.4,51087.18,0,0,13,1003.4,898.9,36.8,21.9,0,45122.65,7,59.648438,36.309315,986
7/25/2025,30.3,0,19.2,1004.2,50998.63,0,0,17,1004.2,899.7,36.8,23.4,0,44968.57,19,59.648438,36.309315,986
7/26/2025,30,0,21.7,1007,50908.5,0,0,26,1007,902.1,36,23,6,44387.63,40,59.648438,36.309315,986
7/27/2025,27.4,0,18.4,1008.7,50816.02,0,0,35,1008.7,902.8,33,22.5,13,44452.39,110,59.648438,36.309315,986
7/28/2025,28.2,0,17.3,1006.3,50721.18,0,0,29,1006.3,900.9,34.5,20.9,0,44450.93,91,59.648438,36.309315,986
7/29/2025,29.4,0,17.1,1005.1,50624.11,0,0,24,1005.1,900.2,36.4,21.3,6,43405.21,69,59.648438,36.309315,986
7/30/2025,30.3,0,21.2,1005.5,50524.9,0,0,24,1005.5,900.8,38.8,22,12,40108.72,36,59.648438,36.309315,986
7/31/2025,28.7,0,21.4,1007,50423.71,0,0,27,1007,901.7,36.2,22.8,8,44152.54,63,59.648438,36.309315,986
8/1/2025,27.9,0,22.6,1008.4,50320.63,0,0,23,1008.4,902.7,35,21,0,44297.09,105,59.648438,36.309315,986
8/2/2025,26.6,0,20.9,1010.5,50215.8,0,0,24,1010.5,904.1,33.8,20.1,0,44152.83,114,59.648438,36.309315,986
8/3/2025,26.4,0,15.5,1010.7,50109.32,0,0,27,1010.7,904.2,32.2,19.1,0,44011.8,97,59.648438,36.309315,986
8/4/2025,27.2,0,18.7,1011,50001.3,0,0,27,1011,904.7,33.5,18.9,0,43874.14,86,59.648438,36.309315,986
8/5/2025,27.3,0,17.6,1010.6,49891.86,0,0,25,1010.6,904.5,33.2,20.3,0,43876.63,55,59.648438,36.309315,986
8/6/2025,26.7,0,21.4,1010,49781.11,0,0,16,1010,903.8,33.8,19.9,0,43878.66,67,59.648438,36.309315,986
8/7/2025,26.8,0,19.9,1009.7,49669.16,0,0,14,1009.7,903.5,34.4,18.2,0,43747.9,52,59.648438,36.309315,986
8/8/2025,27.2,0,19.6,1010.5,49556.1,0,0,17,1010.5,904.3,34.2,19,0,43751.09,48,59.648438,36.309315,986
8/9/2025,27.5,0,19.1,1012.3,49442.04,0,0,22,1012.3,906,33.7,19.6,0,43626.09,31,59.648438,36.309315,986
8/10/2025,29.1,0,19.6,1011.4,49327.1,0,0,23,1011.4,905.8,35,20.4,0,43505.4,27,59.648438,36.309315,986
8/11/2025,29.9,0,19.7,1011.2,49211.35,0,0,25,1011.2,905.9,35.8,22.6,3,43266.6,28,59.648438,36.309315,986
8/12/2025,28.6,0,16.8,1011.5,49094.9,0,0,28,1011.5,905.7,34.7,22.4,0,43397.73,97,59.648438,36.309315,986
8/13/2025,27.5,0,21.3,1011.8,48977.86,0,0,25,1011.8,905.6,34.7,20.4,0,43288.52,71,59.648438,36.309315,986
8/14/2025,26.7,0,18.3,1013.2,48860.29,0,0,32,1013.2,906.6,32.2,21.2,1,43200,63,59.648438,36.309315,986
8/15/2025,25.7,0,16.9,1011.4,48742.15,0,0,32,1011.4,904.7,30.8,20.2,0,43200,90,59.648438,36.309315,986
8/16/2025,26.1,0,17.7,1009.7,48622.56,0,0,30,1009.7,903.2,32.5,18.5,6,43200,90,59.648438,36.309315,986
8/17/2025,25,0,17.6,1012.1,48501.46,0,0,29,1012.1,905,31,18.9,7,43200,102,59.648438,36.309315,986
8/18/2025,23.9,0,14.5,1013.1,48378.96,0,0,28,1013.1,905.6,29.8,17.6,0,43200,103,59.648438,36.309315,986
8/19/2025,24.5,0,15.2,1009.5,48255.17,0,0,21,1009.5,902.5,32.2,15.4,0,43200,126,59.648438,36.309315,986
8/20/2025,25.4,0,15.1,1009.5,48130.2,0,0,18,1009.5,902.8,33.5,16.2,0,43200,109,59.648438,36.309315,986
8/21/2025,26.6,0,14.8,1007.9,48004.16,0,0,16,1007.9,901.8,35.2,16.5,0,43200,103,59.648438,36.309315,986
8/22/2025,28.6,0,20.3,1006.8,47877.13,0,0,24,1006.8,901.5,36.8,19,0,43200,32,59.648438,36.309315,986
8/23/2025,26.2,0,20.1,1008.2,47749.23,0,0,34,1008.2,902,33.4,20,2,43200,120,59.648438,36.309315,986
8/24/2025,25.3,0,17.1,1009.2,47620.55,0,0,28,1009.2,902.6,32,18.6,0,43200,109,59.648438,36.309315,986
8/25/2025,24.9,0,16.4,1009.9,47491.19,0,0,26,1009.9,903,32.5,16.1,0,43200,111,59.648438,36.309315,986
8/26/2025,25.9,0,16.5,1011.2,47361.24,0,0,19,1011.2,904.5,34,16.9,0,43200,58,59.648438,36.309315,986
8/27/2025,26.6,0,19.4,1011.2,47230.8,0,0,17,1011.2,904.8,34.5,17.6,0,43200,51,59.648438,36.309315,986
8/28/2025,26.5,0,20,1011.6,47099.96,0,0,17,1011.6,905.1,34.8,18.1,0,43200,23,59.648438,36.309315,986
8/29/2025,26.4,0,20.3,1012.3,46968.8,0,0,17,1012.3,905.7,36,18.2,0,43200,21,59.648438,36.309315,986
8/30/2025,27.2,0,21.7,1014,46837.42,0,0,18,1014,907.5,34.5,18.6,0,43200,37,59.648438,36.309315,986
8/31/2025,24.8,0,19.4,1013.7,46705.91,0,0,18,1013.7,906.4,31.4,16.9,0,43200,101,59.648438,36.309315,986
9/1/2025,22.2,0,16.2,1009.4,46574.34,0,0,18,1009.4,901.6,30.5,13.8,0,43200,126,59.648438,36.309315,986
9/2/2025,22.7,0,17.6,1008.4,46442.82,0,0,17,1008.4,901,30.9,14.4,0,43200,57,59.648438,36.309315,986
9/3/2025,24.1,0,15.3,1008.1,46311.4,0,0,21,1008.1,901.2,31.5,16.6,0,43200,89,59.648438,36.309315,986
9/4/2025,25.4,0,22.9,1008.3,46180.03,0,0,19,1008.3,901.7,34.2,15.4,0,43182.44,51,59.648438,36.309315,986
9/5/2025,25.6,0,14.1,1011.7,46047.81,0,0,20,1011.7,904.9,32.6,17.1,0,43056.67,120,59.648438,36.309315,986
9/6/2025,25.9,0,17.6,1012.6,45914.65,0,0,19,1012.6,905.7,33.2,18.4,1,42926.29,104,59.648438,36.309315,986
9/7/2025,25.8,0,18.2,1010.7,45780.66,0,0,20,1010.7,904,33.3,17.6,0,42794.92,109,59.648438,36.309315,986
9/8/2025,25.7,0,17.3,1011.1,45645.93,0,0,25,1011.1,904.4,33.3,17.8,0,42662.63,107,59.648438,36.309315,986
9/9/2025,25.9,0,16.4,1012,45510.55,0,0,27,1012,905.3,33.5,17.1,0,42529.51,122,59.648438,36.309315,986
9/10/2025,26.5,0,16.3,1011.2,45374.6,0,0,25,1011.2,904.7,34.2,18.5,0,42395.64,122,59.648438,36.309315,986
9/11/2025,26.7,0,15,1008.9,45238.16,0,0,23,1008.9,902.7,34.8,17.9,0,42261.12,120,59.648438,36.309315,986
9/12/2025,26,0,16.6,1008.3,45101.34,0,0,27,1008.3,901.9,34,17.5,0,42126.01,115,59.648438,36.309315,986
9/13/2025,22.9,0,19.1,1015.8,44964.21,0,0,52,1015.8,907.7,29,17.5,6,41564.88,100,59.648438,36.309315,986
9/14/2025,21,0,16.7,1018.2,44826.84,0,0,51,1018.2,909.2,27.4,16.7,34,28471.01,125,59.648438,36.309315,986
9/15/2025,19.9,0,18.4,1019.3,44689.34,0,0,48,1019.3,909.7,26.1,15.1,13,40649.91,132,59.648438,36.309315,986
9/16/2025,18.1,0,16.8,1018.6,44551.79,0,0,44,1018.6,908.5,23.6,13.4,4,40790.36,133,59.648438,36.309315,986
9/17/2025,19.5,0,17.5,1015.9,44414.25,0,0,38,1015.9,906.5,27.4,12.1,1,40887.73,122,59.648438,36.309315,986
9/18/2025,19.2,0,17.5,1016.2,44276.82,0,0,35,1016.2,906.7,25.1,13.6,1,40687.75,120,59.648438,36.309315,986
9/19/2025,22.3,0,16.1,1010.3,44139.59,0,0,29,1010.3,902.5,31,12.2,0,40490.95,149,59.648438,36.309315,986
9/20/2025,25.5,0,18.7,1005.5,44002.61,0,0,25,1005.5,899.2,37.7,15.1,3,40297.51,220,59.648438,36.309315,986
9/21/2025,20.4,0,18.7,1014.1,43865.99,0,0,47,1014.1,905.3,26,15.3,12,37771.58,121,59.648438,36.309315,986
9/22/2025,18.6,0,16.6,1020.5,43729.8,0,0,47,1020.5,910.3,24,14.4,8,38874.13,131,59.648438,36.309315,986
9/23/2025,17.8,0,15.3,1022.4,43594.13,0,0,42,1022.4,911.7,23.4,13.4,29,39044.04,132,59.648438,36.309315,986
9/24/2025,16.9,0.8,14.7,1015.4,43458.88,0.8,0,39,1015.4,905.2,23.5,10.9,14,33948.26,131,59.648438,36.309315,986
9/25/2025,17.8,0,14.9,1013.1,43323.13,0,0,35,1013.1,903.5,24.8,10.6,4,38941.06,118,59.648438,36.309315,986
9/26/2025,18.5,0,16.1,1016.5,43186.8,0,0,38,1016.5,906.7,26,10.6,0,38790.75,122,59.648438,36.309315,986
9/27/2025,19.8,0,15.3,1018.8,43049.97,0,0,34,1018.8,909.2,27.1,11.9,0,38530.03,137,59.648438,36.309315,986
9/28/2025,20.7,0,15.5,1017.5,42912.74,0,0,28,1017.5,908.4,28.2,12.6,1,38170.73,126,59.648438,36.309315,986
9/29/2025,20.7,0,16.6,1016.6,42775.2,0,0,34,1016.6,907.6,28.9,13.8,0,38033.37,128,59.648438,36.309315,986
9/30/2025,20.7,0,13,1011.4,42637.43,0,0,36,1011.4,902.9,29,11.9,0,38036.62,142,59.648438,36.309315,986
10/1/2025,19.8,0,18.5,1013.6,42499.52,0,0,37,1013.6,904.6,27.8,13.6,0,37753.76,125,59.648438,36.309315,986
10/2/2025,17,0,16.2,1019.7,42361.57,0,0,37,1019.7,909.1,23.4,11.6,0,37472.93,130,59.648438,36.309315,986
10/3/2025,15.9,0,16.1,1022.4,42223.66,0,0,36,1022.4,911.1,22,10.4,0,37333.07,137,59.648438,36.309315,986
10/4/2025,15.7,0,17.4,1022.3,42085.87,0,0,30,1022.3,910.9,23.5,9.1,0,37329.55,132,59.648438,36.309315,986
10/5/2025,14.2,0,15.4,1022.6,41948.32,0,0,22,1022.6,910.6,21.6,6.8,0,37325.3,129,59.648438,36.309315,986
10/6/2025,14.8,0,10.4,1018.5,41811.07,0,0,22,1018.5,907.2,24,4.8,0,37450.75,153,59.648438,36.309315,986
10/7/2025,16.3,0,13.3,1017,41674.23,0,0,22,1017,906.3,25,7.3,0,37185.8,130,59.648438,36.309315,986
10/8/2025,16.5,0,11.6,1016.3,41537.89,0,0,23,1016.3,905.8,24.7,7.7,0,37054.09,172,59.648438,36.309315,986
10/9/2025,18.2,0,18,1015.6,41402.15,0,0,22,1015.6,905.8,28,8.6,0,36925.31,191,59.648438,36.309315,986
10/10/2025,19.6,0,12.8,1012.3,41267.09,0,0,20,1012.3,903.4,29.8,10.1,0,36799.6,299,59.648438,36.309315,986
10/11/2025,20.4,0,18.9,1013.5,41132.82,0,0,32,1013.5,904.7,28.5,13.8,0,36677.12,115,59.648438,36.309315,986
10/12/2025,18.1,0,16.8,1016.5,40999.42,0,0,47,1016.5,906.6,25.5,11.1,0,36558.02,147,59.648438,36.309315,986
10/13/2025,20,0,10.8,1015,40867.01,0,0,39,1015,905.9,29.1,10.4,0,36559.15,195,59.648438,36.309315,986
10/14/2025,21.2,0,16.9,1016.1,40735.49,0,0,33,1016.1,907.3,30.3,13.6,0,36445.12,278,59.648438,36.309315,986
10/15/2025,18,0,13.7,1018.5,40603.84,0,0,50,1018.5,908.3,24.8,12.3,0,36334.98,143,59.648438,36.309315,986
10/16/2025,17.6,0,17.5,1018.5,40471.96,0,0,45,1018.5,908.2,25.5,10.2,0,36261.98,143,59.648438,36.309315,986
10/17/2025,16.1,0,15.2,1023.3,40339.97,0,0,49,1023.3,912,23.1,9.6,22,36077.22,134,59.648438,36.309315,986
10/18/2025,14.9,0,14.4,1023.1,40207.98,0,0,49,1023.1,911.3,21.5,9.4,23,35762.6,132,59.648438,36.309315,986
10/19/2025,13.6,0,15.7,1020.2,40076.09,0,0,46,1020.2,908.3,20.2,7.5,0,35824.21,145,59.648438,36.309315,986
10/20/2025,15.4,0,9.2,1014.8,39944.4,0,0,37,1014.8,904.1,24.6,6.7,17,35750.91,230,59.648438,36.309315,986
10/21/2025,18.3,0,11.7,1014.9,39813.02,0,0,28,1014.9,905.2,28,9.8,22,35524.66,245,59.648438,36.309315,986
10/22/2025,18.1,0,16.5,1018.5,39682.08,0,0,33,1018.5,908.4,27.6,10.6,19,35511.36,154,59.648438,36.309315,986
10/23/2025,15.9,0,13.2,1019.3,39551.68,0,0,44,1019.3,908.3,22.8,10,15,35369.33,154,59.648438,36.309315,986
10/24/2025,16.8,0,14.1,1017.1,39421.94,0,0,43,1017.1,906.7,25.8,9.2,0,35292.95,152,59.648438,36.309315,986
10/25/2025,16.5,0,13.1,1015,39292.96,0,0,44,1015,904.7,24,8.9,50,27418.37,181,59.648438,36.309315,986
10/26/2025,17.5,0,15.5,1013.2,39164.88,0,0,36,1013.2,903.5,26.7,9.4,10,35143.26,304,59.648438,36.309315,986
10/27/2025,18.4,0,10.8,1013.7,39037.82,0,0,35,1013.7,904.2,27.8,11.2,24,35070.16,291,59.648438,36.309315,986
10/28/2025,16.1,0,12.9,1017.7,38911.88,0,0,54,1017.7,906.9,23.5,9.5,0,34998.36,181,59.648438,36.309315,986
10/29/2025,16.5,0,10.2,1015.6,38787.21,0,0,53,1015.6,905.3,25.1,8.4,0,34927.98,269,59.648438,36.309315,986
10/30/2025,17.2,0,13.5,1016.4,38663.92,0,0,45,1016.4,906.2,27,9.5,14,34859.11,184,59.648438,36.309315,986
10/31/2025,12.5,0,18.8,1026.7,38542.16,0,0,75,1026.7,913.7,17,9.2,58,32318.74,133,59.648438,36.309315,986
11/1/2025,12.9,0,9.6,1021.5,38422.04,0,0,58,1021.5,909.2,19.6,8.1,19,31930.7,244,59.648438,36.309315,986
11/2/2025,13.7,0,18.6,1020.9,38303.71,0,0,49,1020.9,908.9,22.8,7.2,3,34533.7,148,59.648438,36.309315,986
11/3/2025,9,5.1,15.3,1026.4,38187.09,5.1,0,82,1026.4,912.1,13.3,5,64,17829.66,166,59.648438,36.309315,986
11/4/2025,7.4,0,14.1,1030.3,38071.09,0,0,70,1030.3,915,13.1,3.4,17,34226.89,160,59.648438,36.309315,986
11/5/2025,6.5,0,13.1,1029.5,37955.63,0,0,70,1029.5,913.9,12.2,1.2,44,31817.68,159,59.648438,36.309315,986
11/6/2025,6.8,0,15.3,1024.8,37840.82,0,0,62,1024.8,909.8,16.1,-0.5,20,33932.22,193,59.648438,36.309315,986
11/7/2025,9,0,11.5,1024.1,37726.8,0,0,46,1024.1,910,17.4,1.5,0,33789.67,231,59.648438,36.309315,986
11/8/2025,10.5,0,12.9,1023.8,37613.67,0,0,45,1023.8,910.3,19.8,2.3,0,33650.42,248,59.648438,36.309315,986
11/9/2025,11.7,0,11.4,1022.7,37501.57,0,0,41,1022.7,909.8,21,4.4,1,33514.57,277,59.648438,36.309315,986
11/10/2025,11.3,0,16,1023.8,37390.64,0,0,41,1023.8,910.6,19.2,5,0,33482.95,188,59.648438,36.309315,986
11/11/2025,11.1,0,10.6,1023,37281,0,0,39,1023,909.9,19.2,3.6,0,33409.3,277,59.648438,36.309315,986
11/12/2025,12.3,0,9.6,1021.9,37172.79,0,0,31,1021.9,909.3,21.1,3.7,6,33213.64,301,59.648438,36.309315,986
11/13/2025,13.3,0,11.2,1022.2,37066.13,0,0,23,1022.2,909.9,22.6,5.9,23,33140.68,296,59.648438,36.309315,986
11/14/2025,12.7,0,10.2,1021.7,36961.18,0,0,28,1021.7,909.3,21.5,5.4,20,32599.03,305,59.648438,36.309315,986
11/15/2025,13.2,0,10.1,1018.8,36858.08,0,0,23,1018.8,906.9,21.2,4.2,88,28772.24,294,59.648438,36.309315,986
11/16/2025,14.5,0,11.6,1020.3,36756.96,0,0,24,1020.3,908.7,22.5,8.8,47,29400.95,329,59.648438,36.309315,986
11/17/2025,13.3,0,9.3,1023.1,36657.98,0,0,31,1023.1,910.8,22,6.1,0,32512.52,292,59.648438,36.309315,986
11/18/2025,11.4,0,12.7,1025.5,36561.27,0,0,45,1025.5,912.2,18.5,5.8,18,26948.51,163,59.648438,36.309315,986
11/19/2025,9.7,0,13.4,1027.7,36467,0,0,54,1027.7,913.5,16.6,4.5,0,32269.55,155,59.648438,36.309315,986
11/20/2025,9.4,0,9.6,1029.1,36375.3,0,0,43,1029.1,914.6,17,2,0,32203.9,207,59.648438,36.309315,986
11/21/2025,9.5,0,7.7,1029.7,36286.34,0,0,39,1029.7,915.2,17.5,2.3,0,32138.7,239,59.648438,36.309315,986
11/22/2025,9.2,0,11.6,1028.4,36200.29,0,0,35,1028.4,913.9,18.5,0.9,0,31972.17,202,59.648438,36.309315,986
11/23/2025,8.9,0,11.4,1027.1,36117.09,0,0,27,1027.1,912.6,18.2,1,0,31909.89,188,59.648438,36.309315,986
11/24/2025,9.4,0,9,1024.9,36035.84,0,0,21,1024.9,910.9,19.2,0.2,0,31847.66,261,59.648438,36.309315,986
11/25/2025,10,0,9.5,1021.1,35956.45,0,0,19,1021.1,907.8,19.9,1.2,0,31785.13,291,59.648438,36.309315,986
11/26/2025,9.4,0,10.9,1019.9,35879.02,0,0,23,1019.9,906.5,19.2,1.9,0,31722.55,203,59.648438,36.309315,986
11/27/2025,6.4,0,11.9,1024.2,35803.65,0,0,48,1024.2,909.1,14.5,-0.5,23,31469.99,196,59.648438,36.309315,986
11/28/2025,5.8,0,12.6,1025.6,35730.46,0,0,56,1025.6,910.1,14.1,-1.5,0,31503.84,237,59.648438,36.309315,986
11/29/2025,6.4,0,9.3,1023.8,35659.54,0,0,59,1023.8,908.8,14.4,0.5,0,31442.95,251,59.648438,36.309315,986
11/30/2025,6.7,0,9.9,1021.6,35590.99,0,0,51,1021.6,907,14.9,-0.5,0,31382.55,267,59.648438,36.309315,986
12/1/2025,7.5,0,8.3,1019.7,35524.93,0,0,39,1019.7,905.5,15.2,-0.3,0,31322.73,289,59.648438,36.309315,986
12/2/2025,9.1,0,8.8,1018.2,35461.46,0,0,38,1018.2,904.8,16.5,2.7,25,31172.97,279,59.648438,36.309315,986
12/3/2025,6.9,5.9,11.1,1022.1,35400.68,5.9,0,76,1022.1,907.5,10.3,4.7,94,5833.74,250,59.648438,36.309315,986
12/4/2025,7,0.8,9.2,1027.2,35342.71,0.8,0,81,1027.2,912.1,10.2,4.8,82,9721.61,150,59.648438,36.309315,986
12/5/2025,6.3,0,7.8,1027.2,35287.65,0,0,84,1027.2,911.8,11.4,2.1,59,25684.03,205,59.648438,36.309315,986
12/6/2025,6.7,0,8.2,1023.6,35235.6,0,0,76,1023.6,908.7,13.8,1.4,44,28075.78,281,59.648438,36.309315,986
12/7/2025,7.7,0,8.3,1023.3,35186.68,0,0,60,1023.3,908.8,14.4,2.7,5,30709.46,282,59.648438,36.309315,986
12/8/2025,10.2,0,6.9,1022.1,35141,0,0,55,1022.1,908.7,16.3,4.3,62,30033.62,276,59.648438,36.309315,986
12/9/2025,11.1,0,10.6,1021.1,35098.64,0,0,57,1021.1,908.2,19.1,5.7,77,27238.79,222,59.648438,36.309315,986
12/10/2025,10.1,0,8.9,1018.6,35059.74,0,0,65,1018.6,905.5,17.5,3.5,77,29703.41,209,59.648438,36.309315,986
12/11/2025,11.3,0.7,19.5,1016.2,35024.38,0.7,0,61,1016.2,903.8,20.5,5.8,93,29822.27,150,59.648438,36.309315,986
12/12/2025,8.2,1.3,16.3,1016,34992.68,1.3,0,83,1016,902.6,14.5,4.8,74,26346.79,130,59.648438,36.309315,986
12/13/2025,6.7,0.4,8.4,1013,34964.66,0.4,0,81,1013,899.3,12.1,3,45,22153.15,279,59.648438,36.309315,986
12/14/2025,6,1.2,14.9,1018.7,34939.96,1.2,0,76,1018.7,904.2,13.4,1,53,29745.54,126,59.648438,36.309315,986
12/15/2025,1.8,1.7,9.7,1025.6,34918.52,1.4,0.21,93,1025.6,908.6,5.2,-0.2,91,7117.28,213,59.648438,36.309315,986
12/16/2025,5,3.7,9.7,1019.4,34900.34,3.7,0,82,1019.4,904.3,9.1,-0.6,100,1259.71,223,59.648438,36.309315,986
12/17/2025,1.6,15.9,11.9,1026.8,34885.43,6,6.93,97,1026.8,909.6,4.5,-1,100,0,148,59.648438,36.309315,986
12/18/2025,-0.8,0.5,8,1034.4,34873.79,0,0.35,97,1034.4,915.4,-0.1,-2,98,3455.13,131,59.648438,36.309315,986
12/19/2025,-1,15.2,11.6,1028.1,34865.43,0.2,10.5,97,1028.1,909.7,0.2,-1.8,100,0,128,59.648438,36.309315,986
12/20/2025,-2,4.3,9,1025.4,34860.33,0,3.01,96,1025.4,906.9,-0.2,-3.9,100,562.41,129,59.648438,36.309315,986
12/21/2025,-5.2,0,11.5,1028.2,34858.52,0,0,91,1028.2,908.1,-0.6,-7.9,63,18333.03,290,59.648438,36.309315,986
12/22/2025,-2.6,0,11.6,1026.5,34859.96,0,0,89,1026.5,907.6,0.6,-7.3,56,29400.08,256,59.648438,36.309315,986
12/23/2025,-1.3,0,10.1,1025.4,34864.68,0,0,81,1025.4,907.2,2.8,-4.2,52,29471.03,273,59.648438,36.309315,986
1/1/2023,8.7,0,9.2,1032.9,34744.6,0,0,91,1032.9,1032.4,13.6,4.3,65,20479.83,205,49.5894,37.223198,4
1/2/2023,6.9,0,7.8,1031.6,34783.74,0,0,82,1031.6,1031.1,12.7,2.8,12,29900.18,215,49.5894,37.223198,4
1/3/2023,7.2,0,8.9,1029.1,34826.39,0,0,80,1029.1,1028.6,13.8,2,5,29898.28,222,49.5894,37.223198,4
1/4/2023,13.9,0,25,1018,34872.45,0,0,35,1018,1017.5,18.1,6.1,64,26583.02,209,49.5894,37.223198,4
1/5/2023,8.8,7.2,14,1021.1,34921.81,7.2,0,93,1021.1,1020.6,11.1,6.1,92,10938.31,292,49.5894,37.223198,4
1/6/2023,12.4,0,28.5,1015,34974.38,0,0,59,1015,1014.5,17.2,4.6,19,29750.25,180,49.5894,37.223198,4
1/7/2023,12.3,0.6,30.8,1015.9,35030.07,0.6,0,62,1015.9,1015.5,16.4,8.3,65,29419.34,196,49.5894,37.223198,4
1/8/2023,5,18,23.7,1024.9,35088.76,18,0,96,1024.9,1024.4,8.2,2.8,100,0,292,49.5894,37.223198,4
1/9/2023,2.6,33,32.4,1030.6,35150.37,26.1,4.83,98,1030.6,1030,3.8,1.5,100,0,291,49.5894,37.223198,4
1/10/2023,3,3.2,23.9,1035.3,35214.78,3.2,0,94,1035.3,1034.8,3.8,2,100,0,293,49.5894,37.223198,4
1/11/2023,3.9,0.3,15,1039.1,35281.9,0.3,0,87,1039.1,1038.6,6.2,2.5,92,7081.76,250,49.5894,37.223198,4
1/12/2023,4.4,0.5,7.6,1037.3,35351.64,0.5,0,90,1037.3,1036.8,6.3,2.9,92,7792.91,263,49.5894,37.223198,4
1/13/2023,4.1,0,9.4,1032.3,35423.88,0,0,87,1032.3,1031.8,8.9,0.7,56,19818.83,209,49.5894,37.223198,4
1/14/2023,3.9,0,9.2,1028.7,35498.54,0,0,85,1028.7,1028.2,9.2,0.7,85,24234.03,211,49.5894,37.223198,4
1/15/2023,3.6,3.6,10.1,1026.3,35575.52,3.6,0,95,1026.3,1025.8,6.2,1.7,85,2493.08,212,49.5894,37.223198,4
1/16/2023,4.4,0,9.8,1024.5,35654.71,0,0,91,1024.5,1024,10.5,0.6,80,27165.76,233,49.5894,37.223198,4
1/17/2023,6.7,0,9.9,1024.8,35736.03,0,0,90,1024.8,1024.2,11.8,1.7,65,30325,253,49.5894,37.223198,4
1/18/2023,7.6,0,8.9,1025.7,35819.54,0,0,91,1025.7,1025.2,12.3,5.1,63,28423.67,246,49.5894,37.223198,4
1/19/2023,7.6,0,11.3,1029.2,35906.17,0,0,94,1029.2,1028.7,11.3,5.4,91,14835.29,304,49.5894,37.223198,4
1/20/2023,7.6,0,8.6,1029.8,35995.93,0,0,91,1029.8,1029.3,12.2,5.2,80,21331.93,239,49.5894,37.223198,4
1/21/2023,7.7,0.5,7,1031.4,36088.65,0.5,0,88,1031.4,1030.9,11,6.1,83,21600,281,49.5894,37.223198,4
1/22/2023,6.7,5.2,8.4,1034.1,36184.18,5.2,0,92,1034.1,1033.6,8.2,5.2,93,15127.62,292,49.5894,37.223198,4
1/23/2023,5.7,7.2,13.4,1034.7,36282.35,7.2,0,93,1034.7,1034.2,7.2,4.8,100,2984.5,284,49.5894,37.223198,4
1/24/2023,4.9,14.3,14.5,1034.9,36383.01,14.3,0,93,1034.9,1034.4,5.6,4.1,100,0,281,49.5894,37.223198,4
1/25/2023,4.5,4.3,10.6,1030.7,36486.01,4.3,0,95,1030.7,1030.2,5.3,3.2,100,0,265,49.5894,37.223198,4
1/26/2023,5.4,2.9,15.3,1028.4,36591.18,2.9,0,93,1028.4,1027.9,6.8,4.7,100,0,275,49.5894,37.223198,4
1/27/2023,5.5,0,8,1025.3,36698.39,0,0,91,1025.3,1024.8,9.9,2,70,7957.49,242,49.5894,37.223198,4
1/28/2023,5.6,0,8,1016.9,36807.48,0,0,84,1016.9,1016.4,13.2,0.5,70,27106.12,240,49.5894,37.223198,4
1/29/2023,7.5,0,10.7,1014,36918.31,0,0,89,1014,1013.5,12.1,4.3,95,18491.25,270,49.5894,37.223198,4
1/30/2023,8.4,5.8,9.5,1014.9,37030.73,5.8,0,91,1014.9,1014.4,11.6,5.8,100,9671.51,270,49.5894,37.223198,4
1/31/2023,7.5,26.7,11,1010,37144.61,26.7,0,95,1010,1009.5,9.4,6.2,100,484,208,49.5894,37.223198,4
2/1/2023,8.1,0,9.6,1011.1,37259.81,0,0,90,1011.1,1010.6,13.2,4.9,74,21660.38,215,49.5894,37.223198,4
2/2/2023,11.8,0,26.6,1011.1,37376.18,0,0,58,1011.1,1010.6,17.6,5.2,68,29890.35,191,49.5894,37.223198,4
2/3/2023,8.8,0,14.6,1019,37493.61,0,0,89,1019,1018.5,12.5,6.8,77,22783,310,49.5894,37.223198,4
2/4/2023,7.8,0,14.5,1017.9,37611.96,0,0,76,1017.9,1017.4,13.9,3.3,59,30743.53,131,49.5894,37.223198,4
2/5/2023,7.3,0,11.8,1014.2,37731.09,0,0,88,1014.2,1013.7,12.1,2.8,69,21286.44,297,49.5894,37.223198,4
2/6/2023,9,0,9.5,1013,37850.88,0,0,91,1013,1012.5,14.1,6.2,82,19800.39,264,49.5894,37.223198,4
2/7/2023,9.6,1,13,1008.1,37971.44,1,0,90,1008.1,1007.6,13.8,7.3,76,25789.54,322,49.5894,37.223198,4
2/8/2023,5.9,44.4,21.5,1019.2,38093.9,44.3,0.07,94,1019.2,1018.7,8.2,2.3,100,0,306,49.5894,37.223198,4
2/9/2023,2,47.5,15.3,1030.4,38218.34,34.1,9.38,99,1030.4,1029.9,4.4,0.7,100,0,297,49.5894,37.223198,4
2/10/2023,0.8,13.7,11.6,1035.3,38344.61,4.3,6.58,97,1035.3,1034.8,1.7,-0.7,100,1130.02,237,49.5894,37.223198,4
2/11/2023,0.7,0.3,8.8,1031.9,38472.56,0.3,0,95,1031.9,1031.4,3.3,-2.3,93,31407.99,202,49.5894,37.223198,4
2/12/2023,1.4,3.2,9.9,1024.8,38602.06,3.2,0,98,1024.8,1024.3,3.4,-0.8,99,0,185,49.5894,37.223198,4
2/13/2023,3.7,3,18.7,1022.1,38732.96,3,0,94,1022.1,1021.6,8.6,-0.1,60,31932.12,217,49.5894,37.223198,4
2/14/2023,2.5,5.4,18.9,1024.7,38865.12,5.4,0,92,1024.7,1024.2,5.3,0,96,0,227,49.5894,37.223198,4
2/15/2023,3.8,0,9.8,1014.3,38998.43,0,0,92,1014.3,1013.8,9.1,-0.5,87,27154.35,211,49.5894,37.223198,4
2/16/2023,4.5,7.7,11.5,1021.7,39132.73,7.7,0,93,1021.7,1021.2,7.4,2,100,8147.31,243,49.5894,37.223198,4
2/17/2023,4.9,0,10.8,1027.3,39267.91,0,0,76,1027.3,1026.8,11.7,0.2,31,28602.02,185,49.5894,37.223198,4
2/18/2023,5.2,0,8.9,1022.7,39403.83,0,0,80,1022.7,1022.2,12.6,-0.4,34,35868.68,247,49.5894,37.223198,4
2/19/2023,11.1,0,20.3,1015.8,39540.38,0,0,50,1015.8,1015.3,18.7,3.5,68,32721.15,220,49.5894,37.223198,4
2/20/2023,14.5,0,26.6,1012.8,39677.42,0,0,45,1012.8,1012.3,19.8,5.5,27,35615.74,193,49.5894,37.223198,4
2/21/2023,11.3,0,28.3,1011.8,39814.84,0,0,68,1011.8,1011.3,16.8,5.5,69,35865.67,248,49.5894,37.223198,4
2/22/2023,10.6,0,13.2,1010.5,39952.52,0,0,85,1010.5,1010,16.8,6.2,72,27593.36,348,49.5894,37.223198,4
2/23/2023,9.4,4.6,16.6,1015,40090.34,4.6,0,88,1015,1014.5,13.9,6.7,93,26452.42,309,49.5894,37.223198,4
2/24/2023,4.2,24.3,27.7,1028.6,40228.18,24.3,0,95,1028.6,1028.1,7.9,2.8,98,0,305,49.5894,37.223198,4
2/25/2023,6,0,10,1025.9,40365.94,0,0,80,1025.9,1025.4,12.2,2.5,32,36000,174,49.5894,37.223198,4
2/26/2023,8.9,0,9.2,1024.7,40503.5,0,0,86,1024.7,1024.2,17,3.5,57,29551.46,231,49.5894,37.223198,4
2/27/2023,10.3,0,7.9,1025,40640.94,0,0,85,1025,1024.5,17.8,5.8,19,36000,261,49.5894,37.223198,4
2/28/2023,10.8,0,8.5,1023.1,40779.39,0,0,90,1023.1,1022.6,17.8,6.2,63,25687.19,251,49.5894,37.223198,4
3/1/2023,10.9,0,8.3,1017.3,40918.95,0,0,84,1017.3,1016.8,18.9,5.4,75,36000,254,49.5894,37.223198,4
3/2/2023,10.3,0.1,10.3,1017.7,41059.5,0.1,0,87,1017.7,1017.2,14.6,6.2,90,15955.02,330,49.5894,37.223198,4
3/3/2023,10.4,0.5,10.2,1021.1,41200.93,0.5,0,86,1021.1,1020.6,16.1,8.1,97,12112.56,202,49.5894,37.223198,4
3/4/2023,12.7,0,19.1,1014.2,41343.13,0,0,81,1014.2,1013.7,26.4,7.9,84,27448.72,226,49.5894,37.223198,4
3/5/2023,11.9,0,12.3,1015.3,41486.01,0,0,86,1015.3,1014.8,20.2,7.9,82,27309.34,224,49.5894,37.223198,4
3/6/2023,21.9,0,26.4,1005.7,41629.45,0,0,40,1005.7,1005.2,29.2,8.1,83,36000,190,49.5894,37.223198,4
3/7/2023,9.1,10.2,14,1020.6,41773.36,10.2,0,84,1020.6,1020.1,12.8,5.3,93,2749.4,275,49.5894,37.223198,4
3/8/2023,10,10.2,9.5,1020.2,41917.63,10.2,0,90,1020.2,1019.7,12.8,7.6,98,285.65,100,49.5894,37.223198,4
3/9/2023,10.2,26.3,8.6,1013.9,42062.17,26.3,0,91,1013.9,1013.4,12.8,8.3,100,48.77,222,49.5894,37.223198,4
3/10/2023,12.9,0,9,1014.2,42206.86,0,0,88,1014.2,1013.7,19.2,8.4,45,26696.36,172,49.5894,37.223198,4
3/11/2023,14.5,0,15.9,1014.5,42351.62,0,0,71,1014.5,1014.1,22,8.6,15,36402.98,206,49.5894,37.223198,4
3/12/2023,17,0,14.9,1011.3,42496.35,0,0,61,1011.3,1010.8,27.4,9.9,75,36390.52,214,49.5894,37.223198,4
3/13/2023,16.8,0,24.2,1012.8,42640.93,0,0,69,1012.8,1012.3,24,11.2,87,12580.47,258,49.5894,37.223198,4
3/14/2023,10.9,0.2,11.9,1023.2,42785.29,0.2,0,85,1023.2,1022.7,12.7,9.3,99,0,337,49.5894,37.223198,4
3/15/2023,11.3,0.6,12.7,1017.6,42929.31,0.6,0,84,1017.6,1017.2,14.1,9.6,99,3812.91,67,49.5894,37.223198,4
3/16/2023,11.9,5.5,11.6,1010.2,43072.91,5.5,0,88,1010.2,1009.7,16.1,8.9,100,12908.31,92,49.5894,37.223198,4
3/17/2023,13.3,0.4,13.8,1011.9,43215.98,0.4,0,83,1011.9,1011.5,17,9.6,92,14327.43,312,49.5894,37.223198,4
3/18/2023,13.4,0.1,13,1015.3,43358.42,0.1,0,88,1015.3,1014.8,18.6,9.9,68,36000,335,49.5894,37.223198,4
3/19/2023,12.5,5.2,9.5,1015.1,43500.32,5.2,0,91,1015.1,1014.6,14.6,11.2,100,9.79,346,49.5894,37.223198,4
3/20/2023,12.3,11,9.9,1012.1,43642.71,11,0,92,1012.1,1011.6,15.4,10.8,100,509.49,339,49.5894,37.223198,4
3/21/2023,11.3,15.9,11.2,1012.1,43785.69,15.9,0,96,1012.1,1011.6,12.4,9.8,100,0,328,49.5894,37.223198,4
3/22/2023,10.1,10.9,13,1015.7,43929.15,10.9,0,88,1015.7,1015.2,11.8,9.6,100,0,246,49.5894,37.223198,4
3/23/2023,12.8,0,8.8,1016.4,44073.02,0,0,73,1016.4,1015.9,19.7,7.4,37,30949.54,247,49.5894,37.223198,4
3/24/2023,13.1,0,8.3,1014.7,44217.2,0,0,81,1014.7,1014.2,20.5,7.1,65,37200.08,286,49.5894,37.223198,4
3/25/2023,13.4,0,10.1,1015.7,44361.6,0,0,85,1015.7,1015.2,18.2,9.6,51,38138.71,309,49.5894,37.223198,4
3/26/2023,15.5,0,9.8,1009.3,44506.13,0,0,83,1009.3,1008.9,21.2,11.3,93,33175.38,334,49.5894,37.223198,4
3/27/2023,14.7,4.1,10.9,1007.4,44650.71,4.1,0,81,1007.4,1006.9,19.3,11.1,98,32607.04,284,49.5894,37.223198,4
3/28/2023,14.4,0.7,13.5,1011.3,44795.23,0.7,0,82,1011.3,1010.8,19.9,10.7,56,28252.84,212,49.5894,37.223198,4
3/29/2023,21,0,27,1004.7,44939.62,0,0,55,1004.7,1004.3,27.7,11.6,1,31564.94,195,49.5894,37.223198,4
3/30/2023,18.9,1.6,22.3,1008.4,45083.78,1.6,0,56,1008.4,1008,29,9.6,67,36106.82,230,49.5894,37.223198,4
3/31/2023,7.5,15.7,17.4,1015.1,45227.61,15.7,0,90,1015.1,1014.6,9.4,5.8,100,0,264,49.5894,37.223198,4
4/1/2023,7.3,12.8,16.1,1015.4,45371.03,12.8,0,88,1015.4,1014.9,9.6,5.2,92,24406.62,248,49.5894,37.223198,4
4/2/2023,9.3,0.7,12.4,1012.6,45513.93,0.7,0,83,1012.6,1012.1,14.6,4,87,28171.69,304,49.5894,37.223198,4
4/3/2023,11.5,0.1,11.8,1015.2,45656.22,0.1,0,84,1015.2,1014.7,18,5.8,47,37583.51,81,49.5894,37.223198,4
4/4/2023,13.8,0,8,1017.7,45797.81,0,0,84,1017.7,1017.2,20.2,8.2,32,39454.66,269,49.5894,37.223198,4
4/5/2023,15.2,0,8,1009.9,45938.6,0,0,86,1009.9,1009.5,22.4,10.4,35,31493.97,274,49.5894,37.223198,4
4/6/2023,13.6,0,14.4,1009.4,46078.48,0,0,81,1009.4,1008.9,19.3,8.1,27,35224.61,303,49.5894,37.223198,4
4/7/2023,13.7,0,12,1013.4,46217.36,0,0,81,1013.4,1012.9,20.7,8.5,23,39131.26,289,49.5894,37.223198,4
4/8/2023,14.8,0,21.4,1014.3,46355.32,0,0,82,1014.3,1013.8,24.5,9.2,71,32555.59,256,49.5894,37.223198,4
4/9/2023,13.8,0,13.5,1022.8,46493.31,0,0,71,1022.8,1022.4,18.9,9.5,71,37496.75,289,49.5894,37.223198,4
4/10/2023,14.4,0,9.6,1019.4,46631.45,0,0,81,1019.4,1019,20.5,9.9,98,27039.77,57,49.5894,37.223198,4
4/11/2023,16.1,0,10.3,1010.5,46769.63,0,0,83,1010.5,1010,22.1,11.7,82,32725.67,97,49.5894,37.223198,4
4/12/2023,21.6,0.4,25.9,1001.5,46907.77,0.4,0,62,1001.5,1001.1,30,11.6,93,21600,175,49.5894,37.223198,4
4/13/2023,22,2.5,30.2,1001.6,47045.77,2.5,0,45,1001.6,1001.1,27.1,18,57,34106.97,188,49.5894,37.223198,4
4/14/2023,17.6,0,22,1012.4,47183.54,0,0,57,1012.4,1011.9,23.2,12.1,24,39999.63,220,49.5894,37.223198,4
4/15/2023,17.3,0,19.4,1016.2,47320.98,0,0,65,1016.2,1015.7,23.2,12.4,4,40466.95,262,49.5894,37.223198,4
4/16/2023,12.1,4.2,17.7,1024.2,47458,4.2,0,89,1024.2,1023.7,14.5,9.6,97,0,38,49.5894,37.223198,4
4/17/2023,11.3,1.2,11.7,1026.4,47594.49,1.2,0,85,1026.4,1025.9,13.6,9.9,97,0,62,49.5894,37.223198,4
4/18/2023,13.1,0,10.8,1023.4,47730.37,0,0,82,1023.4,1022.9,17.5,10.2,72,8471.12,61,49.5894,37.223198,4
4/19/2023,15.1,0,13.4,1015.7,47865.52,0,0,82,1015.7,1015.2,22.1,9.2,45,39677.08,42,49.5894,37.223198,4
4/20/2023,17.8,0,10.6,1007.3,47999.84,0,0,82,1007.3,1006.8,25.4,12.3,51,36063.24,336,49.5894,37.223198,4
4/21/2023,20,0.5,14,1003.8,48133.23,0.5,0,77,1003.8,1003.4,32,13.4,79,35693.07,240,49.5894,37.223198,4
4/22/2023,16.7,0,12.1,1011.7,48265.58,0,0,76,1011.7,1011.2,22.1,12.9,65,38092.9,304,49.5894,37.223198,4
4/23/2023,17.6,0,11.9,1014.1,48396.77,0,0,72,1014.1,1013.7,23.8,12.2,76,30871.2,304,49.5894,37.223198,4
4/24/2023,17.6,0.1,13.7,1011.2,48526.7,0.1,0,77,1011.2,1010.7,23.5,13,78,36000,319,49.5894,37.223198,4
4/25/2023,17.9,3,15.1,1011.2,48655.25,3,0,80,1011.2,1010.7,22,14.5,98,29556.89,334,49.5894,37.223198,4
4/26/2023,17.4,5.7,11,1014,48782.3,5.7,0,86,1014,1013.6,21.5,13.9,52,26598.01,342,49.5894,37.223198,4
4/27/2023,18.3,0.1,9.7,1011.7,48907.75,0.1,0,86,1011.7,1011.2,24.5,14.1,61,33471.76,8,49.5894,37.223198,4
4/28/2023,19.7,0,11,1009.4,49031.61,0,0,83,1009.4,1008.9,25.4,15.1,31,31717.58,350,49.5894,37.223198,4
4/29/2023,20.5,0,17.9,1006.6,49154.86,0,0,81,1006.6,1006.2,27.5,14.6,40,40210.34,321,49.5894,37.223198,4
4/30/2023,21.2,1.5,18.5,1005.2,49277.54,1.5,0,79,1005.2,1004.7,29,16.4,49,30033.03,222,49.5894,37.223198,4
5/1/2023,17.7,0.3,17.7,1010.9,49399.57,0.3,0,82,1010.9,1010.4,20.5,15.4,81,26068.15,334,49.5894,37.223198,4
5/2/2023,15.7,5.5,12.5,1018.3,49520.85,5.5,0,87,1018.3,1017.8,19,13.8,71,21831.09,38,49.5894,37.223198,4
5/3/2023,13.9,35.4,21.7,1021.5,49641.27,35.4,0,93,1021.5,1021,15.4,12.3,100,0,9,49.5894,37.223198,4
5/4/2023,12.7,70.4,14,1022.9,49760.73,70.4,0,90,1022.9,1022.4,16.5,9.6,56,13058.59,293,49.5894,37.223198,4
5/5/2023,16,0,14.1,1016.4,49879.12,0,0,78,1016.4,1016,23.3,9.3,2,43232.09,109,49.5894,37.223198,4
5/6/2023,17.1,0,13.7,1015.2,49996.34,0,0,85,1015.2,1014.7,22.6,12.6,22,42557.28,307,49.5894,37.223198,4
5/7/2023,18.8,0,12.8,1012.8,50112.27,0,0,83,1012.8,1012.3,25.1,13.4,64,38414.23,48,49.5894,37.223198,4
5/8/2023,17.8,0.1,16.7,1009.9,50226.8,0.1,0,85,1009.9,1009.4,21.4,13.9,46,35416.71,316,49.5894,37.223198,4
5/9/2023,18.2,2.3,14.2,1015,50339.82,2.3,0,81,1015,1014.5,23.2,14.6,72,29667.89,55,49.5894,37.223198,4
5/10/2023,17,9.6,11.9,1015.8,50451.21,9.6,0,92,1015.8,1015.3,18.8,14.4,84,5981.56,53,49.5894,37.223198,4
5/11/2023,19.1,0,11.5,1016.3,50560.86,0,0,87,1016.3,1015.8,26,15.2,74,26616.77,353,49.5894,37.223198,4
5/12/2023,17.9,2.6,12.1,1019.9,50668.62,2.6,0,89,1019.9,1019.4,20.2,15.9,96,2982.62,49,49.5894,37.223198,4
5/13/2023,16.9,4.6,11.7,1015.8,50774.41,4.6,0,90,1015.8,1015.4,19.5,14.7,100,80.64,19,49.5894,37.223198,4
5/14/2023,14.4,7.8,15.4,1015.2,50878.07,7.8,0,92,1015.2,1014.8,15.8,12.9,100,0,337,49.5894,37.223198,4
5/15/2023,12.4,26.1,17.4,1018.2,50979.49,26.1,0,93,1018.2,1017.7,13.8,10.1,80,0,345,49.5894,37.223198,4
5/16/2023,15.3,0,11.4,1018.3,51078.53,0,0,72,1018.3,1017.8,21.4,9.6,7,44909.77,144,49.5894,37.223198,4
5/17/2023,17.4,1.1,20.4,1012.6,51175.07,1.1,0,75,1012.6,1012.1,24.5,8.9,34,45396.36,358,49.5894,37.223198,4
5/18/2023,18.2,0.1,14.4,1013.6,51269.12,0.1,0,81,1013.6,1013.1,23,14.9,59,42928,108,49.5894,37.223198,4
5/19/2023,19.8,0,13.6,1013.5,51361.46,0,0,82,1013.5,1013,25.5,15,88,28050.27,329,49.5894,37.223198,4
5/20/2023,19.5,1,15.8,1013.6,51452.12,1,0,81,1013.6,1013.1,24,16,76,43133.94,344,49.5894,37.223198,4
5/21/2023,19.6,0.1,11,1009.8,51541.05,0.1,0,83,1009.8,1009.4,24.5,14.9,79,37233.08,2,49.5894,37.223198,4
5/22/2023,21.2,0,12.6,1009.9,51628.14,0,0,85,1009.9,1009.5,26.9,15.9,68,37352.88,331,49.5894,37.223198,4
5/23/2023,23.3,0,8.4,1012.8,51713.3,0,0,84,1012.8,1012.3,28.7,18.9,29,37530.81,352,49.5894,37.223198,4
5/24/2023,23.8,0,15.6,1012,51796.43,0,0,79,1012,1011.5,30.1,19.4,71,37441.38,300,49.5894,37.223198,4
5/25/2023,23.8,0,12,1011.4,51877.45,0,0,79,1011.4,1010.9,28.1,19.5,86,32208.23,290,49.5894,37.223198,4
5/26/2023,24.1,11.8,14.3,1010.2,51956.25,11.8,0,76,1010.2,1009.8,27.7,20.1,75,36148.48,318,49.5894,37.223198,4
5/27/2023,24,0,12.4,1010,52032.75,0,0,79,1010,1009.6,30.5,19.4,24,42469.12,332,49.5894,37.223198,4
5/28/2023,23.7,0,13.2,1012.2,52106.86,0,0,81,1012.2,1011.7,28.5,19.5,44,45618.99,332,49.5894,37.223198,4
5/29/2023,24.7,0,11.6,1010.3,52178.46,0,0,78,1010.3,1009.8,30.4,19.9,63,44195.2,326,49.5894,37.223198,4
5/30/2023,25.7,0.1,11.6,1008.8,52247.46,0.1,0,76,1008.8,1008.3,31.2,21,94,31375.42,319,49.5894,37.223198,4
5/31/2023,24.4,5.6,15.3,1009.6,52313.77,5.6,0,80,1009.6,1009.2,29.4,20,65,33261.48,299,49.5894,37.223198,4
6/1/2023,22.7,3.7,16.2,1011.8,52377.3,3.7,0,81,1011.8,1011.4,26.1,19.6,33,42026.61,339,49.5894,37.223198,4
6/2/2023,23.5,0,13.7,1013.9,52437.92,0,0,81,1013.9,1013.4,28.6,19.4,55,42020.98,24,49.5894,37.223198,4
6/3/2023,24.4,0,12.5,1013.2,52495.57,0,0,78,1013.2,1012.8,31.3,19.9,36,44430.84,44,49.5894,37.223198,4
6/4/2023,25.5,0,12.2,1010.5,52550.12,0,0,78,1010.5,1010,31.4,20.2,24,44721.94,346,49.5894,37.223198,4
6/5/2023,24.3,0.2,13.1,1010.6,52601.5,0.2,0,79,1010.6,1010.1,28.6,20.7,85,38033.48,320,49.5894,37.223198,4
6/6/2023,23.3,0.1,19.1,1014.5,52649.59,0.1,0,77,1014.5,1014.1,26.2,20.9,92,31213.25,340,49.5894,37.223198,4
6/7/2023,20.3,17.6,17.1,1017.2,52694.37,17.6,0,89,1017.2,1016.8,23.1,17.9,100,600.53,326,49.5894,37.223198,4
6/8/2023,18.9,20.7,12.1,1019.7,52736.23,20.7,0,93,1019.7,1019.2,21.4,17.4,100,0,296,49.5894,37.223198,4
6/9/2023,21.1,0.4,13.7,1015.5,52775.21,0.4,0,78,1015.5,1015,25.6,16.5,62,43133.75,103,49.5894,37.223198,4
6/10/2023,22.7,0,8.4,1009.4,52811.28,0,0,80,1009.4,1009,27.5,17.6,54,44480.09,88,49.5894,37.223198,4
6/11/2023,23.8,0.6,16.1,1006.3,52844.41,0.6,0,83,1006.3,1005.9,29.5,19.8,41,37191.93,291,49.5894,37.223198,4
6/12/2023,25.8,0,10.9,1005.3,52874.58,0,0,77,1005.3,1004.8,31.9,20.4,9,45572.12,102,49.5894,37.223198,4
6/13/2023,25.9,0,14,1004.7,52901.76,0,0,80,1004.7,1004.2,32.3,20.5,42,43381.63,337,49.5894,37.223198,4
6/14/2023,25.8,0,13.4,1005.3,52925.93,0,0,81,1005.3,1004.9,31.1,22.1,53,38765.2,305,49.5894,37.223198,4
6/15/2023,25.6,0,14.3,1005.4,52947.05,0,0,74,1005.4,1005,30.3,21.6,4,46029.52,300,49.5894,37.223198,4
6/16/2023,24.2,1,11.9,1006.9,52965.12,1,0,75,1006.9,1006.5,28.1,20.6,26,45737.44,341,49.5894,37.223198,4
6/17/2023,25.1,0,13.6,1004.8,52980.11,0,0,71,1004.8,1004.3,31.1,20.1,3,45895.47,56,49.5894,37.223198,4
6/18/2023,26.7,0.2,12,1002.5,52991.99,0.2,0,72,1002.5,1002.1,33.5,20.2,9,46055.71,281,49.5894,37.223198,4
6/19/2023,25.1,0.1,14.1,1008.7,53000.77,0.1,0,77,1008.7,1008.2,28.5,22,45,37660.39,314,49.5894,37.223198,4
6/20/2023,24.2,4.2,14.7,1007.7,53006.4,4.2,0,80,1007.7,1007.3,28.7,20.2,79,34828.2,355,49.5894,37.223198,4
6/21/2023,21,3.5,16.5,1012.6,53008.89,3.5,0,82,1012.6,1012.2,23.9,18.2,66,19480.23,303,49.5894,37.223198,4
6/22/2023,22.4,0,11.2,1013.9,53008.21,0,0,67,1013.9,1013.4,26.4,19,29,36925.2,317,49.5894,37.223198,4
6/23/2023,21.5,0.4,14.3,1016.7,53004.35,0.4,0,72,1016.7,1016.2,25,20.2,79,2865.53,266,49.5894,37.223198,4
6/24/2023,22,0.4,11.6,1015.2,52997.3,0.4,0,73,1015.2,1014.7,24.5,19.7,73,16027.97,274,49.5894,37.223198,4
6/25/2023,23.6,0,12.1,1012.7,52987.05,0,0,60,1012.7,1012.2,28.8,18.4,9,45341.15,286,49.5894,37.223198,4
6/26/2023,25,0,8,1006.6,52973.59,0,0,61,1006.6,1006.2,30.9,17.8,0,45883.12,195,49.5894,37.223198,4
6/27/2023,25.6,0,15.8,1004.3,52956.89,0,0,69,1004.3,1003.9,31.5,20.6,16,43187.18,314,49.5894,37.223198,4
6/28/2023,25.3,0.1,12,1010.7,52936.76,0.1,0,71,1010.7,1010.3,29.8,21,30,36443.75,342,49.5894,37.223198,4
6/29/2023,25.1,0,10.7,1007.6,52913.22,0,0,71,1007.6,1007.1,29.5,20.7,29,43514.43,41,49.5894,37.223198,4
6/30/2023,25.8,0,13.3,1004.9,52886.35,0,0,70,1004.9,1004.5,31.5,21.2,21,42058.97,335,49.5894,37.223198,4
7/1/2023,22.5,2.8,16.2,1009.2,52856.2,2.8,0,89,1009.2,1008.8,25.1,20.9,87,8081.45,336,49.5894,37.223198,4
7/2/2023,22.8,1.9,10.6,1012.8,52822.86,1.9,0,87,1012.8,1012.4,25.5,20.7,54,13580.48,15,49.5894,37.223198,4
7/3/2023,24.6,0,9.1,1012.6,52786.39,0,0,75,1012.6,1012.2,28.4,20.8,36,37360.46,122,49.5894,37.223198,4
7/4/2023,25.9,0,10.7,1012.2,52746.85,0,0,68,1012.2,1011.7,30.5,21.4,40,42849.98,318,49.5894,37.223198,4
7/5/2023,26,0.1,14.9,1012.6,52704.32,0.1,0,71,1012.6,1012.2,30.3,22.4,27,44186,328,49.5894,37.223198,4
7/6/2023,26.1,0,12.6,1012.5,52658.89,0,0,61,1012.5,1012.1,30.4,22.5,22,44705.61,313,49.5894,37.223198,4
7/7/2023,27.2,0,13,1010.3,52610.61,0,0,60,1010.3,1009.9,33.3,21.8,0,44901.76,295,49.5894,37.223198,4
7/8/2023,28.2,0,13.6,1004.4,52559.55,0,0,67,1004.4,1003.9,34.2,22.8,9,44934.13,284,49.5894,37.223198,4
7/9/2023,28.3,0,11,1000.2,52505.79,0,0,62,1000.2,999.7,33.7,24.1,1,44798.11,301,49.5894,37.223198,4
7/10/2023,28.5,0,16.8,1000.5,52449.41,0,0,58,1000.5,1000.1,34.5,23,0,45003.39,306,49.5894,37.223198,4
7/11/2023,26.8,1,15.8,1009.6,52390.48,1,0,75,1009.6,1009.2,30.4,23.4,65,35245.15,23,49.5894,37.223198,4
7/12/2023,23,10.2,13,1017,52329.08,10.2,0,83,1017,1016.5,24.8,21.6,98,2173.97,317,49.5894,37.223198,4
7/13/2023,24.5,0.3,8.5,1016.7,52265.27,0.3,0,82,1016.7,1016.2,27.2,22.4,79,16541.56,339,49.5894,37.223198,4
7/14/2023,24.5,0.4,9,1013.9,52199.13,0.4,0,81,1013.9,1013.4,27.3,22.1,65,17209.07,319,49.5894,37.223198,4
7/15/2023,25.8,0,10.6,1009,52130.73,0,0,68,1009,1008.5,30,22,6,43700.96,221,49.5894,37.223198,4
7/16/2023,25.2,1.9,16.3,1010.3,52060.16,1.9,0,81,1010.3,1009.8,29,22.1,55,34009.04,310,49.5894,37.223198,4
7/17/2023,21.9,5.6,14.8,1013.3,51987.34,5.6,0,92,1013.3,1012.8,23.4,20.1,95,0,2,49.5894,37.223198,4
7/18/2023,20.7,3.9,10,1014.3,51911.63,3.9,0,93,1014.3,1013.8,22.1,19.2,95,0,321,49.5894,37.223198,4
7/19/2023,22.7,0,6.9,1011.9,51833.04,0,0,79,1011.9,1011.4,25.1,19.1,72,2398.01,201,49.5894,37.223198,4
7/20/2023,24.5,0,7.6,1011.2,51751.68,0,0,79,1011.2,1010.8,28.1,21.8,57,23238.72,177,49.5894,37.223198,4
7/21/2023,26.3,0.1,10.1,1009.8,51667.69,0.1,0,76,1009.8,1009.3,30.7,23,29,42286.01,264,49.5894,37.223198,4
7/22/2023,26.9,0,13,1011.7,51581.17,0,0,71,1011.7,1011.3,32,22.7,4,43910.16,306,49.5894,37.223198,4
7/23/2023,26.8,0,12.3,1009.4,51492.25,0,0,68,1009.4,1008.9,31.2,23.5,35,40629.18,289,49.5894,37.223198,4
7/24/2023,27,0,12.5,1005,51401.05,0,0,67,1005,1004.6,31.5,22.9,22,43948.73,284,49.5894,37.223198,4
7/25/2023,25.5,8.3,15.1,1009.2,51307.7,8.3,0,72,1009.2,1008.7,28.6,22.5,49,35567.01,294,49.5894,37.223198,4
7/26/2023,24.5,5.9,11.9,1012.8,51212.3,5.9,0,79,1012.8,1012.3,27.9,21.6,44,34872.77,292,49.5894,37.223198,4
7/27/2023,26.1,0,13.8,1010.2,51114.96,0,0,71,1010.2,1009.8,31.4,21.4,11,41385.16,93,49.5894,37.223198,4
7/28/2023,27.7,0,7.6,1004.6,51015.82,0,0,70,1004.6,1004.2,34.3,21.9,2,43806.01,52,49.5894,37.223198,4
7/29/2023,25.6,3.4,15.7,1009.1,50914.97,3.4,0,83,1009.1,1008.7,28.9,23.5,85,11698.12,350,49.5894,37.223198,4
7/30/2023,23.7,5.7,14.5,1010.2,50812.52,5.7,0,92,1010.2,1009.7,24.9,21.8,100,0,339,49.5894,37.223198,4
7/31/2023,24.2,1.3,11.8,1009.4,50708.59,1.3,0,87,1009.4,1008.9,27.5,22,99,12032.41,295,49.5894,37.223198,4
8/1/2023,26.3,0,11.2,1008,50603.27,0,0,75,1008,1007.5,29.9,23.5,49,36720.2,260,49.5894,37.223198,4
8/2/2023,27.2,0,11.9,1006.1,50496.68,0,0,74,1006.1,1005.7,33,22.5,8,43522.32,306,49.5894,37.223198,4
8/3/2023,27.6,0,12.2,1007.4,50388.93,0,0,74,1007.4,1007,32.2,23.8,26,41057.28,292,49.5894,37.223198,4
8/4/2023,27.2,0,16.2,1010.9,50280.09,0,0,62,1010.9,1010.4,31.1,23.6,23,43384.8,290,49.5894,37.223198,4
8/5/2023,27.8,0,12,1012.7,50170.28,0,0,51,1012.7,1012.3,33.5,24.2,29,42852.23,221,49.5894,37.223198,4
8/6/2023,27.8,0,10.9,1009.1,50059.43,0,0,53,1009.1,1008.6,33,23.6,25,42923.07,266,49.5894,37.223198,4
8/7/2023,28.9,0,10.9,1005.4,49946.68,0,0,59,1005.4,1004.9,35.4,22.6,20,42603.89,333,49.5894,37.223198,4
8/8/2023,29.1,0.1,15.5,1008.1,49831.97,0.1,0,68,1008.1,1007.7,34.3,24.8,8,42458.61,308,49.5894,37.223198,4
8/9/2023,30.1,0,15.1,1010.6,49715.43,0,0,61,1010.6,1010.2,36.8,24.9,1,43013.69,47,49.5894,37.223198,4
8/10/2023,30.1,0,15.3,1012.5,49597.2,0,0,61,1012.5,1012,37.3,24.8,0,42827.98,45,49.5894,37.223198,4
8/11/2023,30,0,13.2,1012.6,49477.37,0,0,59,1012.6,1012.1,37.1,24,0,42777.38,25,49.5894,37.223198,4
8/12/2023,29.9,0,14.9,1013.1,49356.07,0,0,62,1013.1,1012.7,36.3,24.7,1,42476.35,318,49.5894,37.223198,4
8/13/2023,29.4,0,13.4,1014.5,49233.42,0,0,64,1014.5,1014,35.3,24,1,42702.38,315,49.5894,37.223198,4
8/14/2023,29,0,11.8,1016.8,49109.54,0,0,64,1016.8,1016.4,34.3,24.2,3,42498.06,342,49.5894,37.223198,4
8/15/2023,28.8,0,16.6,1015.6,48984.52,0,0,58,1015.6,1015.2,35.5,22.7,6,42287.88,56,49.5894,37.223198,4
8/16/2023,27.3,0,15.5,1013.7,48858.49,0,0,55,1013.7,1013.2,33.8,21,0,42537.84,27,49.5894,37.223198,4
8/17/2023,27,0,13.6,1011.7,48731.54,0,0,55,1011.7,1011.2,34,20.5,0,42488.63,19,49.5894,37.223198,4
8/18/2023,27.1,0,14.4,1011.5,48603.78,0,0,60,1011.5,1011.1,33.2,21.6,28,41615.17,315,49.5894,37.223198,4
8/19/2023,27.1,0,13.7,1012.5,48475.31,0,0,63,1012.5,1012,31.7,23,46,36584.21,314,49.5894,37.223198,4
8/20/2023,26.6,0.3,15.4,1014.1,48346.24,0.3,0,70,1014.1,1013.6,30.1,23.7,39,33095.7,281,49.5894,37.223198,4
8/21/2023,27.9,0,16.2,1012,48216.66,0,0,64,1012,1011.5,34.5,23.4,13,41542.52,91,49.5894,37.223198,4
8/22/2023,28.5,0,10.6,1010.2,48086.66,0,0,66,1010.2,1009.8,34.7,22.9,10,41755.67,285,49.5894,37.223198,4
8/23/2023,29.4,0,16.6,1010.8,47956.36,0,0,63,1010.8,1010.4,35.8,25.1,10,40569.72,42,49.5894,37.223198,4
8/24/2023,29.1,0,13.2,1008.7,47825.83,0,0,68,1008.7,1008.3,35.5,24.5,29,38362.41,10,49.5894,37.223198,4
8/25/2023,26,8.5,15.6,1008.8,47695.16,8.5,0,84,1008.8,1008.4,29.2,22.4,96,27489.38,311,49.5894,37.223198,4
8/26/2023,22,13.3,14.3,1014,47564.29,13.3,0,94,1014,1013.5,23.2,20.8,96,0,334,49.5894,37.223198,4
8/27/2023,22.7,0.3,9.4,1013.9,47432.3,0.3,0,83,1013.9,1013.4,25.9,20.8,73,11771.5,317,49.5894,37.223198,4
8/28/2023,24.7,0,9.9,1006.1,47299.11,0,0,74,1006.1,1005.7,30.4,21.1,25,40527.64,258,49.5894,37.223198,4
8/29/2023,24.9,0.1,16.3,1004.5,47164.82,0.1,0,75,1004.5,1004.1,29,21.4,61,32400,289,49.5894,37.223198,4
8/30/2023,21.9,10.7,20.9,1012.8,47029.55,10.7,0,93,1012.8,1012.4,23.5,20.6,94,12109.58,298,49.5894,37.223198,4
8/31/2023,23.9,0,9.7,1014.5,46893.39,0,0,81,1014.5,1014.1,28,21.2,51,26028.3,186,49.5894,37.223198,4
9/1/2023,25.8,0,12.5,1013.4,46756.42,0,0,74,1013.4,1012.9,32,21,11,39632.48,330,49.5894,37.223198,4
9/2/2023,26.4,0,13,1013,46618.76,0,0,70,1013,1012.5,32.3,21.9,10,40058.14,342,49.5894,37.223198,4
9/3/2023,25.6,0,9.6,1013.2,46480.49,0,0,74,1013.2,1012.8,29,23,61,18513.6,177,49.5894,37.223198,4
9/4/2023,25.9,0,17.5,1010.8,46341.71,0,0,75,1010.8,1010.4,31.2,23,57,30718.66,254,49.5894,37.223198,4
9/5/2023,27,0,14,1011.4,46202.5,0,0,73,1011.4,1010.9,32.8,23.2,5,39955.78,56,49.5894,37.223198,4
9/6/2023,27.6,0,12,1009.9,46062.95,0,0,76,1009.9,1009.4,33.7,22.5,9,39692.75,324,49.5894,37.223198,4
9/7/2023,25.2,8.2,14.6,1012.6,45923.16,8.2,0,87,1012.6,1012.1,28.2,23,83,23433.53,308,49.5894,37.223198,4
9/8/2023,23.4,9.4,10,1012.4,45783.2,9.4,0,92,1012.4,1012,24.2,22.2,100,727.95,13,49.5894,37.223198,4
9/9/2023,23,2.5,12.9,1008.9,45643.18,2.5,0,86,1008.9,1008.4,26.5,21.1,97,14400,311,49.5894,37.223198,4
9/10/2023,21.4,9.7,18.7,1010.9,45503.16,9.7,0,90,1010.9,1010.4,25,18.6,92,18834.52,339,49.5894,37.223198,4
9/11/2023,20.4,0.3,15.1,1015,45363.24,0.3,0,74,1015,1014.6,23.5,18.5,79,27960.75,63,49.5894,37.223198,4
9/12/2023,21.1,0,11,1014.1,45223.5,0,0,78,1014.1,1013.6,24.2,18.7,61,28864.58,281,49.5894,37.223198,4
9/13/2023,21,5.1,17.1,1015.3,45084.02,5.1,0,85,1015.3,1014.8,24,19.2,69,36080.15,304,49.5894,37.223198,4
9/14/2023,18.6,19.1,17.1,1017.3,44944.88,19.1,0,93,1017.3,1016.8,19.6,17.5,100,0,286,49.5894,37.223198,4
9/15/2023,19.5,3.1,14.3,1018.5,44806,3.1,0,88,1018.5,1018,21.1,18.2,89,0,242,49.5894,37.223198,4
9/16/2023,21.3,0,9,1016.3,44666.45,0,0,77,1016.3,1015.8,25.9,17.9,21,34415.37,277,49.5894,37.223198,4
9/17/2023,22,1.3,11.2,1014.3,44526.14,1.3,0,79,1014.3,1013.8,26,19.1,68,30921,270,49.5894,37.223198,4
9/18/2023,18.5,15.9,32.4,1016.9,44385.16,15.9,0,95,1016.9,1016.5,20.3,17.1,99,0,297,49.5894,37.223198,4
9/19/2023,16.8,25,26.5,1023,44243.61,25,0,95,1023,1022.5,17.8,16.1,99,0,295,49.5894,37.223198,4
9/20/2023,18.9,1.2,6.9,1021.7,44101.57,1.2,0,91,1021.7,1021.2,21,17.1,100,0,268,49.5894,37.223198,4
9/21/2023,20.6,0.4,9.4,1020.3,43959.14,0.4,0,86,1020.3,1019.8,24,18.9,63,21715.11,272,49.5894,37.223198,4
9/22/2023,21.6,0,8.5,1021.5,43816.41,0,0,80,1021.5,1021,25.8,18,34,33222.86,250,49.5894,37.223198,4
9/23/2023,21.5,0,10.1,1021.8,43673.45,0,0,77,1021.8,1021.3,25.5,18.6,29,38189.71,261,49.5894,37.223198,4
9/24/2023,21.7,0,11.3,1019.4,43530.36,0,0,77,1019.4,1018.9,25.8,18.4,56,36579.81,251,49.5894,37.223198,4
9/25/2023,20.8,6.1,14.4,1017.9,43387.23,6.1,0,87,1017.9,1017.4,23.9,18.6,94,16521.87,290,49.5894,37.223198,4
9/26/2023,19.1,13,17.5,1020.8,43244.13,13,0,88,1020.8,1020.3,21.5,18,99,1894.06,275,49.5894,37.223198,4
9/27/2023,19.9,0.5,9.4,1022.2,43101.17,0.5,0,86,1022.2,1021.7,23.8,17.4,44,25560.18,274,49.5894,37.223198,4
9/28/2023,20.8,0,9,1021,42958.43,0,0,80,1021,1020.5,25,17.4,21,31786.23,194,49.5894,37.223198,4
9/29/2023,20.9,0,9.8,1019.1,42815.99,0,0,81,1019.1,1018.6,25.3,17.9,12,38449.46,324,49.5894,37.223198,4
9/30/2023,21.2,0,13.4,1015.9,42673.94,0,0,78,1015.9,1015.4,25.1,18,73,35035.29,180,49.5894,37.223198,4
10/1/2023,21.5,0,10.4,1013.3,42532.38,0,0,77,1013.3,1012.8,25.8,18.6,54,36194.5,231,49.5894,37.223198,4
10/2/2023,21,0,10.9,1009.4,42391.38,0,0,81,1009.4,1008.9,26.5,17.4,67,26530.21,240,49.5894,37.223198,4
10/3/2023,21.6,8.9,14.8,1013.7,42251.05,8.9,0,84,1013.7,1013.2,26.1,17.3,80,32798.55,298,49.5894,37.223198,4
10/4/2023,18.8,20.4,21.7,1018.7,42111.46,20.4,0,93,1018.7,1018.2,20.2,17.4,94,0,286,49.5894,37.223198,4
10/5/2023,16.1,24.8,20.7,1023.3,41972.54,24.8,0,87,1023.3,1022.9,19.8,12.6,67,18258.86,252,49.5894,37.223198,4
10/6/2023,17.3,0,10.5,1019.6,41833.26,0,0,79,1019.6,1019.1,22.5,12.9,17,36758.43,120,49.5894,37.223198,4
10/7/2023,18.7,0.1,10.4,1018.9,41693.55,0.1,0,80,1018.9,1018.4,23.1,13.8,26,37087.45,266,49.5894,37.223198,4
10/8/2023,19.7,0,10.5,1015,41553.49,0,0,81,1015,1014.6,24.7,16.3,8,36762.77,174,49.5894,37.223198,4
10/9/2023,20.8,5.5,13.6,1010.7,41413.2,5.5,0,84,1010.7,1010.2,26.2,15.4,64,35472.13,272,49.5894,37.223198,4
10/10/2023,18.1,38.8,16.8,1017.6,41272.77,38.8,0,95,1017.6,1017.1,19,17.4,100,0,283,49.5894,37.223198,4
10/11/2023,16.8,4.9,15.5,1019.3,41132.3,4.9,0,91,1019.3,1018.8,18.2,14.7,100,0,289,49.5894,37.223198,4
10/12/2023,14.7,49.8,19.8,1030.5,40991.9,49.8,0,95,1030.5,1030,15.8,13.6,99,0,344,49.5894,37.223198,4
10/13/2023,16.1,1.9,8.4,1023.5,40851.66,1.9,0,89,1023.5,1023,18.7,13.9,93,17858.13,263,49.5894,37.223198,4
10/14/2023,16.3,0.5,9.5,1022.4,40711.7,0.5,0,92,1022.4,1021.9,19,14.1,63,8661.83,256,49.5894,37.223198,4
10/15/2023,17,0,10.7,1017.4,40572.11,0,0,86,1017.4,1017,21.6,13.2,22,34016.5,140,49.5894,37.223198,4
10/16/2023,17.8,0,9.9,1008.9,40433.01,0,0,87,1008.9,1008.4,23.5,13.6,46,32518.01,226,49.5894,37.223198,4
10/17/2023,18.3,18.5,12.5,1016.6,40294.49,18.5,0,90,1016.6,1016.1,23,15.8,84,26069.69,349,49.5894,37.223198,4
10/18/2023,17.7,6.1,10.6,1018.5,40156.68,6.1,0,91,1018.5,1018,20.2,16.5,94,15859.71,298,49.5894,37.223198,4
10/19/2023,18.5,10.9,18.4,1015.2,40019.68,10.9,0,88,1015.2,1014.7,24,14.8,70,30930.58,284,49.5894,37.223198,4
10/20/2023,16.3,8.8,12.3,1022.2,39883.6,8.8,0,93,1022.2,1021.7,18.9,14.4,63,17248.78,282,49.5894,37.223198,4
10/21/2023,18,0,10.7,1017.6,39748.56,0,0,87,1017.6,1017.1,23,14.1,32,32470.2,261,49.5894,37.223198,4
10/22/2023,19.4,0,10.1,1021.2,39614.68,0,0,77,1021.2,1020.7,25.5,15.1,14,33179.66,250,49.5894,37.223198,4
10/23/2023,18.4,0,8.8,1020.3,39482.07,0,0,86,1020.3,1019.9,22.4,15,28,32689.39,236,49.5894,37.223198,4
10/24/2023,18.4,0,10.1,1013.1,39350.86,0,0,86,1013.1,1012.6,23.5,14.4,43,32829.27,239,49.5894,37.223198,4
10/25/2023,19,0.2,13,1016,39220.96,0.2,0,85,1016,1015.5,23,15.4,60,32513.85,281,49.5894,37.223198,4
10/26/2023,19,0,7.8,1013.9,39091.27,0,0,87,1013.9,1013.4,25.1,15.1,68,29987.1,224,49.5894,37.223198,4
10/27/2023,19.8,0,8.7,1011.6,38961.67,0,0,86,1011.6,1011.1,26.4,14.6,78,32720.65,214,49.5894,37.223198,4
10/28/2023,19.6,0,11.9,1011.7,38832.3,0,0,78,1011.7,1011.2,26.1,15.1,23,32400,217,49.5894,37.223198,4
10/29/2023,20.2,0.1,10.4,1015.2,38703.29,0.1,0,76,1015.2,1014.7,26.5,14.9,27,32990.4,262,49.5894,37.223198,4
10/30/2023,17.5,1.9,18.4,1026.4,38574.74,1.9,0,88,1026.4,1025.9,20.4,13.4,95,4684.48,300,49.5894,37.223198,4
10/31/2023,16.8,0,6.7,1026.5,38446.78,0,0,81,1026.5,1026,20.4,13.5,99,24308.6,209,49.5894,37.223198,4
11/1/2023,17.2,0,7.7,1020.8,38319.54,0,0,85,1020.8,1020.4,21.4,14.2,98,16363.65,204,49.5894,37.223198,4
11/2/2023,18,0,7.1,1015.8,38193.15,0,0,94,1015.8,1015.3,23,14.3,91,23662.77,252,49.5894,37.223198,4
11/3/2023,19,0,8.7,1012.3,38067.74,0,0,90,1012.3,1011.8,24.1,14.5,68,21836.89,210,49.5894,37.223198,4
11/4/2023,16.7,78.5,18.4,1016.2,37943.43,78.5,0,96,1016.2,1015.7,17.6,15.9,97,0,263,49.5894,37.223198,4
11/5/2023,17.5,0.1,7.6,1015.9,37820.38,0.1,0,89,1015.9,1015.4,22.4,13.2,11,32400,135,49.5894,37.223198,4
11/6/2023,17.2,0,7.9,1011.3,37698.7,0,0,89,1011.3,1010.8,23,12.3,49,32400,233,49.5894,37.223198,4
11/7/2023,18.1,5.6,12.6,1018.8,37578.56,5.6,0,82,1018.8,1018.4,22.9,14.9,61,32400,71,49.5894,37.223198,4
11/8/2023,15.7,0.1,9.4,1024.1,37460.08,0.1,0,90,1024.1,1023.7,18.9,11.8,26,31592.43,133,49.5894,37.223198,4
11/9/2023,15.9,0,7.3,1015.4,37343.41,0,0,89,1015.4,1015,21.9,11.4,39,32400,198,49.5894,37.223198,4
11/10/2023,16.3,9,11.4,1022.7,37228.71,9,0,94,1022.7,1022.2,18.5,15,100,0,327,49.5894,37.223198,4
11/11/2023,16.2,4.7,9.5,1025.7,37116.13,4.7,0,91,1025.7,1025.3,18.6,13.8,86,24196.58,282,49.5894,37.223198,4
11/12/2023,16.7,0,7.1,1019.7,37005.81,0,0,91,1019.7,1019.2,21.5,13.6,81,28800,213,49.5894,37.223198,4
11/13/2023,16.9,0,9.4,1017.2,36897.92,0,0,82,1017.2,1016.7,22.9,11.8,58,28792.79,239,49.5894,37.223198,4
11/14/2023,18.8,0,13.9,1012.7,36792.4,0,0,89,1012.7,1012.3,24.8,14.6,57,32400,250,49.5894,37.223198,4
11/15/2023,16.6,0.4,9,1014.6,36688.17,0.4,0,87,1014.6,1014.1,19.4,14,96,9848.59,233,49.5894,37.223198,4
11/16/2023,19.7,0,25.1,1007.7,36585.14,0,0,62,1007.7,1007.3,25.6,15.6,22,32400,210,49.5894,37.223198,4
11/17/2023,17.4,9.4,25.2,1014.1,36483.43,9.4,0,74,1014.1,1013.6,24.1,13.2,63,25200,255,49.5894,37.223198,4
11/18/2023,15.5,0,7.1,1015.8,36383.17,0,0,90,1015.8,1015.3,20,13,78,32159.29,225,49.5894,37.223198,4
11/19/2023,16.6,0,21.7,1008.4,36284.49,0,0,80,1008.4,1007.9,21.6,12.6,42,25200,172,49.5894,37.223198,4
11/20/2023,21.3,0.5,29,998.9,36187.51,0.5,0,40,998.9,998.4,26.1,19,66,14776.31,197,49.5894,37.223198,4
11/21/2023,14.3,3,24.5,1009.1,36092.37,3,0,70,1009.1,1008.6,19,9.8,33,32400,236,49.5894,37.223198,4
11/22/2023,13,0,19.5,1020.6,35999.2,0,0,63,1020.6,1020.2,18,7.2,7,32369.5,212,49.5894,37.223198,4
11/23/2023,14.3,0.2,25.7,1012.3,35908.12,0.2,0,62,1012.3,1011.8,22.7,7.2,91,25737.2,212,49.5894,37.223198,4
11/24/2023,13.4,0.4,9.4,1012.7,35819.29,0.4,0,85,1012.7,1012.2,18.7,9.6,33,30535.7,213,49.5894,37.223198,4
11/25/2023,16.4,0,35.9,1008.4,35732.84,0,0,57,1008.4,1007.9,24.5,7.2,51,32275.7,199,49.5894,37.223198,4
11/26/2023,23,0,31.9,1004.7,35648.89,0,0,27,1004.7,1004.2,24.7,20.5,29,29117.67,186,49.5894,37.223198,4
11/27/2023,21.6,1.3,36.1,1003.5,35567.62,1.3,0,51,1003.5,1003,26.5,15.5,51,32158.28,200,49.5894,37.223198,4
11/28/2023,11.2,16.8,19.6,1019.8,35489.14,16.8,0,93,1019.8,1019.3,15.1,9.9,100,0,291,49.5894,37.223198,4
11/29/2023,11.7,0.7,9.2,1021.4,35413.6,0.7,0,88,1021.4,1020.9,16.2,8.5,54,24978.39,239,49.5894,37.223198,4
11/30/2023,12.3,0,10,1016.9,35341.14,0,0,90,1016.9,1016.5,18,8.6,76,31291.09,219,49.5894,37.223198,4
12/1/2023,13.7,0,10.4,1022.2,35271.93,0,0,85,1022.2,1021.7,18.3,9.4,25,31831.48,185,49.5894,37.223198,4
12/2/2023,12.2,0,8.7,1017.9,35206.09,0,0,88,1017.9,1017.5,18.3,8.9,26,31250.68,226,49.5894,37.223198,4
12/3/2023,12.3,0,9.7,1017.3,35143.78,0,0,77,1017.3,1016.8,19.5,6,0,31689.21,208,49.5894,37.223198,4
12/4/2023,12.5,0,10.5,1017.2,35085,0,0,76,1017.2,1016.7,19.9,6.3,29,31623.97,228,49.5894,37.223198,4
12/5/2023,12.5,0.3,14.8,1022.2,35029.05,0.3,0,80,1022.2,1021.7,18.4,5.3,40,31562.04,258,49.5894,37.223198,4
12/6/2023,12.1,0.5,9,1020,34975.84,0.5,0,91,1020,1019.6,16.9,8.9,81,17428.65,198,49.5894,37.223198,4
12/7/2023,12.9,1.7,13.7,1016.8,34925.45,1.7,0,91,1016.8,1016.3,17.2,8.4,89,19842.08,278,49.5894,37.223198,4
12/8/2023,13.2,15,13.4,1023.4,34877.94,15,0,94,1023.4,1022.9,14.4,12.4,100,3600,279,49.5894,37.223198,4
12/9/2023,13.3,0.5,13.4,1020.1,34833.37,0.5,0,89,1020.1,1019.7,16.8,9.9,99,9908.09,216,49.5894,37.223198,4
12/10/2023,16.8,0,33,1015.2,34791.8,0,0,70,1015.2,1014.7,24,10.7,85,29969.69,220,49.5894,37.223198,4
12/11/2023,13.1,1.4,14.9,1025,34753.3,1.4,0,89,1025,1024.5,14.3,11.1,99,378.11,80,49.5894,37.223198,4
12/12/2023,12.7,1.5,6.6,1019.3,34717.92,1.5,0,88,1019.3,1018.8,16.4,10.6,98,16704.42,198,49.5894,37.223198,4
12/13/2023,12.2,11.6,16.6,1013.2,34685.72,11.6,0,94,1013.2,1012.7,14.2,10.8,100,0,253,49.5894,37.223198,4
12/14/2023,10.4,30.6,19.1,1020.3,34656.76,30.6,0,94,1020.3,1019.8,11.6,9.8,100,0,325,49.5894,37.223198,4
12/15/2023,10.1,0,9.3,1023.2,34631.11,0,0,90,1023.2,1022.7,15.2,7.2,44,30499.15,196,49.5894,37.223198,4
12/16/2023,10.8,0,8.1,1023.2,34608.81,0,0,92,1023.2,1022.7,16.1,7.4,85,21934.37,223,49.5894,37.223198,4
12/17/2023,11.3,16.7,24,1021.3,34589.92,16.7,0,91,1021.3,1020.8,16.9,7.2,93,12953.86,290,49.5894,37.223198,4
12/18/2023,6.8,9.2,27.1,1030.6,34574.5,9.2,0,84,1030.6,1030.1,7.8,5.3,91,0,255,49.5894,37.223198,4
12/19/2023,8.6,0,6.2,1028.9,34562.61,0,0,78,1028.9,1028.4,11.1,5.7,88,14139.22,239,49.5894,37.223198,4
12/20/2023,8.1,0,7.6,1027.2,34554.27,0,0,85,1027.2,1026.7,13.1,4.7,32,30255.06,226,49.5894,37.223198,4
12/21/2023,8.6,0,8.2,1017.5,34549.56,0,0,85,1017.5,1017,14.6,4.2,24,30735.6,190,49.5894,37.223198,4
12/22/2023,16.2,0,33.5,1006.5,34548.52,0,0,43,1006.5,1006,19.9,6.8,68,15832.44,196,49.5894,37.223198,4
12/23/2023,20.1,0,39.4,1001.7,34551.18,0,0,34,1001.7,1001.3,21.6,19,45,29869.36,183,49.5894,37.223198,4
12/24/2023,19,0,33.3,1005.5,34557.62,0,0,45,1005.5,1005,23,11.8,52,28156.44,187,49.5894,37.223198,4
12/25/2023,10.6,0,25.7,1016.7,34567.86,0,0,70,1016.7,1016.2,17.9,5.8,60,18357.91,218,49.5894,37.223198,4
12/26/2023,15.8,0,25.4,1017.3,34581.86,0,0,54,1017.3,1016.8,21,10.7,24,30807.12,206,49.5894,37.223198,4
12/27/2023,12.9,0,9.4,1019.6,34599.56,0,0,85,1019.6,1019.1,17.9,10,55,28800,209,49.5894,37.223198,4
12/28/2023,12.3,8.9,17.4,1021.2,34620.9,8.9,0,79,1021.2,1020.8,17,9.1,98,18000,347,49.5894,37.223198,4
12/29/2023,9,0.5,9,1028.7,34645.79,0.5,0,90,1028.7,1028.2,12.9,5.8,62,20795.41,270,49.5894,37.223198,4
12/30/2023,9.2,0,6.9,1022.9,34674.19,0,0,89,1022.9,1022.4,14.9,5.9,31,29616.87,231,49.5894,37.223198,4
12/31/2023,10.7,0,7.1,1017.9,34706.01,0,0,91,1017.9,1017.4,14.9,7.1,74,29470.83,239,49.5894,37.223198,4
1/1/2024,10.3,0.6,8.2,1023.9,34741.19,0.6,0,90,1023.9,1023.4,13.1,7.3,76,7895.69,217,49.5894,37.223198,4
1/2/2024,9.7,0,8.3,1018.9,34779.66,0,0,92,1018.9,1018.4,15.8,6.1,78,29469.05,218,49.5894,37.223198,4
1/3/2024,12,0,25.5,1011.8,34821.34,0,0,75,1011.8,1011.3,19.6,6.6,66,4020.23,219,49.5894,37.223198,4
1/4/2024,11.5,0,22.6,1012.6,34866.16,0,0,75,1012.6,1012.1,17,6.8,57,29753.28,181,49.5894,37.223198,4
1/5/2024,16.7,1.5,29.8,1010.3,34914.05,1.5,0,56,1010.3,1009.8,21.5,10.6,90,24313.63,192,49.5894,37.223198,4
1/6/2024,10.7,6.7,21.2,1022,34964.93,6.7,0,69,1022,1021.5,13.4,7.3,58,12005.42,209,49.5894,37.223198,4
1/7/2024,11.4,0,26.1,1019.5,35018.73,0,0,56,1019.5,1019.1,18.3,4.8,4,30606.1,174,49.5894,37.223198,4
1/8/2024,14.6,0,30.7,1012.3,35075.38,0,0,48,1012.3,1011.8,20.8,7.9,87,19662.17,210,49.5894,37.223198,4
1/9/2024,17.2,0,33.9,1011.1,35134.79,0,0,36,1011.1,1010.6,22.2,9.9,86,24843.12,209,49.5894,37.223198,4
1/10/2024,9.2,15.9,14,1017.8,35196.89,15.9,0,95,1017.8,1017.3,11.2,7.2,100,0,272,49.5894,37.223198,4
1/11/2024,7.9,6.5,12.3,1018.4,35261.62,6.5,0,94,1018.4,1017.9,9.2,5.6,99,0,269,49.5894,37.223198,4
1/12/2024,9.8,0,27.6,1005.8,35328.88,0,0,86,1005.8,1005.3,16.7,5.8,72,16589.1,171,49.5894,37.223198,4
1/13/2024,7.6,20.6,24.4,1012.4,35398.77,18.3,1.61,82,1012.4,1011.9,17,1.3,91,3632.22,255,49.5894,37.223198,4
1/14/2024,1.4,15.3,17.6,1022.2,35472.04,9.8,3.85,97,1022.2,1021.7,2,0.8,100,0,232,49.5894,37.223198,4
1/15/2024,4,0,8.8,1022.3,35548.71,0,0,92,1022.3,1021.8,6.9,1.6,98,0,229,49.5894,37.223198,4
1/16/2024,6.8,0,12.3,1018.9,35628.61,0,0,87,1018.9,1018.4,12.7,4,68,21600,220,49.5894,37.223198,4
1/17/2024,11.5,0.2,26.8,1019.5,35711.6,0.2,0,65,1019.5,1019,16,5.6,46,30947.53,251,49.5894,37.223198,4
1/18/2024,8.9,1,11.4,1026.3,35797.52,1,0,93,1026.3,1025.9,10.4,6.3,79,0,272,49.5894,37.223198,4
1/19/2024,8.9,0,6.5,1021.4,35886.23,0,0,92,1021.4,1020.9,15.4,5.7,81,21421.4,217,49.5894,37.223198,4
1/20/2024,10.2,0,7.3,1018.2,35977.56,0,0,90,1018.2,1017.7,14.9,7.2,93,25200,205,49.5894,37.223198,4
1/21/2024,12.9,1.8,14.8,1017.8,36071.39,1.8,0,71,1017.8,1017.3,20.9,7.1,45,30488.77,252,49.5894,37.223198,4
1/22/2024,9,26.5,19.8,1027.2,36167.55,26.5,0,96,1027.2,1026.7,11.3,5.2,100,0,308,49.5894,37.223198,4
1/23/2024,5.1,10.8,16,1028.8,36265.91,10.8,0,94,1028.8,1028.3,5.9,4,100,0,262,49.5894,37.223198,4
1/24/2024,1.9,24.9,23.2,1027.4,36366.33,14.3,7.42,98,1027.4,1026.9,4.6,0.8,100,0,266,49.5894,37.223198,4
1/25/2024,2.5,0,8.6,1022,36468.66,0,0,89,1022,1021.5,6.2,0,68,21347.41,213,49.5894,37.223198,4
1/26/2024,4.3,0,7.7,1017,36572.76,0,0,93,1017,1016.5,8.3,-0.2,94,11969.37,214,49.5894,37.223198,4
1/27/2024,7.5,1.8,12.7,1011.2,36678.51,1.8,0,93,1011.2,1010.7,12.4,3.6,93,18000,241,49.5894,37.223198,4
1/28/2024,7,9.2,15.2,1020.4,36785.77,9.2,0,88,1020.4,1019.9,10.3,3.8,81,14349.78,238,49.5894,37.223198,4
1/29/2024,6.3,7.4,20.7,1026.5,36894.4,7.4,0,94,1026.5,1026,8.9,2.8,90,3871.67,282,49.5894,37.223198,4
1/30/2024,5,18.9,25.1,1032.6,37004.29,18.9,0,96,1032.6,1032.1,6.1,4.3,100,0,292,49.5894,37.223198,4
1/31/2024,5.1,9.4,13.3,1031.3,37115.29,9.4,0,93,1031.3,1030.8,6.1,4.3,100,0,248,49.5894,37.223198,4
2/1/2024,5.5,7,15.2,1024.9,37227.3,7,0,93,1024.9,1024.4,6.2,4.7,100,0,251,49.5894,37.223198,4
2/2/2024,5.1,7.7,14.5,1018.8,37340.39,7.7,0,94,1018.8,1018.3,6.3,2,84,0,266,49.5894,37.223198,4
2/3/2024,5.9,0,10.4,1018.2,37455.7,0,0,82,1018.2,1017.7,13.2,0.8,7,32764.93,194,49.5894,37.223198,4
2/4/2024,10.2,0,23.8,1016,37573.27,0,0,52,1016,1015.5,15.6,1.9,72,30122.27,208,49.5894,37.223198,4
2/5/2024,13.7,0,29.3,1010.4,37692.96,0,0,48,1010.4,1009.9,17.8,5.7,60,28380.9,187,49.5894,37.223198,4
2/6/2024,14.6,0,34.7,1008.4,37814.62,0,0,51,1008.4,1008,19.5,7.2,47,32020.41,189,49.5894,37.223198,4
2/7/2024,12.6,0,29.1,1015.7,37938.08,0,0,60,1015.7,1015.2,19.5,7.2,6,34272.34,196,49.5894,37.223198,4
2/8/2024,13.9,0,22.6,1014.6,38063.2,0,0,55,1014.6,1014.2,21.8,7.1,3,34662.31,218,49.5894,37.223198,4
2/9/2024,14.6,0,23.9,1014.3,38189.84,0,0,55,1014.3,1013.8,21.2,8.6,75,34414.35,213,49.5894,37.223198,4
2/10/2024,12.5,0,11,1018.3,38317.86,0,0,70,1018.3,1017.8,19.5,8.1,28,34974.41,250,49.5894,37.223198,4
2/11/2024,11.9,0,9.1,1020.5,38447.11,0,0,75,1020.5,1020,19.1,6.3,12,33075.07,254,49.5894,37.223198,4
2/12/2024,12.2,0,8.7,1019.8,38577.46,0,0,78,1019.8,1019.3,20,6.4,14,35379.31,242,49.5894,37.223198,4
2/13/2024,12,0,6.6,1014.9,38708.77,0,0,80,1014.9,1014.4,19.8,6.8,98,34195.46,231,49.5894,37.223198,4
2/14/2024,14.7,0.8,12.6,1012.9,38840.92,0.8,0,74,1012.9,1012.4,21.6,9.8,96,25907.78,261,49.5894,37.223198,4
2/15/2024,11.7,8.4,12.8,1016.5,38973.77,8.4,0,93,1016.5,1016,14.5,9.6,92,0,284,49.5894,37.223198,4
2/16/2024,7.4,17.5,16.3,1022.3,39107.19,17.5,0,96,1022.3,1021.8,9.4,5.5,100,0,286,49.5894,37.223198,4
2/17/2024,5,25.8,15.3,1023.8,39241.06,25.8,0,94,1023.8,1023.3,5.9,3.2,100,0,266,49.5894,37.223198,4
2/18/2024,5.8,4.4,11.2,1025.8,39375.26,4.4,0,93,1025.8,1025.3,7.3,4.7,100,2064.98,306,49.5894,37.223198,4
2/19/2024,6.7,0,8.5,1024.3,39509.66,0,0,86,1024.3,1023.8,10.9,3.1,46,27657.26,74,49.5894,37.223198,4
2/20/2024,7.9,0.1,10.6,1024,39644.15,0.1,0,84,1024,1023.5,12.4,2.7,68,34345.17,293,49.5894,37.223198,4
2/21/2024,9.1,0,10.9,1025.8,39778.6,0,0,85,1025.8,1025.3,13,6.2,87,27449.18,313,49.5894,37.223198,4
2/22/2024,8.8,1.3,12.7,1025.1,39913.12,1.3,0,87,1025.1,1024.6,11.9,6.6,96,9094.13,308,49.5894,37.223198,4
2/23/2024,9.1,7.4,23.8,1025.7,40048.84,7.4,0,87,1025.7,1025.2,14.1,6.4,99,14024.14,301,49.5894,37.223198,4
2/24/2024,6.3,21.6,19.1,1031.6,40185.85,21.6,0,93,1031.6,1031.1,7.2,4.8,100,0,316,49.5894,37.223198,4
2/25/2024,3,52.3,18.1,1034,40324.03,38,10.01,98,1034,1033.5,5.1,0.5,100,0,317,49.5894,37.223198,4
2/26/2024,0.4,39.2,22.9,1034.3,40463.27,2.1,25.97,95,1034.3,1033.8,1,-0.2,100,0,283,49.5894,37.223198,4
2/27/2024,0.6,5.1,8.7,1032.7,40603.45,1.7,2.38,92,1032.7,1032.2,1.8,-0.6,98,7396.53,230,49.5894,37.223198,4
2/28/2024,0.9,1.3,10.2,1032.6,40744.46,1.1,0.14,91,1032.6,1032.1,2.2,-0.9,88,21357.36,225,49.5894,37.223198,4
2/29/2024,-0.1,0.3,9.2,1032.6,40886.18,0.3,0,83,1032.6,1032,3.8,-4.9,47,25200,187,49.5894,37.223198,4
3/1/2024,1,0,11.2,1030.5,41028.51,0,0,78,1030.5,1030,7.2,-4.8,8,36000,192,49.5894,37.223198,4
3/2/2024,2.9,0,9.4,1023.7,41171.33,0,0,78,1023.7,1023.2,9.2,-3.6,33,36000,199,49.5894,37.223198,4
3/3/2024,5.2,0,9.3,1019.2,41314.54,0,0,85,1019.2,1018.7,9.5,-0.2,86,30569.98,200,49.5894,37.223198,4
3/4/2024,6.6,4.7,8.4,1019.8,41458.04,4.7,0,94,1019.8,1019.3,9,4.2,100,0,209,49.5894,37.223198,4
3/5/2024,7.8,0,7.9,1018.5,41601.71,0,0,84,1018.5,1018,13.2,4,52,23695.49,177,49.5894,37.223198,4
3/6/2024,9.8,0,10.6,1012.8,41745.46,0,0,84,1012.8,1012.3,18.4,3,49,32400,220,49.5894,37.223198,4
3/7/2024,11.5,0,16.6,1010.7,41889.19,0,0,79,1010.7,1010.2,21.4,5.8,70,36000,293,49.5894,37.223198,4
3/8/2024,9.6,3.4,8,1016.9,42032.78,3.4,0,90,1016.9,1016.4,12.2,7.8,98,2425.01,307,49.5894,37.223198,4
3/9/2024,11.2,0.1,12.1,1015.4,42176.14,0.1,0,85,1015.4,1014.9,17,7.6,76,29944.89,280,49.5894,37.223198,4
3/10/2024,9.4,15.1,22.7,1018.1,42319.16,15.1,0,91,1018.1,1017.6,14.6,6.8,100,10946.2,290,49.5894,37.223198,4
3/11/2024,8.7,3.8,9.4,1023.6,42461.74,3.8,0,90,1023.6,1023.1,10.3,6.8,100,0,301,49.5894,37.223198,4
3/12/2024,8.4,6.9,10.9,1027.6,42603.8,6.9,0,90,1027.6,1027.1,11.8,4.7,65,14171.35,91,49.5894,37.223198,4
3/13/2024,9.3,1.7,13.7,1025.1,42745.39,1.7,0,88,1025.1,1024.6,13.9,4.4,100,3752.77,269,49.5894,37.223198,4
3/14/2024,10.8,0.1,13,1023,42887.59,0.1,0,83,1023,1022.5,15.9,8.4,94,27062.32,275,49.5894,37.223198,4
3/15/2024,11.4,0,9.9,1016.5,43030.49,0,0,85,1016.5,1016.1,16.9,8.3,81,17914.33,274,49.5894,37.223198,4
3/16/2024,11.3,5.1,15.2,1015.4,43173.98,5.1,0,89,1015.4,1014.9,15.8,9.5,93,10780.06,330,49.5894,37.223198,4
3/17/2024,12.2,0,9.7,1019.5,43317.98,0,0,84,1019.5,1019,16.3,9.4,100,1547.38,315,49.5894,37.223198,4
3/18/2024,12.3,9.4,6.7,1016.7,43462.4,9.4,0,92,1016.7,1016.2,15.7,10.2,100,0,254,49.5894,37.223198,4
3/19/2024,10.6,24.7,12.1,1010.4,43607.14,24.7,0,95,1010.4,1009.9,13.1,9,100,0,275,49.5894,37.223198,4
3/20/2024,10.3,1.9,13.3,1013.6,43752.12,1.9,0,91,1013.6,1013.1,12.2,8.5,100,0,305,49.5894,37.223198,4
3/21/2024,11.6,0.2,13.7,1018.4,43897.24,0.2,0,87,1018.4,1018,15.6,8.6,96,8,76,49.5894,37.223198,4
3/22/2024,12.1,1.5,8.8,1012,44042.42,1.5,0,88,1012,1011.5,16.4,8.9,100,2767.95,193,49.5894,37.223198,4
3/23/2024,12.3,0,13.7,1011.8,44187.55,0,0,85,1011.8,1011.3,16.8,8.6,95,20050.95,2,49.5894,37.223198,4
3/24/2024,10.6,12.7,11.9,1014.3,44332.55,12.7,0,95,1014.3,1013.8,12.3,9,100,0,297,49.5894,37.223198,4
3/25/2024,10.6,3.3,10.1,1006.2,44477.34,3.3,0,91,1006.2,1005.7,13,8.4,98,0,254,49.5894,37.223198,4
3/26/2024,16.7,0,37.7,1007.5,44621.81,0,0,51,1007.5,1007.1,23,7.6,70,31594.26,188,49.5894,37.223198,4
3/27/2024,10.3,0,15.9,1019.1,44765.87,0,0,75,1019.1,1018.6,16.1,7.2,36,30044.72,247,49.5894,37.223198,4
3/28/2024,11.8,0,11.4,1021.1,44909.43,0,0,76,1021.1,1020.6,18,6.7,8,39548.76,277,49.5894,37.223198,4
3/29/2024,13.1,0,8.4,1019.4,45052.38,0,0,73,1019.4,1018.9,20.8,5.9,0,39984.82,265,49.5894,37.223198,4
3/30/2024,13.8,0.4,11.7,1018.7,45194.65,0.4,0,74,1018.7,1018.2,20.5,8.4,27,39334.38,294,49.5894,37.223198,4
3/31/2024,13.9,0,13,1024.6,45336.13,0,0,78,1024.6,1024.1,19.2,9.5,18,39969.7,172,49.5894,37.223198,4
4/1/2024,13.9,0,10.2,1024.1,45476.72,0,0,84,1024.1,1023.7,19.1,10,21,37817.82,294,49.5894,37.223198,4
4/2/2024,14,0,12.4,1020,45616.5,0,0,78,1020,1019.5,20.9,8.8,52,38890.04,105,49.5894,37.223198,4
4/3/2024,15.3,0,11.2,1012.8,45756.46,0,0,78,1012.8,1012.3,22.8,8.9,10,39349.94,183,49.5894,37.223198,4
4/4/2024,13.4,0,18.2,1016.9,45896.69,0,0,73,1016.9,1016.4,19.5,8.6,49,38620.97,288,49.5894,37.223198,4
4/5/2024,14.6,0,10.2,1015.7,46037.09,0,0,74,1015.7,1015.2,21.2,8.9,29,40072.48,99,49.5894,37.223198,4
4/6/2024,13.1,0.3,14.6,1019.1,46177.58,0.3,0,80,1019.1,1018.6,16.4,9.6,92,753.75,324,49.5894,37.223198,4
4/7/2024,12.8,0.1,13.9,1021,46318.06,0.1,0,79,1021,1020.5,14.9,9.8,94,755.34,329,49.5894,37.223198,4
4/8/2024,12.7,2.2,14.1,1023.9,46458.45,2.2,0,86,1023.9,1023.4,15,10.6,93,9960.51,311,49.5894,37.223198,4
4/9/2024,13.8,0.1,11.8,1022,46598.66,0.1,0,83,1022,1021.5,18,10.4,57,29977.57,55,49.5894,37.223198,4
4/10/2024,14.1,7.4,7.3,1015.3,46738.58,7.4,0,86,1015.3,1014.8,17.1,10,100,8712.83,346,49.5894,37.223198,4
4/11/2024,13.1,30.2,21.6,1017.8,46878.12,30.2,0,92,1017.8,1017.4,14.2,11.7,100,0,262,49.5894,37.223198,4
4/12/2024,14,3.7,14.6,1020.3,47017.2,3.7,0,81,1020.3,1019.8,18.5,9.9,55,28006.36,247,49.5894,37.223198,4
4/13/2024,13.3,0,11.2,1017,47155.7,0,0,76,1017,1016.5,19.5,8.3,1,40631.64,69,49.5894,37.223198,4
4/14/2024,14.8,0,10.5,1015.7,47293.54,0,0,73,1015.7,1015.2,21.6,8.2,1,40785.93,318,49.5894,37.223198,4
4/15/2024,14.6,0,11.4,1019.7,47430.6,0,0,84,1019.7,1019.2,19.9,9.7,78,39233,307,49.5894,37.223198,4
4/16/2024,16.1,0,14.6,1019.6,47566.78,0,0,80,1019.6,1019.2,23,10.4,11,40390.62,113,49.5894,37.223198,4
4/17/2024,17.1,0,10.1,1014.7,47701.99,0,0,83,1014.7,1014.3,24.1,10.9,15,40034.95,128,49.5894,37.223198,4
4/18/2024,18.3,0,9.3,1009.6,47836.1,0,0,77,1009.6,1009.1,26.1,9.9,3,40934.77,259,49.5894,37.223198,4
4/19/2024,19.3,0,11.6,1008.3,47969.02,0,0,78,1008.3,1007.9,25.4,14.2,31,40766.55,282,49.5894,37.223198,4
4/20/2024,19.8,0,10.2,1010.7,48100.63,0,0,72,1010.7,1010.3,25.2,15.4,18,40928.34,305,49.5894,37.223198,4
4/21/2024,20.3,0,10.5,1008.5,48230.82,0,0,75,1008.5,1008,26.8,14.4,66,36191.8,280,49.5894,37.223198,4
4/22/2024,18.2,16.8,18.7,1017.4,48359.64,16.8,0,81,1017.4,1016.9,21.6,15.9,95,15026.88,262,49.5894,37.223198,4
4/23/2024,17.4,5.8,13.1,1021.4,48488.05,5.8,0,78,1021.4,1020.9,20.4,15.3,97,7327.41,198,49.5894,37.223198,4
4/24/2024,18.3,0,11.2,1019.9,48616.12,0,0,64,1019.9,1019.5,24.3,12.9,20,40680.16,212,49.5894,37.223198,4
4/25/2024,18.1,0,13.2,1017,48743.77,0,0,67,1017,1016.5,25.4,11.3,4,42310.27,125,49.5894,37.223198,4
4/26/2024,18.7,0,12.1,1016.6,48870.88,0,0,74,1016.6,1016.1,25.8,11.8,7,41963.88,115,49.5894,37.223198,4
4/27/2024,19.2,0,16,1019.7,48997.36,0,0,75,1019.7,1019.3,26,14,10,41886.38,92,49.5894,37.223198,4
4/28/2024,19.8,0,7.7,1019.9,49123.12,0,0,73,1019.9,1019.5,26.9,13.6,0,42291.3,329,49.5894,37.223198,4
4/29/2024,20.1,0,12.7,1018.2,49248.04,0,0,75,1018.2,1017.7,27.3,14.2,4,41900.27,64,49.5894,37.223198,4
4/30/2024,20.3,0,11.7,1016.3,49372,0,0,73,1016.3,1015.9,27.4,14.5,73,38328.32,331,49.5894,37.223198,4
5/1/2024,19.2,0,12.6,1014.1,49494.93,0,0,74,1014.1,1013.6,23.9,15.1,83,34118.52,310,49.5894,37.223198,4
5/2/2024,17.6,0.3,12.2,1008.3,49616.7,0.3,0,77,1008.3,1007.8,21.7,13.9,91,26217.92,309,49.5894,37.223198,4
5/3/2024,17.3,6.3,17.8,1003.2,49737.18,6.3,0,75,1003.2,1002.7,24.4,12.8,94,25776.02,318,49.5894,37.223198,4
5/4/2024,16.9,0,17.1,1006,49856.28,0,0,77,1006,1005.6,22.2,12.9,80,34359.03,118,49.5894,37.223198,4
5/5/2024,20.1,0,15.2,1004.9,49973.86,0,0,77,1004.9,1004.4,28.5,12.9,45,39009.7,106,49.5894,37.223198,4
5/6/2024,17.3,16.1,15.2,1012.6,50089.83,16.1,0,89,1012.6,1012.1,20.9,14.2,98,1808.04,329,49.5894,37.223198,4
5/7/2024,16.2,10.9,14,1011.8,50204.05,10.9,0,89,1011.8,1011.3,18.6,14.2,100,3929,316,49.5894,37.223198,4
5/8/2024,16.8,43.6,15.5,1014.7,50316.39,43.6,0,90,1014.7,1014.2,22.6,14.6,92,22088.88,303,49.5894,37.223198,4
5/9/2024,16.3,7,7.1,1019.1,50426.73,7,0,87,1019.1,1018.6,20.6,12.5,59,28849.71,129,49.5894,37.223198,4
5/10/2024,18.7,0,9.8,1017,50534.94,0,0,82,1017,1016.5,24.8,12,36,42318.62,254,49.5894,37.223198,4
5/11/2024,20.5,0,11.4,1013.5,50640.9,0,0,83,1013.5,1013.1,26.7,15.1,44,43278.52,127,49.5894,37.223198,4
5/12/2024,22.3,0.3,13.5,1004.5,50744.63,0.3,0,81,1004.5,1004.1,31,16.2,59,35347.46,299,49.5894,37.223198,4
5/13/2024,17.3,16.8,15,1009.9,50846.95,16.8,0,92,1009.9,1009.5,18.9,15.9,97,4471.16,326,49.5894,37.223198,4
5/14/2024,16.2,12.4,21.7,1012.1,50947.94,12.4,0,91,1012.1,1011.6,18.5,14.1,100,1850.82,300,49.5894,37.223198,4
5/15/2024,16.1,6.4,18.1,1018,51047.5,6.4,0,92,1018,1017.6,18.2,14.1,98,0,330,49.5894,37.223198,4
5/16/2024,17.1,11.4,15,1018,51145.52,11.4,0,91,1018,1017.5,19.4,15.8,97,3957.46,61,49.5894,37.223198,4
5/17/2024,16.5,15.1,16.3,1016.2,51241.93,15.1,0,90,1016.2,1015.7,20.6,13.9,99,5775.41,14,49.5894,37.223198,4
5/18/2024,15.4,2.1,17.9,1019.1,51336.61,2.1,0,83,1019.1,1018.6,18.2,13.2,86,11287.55,74,49.5894,37.223198,4
5/19/2024,16.8,0.6,19.4,1016.6,51429.46,0.6,0,81,1016.6,1016.1,20.9,12.7,65,33434.29,67,49.5894,37.223198,4
5/20/2024,16.5,6.2,10.2,1017.2,51520.38,6.2,0,91,1017.2,1016.7,19.6,14.2,100,9763.32,25,49.5894,37.223198,4
5/21/2024,15.7,5.9,11.2,1020,51609.26,5.9,0,94,1020,1019.5,16.6,13.9,100,0,18,49.5894,37.223198,4
5/22/2024,16.2,2.5,12.5,1018.1,51696.01,2.5,0,94,1018.1,1017.7,17.9,15.1,100,427.09,340,49.5894,37.223198,4
5/23/2024,18.4,0,11.3,1014.7,51780.5,0,0,84,1014.7,1014.2,22.5,14.3,57,43766.92,102,49.5894,37.223198,4
5/24/2024,18.4,0.2,14.8,1015.8,51862.65,0.2,0,83,1015.8,1015.4,22.2,14.1,69,41591.44,65,49.5894,37.223198,4
5/25/2024,17.4,13.1,11.6,1019.4,51942.33,13.1,0,88,1019.4,1018.9,20.1,15.1,87,11670.03,341,49.5894,37.223198,4
5/26/2024,18.3,0.6,13.4,1013.8,52019.44,0.6,0,87,1013.8,1013.3,21,14.8,73,16436.73,246,49.5894,37.223198,4
5/27/2024,19.9,0,12.6,1016,52093.87,0,0,80,1016,1015.5,23.9,16.4,26,45466.57,314,49.5894,37.223198,4
5/28/2024,20,0,11.4,1017,52165.5,0,0,80,1017,1016.5,24.8,16.4,8,45129.48,13,49.5894,37.223198,4
5/29/2024,21.3,0,13.4,1012.8,52234.23,0,0,84,1012.8,1012.4,27.2,15.6,40,43436.94,14,49.5894,37.223198,4
5/30/2024,22.7,0,11.9,1012.9,52299.93,0,0,86,1012.9,1012.5,28.1,18.5,52,30990.68,3,49.5894,37.223198,4
5/31/2024,24.7,0,11.3,1011,52362.5,0,0,80,1011,1010.5,30.9,19.4,22,39600,25,49.5894,37.223198,4
6/1/2024,23.8,0,14.7,1010.8,52421.93,0,0,76,1010.8,1010.3,27.2,19.1,2,44442.77,302,49.5894,37.223198,4
6/2/2024,22.1,3,13,1017.8,52478.72,3,0,76,1017.8,1017.3,25,18.8,24,44537.43,118,49.5894,37.223198,4
6/3/2024,23.8,0,11.4,1017.3,52532.92,0,0,65,1017.3,1016.8,29.1,18.2,2,45929.31,142,49.5894,37.223198,4
6/4/2024,23.7,0,11.2,1016.1,52584.48,0,0,66,1016.1,1015.7,29.5,18.7,1,46216.35,23,49.5894,37.223198,4
6/5/2024,23.9,0,10.9,1014.6,52633.34,0,0,69,1014.6,1014.1,29.5,18.5,11,45287.96,38,49.5894,37.223198,4
6/6/2024,24.7,0,10.5,1013.1,52679.46,0,0,69,1013.1,1012.6,30.5,19.3,12,45893.78,111,49.5894,37.223198,4
6/7/2024,25.7,0,12,1010.8,52722.79,0,0,71,1010.8,1010.4,32.5,19.9,11,45586.95,25,49.5894,37.223198,4
6/8/2024,24.5,0,10.9,1010.9,52763.29,0,0,73,1010.9,1010.4,29.2,20.2,33,45880.16,321,49.5894,37.223198,4
6/9/2024,24.6,0,13.3,1008.5,52800.9,0,0,74,1008.5,1008.1,29.5,20.4,54,35076.16,360,49.5894,37.223198,4
6/10/2024,25.2,0.3,12.6,1009.6,52835.58,0.3,0,80,1009.6,1009.2,29.6,20.4,84,34768.23,323,49.5894,37.223198,4
6/11/2024,24.2,0.8,9.7,1010.6,52867.28,0.8,0,82,1010.6,1010.1,28.4,21.1,72,19919.02,352,49.5894,37.223198,4
6/12/2024,24.9,0,12.6,1010.8,52895.96,0,0,75,1010.8,1010.3,29.3,21,26,44819.24,306,49.5894,37.223198,4
6/13/2024,26.3,0,10.9,1010.5,52921.58,0,0,66,1010.5,1010.1,31.8,21.5,29,45578.64,322,49.5894,37.223198,4
6/14/2024,25.2,1.3,13.2,1010.2,52944.09,1.3,0,74,1010.2,1009.7,30.1,21.5,39,40393.86,58,49.5894,37.223198,4
6/15/2024,25.3,0.6,12.7,1008.2,52963.45,0.6,0,76,1008.2,1007.7,29.7,21.1,27,44383.3,79,49.5894,37.223198,4
6/16/2024,26.7,0,13.7,1008.9,52979.62,0,0,74,1008.9,1008.4,32.9,21,37,41245.53,96,49.5894,37.223198,4
6/17/2024,27.9,0,11.1,1011.7,52992.57,0,0,74,1011.7,1011.3,33.6,22.4,11,45752.62,51,49.5894,37.223198,4
6/18/2024,27.7,0,10.6,1013.1,53002.25,0,0,76,1013.1,1012.6,33.6,23,27,39133.34,352,49.5894,37.223198,4
6/19/2024,27.1,0.9,10.9,1014.5,53008.62,0.9,0,75,1014.5,1014,31.3,23.1,16,44220.64,330,49.5894,37.223198,4
6/20/2024,27.5,0,10.9,1011.5,53011.66,0,0,66,1011.5,1011,32.2,23,3,45785.14,322,49.5894,37.223198,4
6/21/2024,27,0,17.3,1007.9,53011.33,0,0,68,1007.9,1007.4,32.8,22.4,17,44503.91,6,49.5894,37.223198,4
6/22/2024,24.6,3.4,14.8,1008.6,53007.59,3.4,0,84,1008.6,1008.2,27.6,22.1,72,28981.77,325,49.5894,37.223198,4
6/23/2024,24,7.1,18.2,1010.4,53000.48,7.1,0,86,1010.4,1010,28,22,76,19722.36,25,49.5894,37.223198,4
6/24/2024,25.1,0.4,12.9,1008.7,52990.04,0.4,0,83,1008.7,1008.2,29,22.2,75,14582.86,38,49.5894,37.223198,4
6/25/2024,26.6,0,14,1005.5,52976.31,0,0,73,1005.5,1005,31.7,22.2,53,45254.43,302,49.5894,37.223198,4
6/26/2024,26.6,5.5,28.3,1004.2,52959.34,5.5,0,73,1004.2,1003.8,32,21,50,42612.4,320,49.5894,37.223198,4
6/27/2024,20.2,22.6,28.6,1012.8,52939.18,22.6,0,86,1012.8,1012.4,23.1,18.4,54,19415.51,307,49.5894,37.223198,4
6/28/2024,21.5,0.1,7.3,1009.6,52915.86,0.1,0,87,1009.6,1009.2,23,19.6,85,0,324,49.5894,37.223198,4
6/29/2024,22.5,1.2,13.1,1010.2,52889.45,1.2,0,78,1010.2,1009.7,25.2,20,97,22974.54,301,49.5894,37.223198,4
6/30/2024,21.6,1,9,1013.2,52859.98,1,0,84,1013.2,1012.7,23.3,20,88,6392.1,271,49.5894,37.223198,4
7/1/2024,22.2,20.3,10.8,1010.8,52827.52,20.3,0,82,1010.8,1010.4,25.3,19.6,88,14956.68,316,49.5894,37.223198,4
7/2/2024,21,15.6,9.2,1007.2,52792.11,15.6,0,88,1007.2,1006.8,22.7,19.5,98,3328.65,349,49.5894,37.223198,4
7/3/2024,22.8,0,9.2,1005.8,52753.82,0,0,81,1005.8,1005.4,26.4,20,35,33408.47,251,49.5894,37.223198,4
7/4/2024,24.9,0,9.3,1006.1,52712.68,0,0,70,1006.1,1005.6,30.2,20.1,0,45329.62,201,49.5894,37.223198,4
7/5/2024,26.5,0,7.9,1005.9,52668.76,0,0,73,1005.9,1005.4,32.3,20.4,1,45362.59,26,49.5894,37.223198,4
7/6/2024,26.4,0.2,10.7,1005.8,52622.1,0.2,0,76,1005.8,1005.4,31.5,21.7,33,38777.07,344,49.5894,37.223198,4
7/7/2024,25.8,0.2,14.5,1008,52572.78,0.2,0,77,1008,1007.5,29.8,22,25,44424.55,332,49.5894,37.223198,4
7/8/2024,26.2,0,12.6,1009.1,52520.83,0,0,73,1009.1,1008.6,30.8,22.1,15,44282.81,326,49.5894,37.223198,4
7/9/2024,27.2,0,10.9,1009.4,52466.32,0,0,65,1009.4,1008.9,32.5,22.8,9,44823.55,300,49.5894,37.223198,4
7/10/2024,27.3,0,11.2,1010.6,52409.31,0,0,70,1010.6,1010.1,32.2,23.5,25,42371.68,304,49.5894,37.223198,4
7/11/2024,27.4,0,14.2,1010.5,52349.73,0,0,70,1010.5,1010,32.1,24,18,43815.5,322,49.5894,37.223198,4
7/12/2024,26.5,0,11,1009.1,52287.05,0,0,75,1009.1,1008.6,30.6,22.5,15,43014.86,333,49.5894,37.223198,4
7/13/2024,26.9,0,13.4,1007.2,52221.28,0,0,70,1007.2,1006.7,32.2,22.4,19,43636.15,39,49.5894,37.223198,4
7/14/2024,26.1,0.4,14.8,1008.4,52152.52,0.4,0,66,1008.4,1007.9,30.1,21.5,69,32104.3,32,49.5894,37.223198,4
7/15/2024,25.9,0,13.5,1009.5,52080.9,0,0,64,1009.5,1009.1,31,21,2,44255.52,49,49.5894,37.223198,4
7/16/2024,26.2,0,16.2,1009.4,52006.52,0,0,63,1009.4,1008.9,32.3,20.8,14,43747.93,36,49.5894,37.223198,4
7/17/2024,26.6,0,12.8,1010.5,51929.5,0,0,68,1010.5,1010,31.2,22,6,43914.93,14,49.5894,37.223198,4
7/18/2024,26.1,0.1,12.4,1009.9,51849.95,0.1,0,71,1009.9,1009.4,28.7,22.9,81,18208.35,12,49.5894,37.223198,4
7/19/2024,25.8,0.9,10,1007.3,51768,0.9,0,74,1007.3,1006.9,29.5,23,72,21748.37,305,49.5894,37.223198,4
7/20/2024,26.5,0.4,10.9,1004.5,51683.73,0.4,0,75,1004.5,1004.1,30.5,23,85,28735.49,87,49.5894,37.223198,4
7/21/2024,25.7,1,12.9,1006.9,51597.27,1,0,80,1006.9,1006.5,29.4,23.4,93,9596.54,326,49.5894,37.223198,4
7/22/2024,26.4,0,8.7,1007.9,51508.73,0,0,73,1007.9,1007.5,30.9,23,44,37945.73,312,49.5894,37.223198,4
7/23/2024,27.8,0,15.5,1005,51418.21,0,0,69,1005,1004.6,33.2,22.8,10,43780.52,58,49.5894,37.223198,4
7/24/2024,28.7,0.2,17.1,1000.8,51325.82,0.2,0,70,1000.8,1000.3,35.1,23.6,26,43359.92,36,49.5894,37.223198,4
7/25/2024,25.9,2.5,10.2,1003.3,51231.66,2.5,0,81,1003.3,1002.8,29.9,23.4,95,22711.04,356,49.5894,37.223198,4
7/26/2024,25.7,1.1,9.3,1003.8,51135.84,1.1,0,82,1003.8,1003.3,29,23.5,72,21600,344,49.5894,37.223198,4
7/27/2024,25.3,1.9,13,1007.3,51038.45,1.9,0,82,1007.3,1006.9,28.5,21.8,82,16105.26,323,49.5894,37.223198,4
7/28/2024,22.7,14.3,20.6,1011.9,50939.61,14.3,0,91,1011.9,1011.5,25.8,19.6,100,4068.03,323,49.5894,37.223198,4
7/29/2024,19.7,20.1,16.8,1013.9,50839.4,20.1,0,92,1013.9,1013.4,20.6,19.1,100,0,287,49.5894,37.223198,4
7/30/2024,22.5,0.1,9.1,1007.4,50737.93,0.1,0,79,1007.4,1007,26.5,19,52,29207.31,149,49.5894,37.223198,4
7/31/2024,24.8,0,11.2,1006,50635.12,0,0,74,1006,1005.6,28.9,19.9,2,42699.89,283,49.5894,37.223198,4
8/1/2024,25.7,0,12,1010.2,50530.15,0,0,71,1010.2,1009.8,29.5,22.1,52,36041.52,298,49.5894,37.223198,4
8/2/2024,23.6,3.6,11.3,1008.1,50422.99,3.6,0,86,1008.1,1007.6,25.6,21.6,71,1293.83,281,49.5894,37.223198,4
8/3/2024,25.5,0,10.4,1005.7,50313.76,0,0,72,1005.7,1005.3,30.1,21.4,27,42611.96,304,49.5894,37.223198,4
8/4/2024,26.5,0,11.6,1005.7,50202.59,0,0,72,1005.7,1005.2,30.9,22.1,14,42833.58,316,49.5894,37.223198,4
8/5/2024,27.4,0,10.8,1004.4,50089.6,0,0,75,1004.4,1003.9,32.4,22.2,2,43013.66,45,49.5894,37.223198,4
8/6/2024,27.7,0,12.2,1003.5,49974.91,0,0,72,1003.5,1003.1,32.2,23.9,17,40679.36,299,49.5894,37.223198,4
8/7/2024,27.6,0,12.1,1005.2,49858.65,0,0,70,1005.2,1004.7,31.5,24.4,19,42296.87,307,49.5894,37.223198,4
8/8/2024,26.7,0.4,12.9,1010.5,49740.93,0.4,0,72,1010.5,1010,30.2,23.9,64,35755.77,347,49.5894,37.223198,4
8/9/2024,25.6,2,8.1,1011.8,49621.86,2,0,81,1011.8,1011.3,28.8,23,61,14830.66,354,49.5894,37.223198,4
8/10/2024,26.8,0,11.9,1009.6,49501.56,0,0,72,1009.6,1009.1,30.1,23,39,36389.79,99,49.5894,37.223198,4
8/11/2024,26.5,0.2,14.6,1009.7,49380.14,0.2,0,72,1009.7,1009.2,29.6,23.3,79,17023.21,288,49.5894,37.223198,4
8/12/2024,26.6,0,10,1007.9,49257.71,0,0,61,1007.9,1007.4,31.1,23.1,26,40692.94,249,49.5894,37.223198,4
8/13/2024,26.8,0.1,14.9,1009.9,49134.37,0.1,0,67,1009.9,1009.5,31.1,23.5,52,14383.42,310,49.5894,37.223198,4
8/14/2024,27.8,0,9.8,1009.7,49010.23,0,0,69,1009.7,1009.2,33,23.3,16,40631.88,95,49.5894,37.223198,4
8/15/2024,25.2,3.5,11.8,1013,48885.38,3.5,0,84,1013,1012.6,28.5,22.7,60,20940.37,318,49.5894,37.223198,4
8/16/2024,24.2,0.8,11.9,1011.5,48759.95,0.8,0,79,1011.5,1011,27.6,21,95,5176.67,327,49.5894,37.223198,4
8/17/2024,22.8,0.6,9,1014.8,48634,0.6,0,82,1014.8,1014.3,26.4,20.7,90,6712.17,303,49.5894,37.223198,4
8/18/2024,23.1,10.4,10.1,1014.5,48507.64,10.4,0,86,1014.5,1014,25.8,21.2,88,12968.74,281,49.5894,37.223198,4
8/19/2024,25,0.6,9.7,1011.6,48380.98,0.6,0,78,1011.6,1011.2,29,22.3,55,24360.23,185,49.5894,37.223198,4
8/20/2024,26.3,0,13.5,1011.6,48253.94,0,0,70,1011.6,1011.1,31.5,22.4,6,41515.08,41,49.5894,37.223198,4
8/21/2024,26.6,0,11.5,1010,48125.59,0,0,62,1010,1009.5,32.7,21.5,1,41755.59,126,49.5894,37.223198,4
8/22/2024,27.5,0,8.8,1006.3,47995.88,0,0,71,1006.3,1005.8,33.7,21.9,4,41755.45,319,49.5894,37.223198,4
8/23/2024,28.1,0,13.9,1008.3,47864.92,0,0,75,1008.3,1007.9,34,23.5,6,41250.06,346,49.5894,37.223198,4
8/24/2024,27.5,0,14.2,1010.5,47732.8,0,0,71,1010.5,1010.1,32.3,23.9,18,40596.93,335,49.5894,37.223198,4
8/25/2024,26.6,0,14.3,1009,47599.65,0,0,72,1009,1008.6,29.8,23.6,60,33781.75,289,49.5894,37.223198,4
8/26/2024,26.2,0,15.5,1007.9,47465.55,0,0,70,1007.9,1007.4,31,23.1,32,36812.85,284,49.5894,37.223198,4
8/27/2024,27.3,0,13.8,1011.4,47330.62,0,0,57,1011.4,1010.9,32.6,23.3,3,40939.36,292,49.5894,37.223198,4
8/28/2024,26.7,2.1,12,1014,47194.93,2.1,0,64,1014,1013.5,31.2,23,59,32721.88,281,49.5894,37.223198,4
8/29/2024,24.7,6.4,12.6,1014.3,47058.61,6.4,0,87,1014.3,1013.9,28.5,22.5,54,27977.88,305,49.5894,37.223198,4
8/30/2024,25.8,0.6,13,1011.9,46921.73,0.6,0,72,1011.9,1011.5,30.8,22.4,33,36411.85,330,49.5894,37.223198,4
8/31/2024,26,0,14.1,1012.2,46784.39,0,0,64,1012.2,1011.8,31.3,21.6,14,40192.81,308,49.5894,37.223198,4
9/1/2024,26.1,0,11.8,1013.2,46646.68,0,0,64,1013.2,1012.7,32.2,21.9,2,40354.48,240,49.5894,37.223198,4
9/2/2024,26.5,0,10.8,1013.6,46508.7,0,0,70,1013.6,1013.2,32.7,21.4,10,39922.62,38,49.5894,37.223198,4
9/3/2024,26.9,0,12.8,1010.9,46370.54,0,0,71,1010.9,1010.4,32.5,22.5,2,40082.58,1,49.5894,37.223198,4
9/4/2024,26.8,0,14.4,1008.5,46232.27,0,0,72,1008.5,1008.1,32.5,22.5,42,39811.16,340,49.5894,37.223198,4
9/5/2024,25.8,0,16.2,1010.2,46093.99,0,0,61,1010.2,1009.8,30.1,22.4,8,39966.71,302,49.5894,37.223198,4
9/6/2024,23.9,13.9,22.5,1015.6,45955.78,13.9,0,62,1015.6,1015.2,28.9,20.4,31,39979.5,305,49.5894,37.223198,4
9/7/2024,23.1,0,16.8,1018.9,45817.74,0,0,71,1018.9,1018.5,26.4,20.7,74,24971.45,300,49.5894,37.223198,4
9/8/2024,23.1,0,8.2,1017.8,45679.94,0,0,74,1017.8,1017.3,26.1,20.6,59,33914.57,252,49.5894,37.223198,4
9/9/2024,24,0,11.6,1015.6,45542.29,0,0,74,1015.6,1015.2,28.7,20.8,10,39600,198,49.5894,37.223198,4
9/10/2024,25.2,0,10.9,1012.1,45403.88,0,0,76,1012.1,1011.7,30.8,20.6,27,37248.39,99,49.5894,37.223198,4
9/11/2024,26.1,0,10.3,1009.1,45264.62,0,0,81,1009.1,1008.7,31.6,21,22,39029.53,14,49.5894,37.223198,4
9/12/2024,25.8,0,13.3,1010.5,45124.61,0,0,77,1010.5,1010,30,22.8,35,38817.76,302,49.5894,37.223198,4
9/13/2024,24.8,0,14.6,1011.3,44983.93,0,0,71,1011.3,1010.8,28.8,20.3,37,36000,303,49.5894,37.223198,4
9/14/2024,23.5,1.9,17.4,1012.2,44842.69,1.9,0,69,1012.2,1011.8,27.2,20.5,50,36396.98,292,49.5894,37.223198,4
9/15/2024,21,0.7,15,1014.7,44700.96,0.7,0,67,1014.7,1014.3,24,19,68,10420.86,275,49.5894,37.223198,4
9/16/2024,21.5,0.4,10.1,1013.3,44558.83,0.4,0,67,1013.3,1012.8,24.9,18.1,67,31265.66,176,49.5894,37.223198,4
9/17/2024,21.1,2.5,13.6,1015.1,44416.39,2.5,0,81,1015.1,1014.6,23.6,19.1,99,1470.88,288,49.5894,37.223198,4
9/18/2024,19.3,4.6,11.7,1018.2,44273.74,4.6,0,90,1018.2,1017.7,21,18.4,99,0,272,49.5894,37.223198,4
9/19/2024,19.4,5.1,10.7,1017.8,44130.95,5.1,0,88,1017.8,1017.3,20.9,18.2,98,7322.14,294,49.5894,37.223198,4
9/20/2024,20.1,0.7,10.1,1015.5,43988.1,0.7,0,82,1015.5,1015,22.8,17.9,86,19496.57,238,49.5894,37.223198,4
9/21/2024,21,0,14.8,1015.2,43845.29,0,0,86,1015.2,1014.7,24,18,56,35025.26,294,49.5894,37.223198,4
9/22/2024,22.1,0,7.6,1014.4,43702.6,0,0,86,1014.4,1014,25.5,20,63,19607.33,242,49.5894,37.223198,4
9/23/2024,23.7,0,10.5,1010.8,43560.12,0,0,80,1010.8,1010.4,29.5,19.6,37,37354.27,151,49.5894,37.223198,4
9/24/2024,22.9,2.2,12.4,1012.8,43417.93,2.2,0,87,1012.8,1012.3,25.5,20.1,83,13757.6,312,49.5894,37.223198,4
9/25/2024,21.3,3.5,10.2,1017.4,43276.11,3.5,0,93,1017.4,1016.9,22.9,19.2,94,0,315,49.5894,37.223198,4
9/26/2024,19.8,4,17,1019.6,43134.75,4,0,92,1019.6,1019.1,22.2,18,91,5408.51,319,49.5894,37.223198,4
9/27/2024,18.9,10,13.4,1020.5,42993.95,10,0,90,1020.5,1020,20.8,17.5,99,4995.63,300,49.5894,37.223198,4
9/28/2024,16.8,12.7,11.7,1022.9,42853.77,12.7,0,89,1022.9,1022.4,18.1,15,80,0,242,49.5894,37.223198,4
9/29/2024,17.4,0.7,11.4,1022.3,42714.13,0.7,0,75,1022.3,1021.8,21.1,14.4,26,32829.94,226,49.5894,37.223198,4
9/30/2024,17.7,0,11.9,1015,42574.06,0,0,75,1015,1014.5,23.2,14.2,12,39186.28,166,49.5894,37.223198,4
10/1/2024,19.7,0,9.9,1007.9,42433.46,0,0,80,1007.9,1007.4,26,14.2,11,39128.82,168,49.5894,37.223198,4
10/2/2024,21.3,0,12.4,1006.4,42292.42,0,0,85,1006.4,1005.9,27.3,16.6,58,32599.36,244,49.5894,37.223198,4
10/3/2024,19.6,0.5,9.5,1015.7,42151.06,0.5,0,80,1015.7,1015.2,22.6,17.2,57,20321.76,262,49.5894,37.223198,4
10/4/2024,18.9,3.3,7.7,1018.1,42009.45,3.3,0,90,1018.1,1017.7,20.7,17,95,11501.81,347,49.5894,37.223198,4
10/5/2024,18,8.9,11.2,1019.8,41867.71,8.9,0,92,1019.8,1019.3,20.9,15.1,42,23245.12,291,49.5894,37.223198,4
10/6/2024,18.7,0,12.6,1019.7,41725.91,0,0,81,1019.7,1019.3,24,14.4,1,37250.63,133,49.5894,37.223198,4
10/7/2024,19.6,0,8.2,1017,41584.16,0,0,82,1017,1016.6,26.2,13.6,29,36763.11,230,49.5894,37.223198,4
10/8/2024,21.3,0,9.4,1015.6,41442.56,0,0,88,1015.6,1015.2,27.4,16.7,33,35308.82,253,49.5894,37.223198,4
10/9/2024,21.4,0.1,11.8,1015.6,41301.21,0.1,0,84,1015.6,1015.2,25.3,17.4,30,30065.58,241,49.5894,37.223198,4
10/10/2024,21.4,0,8,1010.8,41160.2,0,0,87,1010.8,1010.4,27,17.4,38,35019,241,49.5894,37.223198,4
10/11/2024,21.7,0.3,12.7,1013.7,41019.64,0.3,0,86,1013.7,1013.2,25.4,19.1,89,28871.73,57,49.5894,37.223198,4
10/12/2024,21.8,0.4,10.9,1014.8,40879.62,0.4,0,83,1014.8,1014.4,25.1,18.9,81,33326.25,72,49.5894,37.223198,4
10/13/2024,21.5,0.3,13.4,1015.3,40740.26,0.3,0,83,1015.3,1014.9,25.5,19,63,32779.58,6,49.5894,37.223198,4
10/14/2024,18.5,4.8,17.6,1017.3,40601.65,4.8,0,93,1017.3,1016.9,19.5,16.7,99,111.26,300,49.5894,37.223198,4
10/15/2024,18.4,0.2,13.9,1019.3,40463.9,0.2,0,87,1019.3,1018.8,21,16.7,96,8194.37,292,49.5894,37.223198,4
10/16/2024,19.2,0,11.1,1017.9,40327.12,0,0,88,1017.9,1017.5,22,17,81,5111.61,16,49.5894,37.223198,4
10/17/2024,19.7,0,10.3,1011,40191.41,0,0,85,1011,1010.5,25.2,16,31,33795.32,150,49.5894,37.223198,4
10/18/2024,18.1,4.5,20,1010.7,40056.9,4.5,0,91,1010.7,1010.3,23.1,15.4,99,365.97,293,49.5894,37.223198,4
10/19/2024,16.4,1.9,14.7,1015.8,39923.48,1.9,0,87,1015.8,1015.4,18.5,14.9,100,90.11,274,49.5894,37.223198,4
10/20/2024,13.5,21.6,22.9,1020.1,39790.07,21.6,0,93,1020.1,1019.6,15.4,12.6,100,0,284,49.5894,37.223198,4
10/21/2024,12.6,45.8,25.1,1019.6,39656.58,45.8,0,94,1019.6,1019.1,13.9,10.4,99,0,279,49.5894,37.223198,4
10/22/2024,10.9,29.8,22.3,1025.2,39523.12,29.8,0,95,1025.2,1024.7,11.6,10.2,100,0,297,49.5894,37.223198,4
10/23/2024,10.2,42.6,19.8,1027.8,39389.81,42.6,0,95,1027.8,1027.3,11.5,9.7,100,0,282,49.5894,37.223198,4
10/24/2024,11.1,20.3,12.9,1025.3,39256.77,20.3,0,89,1025.3,1024.8,12.6,9.7,100,0,229,49.5894,37.223198,4
10/25/2024,13.4,1.6,15.1,1021.7,39124.11,1.6,0,68,1021.7,1021.2,19.4,7,11,32997.04,176,49.5894,37.223198,4
10/26/2024,13.9,8.1,21.7,1020.7,38991.95,8.1,0,76,1020.7,1020.2,19.8,6.1,51,32565.05,286,49.5894,37.223198,4
10/27/2024,11.8,19.7,14.9,1029.7,38860.41,19.7,0,95,1029.7,1029.2,12.9,10,76,0,296,49.5894,37.223198,4
10/28/2024,12.5,0,8.9,1024,38729.63,0,0,85,1024,1023.5,17,9.2,39,32862.63,230,49.5894,37.223198,4
10/29/2024,13.4,0,8,1021.6,38599.72,0,0,83,1021.6,1021.1,18,9,26,32617.88,232,49.5894,37.223198,4
10/30/2024,13.9,0.1,7.5,1022.3,38470.82,0.1,0,84,1022.3,1021.8,17.7,10.3,82,28800,220,49.5894,37.223198,4
10/31/2024,13.9,0,9,1020.4,38343.04,0,0,82,1020.4,1020,19.1,10.8,35,32400,215,49.5894,37.223198,4
11/1/2024,14.7,0.2,8.2,1022.3,38216.54,0.2,0,87,1022.3,1021.8,19,10.6,74,28977.37,238,49.5894,37.223198,4
11/2/2024,16.1,0,8.4,1017.6,38091.45,0,0,89,1017.6,1017.1,21.9,12.1,50,31838.81,220,49.5894,37.223198,4
11/3/2024,17.5,27.2,16.8,1013.2,37967.9,27.2,0,90,1013.2,1012.7,23.6,13.4,97,12215.64,282,49.5894,37.223198,4
11/4/2024,11.9,34.3,23.1,1017.8,37846.03,34.3,0,96,1017.8,1017.3,14.9,9.3,88,0,286,49.5894,37.223198,4
11/5/2024,13.3,9.7,15.3,1017.2,37726,9.7,0,88,1017.2,1016.7,17.9,9.6,94,1485.5,300,49.5894,37.223198,4
11/6/2024,11,10.3,11.2,1030.1,37607.93,10.3,0,94,1030.1,1029.6,11.9,10.1,99,0,290,49.5894,37.223198,4
11/7/2024,11.3,1.6,10.5,1032,37492,1.6,0,88,1032,1031.5,12.6,10.4,97,0,242,49.5894,37.223198,4
11/8/2024,12,3.4,8.8,1029.7,37378.12,3.4,0,87,1029.7,1029.2,13.6,10.6,100,966.77,228,49.5894,37.223198,4
11/9/2024,12.1,0.8,11.6,1029.1,37265.2,0.8,0,94,1029.1,1028.6,13.4,10.8,91,5421.62,286,49.5894,37.223198,4
11/10/2024,12.8,0,9.8,1026.7,37153.12,0,0,89,1026.7,1026.2,16.5,9.8,70,28787.64,255,49.5894,37.223198,4
11/11/2024,12.9,3.4,7.1,1022.9,37042.02,3.4,0,91,1022.9,1022.4,15.5,9.9,98,0,230,49.5894,37.223198,4
11/12/2024,12.7,25.5,28.5,1025.6,36932.02,25.5,0,95,1025.6,1025.1,13.4,11.6,100,0,302,49.5894,37.223198,4
11/13/2024,11.4,4.5,10.2,1029.8,36823.27,4.5,0,90,1029.8,1029.3,12.4,10.4,96,0,40,49.5894,37.223198,4
11/14/2024,11.8,0.4,10,1023.4,36715.88,0.4,0,88,1023.4,1023,15.7,8.1,65,21543.94,82,49.5894,37.223198,4
11/15/2024,11.7,0,9.7,1018.3,36610,0,0,89,1018.3,1017.8,18.2,7.8,58,31883.32,192,49.5894,37.223198,4
11/16/2024,12,0,14.5,1012.8,36505.76,0,0,91,1012.8,1012.3,17.1,7.8,54,25736.62,220,49.5894,37.223198,4
11/17/2024,12.7,11.5,13,1020,36403.3,11.5,0,95,1020,1019.5,13.8,11.3,97,174.79,300,49.5894,37.223198,4
11/18/2024,13.2,0,11.7,1016.5,36302.76,0,0,90,1016.5,1016.1,16.5,11,98,19381.01,247,49.5894,37.223198,4
11/19/2024,14.2,0.1,9.4,1015.5,36204.28,0.1,0,90,1015.5,1015,18.2,11.4,87,21275.21,273,49.5894,37.223198,4
11/20/2024,13.1,34,16.2,1021.3,36108.01,34,0,93,1021.3,1020.8,14.9,11.1,88,9948.82,266,49.5894,37.223198,4
11/21/2024,13.4,0,10.2,1018.2,36014.11,0,0,91,1018.2,1017.8,18.6,9.6,52,30623.47,188,49.5894,37.223198,4
11/22/2024,13.6,0,9.9,1019.5,35922.7,0,0,81,1019.5,1019.1,19.4,7.8,4,32340.25,243,49.5894,37.223198,4
11/23/2024,14.6,0,7.6,1019.6,35833.95,0,0,91,1019.6,1019.1,19.4,11.4,57,30163.01,245,49.5894,37.223198,4
11/24/2024,13.2,0,7.6,1012,35748.02,0,0,92,1012,1011.5,17.4,10.3,77,21184.2,224,49.5894,37.223198,4
11/25/2024,14.3,0.2,9.3,1014.9,35665.05,0.2,0,90,1014.9,1014.4,17.4,11.9,98,2948.47,231,49.5894,37.223198,4
11/26/2024,14.5,0.6,11.2,1014,35585.2,0.6,0,91,1014,1013.6,18.4,11.8,93,19787.94,243,49.5894,37.223198,4
11/27/2024,12.7,40.9,16.6,1013,35508.64,40.9,0,95,1013,1012.5,16.2,8.9,89,4899.63,267,49.5894,37.223198,4
11/28/2024,10.6,8.2,12.1,1018.3,35435.34,8.2,0,85,1018.3,1017.8,15.3,6.8,27,32011.68,250,49.5894,37.223198,4
11/29/2024,10.2,5.7,13,1025.3,35364.46,5.7,0,89,1025.3,1024.8,12.9,8.4,59,31847.55,291,49.5894,37.223198,4
11/30/2024,9.3,7.2,7.1,1029.8,35295.93,7.2,0,96,1029.8,1029.3,10.2,7.9,93,0,293,49.5894,37.223198,4
12/1/2024,9.5,1.7,7.9,1028.4,35229.83,1.7,0,92,1028.4,1027.9,12.1,7.2,67,30114.84,281,49.5894,37.223198,4
12/2/2024,9.2,4.3,14.3,1026.7,35166.24,4.3,0,90,1026.7,1026.2,11.2,7,90,12901.93,282,49.5894,37.223198,4
12/3/2024,8.5,0,11,1025.3,35105.26,0,0,91,1025.3,1024.8,12.1,5.1,78,17755.73,260,49.5894,37.223198,4
12/4/2024,7.8,0,7.9,1023.4,35046.98,0,0,88,1023.4,1022.9,13.4,4.4,18,31208.67,236,49.5894,37.223198,4
12/5/2024,9.4,0,11.2,1026.6,34991.48,0,0,90,1026.6,1026.1,12.8,4.2,65,31345.29,275,49.5894,37.223198,4
12/6/2024,10.8,0.8,9.3,1029.8,34938.85,0.8,0,89,1029.8,1029.3,12.4,9.4,98,0,287,49.5894,37.223198,4
12/7/2024,10.2,0.8,8.7,1032,34889.18,0.8,0,91,1032,1031.5,11.8,8.2,97,0,271,49.5894,37.223198,4
12/8/2024,9.6,0.1,7.7,1026.7,34842.56,0.1,0,91,1026.7,1026.2,14.4,6.4,100,13128.96,219,49.5894,37.223198,4
12/9/2024,10.5,1.8,11.9,1026.3,34799.08,1.8,0,92,1026.3,1025.8,13.2,8.4,100,2882.9,274,49.5894,37.223198,4
12/10/2024,10.5,0.4,10.7,1030.3,34758.82,0.4,0,90,1030.3,1029.8,14.1,7.2,87,18390.31,270,49.5894,37.223198,4
12/11/2024,9.3,0,8.4,1020.6,34721.86,0,0,84,1020.6,1020.2,14,6.7,64,28654.02,196,49.5894,37.223198,4
12/12/2024,11.7,0,10.8,1011.1,34688.3,0,0,89,1011.1,1010.6,17.7,8.9,96,24108.07,270,49.5894,37.223198,4
12/13/2024,9.6,3.7,11.9,1011.6,34658.22,3.7,0,94,1011.6,1011.1,12.2,6.7,94,0,244,49.5894,37.223198,4
12/14/2024,2.3,28,26,1028,34631.7,17.3,7.49,93,1028,1027.5,8.7,-2.8,80,0,278,49.5894,37.223198,4
12/15/2024,1.4,0,26.7,1031,34608.83,0,0,72,1031,1030.5,7.2,-4.1,11,30822.87,160,49.5894,37.223198,4
12/16/2024,10.3,0,40.7,1019.4,34589.69,0,0,43,1019.4,1018.9,15.4,5.6,83,21640.12,211,49.5894,37.223198,4
12/17/2024,7.2,0,8.2,1019.7,34574.35,0,0,83,1019.7,1019.2,12.7,2.7,32,28600.01,210,49.5894,37.223198,4
12/18/2024,9,0,15.8,1013.4,34562.86,0,0,76,1013.4,1013,18.4,1.5,43,30380.93,229,49.5894,37.223198,4
12/19/2024,8.9,1.7,9.7,1021.2,34555.04,1.7,0,93,1021.2,1020.7,11.4,7.2,87,5122.98,219,49.5894,37.223198,4
12/20/2024,8.6,0.1,9.1,1021.5,34550.84,0.1,0,90,1021.5,1021,12.9,5.2,98,24974.49,243,49.5894,37.223198,4
12/21/2024,8.6,2.6,9.1,1021.9,34550.24,2.6,0,93,1021.9,1021.4,11.2,6.7,91,9840.27,250,49.5894,37.223198,4
12/22/2024,7.7,0,9.8,1017.2,34553.19,0,0,92,1017.2,1016.7,12.9,4.6,51,28731.87,222,49.5894,37.223198,4
12/23/2024,7.7,0,7.1,1018,34559.68,0,0,89,1018,1017.5,13.4,2.5,72,29506.11,216,49.5894,37.223198,4
12/24/2024,8.7,0,6.2,1019.6,34569.65,0,0,94,1019.6,1019.1,13.8,3.3,95,21557.19,234,49.5894,37.223198,4
12/25/2024,10,0,9.2,1025.1,34583.09,0,0,93,1025.1,1024.6,13,7.7,91,2604.72,232,49.5894,37.223198,4
12/26/2024,10.1,0,8.8,1025.1,34599.95,0,0,91,1025.1,1024.6,15.8,7.4,66,29029.77,191,49.5894,37.223198,4
12/27/2024,9,0.4,10.6,1022.2,34620.2,0.4,0,92,1022.2,1021.7,13,6.8,98,7242.64,215,49.5894,37.223198,4
12/28/2024,11.2,4.1,34.1,1014.6,34643.79,4.1,0,79,1014.6,1014.1,17.5,6.6,74,25712.9,215,49.5894,37.223198,4
12/29/2024,10.3,0.8,6.9,1021.2,34670.68,0.8,0,92,1021.2,1020.7,14,7.8,77,22652.87,241,49.5894,37.223198,4
12/30/2024,9.7,3.2,14.6,1024.3,34700.84,3.2,0,92,1024.3,1023.8,11.1,8.2,92,3854.89,245,49.5894,37.223198,4
12/31/2024,8.5,17.9,16.9,1027.3,34734.22,17.9,0,95,1027.3,1026.8,9.4,6.9,100,0,301,49.5894,37.223198,4
1/1/2025,7,2.9,8.8,1031.2,34770.77,2.9,0,81,1031.2,1030.7,10.9,4,41,18000,203,49.5894,37.223198,4
1/2/2025,6.9,0,10.3,1031,34810.45,0,0,65,1031,1030.5,13.5,2.2,0,30328.36,175,49.5894,37.223198,4
1/3/2025,7.3,0,11.9,1023.1,34853.21,0,0,66,1023.1,1022.6,15.2,2.2,21,30611.69,183,49.5894,37.223198,4
1/4/2025,6.6,0,10.6,1017.9,34899.01,0,0,72,1017.9,1017.4,14.3,1.2,0,30609,191,49.5894,37.223198,4
1/5/2025,8,0,10.7,1020.4,34947.8,0,0,77,1020.4,1019.9,15.1,2.7,20,30464.21,235,49.5894,37.223198,4
1/6/2025,7.4,17.4,24.7,1025.6,34999.53,17.4,0,93,1025.6,1025.1,10.3,5.1,99,2284.15,274,49.5894,37.223198,4
1/7/2025,8,7,9.6,1033.4,35054.26,7,0,96,1033.4,1032.9,9.1,7.1,100,0,255,49.5894,37.223198,4
1/8/2025,8.7,0,9.1,1030.6,35112.63,0,0,90,1030.6,1030.1,13.3,6.1,72,28800,149,49.5894,37.223198,4
1/9/2025,8.1,0,7.4,1027,35174.59,0,0,93,1027,1026.6,12.2,6.1,80,12681.49,239,49.5894,37.223198,4
1/10/2025,8.5,0,6.9,1025.3,35240.03,0,0,94,1025.3,1024.8,12.1,6.7,77,13384.23,249,49.5894,37.223198,4
1/11/2025,8.9,0,5.5,1018.7,35308.8,0,0,92,1018.7,1018.2,13.5,6.3,65,25200,235,49.5894,37.223198,4
1/12/2025,9.6,1,9.5,1019.8,35380.75,1,0,94,1019.8,1019.3,13,6.1,93,12927.75,302,49.5894,37.223198,4
1/13/2025,9.7,0,6.6,1023.8,35455.76,0,0,90,1023.8,1023.3,14.4,5.8,50,29305.16,182,49.5894,37.223198,4
1/14/2025,9,0,12.2,1024.4,35533.68,0,0,79,1024.4,1023.9,13.8,3.9,47,30176.64,265,49.5894,37.223198,4
1/15/2025,8.6,1,7.3,1025.7,35614.37,1,0,91,1025.7,1025.2,9.8,7.9,100,0,258,49.5894,37.223198,4
1/16/2025,8.8,8.2,12.1,1023.4,35697.71,8.2,0,92,1023.4,1022.9,11.6,6.1,97,4607.74,299,49.5894,37.223198,4
1/17/2025,8.7,1.1,8,1025.3,35783.56,1.1,0,87,1025.3,1024.8,12.2,6.6,54,25552.56,336,49.5894,37.223198,4
1/18/2025,8.7,0.1,13.7,1018.6,35871.78,0.1,0,88,1018.6,1018.1,13.4,5.6,83,27910.61,102,49.5894,37.223198,4
1/19/2025,9.2,0.5,17.1,1012.5,35962.25,0.5,0,72,1012.5,1012,13.9,5.6,56,28684.9,141,49.5894,37.223198,4
1/20/2025,5.9,20.6,21.4,1021.3,36054.82,20.6,0,88,1021.3,1020.8,8.9,3.6,85,0,259,49.5894,37.223198,4
1/21/2025,6.3,0,9.5,1027.7,36149.38,0,0,77,1027.7,1027.2,11.9,1.5,2,30868.82,192,49.5894,37.223198,4
1/22/2025,6.1,0,11,1031.1,36245.8,0,0,87,1031.1,1030.6,12.6,1.4,13,31446.99,188,49.5894,37.223198,4
1/23/2025,6.3,0,11,1027,36343.95,0,0,92,1027,1026.5,12.1,2.8,92,26968.46,228,49.5894,37.223198,4
1/24/2025,7.3,0,7.6,1022.8,36443.72,0,0,91,1022.8,1022.3,12.2,2.8,98,20626.05,242,49.5894,37.223198,4
1/25/2025,9,0,8.3,1024.9,36544.97,0,0,91,1024.9,1024.4,11.9,6.5,96,23140.14,279,49.5894,37.223198,4
1/26/2025,8.3,9.8,22.4,1028.5,36647.59,9.8,0,93,1028.5,1028,10.1,6.9,98,0,284,49.5894,37.223198,4
1/27/2025,7,35.2,20.1,1030.3,36751.67,35.2,0,96,1030.3,1029.8,7.8,6.1,100,0,304,49.5894,37.223198,4
1/28/2025,5.9,3.9,6.9,1029.2,36858.28,3.9,0,91,1029.2,1028.7,9.2,1.9,60,8748.03,215,49.5894,37.223198,4
1/29/2025,6.2,0,12,1028.5,36967.46,0,0,83,1028.5,1028,13.1,0.4,15,32470.79,173,49.5894,37.223198,4
1/30/2025,7.4,0,11.6,1030.9,37079.05,0,0,87,1030.9,1030.4,12.2,4.2,42,25744.06,181,49.5894,37.223198,4
1/31/2025,7.5,0,10.5,1027.7,37192.9,0,0,89,1027.7,1027.2,12.4,3.6,73,21769.33,89,49.5894,37.223198,4
2/1/2025,8.2,0,9.3,1026.3,37308.84,0,0,84,1026.3,1025.8,11.4,4.8,87,20417.49,292,49.5894,37.223198,4
2/2/2025,7,0,7.3,1025,37426.72,0,0,85,1025,1024.5,13.1,2.9,10,33095.02,166,49.5894,37.223198,4
2/3/2025,6.7,0,8.4,1022.2,37546.4,0,0,86,1022.2,1021.7,12.4,2.8,28,32938.29,153,49.5894,37.223198,4
2/4/2025,7,0,9.2,1018.2,37667.72,0,0,89,1018.2,1017.7,13.4,1.4,52,31747.88,238,49.5894,37.223198,4
2/5/2025,8,10.7,9.1,1020.3,37790.53,10.7,0,93,1020.3,1019.9,10.4,4.7,99,1604.18,274,49.5894,37.223198,4
2/6/2025,7.4,36.9,24.3,1016.5,37914.7,36.9,0,96,1016.5,1016,8.5,5.4,100,0,304,49.5894,37.223198,4
2/7/2025,3.9,75.7,29.9,1025.8,38040.08,75.7,0,98,1025.8,1025.3,5.9,2.6,100,0,277,49.5894,37.223198,4
2/8/2025,1.7,43.3,16.2,1030.4,38166.55,31.2,8.47,99,1030.4,1029.9,3.3,0.3,100,0,272,49.5894,37.223198,4
2/9/2025,0.4,21.8,17.1,1029.9,38293.95,2,13.86,98,1029.9,1029.4,0.6,0.1,99,0,279,49.5894,37.223198,4
2/10/2025,0.9,0.5,8.9,1028.6,38422.16,0.1,0.28,85,1028.6,1028.1,4.2,-3.5,64,22974.35,212,49.5894,37.223198,4
2/11/2025,0.4,0,12.1,1028.6,38551.04,0,0,88,1028.6,1028.1,6.3,-4.9,32,34159.27,216,49.5894,37.223198,4
2/12/2025,3.4,0,8.6,1028.4,38680.48,0,0,89,1028.4,1027.9,10,-2.3,63,29876.48,212,49.5894,37.223198,4
2/13/2025,4.8,0,11,1024,38810.34,0,0,88,1024,1023.5,11.4,0.6,76,26746.71,208,49.5894,37.223198,4
2/14/2025,5.6,6.6,13.8,1020.1,38940.5,6.6,0,92,1020.1,1019.6,10.4,2.8,95,10423.23,227,49.5894,37.223198,4
2/15/2025,6.7,0.1,10.3,1022,39070.84,0.1,0,86,1022,1021.5,12,2.9,69,20562.84,233,49.5894,37.223198,4
2/16/2025,7.2,0,7.9,1017.1,39201.45,0,0,78,1017.1,1016.6,15.1,-0.2,51,33481.43,231,49.5894,37.223198,4
2/17/2025,7.8,5.3,12.5,1019.2,39333.48,5.3,0,89,1019.2,1018.7,10.2,3.8,96,3919.83,258,49.5894,37.223198,4
2/18/2025,9.5,0,13,1021,39467.04,0,0,85,1021,1020.5,14.4,7.1,66,32006.24,282,49.5894,37.223198,4
2/19/2025,9.9,0.1,11,1017.9,39601.98,0.1,0,88,1017.9,1017.4,15.4,7.8,88,21600,299,49.5894,37.223198,4
2/20/2025,6.5,15.4,17.7,1018.7,39738.17,15.4,0,93,1018.7,1018.2,8,3.5,100,0,288,49.5894,37.223198,4
2/21/2025,1,16.8,17.1,1022.4,39875.5,8.2,6.02,99,1022.4,1021.9,2.3,0.1,100,0,255,49.5894,37.223198,4
2/22/2025,0.3,18.1,20,1023.9,40013.83,2.2,11.13,99,1023.9,1023.4,0.6,-0.1,100,0,270,49.5894,37.223198,4
2/23/2025,-0.3,14.4,18,1021.7,40153.05,0.9,9.45,97,1021.7,1021.2,0.9,-2.2,100,0,252,49.5894,37.223198,4
2/24/2025,-1.7,3.8,15.3,1022.8,40293.05,0.1,2.59,83,1022.8,1022.3,1,-5.9,79,0,212,49.5894,37.223198,4
2/25/2025,1,0,19.8,1020.2,40433.69,0,0,57,1020.2,1019.7,5.3,-6.1,7,36000,186,49.5894,37.223198,4
2/26/2025,3.8,0,18.7,1019.7,40574.88,0,0,63,1019.7,1019.2,11.8,0.3,34,36000,229,49.5894,37.223198,4
2/27/2025,3,3.7,14.2,1023.4,40716.48,3.4,0.21,90,1023.4,1022.9,6.8,-0.9,75,14466.15,263,49.5894,37.223198,4
2/28/2025,4.6,0.1,14.7,1020.2,40858.41,0.1,0,77,1020.2,1019.7,10.9,-1.9,46,36000,288,49.5894,37.223198,4
3/1/2025,0.8,20.8,25.2,1027.8,41000.53,4.5,11.41,98,1027.8,1027.3,3.6,0,100,0,298,49.5894,37.223198,4
3/2/2025,1.1,0.7,10.3,1028,41142.75,0,0.49,87,1028,1027.5,6.2,-2.4,43,28800,238,49.5894,37.223198,4
3/3/2025,3.5,0,11.3,1021.8,41284.96,0,0,81,1021.8,1021.3,11.3,-4.4,69,32400,191,49.5894,37.223198,4
3/4/2025,5.2,0,12.4,1024.8,41427.04,0,0,87,1024.8,1024.3,9.7,1.7,98,11862.69,220,49.5894,37.223198,4
3/5/2025,7.7,0,7.6,1022.7,41568.9,0,0,83,1022.7,1022.2,14.6,1.5,91,32400,217,49.5894,37.223198,4
3/6/2025,9,0,13.1,1023.2,41710.42,0,0,85,1023.2,1022.7,14.9,4.4,28,36000,295,49.5894,37.223198,4
3/7/2025,10.1,0,11.6,1024.3,41851.51,0,0,81,1024.3,1023.9,16.7,4.2,58,36067.91,74,49.5894,37.223198,4
3/8/2025,9.7,8.5,6.2,1019.9,41992.25,8.5,0,91,1019.9,1019.4,13.4,5.4,89,14175.09,306,49.5894,37.223198,4
3/9/2025,10,1.6,7.7,1021,42133.7,1.6,0,86,1021,1020.5,13.2,7.9,100,0,218,49.5894,37.223198,4
3/10/2025,11.4,1.3,8.9,1020.1,42275.99,1.3,0,81,1020.1,1019.6,17,7.2,48,30009.73,348,49.5894,37.223198,4
3/11/2025,12.1,0.5,8.9,1021.3,42419,0.5,0,84,1021.3,1020.8,17.9,7.6,42,36000,6,49.5894,37.223198,4
3/12/2025,13.2,0,7.6,1020.8,42562.63,0,0,82,1020.8,1020.4,20.9,7,9,36247.33,115,49.5894,37.223198,4
3/13/2025,14.2,0,7.8,1020.1,42706.79,0,0,76,1020.1,1019.6,22.5,6.9,0,36932.61,142,49.5894,37.223198,4
3/14/2025,13.7,0,8.5,1018.7,42851.39,0,0,80,1018.7,1018.2,22.2,7.1,3,36641.8,279,49.5894,37.223198,4
3/15/2025,15.1,0,8.8,1020.9,42996.34,0,0,71,1020.9,1020.4,22.5,8.6,66,37067.79,256,49.5894,37.223198,4
3/16/2025,15.8,0,8.7,1018.1,43141.53,0,0,71,1018.1,1017.6,24.3,8.2,19,37062.86,140,49.5894,37.223198,4
3/17/2025,20.6,0,19.1,1008.4,43286.88,0,0,50,1008.4,1007.9,30,10,20,37207.24,204,49.5894,37.223198,4
3/18/2025,24,0,26.5,1005.3,43432.28,0,0,33,1005.3,1004.8,30.2,19.7,43,37661.24,194,49.5894,37.223198,4
3/19/2025,15.8,0.3,23.9,1013.3,43577.66,0.3,0,71,1013.3,1012.8,23.4,11.1,65,35218.41,329,49.5894,37.223198,4
3/20/2025,9.4,14.9,20.8,1020.8,43722.91,14.9,0,95,1020.8,1020.3,10.8,7.9,100,0,283,49.5894,37.223198,4
3/21/2025,9,20.9,14.3,1021.5,43867.93,20.9,0,95,1021.5,1021,11,7.7,100,0,263,49.5894,37.223198,4
3/22/2025,10.4,33.8,16.5,1018.1,44012.65,33.8,0,91,1018.1,1017.7,13.1,7.2,96,10919.72,295,49.5894,37.223198,4
3/23/2025,9.9,17.2,13.4,1024.3,44156.96,17.2,0,90,1024.3,1023.8,12.6,8.4,100,8034.58,333,49.5894,37.223198,4
3/24/2025,8.8,10.9,14,1028.8,44300.77,10.9,0,94,1028.8,1028.3,9.6,7.6,100,0,47,49.5894,37.223198,4
3/25/2025,8.8,1.2,15,1028.8,44443.98,1.2,0,79,1028.8,1028.3,13.1,6,42,25200,95,49.5894,37.223198,4
3/26/2025,9.2,0,16.6,1022.7,44586.5,0,0,78,1022.7,1022.2,15.9,4.6,7,38960.97,110,49.5894,37.223198,4
3/27/2025,11.1,0,12.2,1018.9,44728.23,0,0,80,1018.9,1018.4,17.5,5.2,44,38454.98,44,49.5894,37.223198,4
3/28/2025,12.8,0,11.7,1017.2,44869.25,0,0,83,1017.2,1016.7,19.5,8.4,50,32663.91,77,49.5894,37.223198,4
3/29/2025,14,0,10.2,1014.3,45010.55,0,0,86,1014.3,1013.9,20.8,9.2,42,37379.25,283,49.5894,37.223198,4
3/30/2025,15.7,0,9.5,1012.1,45152.24,0,0,85,1012.1,1011.6,22.5,9.4,30,37759.64,277,49.5894,37.223198,4
3/31/2025,20.5,0,23.1,1008.6,45294.21,0,0,60,1008.6,1008.1,30.5,11.1,47,27143.91,191,49.5894,37.223198,4
4/1/2025,16.7,0,12.7,1018.3,45436.38,0,0,81,1018.3,1017.8,21.3,12.3,35,36363.36,353,49.5894,37.223198,4
4/2/2025,17.6,0,18.4,1009.7,45578.67,0,0,84,1009.7,1009.3,24.5,12,78,13468.77,151,49.5894,37.223198,4
4/3/2025,19.7,0,16.9,1007.2,45720.98,0,0,72,1007.2,1006.7,30.9,12,48,37530.99,269,49.5894,37.223198,4
4/4/2025,14.5,0.6,10.5,1016.7,45863.23,0.6,0,87,1016.7,1016.2,17.8,11.1,91,17950.84,352,49.5894,37.223198,4
4/5/2025,15.7,6.8,12.8,1009.9,46005.32,6.8,0,87,1009.9,1009.5,20,12.4,91,4445.26,169,49.5894,37.223198,4
4/6/2025,21.8,0,23.6,1009.4,46147.16,0,0,60,1009.4,1009,31.1,13,33,39600,201,49.5894,37.223198,4
4/7/2025,18.6,0,11.2,1013.1,46288.65,0,0,77,1013.1,1012.6,26.6,11.4,32,39211.28,316,49.5894,37.223198,4
4/8/2025,20.1,0,12.8,1013,46429.71,0,0,77,1013,1012.5,29.1,12.1,53,32808.06,209,49.5894,37.223198,4
4/9/2025,17.3,0,10,1012.1,46570.24,0,0,83,1012.1,1011.6,22.7,13.4,84,30066.04,52,49.5894,37.223198,4
4/10/2025,14.8,2.4,18.9,1006,46710.13,2.4,0,88,1006,1005.6,19.5,11.6,98,4280.58,327,49.5894,37.223198,4
4/11/2025,10.1,6.7,17.8,1011.8,46849.3,6.7,0,88,1011.8,1011.3,12,8.4,100,0,285,49.5894,37.223198,4
4/12/2025,13.4,0.1,11.9,1008.8,46987.64,0.1,0,84,1008.8,1008.3,19,9.6,91,15753.36,314,49.5894,37.223198,4
4/13/2025,13.2,5,8.9,1017.8,47125.04,5,0,92,1017.8,1017.3,15.2,11.4,100,0,335,49.5894,37.223198,4
4/14/2025,12.3,9.7,12.1,1022,47261.41,9.7,0,91,1022,1021.5,14.4,9.8,100,101.77,8,49.5894,37.223198,4
4/15/2025,11.6,1.9,11.4,1016.4,47396.64,1.9,0,88,1016.4,1016,14.6,9.6,94,3481.71,270,49.5894,37.223198,4
4/16/2025,11.9,14.4,14.5,1019.9,47530.62,14.4,0,84,1019.9,1019.4,15.5,9,80,23933.29,278,49.5894,37.223198,4
4/17/2025,10.7,3.7,14.7,1027.4,47663.41,3.7,0,79,1027.4,1026.9,13.7,7,78,853.92,214,49.5894,37.223198,4
4/18/2025,11.9,0,11.4,1025.6,47795.98,0,0,67,1025.6,1025.1,17.4,6.8,40,32655.8,188,49.5894,37.223198,4
4/19/2025,13,0,15.2,1022.4,47928.42,0,0,68,1022.4,1022,18.9,6.8,11,41262.06,94,49.5894,37.223198,4
4/20/2025,14.1,0,14.8,1017.2,48060.61,0,0,80,1017.2,1016.7,20.9,7.9,46,40929.23,38,49.5894,37.223198,4
4/21/2025,16.2,0,11.4,1015,48192.48,0,0,87,1015,1014.5,22.5,10.4,67,39059.7,359,49.5894,37.223198,4
4/22/2025,18,0,9,1015.3,48323.91,0,0,86,1015.3,1014.8,22.6,13.2,66,30911.72,193,49.5894,37.223198,4
4/23/2025,19,0,11.1,1011.7,48454.82,0,0,85,1011.7,1011.2,25.4,14.6,60,36677.92,304,49.5894,37.223198,4
4/24/2025,20.1,0,14.4,1007.3,48585.09,0,0,82,1007.3,1006.9,29.7,14.2,66,38417.36,310,49.5894,37.223198,4
4/25/2025,20.4,0,22.7,1005.5,48714.63,0,0,77,1005.5,1005.1,29.1,14,81,30420.82,234,49.5894,37.223198,4
4/26/2025,21.4,0,18.8,1007.6,48843.33,0,0,71,1007.6,1007.1,26.3,14.3,96,25076.51,162,49.5894,37.223198,4
4/27/2025,19.8,0,14.9,1009.6,48971.09,0,0,78,1009.6,1009.1,24.8,15.8,86,34594.77,319,49.5894,37.223198,4
4/28/2025,13.3,19.9,21.3,1024.2,49097.79,19.9,0,93,1024.2,1023.8,16.2,9.6,100,0,329,49.5894,37.223198,4
4/29/2025,9.8,14.6,22.7,1027.5,49223.32,14.6,0,93,1027.5,1027,11.1,8.9,100,0,305,49.5894,37.223198,4
4/30/2025,12.9,0,12.9,1020.9,49347.57,0,0,84,1020.9,1020.4,16.4,9.1,70,14436.94,68,49.5894,37.223198,4
5/1/2025,15.2,0,13.7,1019.9,49470.41,0,0,86,1019.9,1019.4,19.1,11,47,28922.22,65,49.5894,37.223198,4
5/2/2025,18.1,0,12.2,1013.2,49591.74,0,0,88,1013.2,1012.7,23.3,13.1,78,25851.46,27,49.5894,37.223198,4
5/3/2025,17.7,2.5,13.3,1013.3,49711.43,2.5,0,90,1013.3,1012.8,20.4,15.4,96,6094.5,339,49.5894,37.223198,4
5/4/2025,16.5,0.5,13.5,1014.4,49829.36,0.5,0,90,1014.4,1013.9,19,14.1,91,3600,3,49.5894,37.223198,4
5/5/2025,18.5,2,11.2,1008.5,49945.39,2,0,87,1008.5,1008.1,24.4,14,68,27465.73,14,49.5894,37.223198,4
5/6/2025,17.4,0,17.6,1012,50059.41,0,0,88,1012,1011.5,21.3,14.1,65,26396.56,315,49.5894,37.223198,4
5/7/2025,18.6,0.3,8,1014.6,50171.45,0.3,0,81,1014.6,1014.1,23.9,13.8,41,34245.86,204,49.5894,37.223198,4
5/8/2025,20.4,0,16.3,1011.1,50282.39,0,0,74,1011.1,1010.7,26.9,12.9,4,44270.41,128,49.5894,37.223198,4
5/9/2025,20.9,0,13,1014.7,50392.3,0,0,73,1014.7,1014.2,26.2,15.9,39,42627.55,308,49.5894,37.223198,4
5/10/2025,21.2,0,9.9,1013.7,50501.08,0,0,74,1013.7,1013.3,26.5,15,34,40941.91,15,49.5894,37.223198,4
5/11/2025,22.1,0,11.3,1009.8,50608.62,0,0,76,1009.8,1009.3,29,15.3,23,43516.39,4,49.5894,37.223198,4
5/12/2025,20.4,0,11.9,1008.7,50714.84,0,0,81,1008.7,1008.2,24.8,16.4,62,37226.03,33,49.5894,37.223198,4
5/13/2025,20.3,0,17.5,1003.2,50819.62,0,0,84,1003.2,1002.7,25.5,16.8,81,29109.9,360,49.5894,37.223198,4
5/14/2025,18.1,8.6,17.4,1010.4,50922.85,8.6,0,89,1010.4,1009.9,22.3,15.7,96,16936.16,340,49.5894,37.223198,4
5/15/2025,16.3,5.6,13.9,1014.7,51024.43,5.6,0,91,1014.7,1014.2,18.6,14.8,95,0,316,49.5894,37.223198,4
5/16/2025,16.6,1.1,13.9,1019.6,51124.26,1.1,0,90,1019.6,1019.1,18.6,15.1,94,583.16,334,49.5894,37.223198,4
5/17/2025,18.3,0,14.7,1019.1,51222.22,0,0,84,1019.1,1018.6,23.1,14.9,33,43811.54,90,49.5894,37.223198,4
5/18/2025,20.7,0,10,1012.6,51318.19,0,0,85,1012.6,1012.1,26.5,15.4,42,35938.86,337,49.5894,37.223198,4
5/19/2025,20.3,0.6,13.3,1013.6,51412.07,0.6,0,80,1013.6,1013.1,25,16.5,33,43591.12,344,49.5894,37.223198,4
5/20/2025,17.4,1.5,12.2,1015.6,51503.73,1.5,0,87,1015.6,1015.2,20.5,14.6,54,27034.26,353,49.5894,37.223198,4
5/21/2025,19.1,0,11.8,1015.8,51593.06,0,0,78,1015.8,1015.4,23,14.2,38,41126.91,343,49.5894,37.223198,4
5/22/2025,18.1,0,12.3,1021.3,51679.95,0,0,76,1021.3,1020.9,21.6,13.9,11,44853.7,5,49.5894,37.223198,4
5/23/2025,18.5,0,9,1016.6,51764.27,0,0,74,1016.6,1016.1,22.7,13.8,19,44476.3,351,49.5894,37.223198,4
5/24/2025,19.4,1.2,10.9,1012.7,51845.89,1.2,0,75,1012.7,1012.2,23.4,14.7,69,32400,314,49.5894,37.223198,4
5/25/2025,20.2,0,12.3,1016,51924.71,0,0,68,1016,1015.5,24.5,15.8,38,45529.66,313,49.5894,37.223198,4
5/26/2025,20.6,0,12.6,1017.7,52000.59,0,0,57,1017.7,1017.2,25.2,15.5,21,45813.83,306,49.5894,37.223198,4
5/27/2025,20.4,0,12.8,1014,52073.52,0,0,71,1014,1013.6,25.6,14.4,61,45000.3,6,49.5894,37.223198,4
5/28/2025,21.7,0,12.3,1012.9,52144.14,0,0,73,1012.9,1012.4,26.9,15.9,52,41843.66,18,49.5894,37.223198,4
5/29/2025,22.2,0,13.7,1009.6,52212.48,0,0,73,1009.6,1009.1,26.6,17.9,27,42697.05,5,49.5894,37.223198,4
5/30/2025,22.6,0,14.2,1007.8,52278.49,0,0,58,1007.8,1007.4,27.1,17.8,1,46013.08,294,49.5894,37.223198,4
5/31/2025,24.2,0,10,1011.1,52342.09,0,0,54,1011.1,1010.6,31.1,17.2,0,46296.46,311,49.5894,37.223198,4
6/1/2025,23.2,0,11.4,1013.3,52403.21,0,0,63,1013.3,1012.8,28.4,17.2,1,46274.74,330,49.5894,37.223198,4
6/2/2025,22.8,0,12.8,1008.5,52461.79,0,0,67,1008.5,1008,28.1,17.5,0,46255.36,323,49.5894,37.223198,4
6/3/2025,23.5,0.7,15.7,1011.4,52517.75,0.7,0,60,1011.4,1011,27.3,19.2,49,45575.03,96,49.5894,37.223198,4
6/4/2025,18.1,5,11.8,1015,52571.04,5,0,83,1015,1014.6,20.6,16.2,91,0,245,49.5894,37.223198,4
6/5/2025,20.7,0,9.4,1016.1,52621.59,0,0,55,1016.1,1015.6,25.5,16.2,38,30984.8,235,49.5894,37.223198,4
6/6/2025,21.6,0.1,11.3,1016.2,52669.32,0.1,0,64,1016.2,1015.7,26.5,16,15,46199.34,329,49.5894,37.223198,4
6/7/2025,19.4,1.3,13.2,1018.1,52714.16,1.3,0,84,1018.1,1017.6,22.1,16.3,49,23220.08,318,49.5894,37.223198,4
6/8/2025,21.7,0,10.6,1017.2,52756.07,0,0,67,1017.2,1016.7,26.8,15.8,2,45136.79,150,49.5894,37.223198,4
6/9/2025,23.3,0,12,1013.5,52794.96,0,0,55,1013.5,1013.1,29,17.5,9,46326.96,107,49.5894,37.223198,4
6/10/2025,23.1,0,11.6,1012.7,52830.78,0,0,61,1012.7,1012.3,28.5,16.2,28,44876.03,8,49.5894,37.223198,4
6/11/2025,23.8,0,13.7,1013.3,52863.45,0,0,62,1013.3,1012.8,29.9,17,4,46171.96,82,49.5894,37.223198,4
6/12/2025,24.5,0,11.3,1011.8,52892.92,0,0,69,1011.8,1011.4,30,17.5,8,46171.55,40,49.5894,37.223198,4
6/13/2025,25.5,0,12.1,1012.9,52919.12,0,0,75,1012.9,1012.5,31.1,20.2,10,43853.21,352,49.5894,37.223198,4
6/14/2025,25.2,0,13,1008.3,52942,0,0,77,1008.3,1007.9,30.9,20.1,14,43200,18,49.5894,37.223198,4
6/15/2025,23.5,0.1,15.8,1008,52961.49,0.1,0,76,1008,1007.5,27.6,20.3,15,43553.45,355,49.5894,37.223198,4
6/16/2025,20.9,0.3,12.9,1007.5,52977.57,0.3,0,82,1007.5,1007,23.7,18.9,76,4352.78,350,49.5894,37.223198,4
6/17/2025,22.5,2.1,12.8,1009.8,52990.34,2.1,0,70,1009.8,1009.4,25.6,19,82,32675.93,297,49.5894,37.223198,4
6/18/2025,19.4,14.3,12.1,1014.5,52999.85,14.3,0,92,1014.5,1014,21.5,17.1,60,2254.97,278,49.5894,37.223198,4
6/19/2025,22.4,0,11.8,1013.7,53006.1,0,0,76,1013.7,1013.3,27.4,16.4,7,45312.44,65,49.5894,37.223198,4
6/20/2025,22.9,0,11.6,1010.5,53009.14,0,0,75,1010.5,1010.1,27.5,17,1,45927.77,87,49.5894,37.223198,4
6/21/2025,23.2,0.6,13.3,1009.3,53008.96,0.6,0,84,1009.3,1008.8,27.5,18.9,34,42749.06,350,49.5894,37.223198,4
6/22/2025,21.6,0.5,13.5,1013.6,53005.59,0.5,0,82,1013.6,1013.1,25,18.4,59,28898.04,325,49.5894,37.223198,4
6/23/2025,21.1,0,9.9,1011.3,52999.06,0,0,77,1011.3,1010.8,24.1,18.2,43,26551.01,4,49.5894,37.223198,4
6/24/2025,22.3,0,13.9,1012.7,52989.39,0,0,68,1012.7,1012.3,26.6,17.8,10,44620.44,351,49.5894,37.223198,4
6/25/2025,21.4,0.2,13.8,1015,52976.59,0.2,0,70,1015,1014.5,25.5,17,24,44451.12,34,49.5894,37.223198,4
6/26/2025,22.6,0,11.9,1012.6,52960.71,0,0,65,1012.6,1012.1,27.5,16.7,8,45428.22,86,49.5894,37.223198,4
6/27/2025,24.7,0,15.8,1010.4,52941.77,0,0,64,1010.4,1009.9,30,18.7,4,44827.75,6,49.5894,37.223198,4
6/28/2025,24.8,0,11.7,1009.3,52919.79,0,0,68,1009.3,1008.8,29.2,20.6,35,42609.91,20,49.5894,37.223198,4
6/29/2025,24.3,0,14.2,1002.6,52894.8,0,0,67,1002.6,1002.2,28.5,20.4,16,44234.52,309,49.5894,37.223198,4
6/30/2025,24.8,0,13.9,1003.1,52866.85,0,0,64,1003.1,1002.6,29.1,20.6,0,45368.97,298,49.5894,37.223198,4
7/1/2025,24.5,0,13.9,1007.1,52835.96,0,0,63,1007.1,1006.6,28.1,20.2,11,45396.24,47,49.5894,37.223198,4
7/2/2025,24.5,0,14.1,1008.7,52802.15,0,0,66,1008.7,1008.2,28.4,20.4,39,43224.55,350,49.5894,37.223198,4
7/3/2025,23.3,0.4,13.1,1009.8,52765.48,0.4,0,71,1009.8,1009.3,26.7,20.6,68,37255.32,320,49.5894,37.223198,4
7/4/2025,21.9,0.8,16.3,1012.6,52725.96,0.8,0,69,1012.6,1012.2,24.5,19.5,61,9078.28,297,49.5894,37.223198,4
7/5/2025,23.9,1.2,20.1,1009.5,52683.65,1.2,0,63,1009.5,1009.1,27.9,19.5,44,43793.12,295,49.5894,37.223198,4
7/6/2025,24,0.3,20.5,1012,52638.48,0.3,0,64,1012,1011.5,26.6,21.5,93,5965.75,304,49.5894,37.223198,4
7/7/2025,23.1,10.8,17,1012.5,52590.04,10.8,0,70,1012.5,1012.1,26.3,20.3,100,1387.54,291,49.5894,37.223198,4
7/8/2025,21.4,14.8,10.6,1011.9,52538.34,14.8,0,88,1011.9,1011.4,24.8,19.5,91,0,236,49.5894,37.223198,4
7/9/2025,21.9,21.6,9.3,1010.5,52483.46,21.6,0,89,1010.5,1010,24,20.5,100,0,250,49.5894,37.223198,4
7/10/2025,22.7,25.3,10.6,1010.1,52425.53,25.3,0,85,1010.1,1009.6,25.1,19.8,81,28251.2,316,49.5894,37.223198,4
7/11/2025,24.7,0.2,11.3,1010.6,52364.64,0.2,0,82,1010.6,1010.1,28.1,21.5,56,38667.44,20,49.5894,37.223198,4
7/12/2025,26.1,0,10.7,1011.8,52300.89,0,0,76,1011.8,1011.3,30.8,21.9,23,43799.86,42,49.5894,37.223198,4
7/13/2025,26.7,0,9.4,1012,52234.39,0,0,73,1012,1011.6,31.3,21.8,3,44421.12,45,49.5894,37.223198,4
7/14/2025,26.9,0,8.4,1009.2,52165.25,0,0,68,1009.2,1008.7,32.3,21,0,44605.12,133,49.5894,37.223198,4
7/15/2025,26.7,0,11.2,1005.2,52093.55,0,0,69,1005.2,1004.7,31.8,21.5,22,44607.1,84,49.5894,37.223198,4
7/16/2025,27.4,0,11.5,1003.6,52019.39,0,0,76,1003.6,1003.2,31.9,22.2,31,43200.05,25,49.5894,37.223198,4
7/17/2025,26.8,0,11.2,1006.4,51942.9,0,0,77,1006.4,1005.9,31.1,23,12,43914.15,309,49.5894,37.223198,4
7/18/2025,26.7,0,9.5,1011.3,51864.15,0,0,71,1011.3,1010.8,30.3,22.9,33,43919.9,344,49.5894,37.223198,4
7/19/2025,26.6,0,9.3,1009.3,51783.25,0,0,67,1009.3,1008.9,30.7,22.3,15,44097.56,55,49.5894,37.223198,4
7/20/2025,27.2,0,10.9,1005.5,51700.3,0,0,68,1005.5,1005,31.6,22.5,33,43580.88,68,49.5894,37.223198,4
7/21/2025,27.7,0.7,10,1006.4,51615.4,0.7,0,72,1006.4,1006,32.2,24.1,25,36000,4,49.5894,37.223198,4
7/22/2025,28,0,11,1006.9,51528.63,0,0,64,1006.9,1006.5,32.3,24,6,43773.27,313,49.5894,37.223198,4
7/23/2025,27,0,11,1007.4,51440.1,0,0,69,1007.4,1006.9,31.6,23,2,43947.08,339,49.5894,37.223198,4
7/24/2025,27.1,0,11.6,1006.1,51349.9,0,0,57,1006.1,1005.6,32.4,22,0,43952.09,39,49.5894,37.223198,4
7/25/2025,27.5,0,12.7,1007.2,51258.11,0,0,61,1007.2,1006.8,33.1,21.5,1,43956.93,353,49.5894,37.223198,4
7/26/2025,27.6,0,15.3,1010.7,51164.7,0,0,65,1010.7,1010.3,31.8,23.2,30,38369.91,19,49.5894,37.223198,4
7/27/2025,27.1,0,15.8,1008.5,51068.85,0,0,72,1008.5,1008,30.8,23.5,43,35268.7,82,49.5894,37.223198,4
7/28/2025,28.7,0,12.6,1004.5,50970.56,0,0,70,1004.5,1004,33.7,23.1,26,41663.07,22,49.5894,37.223198,4
7/29/2025,28.8,0,12.1,1005.4,50869.96,0,0,69,1005.4,1004.9,32.3,26.1,46,35805.87,353,49.5894,37.223198,4
7/30/2025,28.7,0,11.8,1007.9,50767.17,0,0,72,1007.9,1007.5,33.5,25.1,24,42746.96,26,49.5894,37.223198,4
7/31/2025,29.1,0,13.9,1007,50662.31,0,0,71,1007,1006.5,34.7,23.9,2,43510.11,68,49.5894,37.223198,4
8/1/2025,29.1,0,14.8,1006.6,50555.52,0,0,70,1006.6,1006.1,34.5,24,9,43393.41,37,49.5894,37.223198,4
8/2/2025,29.5,0,13.2,1007,50446.91,0,0,72,1007,1006.5,34.6,25,7,43213.49,7,49.5894,37.223198,4
8/3/2025,30.1,0,10.6,1006.7,50336.59,0,0,65,1006.7,1006.2,34.8,25.1,1,43379.84,340,49.5894,37.223198,4
8/4/2025,29.7,0,11.8,1009,50224.71,0,0,67,1009,1008.5,34.5,25.3,0,43388.69,317,49.5894,37.223198,4
8/5/2025,29.8,0,12.5,1009.8,50111.35,0,0,62,1009.8,1009.3,34.8,25,0,43397.41,314,49.5894,37.223198,4
8/6/2025,29.5,0,11.7,1009.7,49996.65,0,0,64,1009.7,1009.2,34.5,24.8,0,43227.72,324,49.5894,37.223198,4
8/7/2025,29.6,0,11.7,1009.1,49880.7,0,0,59,1009.1,1008.6,34.6,24.6,0,43177.08,327,49.5894,37.223198,4
8/8/2025,29.5,0,11.5,1009,49763.62,0,0,60,1009,1008.5,34.7,23.9,5,43126.23,350,49.5894,37.223198,4
8/9/2025,28.4,0,14.6,1013.1,49645.51,0,0,69,1013.1,1012.6,32.1,25.5,53,41208.47,318,49.5894,37.223198,4
8/10/2025,28.4,0,14.2,1013.3,49526.49,0,0,63,1013.3,1012.8,31.5,25.7,44,42646.64,330,49.5894,37.223198,4
8/11/2025,26,1.6,14.1,1014.9,49406.64,1.6,0,76,1014.9,1014.4,29,24.1,93,17176.62,294,49.5894,37.223198,4
8/12/2025,26.4,0.1,12.5,1012.3,49286.09,0.1,0,78,1012.3,1011.9,30,23.8,88,21738.96,327,49.5894,37.223198,4
8/13/2025,24.8,2.5,10.6,1016,49164.91,2.5,0,84,1016,1015.6,27.2,22.8,84,6857.43,290,49.5894,37.223198,4
8/14/2025,24,2.5,12.8,1016,49043.21,2.5,0,86,1016,1015.5,26.5,22.3,77,10800,302,49.5894,37.223198,4
8/15/2025,24.6,5.1,13.7,1011.7,48920.93,5.1,0,77,1011.7,1011.2,28.2,22.4,95,16362.86,254,49.5894,37.223198,4
8/16/2025,22.7,6.1,12.9,1011.4,48797.14,6.1,0,91,1011.4,1010.9,23.9,21.5,100,1099.73,317,49.5894,37.223198,4
8/17/2025,22.7,3,12.1,1013.2,48671.8,3,0,92,1013.2,1012.8,25.4,21.3,87,1169.02,288,49.5894,37.223198,4
8/18/2025,24.3,0.1,10.6,1009.1,48545.02,0.1,0,87,1009.1,1008.6,27.5,21.8,47,35291.27,6,49.5894,37.223198,4
8/19/2025,25.9,0,10.7,1007.3,48416.91,0,0,79,1007.3,1006.8,30.9,21.6,2,41899.97,25,49.5894,37.223198,4
8/20/2025,25.9,0,10,1005.9,48287.59,0,0,77,1005.9,1005.4,29.6,22.8,47,38835.61,246,49.5894,37.223198,4
8/21/2025,25.6,0,14.9,1005.6,48157.16,0,0,78,1005.6,1005.2,29,21.6,25,38866.62,286,49.5894,37.223198,4
8/22/2025,25.5,0,14.5,1012.8,48025.72,0,0,71,1012.8,1012.3,29.9,21.4,19,41074.38,8,49.5894,37.223198,4
8/23/2025,25,0,11.6,1008.6,47893.39,0,0,73,1008.6,1008.1,30,20.8,7,40912.18,63,49.5894,37.223198,4
8/24/2025,26.3,0,12.6,1007.4,47760.26,0,0,72,1007.4,1006.9,31.8,20.3,0,41586.61,51,49.5894,37.223198,4
8/25/2025,26.7,0,12,1008.8,47626.42,0,0,71,1008.8,1008.4,32,20.6,3,41256.36,338,49.5894,37.223198,4
8/26/2025,26.5,0,10.3,1010.5,47491.99,0,0,72,1010.5,1010.1,29.9,23.1,48,38530.64,292,49.5894,37.223198,4
8/27/2025,25.5,2.1,15.5,1014.5,47357.05,2.1,0,83,1014.5,1014.1,28.3,23.1,47,38867.76,302,49.5894,37.223198,4
8/28/2025,25.3,0.2,11.8,1014.9,47221.71,0.2,0,83,1014.9,1014.4,27.8,22.5,69,23778.72,340,49.5894,37.223198,4
8/29/2025,25.1,0.8,12.1,1016.2,47086.04,0.8,0,82,1016.2,1015.8,28.6,22.7,30,32649.44,323,49.5894,37.223198,4
8/30/2025,26.2,0,15.9,1014.5,46950.15,0,0,72,1014.5,1014.1,30.6,22.6,26,39191.06,334,49.5894,37.223198,4
8/31/2025,26.7,0,11.7,1011,46814.12,0,0,70,1011,1010.5,31.8,21.5,1,40342.21,10,49.5894,37.223198,4
9/1/2025,26.6,0,13.5,1008.4,46678.05,0,0,69,1008.4,1008,31.8,22.1,0,40352.12,319,49.5894,37.223198,4
9/2/2025,26.6,0,12.2,1006.6,46542.02,0,0,59,1006.6,1006.1,32.2,21.5,0,40361.11,333,49.5894,37.223198,4
9/3/2025,25.7,0,11.8,1005.6,46406.12,0,0,56,1005.6,1005.2,32,18.2,3,40223.98,9,49.5894,37.223198,4
9/4/2025,25.5,0,12.5,1008.9,46270.27,0,0,65,1008.9,1008.4,30.3,19.5,20,39948.28,290,49.5894,37.223198,4
9/5/2025,25.4,0,14.1,1012.6,46133.53,0,0,70,1012.6,1012.1,28.4,22.2,34,37810.92,300,49.5894,37.223198,4
9/6/2025,25.7,2.3,9.4,1012.7,45995.83,2.3,0,75,1012.7,1012.2,29,22.9,74,21061.8,348,49.5894,37.223198,4
9/7/2025,26,0,14.5,1011,45857.29,0,0,75,1011,1010.5,30,22.9,35,32761.7,7,49.5894,37.223198,4
9/8/2025,25.8,0.3,10.4,1011.2,45717.96,0.3,0,75,1011.2,1010.7,29.3,22.3,62,35451.48,348,49.5894,37.223198,4
9/9/2025,25.1,0,9.7,1011,45577.98,0,0,73,1011,1010.5,28.3,22.3,57,24859.42,313,49.5894,37.223198,4
9/10/2025,25.1,0,15.8,1010.2,45437.4,0,0,70,1010.2,1009.7,28.8,21.3,40,34949.05,281,49.5894,37.223198,4
9/11/2025,24.9,0.7,17.6,1011.1,45296.34,0.7,0,63,1011.1,1010.6,29.2,21.2,63,32532.65,299,49.5894,37.223198,4
9/12/2025,21.4,4.7,14.8,1015.4,45154.87,4.7,0,81,1015.4,1014.9,25.6,18.9,90,11570.43,314,49.5894,37.223198,4
9/13/2025,21.1,6.4,10.6,1018.1,45013.09,6.4,0,89,1018.1,1017.6,23.5,18.8,74,18805.33,348,49.5894,37.223198,4
9/14/2025,18.8,29.3,19.1,1022,44871.07,29.3,0,97,1022,1021.5,20.5,17.1,100,0,305,49.5894,37.223198,4
9/15/2025,18.3,5.7,11.6,1022,44728.91,5.7,0,92,1022,1021.5,19.8,17.2,99,0,310,49.5894,37.223198,4
9/16/2025,19.9,0.5,9.7,1017.4,44586.68,0.5,0,85,1017.4,1016.9,22.5,17.8,93,14203.83,280,49.5894,37.223198,4
9/17/2025,21,0.8,9.1,1016.7,44444.5,0.8,0,88,1016.7,1016.2,23.6,19,84,27173.66,293,49.5894,37.223198,4
9/18/2025,21.6,0,9.7,1012.1,44302.41,0,0,85,1012.1,1011.7,24.5,18.1,48,28273.48,243,49.5894,37.223198,4
9/19/2025,20.9,0.9,15.8,1006,44160.53,0.9,0,87,1006,1005.5,25.4,17.6,81,28303.63,287,49.5894,37.223198,4
9/20/2025,19.9,0,10.3,1011.8,44018.93,0,0,77,1011.8,1011.3,23.4,16.9,33,36913.3,288,49.5894,37.223198,4
9/21/2025,17.3,48.4,16.9,1018.3,43877.68,48.4,0,94,1018.3,1017.9,19.9,14.9,83,9493.44,315,49.5894,37.223198,4
9/22/2025,15.3,43.5,20.4,1025.3,43736.89,43.5,0,96,1025.3,1024.8,16.2,14.4,100,0,294,49.5894,37.223198,4
9/23/2025,16.1,7.7,9.4,1024.2,43596.62,7.7,0,92,1024.2,1023.7,18,14.4,100,0,263,49.5894,37.223198,4
9/24/2025,17.6,0,7.5,1017.7,43456.8,0,0,85,1017.7,1017.2,20.2,14.9,56,15999.01,246,49.5894,37.223198,4
9/25/2025,18.4,0,8,1013.6,43316.46,0,0,81,1013.6,1013.1,23.6,13.4,1,39569.62,98,49.5894,37.223198,4
9/26/2025,19.5,2.7,8.7,1015.9,43175.51,2.7,0,75,1015.9,1015.4,24,13.9,39,39161.94,275,49.5894,37.223198,4
9/27/2025,19.1,1.1,21.6,1019.4,43034.05,1.1,0,88,1019.4,1018.9,21.5,17.6,98,6473.11,295,49.5894,37.223198,4
9/28/2025,18.8,1.6,16.6,1019.4,42892.18,1.6,0,87,1019.4,1019,21,17.5,100,15041.67,297,49.5894,37.223198,4
9/29/2025,19.2,1.7,8.3,1017.2,42749.98,1.7,0,89,1017.2,1016.8,20.5,17.4,97,2649.28,317,49.5894,37.223198,4
9/30/2025,20.5,5.4,22.5,1011.9,42607.54,5.4,0,89,1011.9,1011.4,23.4,18,74,28708.42,321,49.5894,37.223198,4
10/1/2025,16.4,38.5,23.5,1019.4,42464.96,38.5,0,96,1019.4,1018.9,18.8,14.8,100,0,308,49.5894,37.223198,4
10/2/2025,15.2,18.4,16,1022.1,42322.33,18.4,0,96,1022.1,1021.6,16.2,14.6,100,0,295,49.5894,37.223198,4
10/3/2025,16.6,2.8,7.5,1022.5,42179.74,2.8,0,88,1022.5,1022.1,18.4,14.5,91,6496.75,230,49.5894,37.223198,4
10/4/2025,18.5,0,9,1022.8,42037.28,0,0,84,1022.8,1022.3,21.6,15.6,35,34016.74,103,49.5894,37.223198,4
10/5/2025,18.9,0,10.4,1018.4,41895.05,0,0,86,1018.4,1017.9,23.2,15.1,56,27143.87,146,49.5894,37.223198,4
10/6/2025,19.7,0.8,8.5,1016.3,41753.15,0.8,0,89,1016.3,1015.8,22.9,14.9,90,25264.15,270,49.5894,37.223198,4
10/7/2025,20.1,0,13.5,1015.1,41611.66,0,0,90,1015.1,1014.6,23.6,17.3,68,17960.08,98,49.5894,37.223198,4
10/8/2025,20.4,0,8,1012,41470.68,0,0,89,1012,1011.5,25.6,16.3,42,35148.41,265,49.5894,37.223198,4
10/9/2025,21.3,0,9,1009.9,41330.31,0,0,91,1009.9,1009.4,26.3,17.8,54,22064.23,257,49.5894,37.223198,4
10/10/2025,20.9,0,19.2,1011.9,41190.65,0,0,73,1011.9,1011.4,25,16.7,16,35171.07,288,49.5894,37.223198,4
10/11/2025,19.4,1.1,13.3,1015.1,41051.8,1.1,0,78,1015.1,1014.6,22,16.4,70,32922.66,309,49.5894,37.223198,4
10/12/2025,19.1,0,9.1,1013.4,40913.85,0,0,84,1013.4,1013,23,16.1,59,31186.39,284,49.5894,37.223198,4
10/13/2025,19.7,1.8,13.5,1012.1,40776.91,1.8,0,88,1012.1,1011.6,25.4,15.1,72,27658.66,265,49.5894,37.223198,4
10/14/2025,18.3,0,10.5,1020.9,40640.89,0,0,76,1020.9,1020.4,21.1,16,47,33881.91,114,49.5894,37.223198,4
10/15/2025,18.5,0.8,14.2,1017.7,40504.72,0.8,0,83,1017.7,1017.2,21.1,16.2,82,26757.52,310,49.5894,37.223198,4
10/16/2025,18.9,1.8,12.3,1019.5,40368.33,1.8,0,87,1019.5,1019,20.8,17.6,96,13616.91,316,49.5894,37.223198,4
10/17/2025,18.7,0.8,16.7,1023.4,40231.81,0.8,0,89,1023.4,1022.9,21,17.4,85,27625.49,311,49.5894,37.223198,4
10/18/2025,17.8,4.2,15.3,1022.3,40095.28,4.2,0,92,1022.3,1021.9,19.3,16.5,82,15751.41,304,49.5894,37.223198,4
10/19/2025,18.4,0,8.9,1015.8,39958.84,0,0,89,1015.8,1015.4,21.4,16.4,70,20380.76,296,49.5894,37.223198,4
10/20/2025,18.9,0.7,14.3,1012.5,39822.62,0.7,0,86,1012.5,1012,23,15.5,70,29739.65,298,49.5894,37.223198,4
10/21/2025,19.2,0.5,18.9,1015.7,39686.71,0.5,0,87,1015.7,1015.2,23.3,15.9,74,29078.13,311,49.5894,37.223198,4
10/22/2025,17.7,5,16.4,1020.5,39551.25,5,0,94,1020.5,1020,19.4,16.2,84,1668.81,305,49.5894,37.223198,4
10/23/2025,18.8,0,8.9,1017.1,39416.34,0,0,89,1017.1,1016.7,24,15.6,48,31176.67,250,49.5894,37.223198,4
10/24/2025,19.2,0,10.3,1016.1,39282.1,0,0,90,1016.1,1015.6,22.7,16.2,81,18916.19,274,49.5894,37.223198,4
10/25/2025,19.5,0,9.1,1012.9,39148.65,0,0,88,1012.9,1012.4,24.2,16.4,35,30545.1,202,49.5894,37.223198,4
10/26/2025,19.6,0.2,11.6,1010.2,39016.11,0.2,0,88,1010.2,1009.7,24.4,15.8,59,32011.43,255,49.5894,37.223198,4
10/27/2025,18.9,2,10.8,1015.8,38884.62,2,0,87,1015.8,1015.3,22.7,15.4,55,20126.37,253,49.5894,37.223198,4
10/28/2025,18.4,0,8,1012.8,38754.3,0,0,90,1012.8,1012.4,24.1,14.7,45,32277.44,247,49.5894,37.223198,4
10/29/2025,18.6,2.3,14.4,1011.7,38625.27,2.3,0,91,1011.7,1011.2,24.6,13.9,48,32400,264,49.5894,37.223198,4
10/30/2025,15.3,20.2,15.8,1024.2,38497.67,20.2,0,96,1024.2,1023.7,17.4,13.5,99,0,323,49.5894,37.223198,4
10/31/2025,14.7,0.1,7.5,1024.6,38371.64,0.1,0,88,1024.6,1024.1,17.6,11.4,63,18230.87,193,49.5894,37.223198,4
11/1/2025,15.4,0,10.4,1019,38247.3,0,0,88,1019,1018.5,20.5,10.1,41,32406.11,266,49.5894,37.223198,4
11/2/2025,16,0,12.3,1024.2,38124.81,0,0,79,1024.2,1023.7,18.6,13.2,53,25904.04,274,49.5894,37.223198,4
11/3/2025,14.8,11.3,14.8,1028.4,38004.09,11.3,0,94,1028.4,1027.9,16.4,12.6,80,55.98,285,49.5894,37.223198,4
11/4/2025,14.5,0,7.9,1026.2,37883.99,0,0,90,1026.2,1025.7,18.5,11.4,59,28327.59,291,49.5894,37.223198,4
11/5/2025,14.5,0,8.7,1024.4,37764.45,0,0,86,1024.4,1023.9,18.5,10.6,34,32400,259,49.5894,37.223198,4
11/6/2025,14.9,0,7.9,1023.4,37645.58,0,0,83,1023.4,1022.9,19,10.4,21,30084.96,237,49.5894,37.223198,4
11/7/2025,14.7,0,7.6,1022.3,37527.5,0,0,85,1022.3,1021.8,19.6,10.4,1,32400,235,49.5894,37.223198,4
11/8/2025,15.1,0,9.7,1022.6,37410.35,0,0,89,1022.6,1022.1,20.9,10.1,9,32400,232,49.5894,37.223198,4
11/9/2025,15.4,0,7.3,1021.9,37294.27,0,0,89,1021.9,1021.5,21.5,10.9,18,32400,234,49.5894,37.223198,4
11/10/2025,15.8,0,6.9,1021.9,37179.37,0,0,92,1021.9,1021.5,21,12,42,20088.57,211,49.5894,37.223198,4
11/11/2025,15.4,0,8.4,1018.3,37065.81,0,0,93,1018.3,1017.8,21.1,10.7,53,32400,232,49.5894,37.223198,4
11/12/2025,15.2,0,8.1,1017.5,36953.72,0,0,87,1017.5,1017,20.7,10,64,29043.85,198,49.5894,37.223198,4
11/13/2025,14.7,0,9.7,1020.5,36843.24,0,0,90,1020.5,1020.1,21.1,8.9,73,26403.28,211,49.5894,37.223198,4
11/14/2025,15.8,0,12.1,1019,36734.52,0,0,89,1019,1018.5,21.1,12,88,28800,251,49.5894,37.223198,4
11/15/2025,15,0.1,8.1,1017.2,36627.7,0.1,0,93,1017.2,1016.8,18,13.1,98,0,224,49.5894,37.223198,4
11/16/2025,16.3,0.2,11.3,1018.9,36522.93,0.2,0,91,1018.9,1018.4,21,13.2,57,23559.01,263,49.5894,37.223198,4
11/17/2025,15,1.5,14.8,1024.6,36420.36,1.5,0,94,1024.6,1024.2,17.2,13.3,92,7236.23,275,49.5894,37.223198,4
11/18/2025,14.5,0,8.1,1025.6,36320.15,0,0,92,1025.6,1025.2,19.3,12,55,23391.41,229,49.5894,37.223198,4
11/19/2025,14,0,7,1024.4,36222.45,0,0,93,1024.4,1023.9,19.5,10.6,41,32400,240,49.5894,37.223198,4
11/20/2025,13.2,0,8.4,1025.3,36127.42,0,0,89,1025.3,1024.8,19.2,8.4,13,32088.35,219,49.5894,37.223198,4
11/21/2025,12.8,0,9.3,1025.8,36035.23,0,0,91,1025.8,1025.3,19.2,7.1,52,32340.49,223,49.5894,37.223198,4
11/22/2025,13.3,0,7.9,1026.8,35946.02,0,0,94,1026.8,1026.3,18.8,9.3,56,26162.83,223,49.5894,37.223198,4
11/23/2025,13.6,0,7.4,1023.8,35859.78,0,0,92,1023.8,1023.3,18.4,11,58,27624.95,217,49.5894,37.223198,4
11/24/2025,13,0,9.5,1019,35775.55,0,0,91,1019,1018.5,19,9.6,75,22574.59,217,49.5894,37.223198,4
11/25/2025,13.6,0,9.7,1020.3,35693.24,0,0,90,1020.3,1019.8,19.1,7.9,74,21275.91,267,49.5894,37.223198,4
11/26/2025,12.7,0,10.7,1022.1,35612.96,0,0,86,1022.1,1021.6,16.3,9.2,83,18660.91,248,49.5894,37.223198,4
11/27/2025,13.8,0.3,9.2,1024.9,35534.83,0.3,0,88,1024.9,1024.4,17.2,10.3,64,26240.18,271,49.5894,37.223198,4
11/28/2025,13.8,0,8.1,1025.3,35458.93,0,0,90,1025.3,1024.8,17.6,10.9,55,27147.05,301,49.5894,37.223198,4
11/29/2025,13.1,0,9.5,1022.2,35385.39,0,0,89,1022.2,1021.7,17.5,9.9,72,24365.9,242,49.5894,37.223198,4
11/30/2025,12.6,0,8.6,1018.8,35314.3,0,0,90,1018.8,1018.3,17.7,9.2,48,30552.32,243,49.5894,37.223198,4
12/1/2025,12.7,0.5,9.1,1016.1,35245.8,0.5,0,91,1016.1,1015.6,18.4,9.1,51,25045.01,223,49.5894,37.223198,4
12/2/2025,13.7,7.2,16.1,1018.8,35179.96,7.2,0,90,1018.8,1018.4,17,11.7,100,3219.75,282,49.5894,37.223198,4
12/3/2025,11.6,13.5,12,1025.6,35116.93,13.5,0,94,1025.6,1025.2,13.2,10.8,96,3951.2,279,49.5894,37.223198,4
12/4/2025,10.9,3.9,11.4,1027.6,35056.8,3.9,0,93,1027.6,1027.2,13.9,8.4,83,14274.51,259,49.5894,37.223198,4
12/5/2025,10.5,0,8.9,1024.6,34999.68,0,0,88,1024.6,1024.1,15.2,6.2,57,29331.65,254,49.5894,37.223198,4
12/6/2025,11.1,0,8.8,1020.8,34945.7,0,0,91,1020.8,1020.3,16.9,7.1,57,30838.06,222,49.5894,37.223198,4
12/7/2025,12.2,0.5,9.5,1021.4,34894.95,0.5,0,93,1021.4,1020.9,14.7,8.5,99,0,238,49.5894,37.223198,4
12/8/2025,13.7,1.3,17.1,1018.3,34847.55,1.3,0,88,1018.3,1017.8,16.5,11,100,6.81,247,49.5894,37.223198,4
12/9/2025,12.4,9.4,15.7,1021.1,34803.62,9.4,0,96,1021.1,1020.6,13.2,11.6,100,0,272,49.5894,37.223198,4
12/10/2025,11.5,26.4,13,1016.3,34763.25,26.4,0,96,1016.3,1015.8,12.8,9.4,91,0,260,49.5894,37.223198,4
12/11/2025,11.9,22.8,10.7,1017.4,34726.57,22.8,0,93,1017.4,1016.9,16.4,9,90,19873.93,262,49.5894,37.223198,4
12/12/2025,11.8,0.5,9.5,1016,34693.68,0.5,0,92,1016,1015.6,15.8,9.1,86,27497.53,267,49.5894,37.223198,4
12/13/2025,11.8,2.2,11.5,1010.7,34664.61,2.2,0,92,1010.7,1010.3,16.1,8.8,88,22784.62,243,49.5894,37.223198,4
12/14/2025,9.5,30.9,13.5,1020.9,34638.98,30.9,0,96,1020.9,1020.4,10.8,8.1,97,0,289,49.5894,37.223198,4
12/15/2025,9,5,16,1020.3,34616.73,5,0,89,1020.3,1019.8,13.6,5.6,78,25226.56,288,49.5894,37.223198,4
12/16/2025,7.8,38.3,23.1,1022.9,34597.86,38.3,0,93,1022.9,1022.4,9.2,6.7,100,0,264,49.5894,37.223198,4
12/17/2025,6.9,62,20.7,1031.2,34582.39,62,0,95,1031.2,1030.7,7.7,5.8,100,0,282,49.5894,37.223198,4
12/18/2025,6.6,0.8,9.6,1033.1,34570.32,0.8,0,88,1033.1,1032.6,9.9,3.8,52,3415.69,230,49.5894,37.223198,4
12/19/2025,7.6,0.7,9.1,1028.3,34561.63,0.7,0,80,1028.3,1027.8,11.4,3.3,82,23643.32,152,49.5894,37.223198,4
12/20/2025,8.6,0,7.6,1024.6,34556.35,0,0,76,1024.6,1024.1,13.8,5.5,27,27405.42,217,49.5894,37.223198,4
12/21/2025,8.5,0,8.1,1024.3,34554.46,0,0,86,1024.3,1023.8,13.1,4.9,54,28756.62,234,49.5894,37.223198,4
12/22/2025,7.2,0,9.2,1019.2,34555.97,0,0,86,1019.2,1018.7,12.6,4.2,64,16467.63,194,49.5894,37.223198,4
12/23/2025,9.9,0.6,9.3,1020.8,34560.86,0.6,0,92,1020.8,1020.3,14.6,3.7,97,8983,236,49.5894,37.223198,4
1/1/2023,0.5,0,8.4,1033.2,35353.2,0,0,62,1033.2,859.3,7.6,-4.7,0,31762.51,358,46.95652,35.32513,1502
1/2/2023,-0.3,0,8.7,1034.2,35389.45,0,0,52,1034.2,859.7,8.1,-5.9,0,31880.82,352,46.95652,35.32513,1502
1/3/2023,0.4,0,8.6,1033,35428.95,0,0,41,1033,859,8.8,-6.3,2,32005.79,346,46.95652,35.32513,1502
1/4/2023,-0.3,4.5,8,1024.8,35471.62,0,3.15,64,1024.8,851.9,5,-5.5,97,7354.55,343,46.95652,35.32513,1502
1/5/2023,1.9,0.3,6.2,1019.1,35517.35,0,0.21,80,1019.1,848.5,6.6,-1.4,68,21600,343,46.95652,35.32513,1502
1/6/2023,1.2,0.8,10.1,1023.5,35566.06,0.3,0.35,82,1023.5,851.6,5,-1.7,80,12668.72,232,46.95652,35.32513,1502
1/7/2023,1.2,0.3,11.5,1022.8,35617.66,0,0.21,80,1022.8,851.1,4.8,-1.7,94,14232.2,210,46.95652,35.32513,1502
1/8/2023,2.4,1.3,13.1,1020.8,35672.05,0.7,0.42,81,1020.8,850.1,5.4,0.3,82,24577.87,186,46.95652,35.32513,1502
1/9/2023,1.1,9.3,8.2,1022.5,35729.14,0.3,6.3,88,1022.5,850.8,3.4,-1.4,90,4811.65,43,46.95652,35.32513,1502
1/10/2023,-5.2,0,14.8,1029.9,35788.85,0,0,78,1029.9,853.3,-0.1,-8.3,20,32439.14,6,46.95652,35.32513,1502
1/11/2023,-3.1,0,10.8,1033.7,35851.07,0,0,78,1033.7,857.6,1.2,-7.5,61,31361.52,12,46.95652,35.32513,1502
1/12/2023,-3.8,0,11.5,1032.7,35915.71,0,0,81,1032.7,856.4,1.3,-9.2,49,30189.98,12,46.95652,35.32513,1502
1/13/2023,-3.3,0,8.6,1030.6,35982.7,0,0,76,1030.6,854.9,1.3,-8.9,66,32056.96,5,46.95652,35.32513,1502
1/14/2023,0.1,6.1,6.5,1025.9,36051.93,0,4.27,82,1025.9,853,2.7,-3.5,100,0,12,46.95652,35.32513,1502
1/15/2023,-1.6,10.4,7.4,1025,36123.32,0,7.28,89,1025,851.3,1.4,-8.1,97,0,0,46.95652,35.32513,1502
1/16/2023,-3.3,0,6.5,1027.4,36196.77,0,0,91,1027.4,852.3,1.2,-7.6,98,5691.25,318,46.95652,35.32513,1502
1/17/2023,-4.8,0,8,1028.8,36272.2,0,0,93,1028.8,852.6,-0.4,-10.8,92,22658.9,340,46.95652,35.32513,1502
1/18/2023,-7.1,0,9.2,1032.4,36349.68,0,0,89,1032.4,854.3,-1.3,-11.9,73,32503.7,337,46.95652,35.32513,1502
1/19/2023,-7.3,0,10.3,1034.2,36430.05,0,0,83,1034.2,855.6,-0.4,-12.6,25,33137.9,333,46.95652,35.32513,1502
1/20/2023,-6.4,0,10.8,1033.7,36513.35,0,0,79,1033.7,855.7,0.1,-12.4,7,33228.39,338,46.95652,35.32513,1502
1/21/2023,-7.9,0,10.9,1034.3,36599.4,0,0,76,1034.3,855.3,0.1,-13,14,33321.82,347,46.95652,35.32513,1502
1/22/2023,-6.8,0,10.8,1034.3,36688.07,0,0,78,1034.3,856,-0.6,-12.4,12,33418.01,357,46.95652,35.32513,1502
1/23/2023,-5.3,0,11.2,1033.6,36779.21,0,0,82,1033.6,856.3,-0.5,-10.6,91,30056.03,14,46.95652,35.32513,1502
1/24/2023,-4.3,0,14,1031.9,36872.66,0,0,78,1031.9,855.5,-0.5,-8.3,67,32486.5,24,46.95652,35.32513,1502
1/25/2023,-3.8,0,7.7,1029,36968.3,0,0,83,1029,853.4,0.9,-7.2,38,33721.48,18,46.95652,35.32513,1502
1/26/2023,-2.7,0,8.3,1027.1,37065.98,0,0,85,1027.1,852.4,3.4,-6.3,75,31761.77,21,46.95652,35.32513,1502
1/27/2023,-3.1,0.6,5.3,1027.7,37165.56,0,0.42,85,1027.7,852.7,1.7,-6.4,71,21751.13,41,46.95652,35.32513,1502
1/28/2023,-0.3,0.1,8.1,1023.7,37266.89,0,0.07,59,1023.7,851,5.9,-6,91,33197.4,198,46.95652,35.32513,1502
1/29/2023,2.6,5.2,9,1015.4,37369.86,0,3.64,66,1015.4,845.7,7.7,-0.5,82,18571.6,252,46.95652,35.32513,1502
1/30/2023,3.3,11.1,13.7,1014,37474.33,3.6,5.25,86,1014,844.9,6.8,0.9,91,17082.85,191,46.95652,35.32513,1502
1/31/2023,2.4,17.3,13,1008.6,37580.16,5.7,8.12,93,1008.6,839.9,4.7,-0.9,93,495.35,173,46.95652,35.32513,1502
2/1/2023,0.1,0.5,9.5,1014.8,37687.23,0.1,0.28,86,1014.8,843.8,4,-8,53,22892.1,193,46.95652,35.32513,1502
2/2/2023,-1.1,4.4,13,1018.8,37795.42,0,3.15,87,1018.8,846.4,2.5,-5,91,6198.25,179,46.95652,35.32513,1502
2/3/2023,-2.3,0.3,13.8,1024.9,37904.59,0,0.21,79,1024.9,850.8,2.2,-7.5,51,15420.36,219,46.95652,35.32513,1502
2/4/2023,-4,0,5.1,1023.7,38014.63,0,0,77,1023.7,848.9,0.7,-8,80,33648.92,351,46.95652,35.32513,1502
2/5/2023,0.9,0.1,13.5,1017.5,38125.42,0,0.07,69,1017.5,846.5,5,-3.9,82,21157.11,216,46.95652,35.32513,1502
2/6/2023,3.8,1.1,15.9,1013.8,38236.84,1.1,0,72,1013.8,845,8.1,0.6,82,24779.32,172,46.95652,35.32513,1502
2/7/2023,2,2.1,15.5,1011.6,38348.98,0.9,0.84,79,1011.6,842.2,5,-1.5,70,30619.11,182,46.95652,35.32513,1502
2/8/2023,0.1,8.3,9.9,1015.9,38462.9,0,5.81,77,1015.9,844.8,2.9,-3.1,97,27032.48,219,46.95652,35.32513,1502
2/9/2023,-4.8,1.2,11.9,1025.4,38578.68,0,0.84,76,1025.4,849.8,-0.9,-8.4,76,27805.14,290,46.95652,35.32513,1502
2/10/2023,-9.1,0,11.3,1034.8,38696.18,0,0,81,1034.8,855,-3.8,-14.3,40,33181.18,5,46.95652,35.32513,1502
2/11/2023,-6.8,0,10.1,1032.2,38815.26,0,0,69,1032.2,854.2,-1.6,-14.3,75,35302.49,351,46.95652,35.32513,1502
2/12/2023,-2.6,2.6,8,1023,38935.79,0,1.82,79,1023,849.1,3.5,-5.7,84,14400,333,46.95652,35.32513,1502
2/13/2023,-2.3,0,12.7,1024.1,39057.64,0,0,73,1024.1,850.2,3.5,-7,32,29905.81,248,46.95652,35.32513,1502
2/14/2023,-2.9,0,7.9,1022.7,39180.68,0,0,57,1022.7,848.7,3.4,-7.5,62,35653.22,344,46.95652,35.32513,1502
2/15/2023,-1.7,0,13.4,1017.6,39304.8,0,0,58,1017.6,845.1,3.9,-5.7,11,35721.38,285,46.95652,35.32513,1502
2/16/2023,-2.2,0.4,18.1,1023.8,39429.86,0,0.35,65,1023.8,850,1.2,-7.7,45,28052.73,237,46.95652,35.32513,1502
2/17/2023,-3.9,0,9.1,1030.4,39555.74,0,0,53,1030.4,854.4,4.4,-8.9,2,35861,353,46.95652,35.32513,1502
2/18/2023,-1.1,0,8,1028,39682.34,0,0,36,1028,854.1,8.2,-8.1,0,35932.28,334,46.95652,35.32513,1502
2/19/2023,2,0,14.8,1025.4,39809.52,0,0,38,1025.4,853.7,8.5,-4.3,4,36000,253,46.95652,35.32513,1502
2/20/2023,2.8,0,11.5,1022.8,39937.19,0,0,58,1022.8,852,10.4,-2,0,36000,290,46.95652,35.32513,1502
2/21/2023,3.2,0,20,1019.2,40065.21,0,0,53,1019.2,849.2,9.1,-2.4,7,36012.68,228,46.95652,35.32513,1502
2/22/2023,4.3,0,14.4,1018.5,40193.5,0,0,55,1018.5,849.2,11.1,-0.6,11,36083.12,227,46.95652,35.32513,1502
2/23/2023,4.6,0,12.9,1015.4,40321.91,0,0,53,1015.4,846.8,11.8,0,0,36078.42,260,46.95652,35.32513,1502
2/24/2023,4.7,0.5,14.8,1018.1,40450.37,0.5,0,59,1018.1,849.1,11.4,-2.6,14,36072.88,317,46.95652,35.32513,1502
2/25/2023,3.8,1.1,9.4,1023.1,40578.76,1.1,0,69,1023.1,852.8,12.3,-3.5,12,36000,346,46.95652,35.32513,1502
2/26/2023,5.9,0,9,1025.2,40706.96,0,0,58,1025.2,855.6,13.5,0.2,3,36150.95,321,46.95652,35.32513,1502
2/27/2023,5.8,0,8.9,1026.2,40835.08,0,0,54,1026.2,856.4,15.1,0,0,36240.68,342,46.95652,35.32513,1502
2/28/2023,5.7,0,10.2,1024.8,40964.14,0,0,49,1024.8,855.2,14.9,-0.7,0,36335.43,347,46.95652,35.32513,1502
3/1/2023,7.1,0,8.9,1021.5,41094.24,0,0,43,1021.5,853.2,15.6,0.7,1,36434.92,318,46.95652,35.32513,1502
3/2/2023,8.4,0,11.2,1019.9,41225.28,0,0,53,1019.9,852.5,15.6,3.6,25,36230.79,263,46.95652,35.32513,1502
3/3/2023,9.3,0,12.8,1020.6,41357.14,0,0,49,1020.6,853.7,16.5,3.1,70,36331.29,194,46.95652,35.32513,1502
3/4/2023,10.2,0.2,20.7,1018.8,41489.74,0.2,0,56,1018.8,852.6,17,5.2,28,36436.08,212,46.95652,35.32513,1502
3/5/2023,10.8,0,13.6,1021.2,41622.97,0,0,49,1021.2,855,16.8,5.1,19,36611.88,217,46.95652,35.32513,1502
3/6/2023,12,2.9,28.4,1015.9,41756.73,2.9,0,55,1015.9,851.1,20.5,4,48,35743.29,190,46.95652,35.32513,1502
3/7/2023,9.7,2.1,20.1,1015.8,41890.94,2.1,0,70,1015.8,849.9,14.6,5.3,79,32830.13,223,46.95652,35.32513,1502
3/8/2023,9.2,10.5,16.6,1016.3,42025.49,10.5,0,82,1016.3,850.1,15.2,6.9,99,12364.52,170,46.95652,35.32513,1502
3/9/2023,8.6,8.6,22.4,1012.7,42160.3,8.3,0.21,87,1012.7,846.7,12.4,4.9,95,5455.2,175,46.95652,35.32513,1502
3/10/2023,7.5,0.1,13.7,1017.8,42295.25,0.1,0,62,1017.8,850.4,12.3,2.7,44,36016.98,284,46.95652,35.32513,1502
3/11/2023,7.5,0,9,1020.1,42430.27,0,0,63,1020.1,852.3,14.8,1.3,0,37924.7,266,46.95652,35.32513,1502
3/12/2023,10.5,0,13.8,1017.2,42565.26,0,0,48,1017.2,851.4,17.5,3.6,81,37426.97,179,46.95652,35.32513,1502
3/13/2023,8.7,8.6,9.7,1017.2,42700.13,8.6,0,77,1017.2,850.5,12.2,4.5,93,5080.58,154,46.95652,35.32513,1502
3/14/2023,11.8,0,8,1015.9,42834.79,0,0,66,1015.9,851,16.5,5.8,54,33051.89,143,46.95652,35.32513,1502
3/15/2023,11.5,3.8,14.1,1011.4,42969.14,3.8,0,66,1011.4,847,18,4.8,53,37151.73,168,46.95652,35.32513,1502
3/16/2023,7.7,2.3,17.2,1013.5,43103.09,2.3,0,73,1013.5,846.8,11.4,4.5,90,31036.55,194,46.95652,35.32513,1502
3/17/2023,7.6,0.7,16.5,1016,43236.55,0.7,0,71,1016,848.9,13,2.7,52,27406.06,247,46.95652,35.32513,1502
3/18/2023,9.8,0,8.5,1015.5,43369.43,0,0,58,1015.5,849.6,17.2,2.5,22,39025.27,287,46.95652,35.32513,1502
3/19/2023,8.5,3.7,19.3,1011.9,43501.81,3.7,0,72,1011.9,845.9,16.6,3.7,61,29468.12,187,46.95652,35.32513,1502
3/20/2023,8.5,0.6,14,1008.7,43634.65,0.6,0,70,1008.7,843.2,14.7,4.4,71,30074.59,195,46.95652,35.32513,1502
3/21/2023,6.2,5.2,7.2,1006.5,43768.03,4.5,0.49,79,1006.5,840.2,11.1,2.8,100,16109.58,259,46.95652,35.32513,1502
3/22/2023,6,3,12.6,1011.5,43901.86,3,0,77,1011.5,844.3,8.9,3.4,87,1094.77,2,46.95652,35.32513,1502
3/23/2023,8.1,0,10.2,1015.4,44036.07,0,0,66,1015.4,848.7,14.3,1,61,36207.09,339,46.95652,35.32513,1502
3/24/2023,9.8,0,10.2,1015.2,44170.57,0,0,65,1015.2,849.4,15.9,4.7,66,38486.94,281,46.95652,35.32513,1502
3/25/2023,11.6,0,8.9,1013.4,44305.28,0,0,58,1013.4,848.8,18.1,5.3,51,38758.75,210,46.95652,35.32513,1502
3/26/2023,8.9,3.7,17.7,1011.3,44440.1,3.7,0,78,1011.3,845.7,13.1,5.7,100,3633.77,162,46.95652,35.32513,1502
3/27/2023,9.6,3.6,16,1010.2,44574.96,3.6,0,78,1010.2,845.1,14,6.5,82,34677.63,180,46.95652,35.32513,1502
3/28/2023,9.8,1,15.7,1014.2,44709.78,1,0,77,1014.2,848.5,15,6.3,49,29964.85,259,46.95652,35.32513,1502
3/29/2023,10.4,0,14.6,1015.2,44844.46,0,0,60,1015.2,849.7,17.4,5.1,20,39908.39,224,46.95652,35.32513,1502
3/30/2023,11,0.8,24.7,1011.5,44978.92,0.8,0,52,1011.5,846.9,17.9,4.6,11,42009.14,185,46.95652,35.32513,1502
3/31/2023,6.7,4,22.8,1009.5,45113.07,2.7,0.91,63,1009.5,843,12.7,-1.6,62,36817.01,200,46.95652,35.32513,1502
4/1/2023,1.5,0,21,1017.2,45246.83,0,0,55,1017.2,846.6,6.4,-3.6,36,41888.72,250,46.95652,35.32513,1502
4/2/2023,3.6,0,18.8,1016.9,45380.1,0,0,62,1016.9,847.5,9.4,-2.1,12,42405.42,273,46.95652,35.32513,1502
4/3/2023,7.3,0,16.5,1016.6,45512.81,0,0,66,1016.6,849.2,15.1,0.7,8,42536.17,303,46.95652,35.32513,1502
4/4/2023,10.8,0,10.8,1017.5,45644.84,0,0,57,1017.5,851.8,17.8,3.3,27,42660.42,290,46.95652,35.32513,1502
4/5/2023,13.5,0.1,16.2,1014,45776.12,0.1,0,45,1014,850.3,20.6,6.3,15,42707.71,258,46.95652,35.32513,1502
4/6/2023,13.1,0,20.9,1012,45906.56,0,0,45,1012,848.5,19,6.4,2,42754.95,222,46.95652,35.32513,1502
4/7/2023,11,0,15.9,1017.6,46036.05,0,0,45,1017.6,852,17.7,5.4,0,42802.15,262,46.95652,35.32513,1502
4/8/2023,12.5,0.3,28.5,1019.2,46164.66,0.3,0,42,1019.2,854.1,18.9,5.1,54,42849.32,207,46.95652,35.32513,1502
4/9/2023,15.1,0,16.7,1020.1,46293.31,0,0,37,1020.1,856.3,20.7,8.2,81,32186.95,243,46.95652,35.32513,1502
4/10/2023,15.8,0,15.5,1016.6,46422.09,0,0,41,1016.6,853.7,23.1,10.4,100,25837.81,195,46.95652,35.32513,1502
4/11/2023,16.9,1.3,29,1011.7,46550.89,1.3,0,36,1011.7,850.1,22.5,11.3,79,42990.73,177,46.95652,35.32513,1502
4/12/2023,12.5,39.9,26.3,1009.3,46679.64,39.9,0,78,1009.3,845.8,15.9,10,100,4324.75,173,46.95652,35.32513,1502
4/13/2023,8.9,7.1,20,1011.6,46808.26,7.1,0,64,1011.6,845.9,13.7,2.9,53,39484.89,223,46.95652,35.32513,1502
4/14/2023,7,3.2,20.5,1020.6,46936.65,2.8,0.28,71,1020.6,852.4,12.5,2.6,42,35931.93,241,46.95652,35.32513,1502
4/15/2023,8.9,0,8.9,1019,47064.72,0,0,68,1019,852,16.5,2.4,27,43178.94,324,46.95652,35.32513,1502
4/16/2023,12.1,0,10.3,1014.6,47192.39,0,0,48,1014.6,850.1,19.3,3.4,49,43200,4,46.95652,35.32513,1502
4/17/2023,12.4,0,9.6,1016.1,47319.56,0,0,54,1016.1,851.5,19.9,4.1,34,40443.63,0,46.95652,35.32513,1502
4/18/2023,14.1,0,8.9,1017.5,47446.14,0,0,48,1017.5,853.5,21.4,6,6,43200,317,46.95652,35.32513,1502
4/19/2023,15.3,0,10,1015.5,47572.03,0,0,44,1015.5,852.5,22.5,9.7,2,43200,280,46.95652,35.32513,1502
4/20/2023,15.5,0.1,9.7,1011.6,47697.14,0.1,0,47,1011.6,849.3,22,9.6,44,43200,273,46.95652,35.32513,1502
4/21/2023,14.3,1.9,17.9,1011.1,47821.36,1.9,0,63,1011.1,848.3,20.6,9.9,75,39675.75,213,46.95652,35.32513,1502
4/22/2023,14.5,0.2,16.3,1013.7,47944.6,0.2,0,60,1013.7,850.6,20.3,8.1,40,39005.61,211,46.95652,35.32513,1502
4/23/2023,13.3,4.6,18.6,1016.2,48066.75,4.6,0,66,1016.2,852.1,17.4,10,90,31853.97,187,46.95652,35.32513,1502
4/24/2023,13.7,11.1,17.7,1013.6,48187.72,11.1,0,74,1013.6,850.1,21,8.6,80,29558.58,180,46.95652,35.32513,1502
4/25/2023,13.2,4.6,13.3,1012.6,48307.39,4.6,0,59,1012.6,849,19.1,7.7,36,36000,275,46.95652,35.32513,1502
4/26/2023,12.9,0,9.7,1014.1,48425.64,0,0,47,1014.1,850.1,20,6.7,0,43517.77,280,46.95652,35.32513,1502
4/27/2023,14.3,0,8.4,1013,48542.38,0,0,43,1013,849.9,21.3,7.3,9,43630.23,278,46.95652,35.32513,1502
4/28/2023,15.7,0,13.5,1011.4,48657.66,0,0,39,1011.4,849.2,22.8,7.6,15,43747.32,194,46.95652,35.32513,1502
4/29/2023,14.8,1,20.9,1010.7,48772.33,1,0,52,1010.7,848.2,20.4,9.3,39,38598.82,188,46.95652,35.32513,1502
4/30/2023,14.2,0.7,18.9,1010.9,48886.46,0.7,0,54,1010.9,848.1,20.2,8.5,38,43744.11,229,46.95652,35.32513,1502
5/1/2023,11.7,0,16.4,1012.8,48999.98,0,0,51,1012.8,848.4,17.1,6.3,13,43868.99,255,46.95652,35.32513,1502
5/2/2023,11.6,0,12.9,1016.3,49112.78,0,0,46,1016.3,851.2,18.4,5.1,11,44127.49,284,46.95652,35.32513,1502
5/3/2023,11.5,0,16.7,1018.2,49224.77,0,0,36,1018.2,852.8,17.4,6,2,44130.34,277,46.95652,35.32513,1502
5/4/2023,11,0,16.9,1018.5,49335.85,0,0,40,1018.5,852.8,17.4,4,18,44400.43,1,46.95652,35.32513,1502
5/5/2023,13.7,0,7.5,1016.3,49445.92,0,0,43,1016.3,852.3,21.1,3.9,0,44541.95,322,46.95652,35.32513,1502
5/6/2023,17.7,0,8.9,1013.8,49554.88,0,0,38,1013.8,852.2,25.1,9.7,2,44548.74,179,46.95652,35.32513,1502
5/7/2023,19.5,0.1,20,1012.5,49662.64,0.1,0,31,1012.5,852,26.1,13.7,35,44554.8,193,46.95652,35.32513,1502
5/8/2023,17,0,16.5,1012,49769.08,0,0,37,1012,850.4,23.2,11.3,2,44701.77,255,46.95652,35.32513,1502
5/9/2023,14.6,3.6,12.7,1014.6,49874.1,3.6,0,61,1014.6,851.4,22.5,10,67,42315.13,237,46.95652,35.32513,1502
5/10/2023,15.1,8.2,11.8,1015.2,49977.59,8.2,0,60,1015.2,852.2,21.6,9.2,31,43200,253,46.95652,35.32513,1502
5/11/2023,17.4,0,10.6,1016.4,50079.45,0,0,47,1016.4,854.3,24.6,10,55,45012.64,201,46.95652,35.32513,1502
5/12/2023,19.2,0,11.1,1015.9,50179.55,0,0,40,1015.9,854.8,26,12.2,11,45168.62,197,46.95652,35.32513,1502
5/13/2023,19,1.2,27.3,1012.2,50277.79,1.2,0,41,1012.2,851.6,26.4,12.9,16,45326.94,203,46.95652,35.32513,1502
5/14/2023,15.2,0,19.4,1011.5,50374.04,0,0,55,1011.5,849.1,20.1,9.4,21,45487.46,239,46.95652,35.32513,1502
5/15/2023,14.3,0,18.2,1010.4,50468.2,0,0,49,1010.4,847.7,20,6.7,4,45650.05,282,46.95652,35.32513,1502
5/16/2023,13.6,0,11,1014.4,50560.14,0,0,42,1014.4,850.6,21,5.5,10,45844.79,10,46.95652,35.32513,1502
5/17/2023,16.8,0,16.6,1012.5,50649.75,0,0,35,1012.5,850.7,24.5,8.3,42,45446.43,237,46.95652,35.32513,1502
5/18/2023,19.5,0.3,17.9,1014.1,50737.04,0.3,0,36,1014.1,853.5,26.6,13.1,33,46040.51,234,46.95652,35.32513,1502
5/19/2023,19.8,0.1,17.8,1013.4,50822.71,0.1,0,46,1013.4,853,26.7,12.4,76,41771.01,195,46.95652,35.32513,1502
5/20/2023,17.6,1.4,24,1012.3,50906.84,1.4,0,58,1012.3,850.9,24.2,12.3,77,34421.35,192,46.95652,35.32513,1502
5/21/2023,15.5,9.6,21.3,1013.6,50989.34,9.6,0,71,1013.6,851,19.1,10.9,63,40863.26,178,46.95652,35.32513,1502
5/22/2023,18.2,0.1,15.9,1014.9,51070.11,0.1,0,52,1014.9,853.5,24.4,11.7,31,46403.82,223,46.95652,35.32513,1502
5/23/2023,19.8,0,10.2,1017.9,51149.08,0,0,42,1017.9,856.7,27.2,12.9,26,46214.41,258,46.95652,35.32513,1502
5/24/2023,20.3,0,14,1016.6,51226.18,0,0,47,1016.6,855.9,28.6,13.6,68,43690.48,284,46.95652,35.32513,1502
5/25/2023,19.2,0.6,11.9,1015.6,51301.29,0.6,0,58,1015.6,854.5,23.6,14.5,100,17972.28,194,46.95652,35.32513,1502
5/26/2023,19.4,1.3,9.9,1014.7,51374.35,1.3,0,52,1014.7,853.9,26,14.2,24,44592.87,221,46.95652,35.32513,1502
5/27/2023,19.8,0,11.4,1014.4,51445.26,0,0,43,1014.4,853.8,26.3,13.1,25,46902.25,233,46.95652,35.32513,1502
5/28/2023,20.8,0,9.1,1014.4,51513.94,0,0,37,1014.4,854.3,27.4,13.9,64,46351.43,252,46.95652,35.32513,1502
5/29/2023,21.9,0.2,12.4,1014.9,51580.3,0.2,0,46,1014.9,855.3,27.6,16.5,93,34092.14,222,46.95652,35.32513,1502
5/30/2023,21.7,0.1,14.3,1014.4,51644.23,0.1,0,50,1014.4,854.7,27.9,15.8,87,43903.93,246,46.95652,35.32513,1502
5/31/2023,21.4,0,18.4,1012.7,51705.68,0,0,44,1012.7,853.2,27.3,16.4,31,42029.24,231,46.95652,35.32513,1502
6/1/2023,20,0,15.9,1013.7,51764.52,0,0,42,1013.7,853.3,26.1,14.1,2,47405.23,263,46.95652,35.32513,1502
6/2/2023,20.4,0,19.9,1016.2,51820.68,0,0,39,1016.2,855.6,27.1,13.4,32,47021.48,283,46.95652,35.32513,1502
6/3/2023,21.9,0,15.5,1014.7,51874.07,0,0,39,1014.7,855.1,29.5,14.4,10,47578.46,315,46.95652,35.32513,1502
6/4/2023,23.5,0,15.1,1012.8,51924.6,0,0,31,1012.8,854.3,30.6,14.9,32,47732.65,297,46.95652,35.32513,1502
6/5/2023,23.8,0,15.1,1011.9,51972.17,0,0,26,1011.9,853.6,30.3,17.4,58,45234.73,278,46.95652,35.32513,1502
6/6/2023,22.8,0,13.5,1012.2,52016.7,0,0,29,1012.2,853.4,29.6,15,28,47903.16,298,46.95652,35.32513,1502
6/7/2023,22.9,0,14.1,1011.6,52058.16,0,0,32,1011.6,853,30,15.9,18,47917.07,297,46.95652,35.32513,1502
6/8/2023,18.6,9,12.2,1015,52096.91,9,0,62,1015,853.7,26.9,13.1,45,47324.17,16,46.95652,35.32513,1502
6/9/2023,20.7,0,9.7,1012.5,52133,0,0,47,1012.5,852.6,27.3,11.6,34,47938.62,27,46.95652,35.32513,1502
6/10/2023,21.9,0.2,19.4,1009.1,52166.39,0.2,0,43,1009.1,850.4,29.2,14.4,47,47230.61,257,46.95652,35.32513,1502
6/11/2023,22.8,0,17.3,1008.2,52197.06,0,0,38,1008.2,850,28.9,16.4,14,48383.85,259,46.95652,35.32513,1502
6/12/2023,24,0,13.2,1006.7,52224.98,0,0,28,1006.7,849.3,31.1,16.4,2,48534.85,254,46.95652,35.32513,1502
6/13/2023,24.6,0,13.5,1006.4,52250.13,0,0,28,1006.4,849.4,31.4,17.3,6,48248.41,235,46.95652,35.32513,1502
6/14/2023,23.1,0,15.8,1007.8,52272.5,0,0,30,1007.8,849.9,29,16.8,0,48689.14,255,46.95652,35.32513,1502
6/15/2023,23.1,0,13.3,1006.7,52292.05,0,0,28,1006.7,848.9,29.9,15.7,0,48837.99,276,46.95652,35.32513,1502
6/16/2023,23.5,0,11.6,1004.6,52308.77,0,0,28,1004.6,847.4,29.9,16.6,1,48838.38,303,46.95652,35.32513,1502
6/17/2023,24.2,0,15.5,1005.7,52322.64,0,0,28,1005.7,848.6,30.8,17.1,0,48985.35,285,46.95652,35.32513,1502
6/18/2023,24.3,0,18.1,1007.8,52333.64,0,0,26,1007.8,850.4,31.4,16.8,0,49013.42,247,46.95652,35.32513,1502
6/19/2023,23.5,0,13.4,1008.2,52341.75,0,0,22,1008.2,850.3,31.6,16,0,49021.03,258,46.95652,35.32513,1502
6/20/2023,23.3,0,16.7,1007.5,52346.97,0,0,24,1007.5,849.7,30.9,15.8,0,49025.98,249,46.95652,35.32513,1502
6/21/2023,23.4,0,14,1008,52349.27,0,0,23,1008,850.1,31.1,15.5,0,49028.25,291,46.95652,35.32513,1502
6/22/2023,24.7,0,11.6,1007.8,52348.64,0,0,21,1007.8,850.6,32.6,17.2,0,49027.82,283,46.95652,35.32513,1502
6/23/2023,25,0,18,1009.4,52345.07,0,0,20,1009.4,852.2,32.2,15.9,2,48941.52,328,46.95652,35.32513,1502
6/24/2023,25.4,0,16.6,1008.5,52338.55,0,0,22,1008.5,851.5,33.7,18,8,48928.32,314,46.95652,35.32513,1502
6/25/2023,24.4,0,17.7,1007.4,52329.07,0,0,32,1007.4,850.2,31.6,16.3,0,48913.64,34,46.95652,35.32513,1502
6/26/2023,26.8,0,10.9,1003.9,52316.61,0,0,25,1003.9,848.3,34.7,16.1,0,48897.47,308,46.95652,35.32513,1502
6/27/2023,26.5,0,16.7,1003.9,52301.16,0,0,19,1003.9,848.1,34.9,18.6,0,48984.98,268,46.95652,35.32513,1502
6/28/2023,26.1,0,14.1,1006.9,52282.52,0,0,16,1006.9,850.5,35.1,15.4,0,48968.4,293,46.95652,35.32513,1502
6/29/2023,26.8,0,15.8,1005.9,52260.74,0,0,19,1005.9,850,34.7,19.4,0,48948.92,281,46.95652,35.32513,1502
6/30/2023,25.9,0,15.5,1004.4,52235.87,0,0,23,1004.4,848.3,33,18.7,0,48926.6,294,46.95652,35.32513,1502
7/1/2023,25.9,0,16.9,1004.8,52207.97,0,0,27,1004.8,848.6,33,17.7,0,48790.86,285,46.95652,35.32513,1502
7/2/2023,25.7,0,11.1,1007.1,52177.11,0,0,24,1007.1,850.5,33.6,16.8,0,48873.6,325,46.95652,35.32513,1502
7/3/2023,27,0,11.3,1007.3,52143.34,0,0,24,1007.3,851.3,35.3,17.2,1,48843.05,341,46.95652,35.32513,1502
7/4/2023,28.5,0,13.9,1005.7,52106.75,0,0,26,1005.7,850.6,36.2,18.7,1,48553.69,20,46.95652,35.32513,1502
7/5/2023,28.7,0,18.9,1004.4,52067.38,0,0,29,1004.4,849.6,37,19.7,0,48673.14,48,46.95652,35.32513,1502
7/6/2023,28.3,0,17.1,1005.3,52025.31,0,0,27,1005.3,850.2,36.8,19.4,0,48639.8,49,46.95652,35.32513,1502
7/7/2023,29,0,15.4,1005.7,51980.6,0,0,20,1005.7,850.8,37.5,19.6,0,48605.05,70,46.95652,35.32513,1502
7/8/2023,28.2,0,21.2,1004.6,51933.32,0,0,22,1004.6,849.6,37.5,19.1,1,48269.15,234,46.95652,35.32513,1502
7/9/2023,27,0,17.7,1004.6,51883.54,0,0,21,1004.6,849,34.6,19.1,0,48382.13,261,46.95652,35.32513,1502
7/10/2023,26.5,0,14.9,1005.4,51831.32,0,0,24,1005.4,849.5,33.2,19.6,0,48195.14,286,46.95652,35.32513,1502
7/11/2023,26.9,0,16.5,1008.1,51776.74,0,0,23,1008.1,851.9,34.4,19.1,0,48156.54,248,46.95652,35.32513,1502
7/12/2023,27.3,0,11.1,1009.4,51719.86,0,0,23,1009.4,853.2,35,16.9,0,47969.3,353,46.95652,35.32513,1502
7/13/2023,29.3,0,23.7,1007.8,51660.74,0,0,30,1007.8,852.7,37.8,19.8,0,47705.43,34,46.95652,35.32513,1502
7/14/2023,29.7,0,18.7,1006.2,51599.45,0,0,26,1006.2,851.5,39.9,19.7,0,47836.16,227,46.95652,35.32513,1502
7/15/2023,29.5,0,14.8,1004.9,51536.07,0,0,19,1004.9,850.4,38.1,21.6,0,47673.63,254,46.95652,35.32513,1502
7/16/2023,28.4,0,15.1,1005.1,51470.66,0,0,19,1005.1,850.1,36.3,19.8,2,47353.79,306,46.95652,35.32513,1502
7/17/2023,27.8,0,10.5,1005.2,51403.16,0,0,18,1005.2,849.9,35.4,20,0,47488.3,308,46.95652,35.32513,1502
7/18/2023,26.5,0,13.9,1005.2,51332.98,0,0,30,1005.2,849.3,34.1,17.8,11,46744.55,30,46.95652,35.32513,1502
7/19/2023,27.1,0,12,1004.9,51260.12,0,0,28,1004.9,849.3,35.2,17.9,3,46724.79,43,46.95652,35.32513,1502
7/20/2023,28.8,0,12.9,1004.9,51184.68,0,0,26,1004.9,850.1,37.2,18.7,1,46710.61,11,46.95652,35.32513,1502
7/21/2023,29.3,0,19.5,1005.5,51106.79,0,0,25,1005.5,850.8,38.3,19.4,11,45993.46,298,46.95652,35.32513,1502
7/22/2023,29.8,0,16.6,1006.2,51026.54,0,0,24,1006.2,851.6,37.9,20.5,1,46259.55,38,46.95652,35.32513,1502
7/23/2023,29.9,0,15.9,1004.6,50944.06,0,0,25,1004.6,850.4,38.6,19.9,0,46240.33,352,46.95652,35.32513,1502
7/24/2023,29.6,0,19.1,1001.5,50859.46,0,0,19,1001.5,847.6,37.7,20.4,4,45955.97,186,46.95652,35.32513,1502
7/25/2023,29,0,19.4,1002.2,50772.83,0,0,16,1002.2,847.9,37.1,22,2,46077.55,217,46.95652,35.32513,1502
7/26/2023,27.3,0,10.9,1006.7,50684.3,0,0,23,1006.7,851,35.1,18.7,18,45528.3,1,46.95652,35.32513,1502
7/27/2023,28.5,0,11,1006.6,50593.96,0,0,23,1006.6,851.4,35.5,19.2,14,43744.56,352,46.95652,35.32513,1502
7/28/2023,29.1,0,14,1004.3,50501.93,0,0,22,1004.3,849.7,36.7,19.7,18,44528.41,302,46.95652,35.32513,1502
7/29/2023,30,0,17.7,1002.4,50408.3,0,0,20,1002.4,848.5,37.4,21.8,26,40683.24,335,46.95652,35.32513,1502
7/30/2023,29.8,0,16.8,1003.1,50313.18,0,0,22,1003.1,849.1,37.7,20.9,11,44582.05,255,46.95652,35.32513,1502
7/31/2023,29.4,0,18.8,1005.2,50216.66,0,0,17,1005.2,850.7,37.3,21.3,17,44697.42,293,46.95652,35.32513,1502
8/1/2023,29,0,18.1,1007.1,50118.84,0,0,16,1007.1,852.1,36.3,21.7,2,44701.59,323,46.95652,35.32513,1502
8/2/2023,29.8,0,20.6,1005.9,50019.83,0,0,15,1005.9,851.4,38,21.1,0,44697.57,335,46.95652,35.32513,1502
8/3/2023,29.6,0,19.5,1004.3,49919.72,0,0,16,1004.3,849.9,37.9,20.9,0,44450.15,276,46.95652,35.32513,1502
8/4/2023,29.8,0,21.3,1003.7,49818.6,0,0,16,1003.7,849.5,38.9,21.5,4,44095.2,240,46.95652,35.32513,1502
8/5/2023,29.5,0,24.9,1005.8,49716.56,0,0,19,1005.8,851.2,38.8,20.3,7,44089.03,225,46.95652,35.32513,1502
8/6/2023,29,0,22,1006.9,49613.54,0,0,21,1006.9,851.9,37.7,21.1,2,43981.62,222,46.95652,35.32513,1502
8/7/2023,29.2,0,15.8,1004.8,49508.72,0,0,19,1004.8,850.2,37.8,20.3,12,43878.65,314,46.95652,35.32513,1502
8/8/2023,28.2,0,18.6,1006,49402.09,0,0,28,1006,850.8,35,19.6,7,43639.01,42,46.95652,35.32513,1502
8/9/2023,28.3,0,13.3,1009.8,49293.73,0,0,28,1009.8,854.1,35.4,20.2,9,43158.03,46,46.95652,35.32513,1502
8/10/2023,29,0,11,1012.1,49183.78,0,0,21,1012.1,856.3,36.5,20.1,0,43569.88,30,46.95652,35.32513,1502
8/11/2023,28.9,0,10.8,1011.8,49072.34,0,0,15,1011.8,856,36.8,20.1,0,43580.32,26,46.95652,35.32513,1502
8/12/2023,28.9,0,11.5,1011.9,48959.52,0,0,15,1011.9,856,36.8,19.9,0,43421.89,16,46.95652,35.32513,1502
8/13/2023,27.7,0,14.1,1013.1,48845.43,0,0,19,1013.1,856.5,35.7,18.7,0,43425.27,33,46.95652,35.32513,1502
8/14/2023,26.9,0,17.2,1013.8,48730.16,0,0,24,1013.8,856.8,34.9,17.4,0,43323.29,57,46.95652,35.32513,1502
8/15/2023,26.2,0,16.4,1013,48613.84,0,0,23,1013,855.8,33.9,17.8,0,43328.08,49,46.95652,35.32513,1502
8/16/2023,25.8,0,12.6,1011.2,48496.55,0,0,17,1011.2,854,34,16.4,0,43332.59,33,46.95652,35.32513,1502
8/17/2023,27.3,0,13.3,1010.4,48378.39,0,0,19,1010.4,854.1,35.8,17.8,37,33603.95,336,46.95652,35.32513,1502
8/18/2023,28.9,0,17,1010.6,48259.47,0,0,19,1010.6,855,34.1,23.4,81,36056.08,284,46.95652,35.32513,1502
8/19/2023,27.6,0,17,1010,48139.88,0,0,20,1010,853.9,33.8,20.2,32,43200,343,46.95652,35.32513,1502
8/20/2023,26.6,0,15.5,1010.1,48019.71,0,0,26,1010.1,853.4,33.5,18.8,24,43200,63,46.95652,35.32513,1502
8/21/2023,27.6,0,11.8,1010.3,47899.05,0,0,23,1010.3,854.1,35.5,18.5,16,40966.56,356,46.95652,35.32513,1502
8/22/2023,29.4,0,18.9,1010.8,47778,0,0,15,1010.8,855.4,37.2,22.2,5,43200,291,46.95652,35.32513,1502
8/23/2023,29.2,0,18.6,1010.6,47656.64,0,0,15,1010.6,855.1,37.2,22.3,6,43200,273,46.95652,35.32513,1502
8/24/2023,27.9,0,15.5,1008.4,47535.05,0,0,13,1008.4,852.6,37,20.5,0,43200,299,46.95652,35.32513,1502
8/25/2023,27.2,0,17.3,1005.7,47413.35,0,0,14,1005.7,850,37.2,19,0,43200,258,46.95652,35.32513,1502
8/26/2023,26.6,0,16.6,1006.4,47291.43,0,0,25,1006.4,850.3,35.1,17.7,0,43200,32,46.95652,35.32513,1502
8/27/2023,25.6,0,16.4,1007.8,47168.45,0,0,34,1007.8,851,33.8,17.6,3,43200,42,46.95652,35.32513,1502
8/28/2023,26.8,0,17.1,1005.5,47044.34,0,0,26,1005.5,849.7,35.4,18,0,43200,225,46.95652,35.32513,1502
8/29/2023,25.1,0,26.6,1004.3,46919.21,0,0,27,1004.3,847.9,31.7,18.6,4,43147.96,217,46.95652,35.32513,1502
8/30/2023,23.1,0,10.4,1009.6,46793.15,0,0,35,1009.6,851.4,29,17.2,12,43068.51,316,46.95652,35.32513,1502
8/31/2023,23.7,0,8.6,1012.4,46666.24,0,0,36,1012.4,854.1,30,16.1,4,42840.12,16,46.95652,35.32513,1502
9/1/2023,25.3,0,10,1011.7,46538.58,0,0,31,1011.7,854.1,32.1,17,15,42906.75,16,46.95652,35.32513,1502
9/2/2023,26.9,0,13.2,1009.9,46410.26,0,0,23,1009.9,853.4,34.8,18,2,42824.62,340,46.95652,35.32513,1502
9/3/2023,27.5,0,17.6,1009.4,46281.36,0,0,22,1009.4,853.2,35.8,18.8,9,42639.39,199,46.95652,35.32513,1502
9/4/2023,27.1,0,21.8,1010.6,46151.98,0,0,20,1010.6,854.1,34.4,21.1,1,42658.33,181,46.95652,35.32513,1502
9/5/2023,26.8,0,13.6,1012.4,46022.19,0,0,15,1012.4,855.6,35.1,20.2,0,42574.36,192,46.95652,35.32513,1502
9/6/2023,27.4,0,12.3,1011.7,45892.07,0,0,15,1011.7,855.2,35.9,19.2,0,41825.22,323,46.95652,35.32513,1502
9/7/2023,27.3,0,15.8,1009.9,45761.73,0,0,13,1009.9,853.6,36.3,19.1,0,42405.2,253,46.95652,35.32513,1502
9/8/2023,25.6,0,16.9,1010.2,45631.22,0,0,14,1010.2,853,34.4,18.6,0,42320.2,243,46.95652,35.32513,1502
9/9/2023,24.1,0,23.1,1009.7,45500.64,0,0,22,1009.7,851.9,31.2,17.1,0,42235.05,234,46.95652,35.32513,1502
9/10/2023,24.7,0,19.6,1007.6,45370.06,0,0,26,1007.6,850.4,32.3,17.2,0,42149.84,243,46.95652,35.32513,1502
9/11/2023,23.3,0,18.5,1008,45239.57,0,0,26,1008,850.1,32,16.8,0,42064.64,267,46.95652,35.32513,1502
9/12/2023,23.7,0,20.4,1011,45109.23,0,0,26,1011,852.9,30.9,16.5,0,41979.57,240,46.95652,35.32513,1502
9/13/2023,25.1,0,25.6,1010.1,44979.14,0,0,25,1010.1,852.8,32.9,17.6,12,41453.19,229,46.95652,35.32513,1502
9/14/2023,23.6,0,19.5,1008.9,44849.36,0,0,29,1008.9,851,31.2,15.4,0,41810.13,246,46.95652,35.32513,1502
9/15/2023,21.5,0,9.4,1012.6,44719.82,0,0,34,1012.6,853.1,28.5,14.3,2,41680.42,3,46.95652,35.32513,1502
9/16/2023,21.5,0,9.7,1011.5,44589.65,0,0,32,1011.5,852.2,29.3,13.9,0,41525.83,356,46.95652,35.32513,1502
9/17/2023,21.9,0,12.8,1009,44458.76,0,0,27,1009,850.3,31.4,13.1,0,41214.45,283,46.95652,35.32513,1502
9/18/2023,21.7,0,9.6,1009.1,44327.25,0,0,24,1009.1,850.2,30.3,14,0,41025.31,347,46.95652,35.32513,1502
9/19/2023,20.4,0,14.7,1013.4,44195.21,0,0,43,1013.4,853.3,29,12.7,0,40602.62,43,46.95652,35.32513,1502
9/20/2023,21.1,0,13.3,1014.2,44062.71,0,0,34,1014.2,854.2,30.6,12.2,0,40427.97,29,46.95652,35.32513,1502
9/21/2023,21.7,0,12.9,1014.4,43929.84,0,0,28,1014.4,854.7,30.7,12.2,0,40257.8,17,46.95652,35.32513,1502
9/22/2023,22,0,10.1,1015.8,43796.68,0,0,26,1015.8,856,29.7,13.5,0,40092.44,16,46.95652,35.32513,1502
9/23/2023,22.1,0,14.2,1014.9,43663.32,0,0,27,1014.9,855.4,31.2,13.2,0,39828.48,31,46.95652,35.32513,1502
9/24/2023,21.6,0,15.8,1013.5,43529.83,0,0,24,1013.5,853.9,30.8,12.6,0,39677.91,38,46.95652,35.32513,1502
9/25/2023,20.7,0.1,13.4,1012.9,43396.31,0.1,0,30,1012.9,852.9,30.4,11.5,15,39438.26,348,46.95652,35.32513,1502
9/26/2023,20.8,0,13,1012.6,43262.82,0,0,37,1012.6,852.7,29.6,12.4,10,39304.91,16,46.95652,35.32513,1502
9/27/2023,19.5,0,15,1016.7,43129.46,0,0,38,1016.7,855.6,28.1,11.7,1,39178.8,32,46.95652,35.32513,1502
9/28/2023,20,0,10.4,1017.1,42996.3,0,0,33,1017.1,856.2,27.8,11.3,0,39141.24,23,46.95652,35.32513,1502
9/29/2023,20.4,0,8.1,1014.9,42863.42,0,0,26,1014.9,854.5,27.8,11.7,1,39025.94,12,46.95652,35.32513,1502
9/30/2023,19.3,0,17.9,1013.8,42730.92,0,0,28,1013.8,853,28.5,11.8,5,38974.21,275,46.95652,35.32513,1502
10/1/2023,18,0,13.7,1014.4,42598.87,0,0,42,1014.4,852.9,24.5,11.8,82,33883.52,237,46.95652,35.32513,1502
10/2/2023,17.6,1.4,26.7,1015,42467.35,1.4,0,55,1015,853.2,23.3,13.1,81,26099.27,225,46.95652,35.32513,1502
10/3/2023,17.7,0,17.8,1016.8,42336.46,0,0,53,1016.8,854.8,24.7,12.7,75,34313.15,224,46.95652,35.32513,1502
10/4/2023,15.7,1.5,18.5,1019.3,42206.27,1.5,0,63,1019.3,855.9,21.9,11.8,78,9722.7,182,46.95652,35.32513,1502
10/5/2023,15.6,0.1,9.4,1020.5,42076.7,0.1,0,51,1020.5,856.9,22.6,8.9,32,38733.17,330,46.95652,35.32513,1502
10/6/2023,16.5,0,15.3,1018,41946.8,0,0,37,1018,855.1,25.3,7.3,6,36745.03,276,46.95652,35.32513,1502
10/7/2023,17.5,0.3,15.4,1017.3,41816.51,0.3,0,49,1017.3,855.1,25.1,12.5,26,38633.91,267,46.95652,35.32513,1502
10/8/2023,18.7,0,14.9,1017.1,41685.9,0,0,39,1017.1,855.5,26.8,13.1,40,38583.67,253,46.95652,35.32513,1502
10/9/2023,18.9,0,21,1017.6,41555.08,0,0,32,1017.6,856,25.6,13,10,38533.02,247,46.95652,35.32513,1502
10/10/2023,18.2,0,17.3,1018.1,41424.14,0,0,43,1018.1,856.1,24.4,14,59,32401.34,207,46.95652,35.32513,1502
10/11/2023,18.5,5.2,21.7,1016.9,41293.16,5.2,0,50,1016.9,855.3,26.1,13.1,58,33493.11,221,46.95652,35.32513,1502
10/12/2023,17.9,0.6,15.6,1019.2,41162.26,0.6,0,55,1019.2,856.9,25.2,10,23,38182.55,212,46.95652,35.32513,1502
10/13/2023,16.5,0,17.8,1019.2,41031.52,0,0,47,1019.2,856.2,25.8,8.6,2,38047.45,284,46.95652,35.32513,1502
10/14/2023,16,0,8.1,1018.6,40901.04,0,0,41,1018.6,855.5,23.1,9.5,0,37912.43,7,46.95652,35.32513,1502
10/15/2023,17.8,0.1,13.5,1015.1,40770.93,0.1,0,38,1015.1,853.3,25.8,10.1,27,37272.7,208,46.95652,35.32513,1502
10/16/2023,16,0,19.5,1011.5,40641.27,0,0,46,1011.5,849.4,22.6,9.6,2,37624.01,230,46.95652,35.32513,1502
10/17/2023,14.2,0,8.9,1015.8,40512.17,0,0,57,1015.8,852.2,20.6,8.7,16,35157.5,295,46.95652,35.32513,1502
10/18/2023,14.2,0,15.5,1017.7,40383.74,0,0,52,1017.7,853.8,22.2,9.8,10,37172.28,228,46.95652,35.32513,1502
10/19/2023,15.7,0.2,17.3,1018,40256.07,0.2,0,48,1018,854.8,22.4,10.3,29,35959.41,238,46.95652,35.32513,1502
10/20/2023,14.9,0.2,10,1019.2,40129.28,0.2,0,57,1019.2,855.4,21.9,9.6,36,36097.41,308,46.95652,35.32513,1502
10/21/2023,15.3,0,14.7,1019.1,40003.46,0,0,48,1019.1,855.5,23.5,10,7,36520.96,270,46.95652,35.32513,1502
10/22/2023,14.7,0,16.4,1020.9,39878.74,0,0,44,1020.9,856.7,22.4,8.4,37,36311.85,41,46.95652,35.32513,1502
10/23/2023,14.4,0,10.6,1020.5,39755.21,0,0,46,1020.5,856.2,23.2,8.4,20,35985.99,278,46.95652,35.32513,1502
10/24/2023,14.6,0,15.1,1017.8,39633,0,0,47,1017.8,854.1,21.7,9.3,80,33084.55,263,46.95652,35.32513,1502
10/25/2023,13.8,0,16.4,1020.1,39512.02,0,0,56,1020.1,855.5,20.7,8.9,6,35828.76,294,46.95652,35.32513,1502
10/26/2023,13.6,0,12.9,1021.1,39391.24,0,0,58,1021.1,856.3,21.7,8.1,24,35749.61,290,46.95652,35.32513,1502
10/27/2023,13.8,0,10.1,1019.8,39270.57,0,0,54,1019.8,855.3,21.9,8.8,30,35557.93,296,46.95652,35.32513,1502
10/28/2023,14.9,0,14.3,1019,39150.13,0,0,49,1019,855.2,23.1,8.6,39,34588.68,309,46.95652,35.32513,1502
10/29/2023,15.6,0,9.9,1018.8,39030.02,0,0,44,1018.8,855.4,23.7,10.2,36,35188.18,241,46.95652,35.32513,1502
10/30/2023,15.7,0,9.8,1020.6,38910.36,0,0,39,1020.6,857,22.2,10.5,100,30987.61,4,46.95652,35.32513,1502
10/31/2023,12.5,2.1,7.8,1023.9,38791.27,2.1,0,71,1023.9,858.2,17.3,8.9,92,9895.17,22,46.95652,35.32513,1502
11/1/2023,12.8,0.1,15.2,1022.7,38672.85,0.1,0,74,1022.7,857.2,18.9,8.2,65,33746.45,112,46.95652,35.32513,1502
11/2/2023,12.2,2.6,10.9,1021,38555.25,2.6,0,77,1021,855.5,16.5,9.5,60,23311.48,168,46.95652,35.32513,1502
11/3/2023,12.3,1.1,10.3,1018.7,38438.56,1.1,0,72,1018.7,853.6,18.1,8.2,65,32866.57,275,46.95652,35.32513,1502
11/4/2023,11,1.2,13,1017.5,38322.93,1.2,0,75,1017.5,852,17.1,5.1,25,32863.15,307,46.95652,35.32513,1502
11/5/2023,11,0,7.9,1018.6,38208.46,0,0,61,1018.6,852.8,17.5,4,3,33863.53,334,46.95652,35.32513,1502
11/6/2023,11.4,0,11.6,1018.1,38095.3,0,0,54,1018.1,852.7,20.1,6.4,5,33812.97,253,46.95652,35.32513,1502
11/7/2023,11.2,0,8.7,1019.1,37983.57,0,0,64,1019.1,853.4,19,5.2,1,33605.13,319,46.95652,35.32513,1502
11/8/2023,12.4,0,8,1021.1,37873.41,0,0,54,1021.1,855.7,19.4,5.7,0,33630.27,348,46.95652,35.32513,1502
11/9/2023,12.4,0,10.9,1021.3,37764.95,0,0,49,1021.3,855.8,21,6.6,12,33507.61,226,46.95652,35.32513,1502
11/10/2023,12.5,0,11.3,1022.6,37658.34,0,0,49,1022.6,857,19.6,8.2,62,26131.69,243,46.95652,35.32513,1502
11/11/2023,13.7,0,9.7,1024.6,37553.7,0,0,45,1024.6,859.3,19.7,8.3,80,32400,146,46.95652,35.32513,1502
11/12/2023,13.5,0,9.4,1024.6,37451.17,0,0,48,1024.6,859.2,19.4,9.2,76,28800,149,46.95652,35.32513,1502
11/13/2023,12.9,0,6.6,1023,37350.92,0,0,54,1023,857.6,19.6,8.3,48,32958.25,96,46.95652,35.32513,1502
11/14/2023,12.8,0,11.5,1018.7,37252.89,0,0,53,1018.7,853.9,20.1,7.8,40,32952.14,170,46.95652,35.32513,1502
11/15/2023,9.5,7.5,16.9,1018.4,37156.06,7.5,0,80,1018.4,851.9,10.9,8.3,98,0,152,46.95652,35.32513,1502
11/16/2023,10,0.2,10.7,1017.5,37060.37,0.2,0,76,1017.5,851.4,15.5,5.1,73,22181.3,208,46.95652,35.32513,1502
11/17/2023,10.3,0.1,17.9,1018.9,36965.91,0.1,0,74,1018.9,852.8,15.1,5.7,49,23004.92,225,46.95652,35.32513,1502
11/18/2023,9.2,0.6,12.4,1019.7,36872.81,0.6,0,80,1019.7,852.8,15.2,5.5,37,16804.1,236,46.95652,35.32513,1502
11/19/2023,9.3,0,19.1,1015.1,36781.19,0,0,66,1015.1,849,16.5,3.2,47,32830.78,165,46.95652,35.32513,1502
11/20/2023,7.5,29.3,13.9,1007.1,36691.16,28.7,0.42,86,1007.1,841.5,9.9,4.3,86,562.78,181,46.95652,35.32513,1502
11/21/2023,3.4,5.2,22.2,1017.9,36602.86,3,1.54,70,1017.9,848.2,7.8,-2.1,32,32495.3,239,46.95652,35.32513,1502
11/22/2023,4,0,6.5,1026.9,36516.38,0,0,54,1026.9,856.1,10.5,-2.1,44,32595.02,232,46.95652,35.32513,1502
11/23/2023,7,0,7.2,1019,36431.87,0,0,44,1019,851.1,14.6,1.9,85,26813.38,197,46.95652,35.32513,1502
11/24/2023,5.9,0,6.4,1016.2,36349.45,0,0,48,1016.2,848.1,13.5,0.8,0,32464.75,264,46.95652,35.32513,1502
11/25/2023,8.2,0,10.4,1017.6,36269.24,0,0,52,1017.6,850.6,15,3.5,72,32152.63,206,46.95652,35.32513,1502
11/26/2023,8.3,0,15.9,1016.2,36191.38,0,0,67,1016.2,849.4,13.4,3.5,54,30876.1,201,46.95652,35.32513,1502
11/27/2023,9.5,0.6,24.8,1012.7,36115.99,0.6,0,76,1012.7,847.1,15.8,5.6,50,29329.69,197,46.95652,35.32513,1502
11/28/2023,5.6,0.5,14.1,1017.7,36043.21,0.5,0,74,1017.7,849.2,11.7,-0.9,31,22182.86,263,46.95652,35.32513,1502
11/29/2023,6.2,0,7.9,1022.2,35973.16,0,0,63,1022.2,853.3,12.3,-0.5,1,32081.04,225,46.95652,35.32513,1502
11/30/2023,7.7,0,6.4,1021.8,35905.99,0,0,48,1021.8,853.8,15.5,3.5,45,31955.37,187,46.95652,35.32513,1502
12/1/2023,8.5,0,6.9,1022.3,35841.82,0,0,44,1022.3,854.6,15.2,4.5,38,28967.71,7,46.95652,35.32513,1502
12/2/2023,7.6,0,7.5,1023.4,35780.8,0,0,46,1023.4,855.1,13.9,2.7,0,31907.58,65,46.95652,35.32513,1502
12/3/2023,7.8,0,7.9,1025.3,35723.04,0,0,47,1025.3,856.8,14.2,3,4,31852.6,121,46.95652,35.32513,1502
12/4/2023,7.4,0,7.4,1025.7,35668.57,0,0,42,1025.7,856.9,15.1,3.6,5,31799.28,360,46.95652,35.32513,1502
12/5/2023,7.7,0,6.7,1023.8,35616.71,0,0,43,1023.8,855.4,14.5,3.9,3,31746.82,88,46.95652,35.32513,1502
12/6/2023,6.6,0,13.2,1020.9,35567.42,0,0,55,1020.9,852.4,10.9,3,68,23608.68,166,46.95652,35.32513,1502
12/7/2023,7.4,0,15.8,1019.9,35520.73,0,0,64,1019.9,852,13.3,3,78,29850.28,243,46.95652,35.32513,1502
12/8/2023,8.2,0,8.2,1021.4,35476.71,0,0,65,1021.4,853.7,14.5,3.5,50,31269.69,189,46.95652,35.32513,1502
12/9/2023,8,0.7,18.7,1020.2,35435.42,0.7,0,66,1020.2,852.6,14.7,3.9,55,29751.96,183,46.95652,35.32513,1502
12/10/2023,7.2,0,12.9,1022.1,35396.91,0,0,66,1022.1,853.8,14.5,2,55,31328.53,249,46.95652,35.32513,1502
12/11/2023,7.9,0,8.4,1022.5,35361.25,0,0,55,1022.5,854.5,14,3.7,91,29113.18,184,46.95652,35.32513,1502
12/12/2023,9.5,1.8,9.4,1017.3,35328.48,1.8,0,56,1017.3,851,14.1,6.5,98,17127.87,160,46.95652,35.32513,1502
12/13/2023,5.8,20.1,15.7,1012.8,35298.66,20,0.07,90,1012.8,845.3,7.9,3.4,100,0,166,46.95652,35.32513,1502
12/14/2023,5.2,0.1,12,1017.9,35271.85,0.1,0,77,1017.9,849.2,9.7,-0.5,48,28870.47,297,46.95652,35.32513,1502
12/15/2023,4.7,0,4.2,1026.1,35248.09,0,0,67,1026.1,855.7,11.1,-2.4,31,31341.32,316,46.95652,35.32513,1502
12/16/2023,8.2,0,7.4,1027,35227.44,0,0,54,1027,858.4,14.1,2.3,72,31057.53,170,46.95652,35.32513,1502
12/17/2023,8.5,0,10.6,1022.2,35209.96,0,0,48,1022.2,854.6,15.9,3.6,12,31265.56,214,46.95652,35.32513,1502
12/18/2023,4,0,9.1,1021.3,35195.68,0,0,67,1021.3,851.4,11.4,-1.7,18,31230.45,330,46.95652,35.32513,1502
12/19/2023,3.7,0,10.8,1023.5,35184.66,0,0,63,1023.5,853.1,9.2,-2.6,43,30277.45,25,46.95652,35.32513,1502
12/20/2023,4,0,10.5,1024.7,35176.95,0,0,63,1024.7,854.2,9.3,-1.3,18,31242.7,358,46.95652,35.32513,1502
12/21/2023,4.3,0,7.8,1021.9,35172.58,0,0,63,1021.9,852.1,9.9,1.1,44,31137.09,219,46.95652,35.32513,1502
12/22/2023,4.4,7.2,16.6,1015.8,35171.61,1.8,3.78,79,1015.8,847,6.8,0.5,84,7334.07,175,46.95652,35.32513,1502
12/23/2023,5.8,0.5,19.3,1012.7,35174.09,0.5,0,80,1012.7,845.2,9.6,3.2,84,20320.22,183,46.95652,35.32513,1502
12/24/2023,5.8,5.1,16.6,1016.7,35180.04,5,0.07,87,1016.7,848.5,7,5.1,98,258.49,185,46.95652,35.32513,1502
12/25/2023,5.4,1,19.1,1022.9,35189.52,1,0,73,1022.9,853.4,9.2,1.9,34,27913.66,231,46.95652,35.32513,1502
12/26/2023,3.9,0,8.4,1027.1,35202.49,0,0,74,1027.1,856.1,10.4,0.1,15,30799.33,241,46.95652,35.32513,1502
12/27/2023,5.8,0,8.4,1025.4,35218.88,0,0,70,1025.4,855.8,11.5,0.6,33,31278.12,162,46.95652,35.32513,1502
12/28/2023,6.3,0.2,10,1021.7,35238.63,0.2,0,72,1021.7,852.9,11.7,1.9,74,26169.15,219,46.95652,35.32513,1502
12/29/2023,3.8,0,7,1026.1,35261.69,0,0,74,1026.1,855.2,10,-1.5,31,29939.7,335,46.95652,35.32513,1502
12/30/2023,5,0,6.4,1024.6,35287.98,0,0,72,1024.6,854.6,11.1,-1.1,0,31450.92,340,46.95652,35.32513,1502
12/31/2023,5.3,0,9,1022.2,35317.45,0,0,73,1022.2,852.8,11.9,1.7,51,31450.78,209,46.95652,35.32513,1502
1/1/2024,4.6,0,8.5,1022.9,35350.04,0,0,73,1022.9,853,11.2,0.9,39,27905.54,322,46.95652,35.32513,1502
1/2/2024,4.8,0,8.9,1021.6,35385.66,0,0,70,1021.6,852.1,9.9,0.8,85,26362.47,155,46.95652,35.32513,1502
1/3/2024,3.2,0,12.8,1019.2,35424.27,0,0,67,1019.2,849.2,9.1,-1.1,30,31785.59,268,46.95652,35.32513,1502
1/4/2024,3,0,9.4,1021,35465.8,0,0,73,1021,850.6,10.1,-1.1,27,31910.29,252,46.95652,35.32513,1502
1/5/2024,5.3,0.2,16.8,1019.1,35510.17,0.2,0,73,1019.1,850.2,9.5,1.2,77,27497.7,213,46.95652,35.32513,1502
1/6/2024,3.7,4.9,14.7,1022.6,35557.31,4.3,0.42,70,1022.6,852.3,8.2,-2,30,30363.08,292,46.95652,35.32513,1502
1/7/2024,3.5,0,4.8,1027.1,35607.16,0,0,49,1027.1,855.9,9.2,-2.1,0,32240.37,284,46.95652,35.32513,1502
1/8/2024,5.3,0,9.1,1024.1,35659.65,0,0,38,1024.1,854.4,11.9,2.4,81,27792.61,184,46.95652,35.32513,1502
1/9/2024,5.4,0,11.9,1021,35714.71,0,0,41,1021,851.8,12.2,0.3,73,29441.16,199,46.95652,35.32513,1502
1/10/2024,1.9,17.7,8.8,1020,35772.27,1.7,11.2,83,1020,849.2,4.6,-0.5,96,0,193,46.95652,35.32513,1502
1/11/2024,1.4,4.5,7.1,1017.4,35832.27,0.8,2.59,91,1017.4,846.6,4.9,-2.6,93,15636.5,239,46.95652,35.32513,1502
1/12/2024,1.3,0.8,9.1,1013.8,35894.62,0.7,0.07,90,1013.8,843.7,5.3,-2.1,84,15329.82,202,46.95652,35.32513,1502
1/13/2024,3.3,18,18.4,1013.6,35959.41,10.2,5.46,91,1013.6,844.6,4.5,2,100,1380.27,184,46.95652,35.32513,1502
1/14/2024,3.3,6.6,19.2,1016,36027.36,6.4,0.14,85,1016,846.6,6.9,-1.4,74,24864.62,208,46.95652,35.32513,1502
1/15/2024,2.5,0,7.6,1023.2,36098.45,0,0,86,1023.2,852.1,6.7,-0.4,67,23730.45,279,46.95652,35.32513,1502
1/16/2024,0,0,7,1026.2,36172.56,0,0,85,1026.2,853.2,6.3,-3.6,60,31270.47,298,46.95652,35.32513,1502
1/17/2024,1.5,0,7.6,1022.6,36249.54,0,0,77,1022.6,851.1,8.8,-2.9,72,32818.2,311,46.95652,35.32513,1502
1/18/2024,2.4,0,9.4,1021.9,36329.25,0,0,68,1021.9,851,10.4,-2.2,26,32619.17,333,46.95652,35.32513,1502
1/19/2024,3.1,0,7.9,1023.4,36411.55,0,0,65,1023.4,852.6,10.3,-2.6,55,33117.79,296,46.95652,35.32513,1502
1/20/2024,3.5,0,7.2,1024.2,36496.31,0,0,66,1024.2,853.5,9.6,-1.2,50,31520.44,287,46.95652,35.32513,1502
1/21/2024,3.7,0,9.1,1024.1,36583.38,0,0,72,1024.1,853.5,10.1,-0.7,55,30850.54,272,46.95652,35.32513,1502
1/22/2024,5.9,5.5,10.7,1022.3,36672.64,5,0.35,70,1022.3,853.3,11.9,1.3,67,29571.23,213,46.95652,35.32513,1502
1/23/2024,6,0.3,14.7,1017.5,36763.95,0.3,0,81,1017.5,849.3,11.3,2.5,52,28998.17,192,46.95652,35.32513,1502
1/24/2024,5,5.1,18.4,1015.3,36857.17,3.7,0.98,78,1015.3,846.9,9.9,0.3,59,28311.51,215,46.95652,35.32513,1502
1/25/2024,3.5,5,10.6,1018.7,36952.19,2.5,1.75,85,1018.7,849,5.9,1,88,88.42,219,46.95652,35.32513,1502
1/26/2024,3.9,0.1,13.4,1016.2,37048.88,0.1,0,75,1016.2,847.1,8.1,-0.4,77,25814.32,203,46.95652,35.32513,1502
1/27/2024,3.2,6.7,16.1,1012.6,37147.09,1.8,3.43,80,1012.6,843.7,7.4,-1.9,72,22840.74,198,46.95652,35.32513,1502
1/28/2024,-0.7,0,15.3,1021.4,37246.73,0,0,70,1021.4,848.8,4,-5.4,20,32303.07,262,46.95652,35.32513,1502
1/29/2024,-0.7,0,12.4,1023.9,37347.66,0,0,66,1023.9,850.9,5.2,-5.6,34,34116.18,261,46.95652,35.32513,1502
1/30/2024,1.8,2.2,8.4,1023.2,37449.76,0.1,1.47,63,1023.2,851.7,8.5,-3.4,49,34241.1,324,46.95652,35.32513,1502
1/31/2024,1.4,10.8,12,1022.5,37552.92,0.4,7.28,72,1022.5,851,7.7,-3,47,30951.68,335,46.95652,35.32513,1502
2/1/2024,0.3,7.4,9.9,1017.1,37657.02,0,5.18,80,1017.1,845.9,4.1,-3.6,82,25884.87,31,46.95652,35.32513,1502
2/2/2024,-1.3,3.3,10.2,1017.1,37762.14,0,2.31,83,1017.1,845,0.9,-6.8,95,2974.85,13,46.95652,35.32513,1502
2/3/2024,-2.2,0.4,9.7,1024.7,37869.34,0,0.35,80,1024.7,850.7,2,-8.2,66,24681.91,239,46.95652,35.32513,1502
2/4/2024,-1,1.3,9.8,1024.5,37978.66,0,0.91,79,1024.5,851.3,2.8,-6.8,79,27190.34,197,46.95652,35.32513,1502
2/5/2024,2,2.5,14.6,1020.2,38089.96,0,1.75,81,1020.2,849.3,4.3,-0.7,88,17745.88,207,46.95652,35.32513,1502
2/6/2024,2.4,0.5,21.4,1021.3,38203.1,0,0.35,77,1021.3,850.6,5.4,-1.6,76,15370.01,228,46.95652,35.32513,1502
2/7/2024,1.1,0,11.1,1026.7,38317.94,0,0,79,1026.7,854.3,7.3,-3.1,60,22810.31,251,46.95652,35.32513,1502
2/8/2024,3.1,0,12,1025.6,38434.34,0,0,73,1025.6,854.4,11.3,-1.4,33,34961.57,256,46.95652,35.32513,1502
2/9/2024,4.4,0,8.9,1022.9,38552.16,0,0,64,1022.9,852.9,11.7,-0.1,90,35288.71,203,46.95652,35.32513,1502
2/10/2024,5.3,0,8.9,1021.9,38671.29,0,0,63,1021.9,852.6,12.3,1,63,34203.77,326,46.95652,35.32513,1502
2/11/2024,6.2,0,8.5,1023,38791.57,0,0,58,1023,853.9,13.7,-0.2,7,35445.74,334,46.95652,35.32513,1502
2/12/2024,8,0,5.5,1023.3,38912.89,0,0,47,1023.3,855.2,14.7,2.5,19,35510.14,310,46.95652,35.32513,1502
2/13/2024,9.1,0,10.2,1020.9,39035.12,0,0,51,1020.9,853.8,15.6,4,94,32876.5,174,46.95652,35.32513,1502
2/14/2024,8.7,3.6,27,1017.4,39158.14,3.6,0,66,1017.4,850.6,14,5,87,21222.48,170,46.95652,35.32513,1502
2/15/2024,6.7,35.5,18.5,1017.3,39281.83,30.3,3.64,87,1017.3,849.5,8.9,4.6,99,0,159,46.95652,35.32513,1502
2/16/2024,6.2,15.3,11.8,1016.5,39406.07,10.3,3.5,86,1016.5,848.6,11.3,2.5,99,7319.5,173,46.95652,35.32513,1502
2/17/2024,3.9,2.6,16.6,1017.8,39530.74,1.5,0.77,84,1017.8,848.4,7,0.6,91,15742.48,222,46.95652,35.32513,1502
2/18/2024,3.1,1.9,11.5,1018.9,39655.73,1.5,0.28,82,1018.9,848.9,8.4,-2,65,31459.33,266,46.95652,35.32513,1502
2/19/2024,2.6,4.2,6.5,1019.3,39780.91,1.2,2.1,80,1019.3,848.9,8.5,-2.5,77,29634.71,313,46.95652,35.32513,1502
2/20/2024,2.9,0.9,8.5,1020.3,39906.19,0.4,0.35,76,1020.3,849.9,8.5,-1.3,56,36000,245,46.95652,35.32513,1502
2/21/2024,3.4,0.1,9.3,1022.1,40031.45,0.1,0,69,1022.1,851.7,9.9,-2.2,51,32550.97,255,46.95652,35.32513,1502
2/22/2024,3,0,13,1021.9,40156.79,0,0,69,1021.9,851.3,11.3,-2.8,5,36006.92,275,46.95652,35.32513,1502
2/23/2024,4.3,1.8,17.5,1022.2,40283.25,1.8,0,70,1022.2,852.3,11.7,-2.9,86,34728.35,272,46.95652,35.32513,1502
2/24/2024,5.9,1,11.6,1019.1,40410.92,1,0,71,1019.1,850.5,11,0.2,100,2735.84,310,46.95652,35.32513,1502
2/25/2024,0.8,0.1,23.3,1022.2,40539.7,0,0.07,55,1022.2,850.3,5.3,-4.5,64,36000,44,46.95652,35.32513,1502
2/26/2024,-2.1,0,29.9,1024,40669.47,0,0,51,1024,850.2,1.2,-4.7,69,27475.16,58,46.95652,35.32513,1502
2/27/2024,-1.2,0.2,17.8,1023,40800.14,0,0.14,58,1023,849.9,2.1,-5,94,22297.17,57,46.95652,35.32513,1502
2/28/2024,-1.8,2.1,23.6,1024.1,40931.58,0,1.47,60,1024.1,850.4,1.6,-5.8,63,8715.69,43,46.95652,35.32513,1502
2/29/2024,-1.4,0,14.3,1027.5,41063.7,0,0,33,1027.5,853.5,5,-6.4,0,36434.46,20,46.95652,35.32513,1502
3/1/2024,1.6,0,6.1,1025.3,41196.39,0,0,33,1025.3,853.3,7.9,-5.4,0,36554.49,3,46.95652,35.32513,1502
3/2/2024,3,0,8.4,1019.6,41329.55,0,0,40,1019.6,849.4,12,-2.1,8,36652.68,271,46.95652,35.32513,1502
3/3/2024,4.5,1.7,11.7,1014.9,41463.08,0,1.19,52,1014.9,846.3,11.4,-0.5,62,34573.43,217,46.95652,35.32513,1502
3/4/2024,4.5,7,6.2,1013.8,41596.89,1.5,3.85,68,1013.8,845.4,9.5,0.2,74,33482.4,358,46.95652,35.32513,1502
3/5/2024,3,3,12.3,1017.8,41730.87,1.4,1.12,73,1017.8,847.9,9.6,-3.1,38,36604.15,294,46.95652,35.32513,1502
3/6/2024,4.4,0,16.7,1018.6,41864.93,0,0,66,1018.6,849.3,11.1,-1.5,17,36773.15,254,46.95652,35.32513,1502
3/7/2024,6.2,0.8,21.1,1014.5,41998.96,0.8,0,65,1014.5,846.9,11.5,2.4,44,33910.16,204,46.95652,35.32513,1502
3/8/2024,5,4.2,18.1,1015.6,42132.88,2.7,1.05,65,1015.6,847.2,10.8,0.6,7,37345.1,255,46.95652,35.32513,1502
3/9/2024,4.7,0.3,15.5,1016.2,42266.59,0.3,0,61,1016.2,847.5,11.5,-0.9,22,37361.41,245,46.95652,35.32513,1502
3/10/2024,5.8,2.4,20.2,1015.7,42399.99,2.4,0,66,1015.7,847.7,11.1,1.1,48,36903.91,226,46.95652,35.32513,1502
3/11/2024,4.6,1.4,15.1,1018.7,42532.99,1.4,0,70,1018.7,849.5,11.5,-1.2,28,37706.67,293,46.95652,35.32513,1502
3/12/2024,5.8,0,9.4,1022.9,42665.49,0,0,61,1022.9,853.7,14.3,-1.3,0,38545.38,269,46.95652,35.32513,1502
3/13/2024,9,0,8.9,1020.8,42797.58,0,0,48,1020.8,853.6,17.2,2.7,44,38812.91,208,46.95652,35.32513,1502
3/14/2024,11.4,0,18.2,1018.5,42930.22,0,0,42,1018.5,853,18.5,5.1,61,37195.18,166,46.95652,35.32513,1502
3/15/2024,10.5,2.7,18.7,1015.8,43063.52,2.7,0,60,1015.8,850.2,16.4,5.7,62,32242.6,199,46.95652,35.32513,1502
3/16/2024,7.8,4.5,19.3,1017.7,43197.38,4.5,0,69,1017.7,850.5,14,1.4,26,37833.62,264,46.95652,35.32513,1502
3/17/2024,7.6,0,16.2,1019.5,43331.71,0,0,63,1019.5,851.8,15.2,2,28,39811.26,255,46.95652,35.32513,1502
3/18/2024,8.4,37,11.3,1016.1,43466.44,37,0,79,1016.1,849.4,10.8,5.6,100,0,158,46.95652,35.32513,1502
3/19/2024,8.5,26,25.1,1008.8,43601.46,26,0,85,1008.8,843.3,11.8,4.9,99,854.06,172,46.95652,35.32513,1502
3/20/2024,5.9,5.7,19.6,1016.5,43736.71,5.3,0.28,77,1016.5,848.4,9.9,2.4,52,29028.42,225,46.95652,35.32513,1502
3/21/2024,6.3,0.7,11.3,1018.6,43872.09,0.7,0,71,1018.6,850.3,13,1.1,42,37966.41,242,46.95652,35.32513,1502
3/22/2024,7.1,0.8,20.5,1013.2,44007.52,0.8,0,72,1013.2,846.3,13.9,2.9,63,26099.09,178,46.95652,35.32513,1502
3/23/2024,7.5,2,18.5,1013.1,44142.91,2,0,75,1013.1,846.5,12.9,3.4,72,25075.29,210,46.95652,35.32513,1502
3/24/2024,8,4,18.1,1009.9,44278.18,3.8,0.14,73,1009.9,844,14,1.8,91,23015.11,164,46.95652,35.32513,1502
3/25/2024,7,2.1,22.8,1008.2,44413.25,2.1,0,75,1008.2,842.1,11.9,0.6,68,34860.01,215,46.95652,35.32513,1502
3/26/2024,5.9,0.7,23.5,1017.9,44548,0.7,0,68,1017.9,849.6,10.5,-1,61,37766.62,219,46.95652,35.32513,1502
3/27/2024,7.3,1.1,24.5,1019.4,44682.39,1.1,0,74,1019.4,851.5,12.2,1.3,81,24773.1,237,46.95652,35.32513,1502
3/28/2024,7,0,17.4,1020.9,44816.29,0,0,68,1020.9,852.7,14,0.9,27,40843.38,302,46.95652,35.32513,1502
3/29/2024,8.7,0,7.4,1020,44949.64,0,0,43,1020,852.8,16,-0.3,7,41980.6,354,46.95652,35.32513,1502
3/30/2024,10.1,0,11,1019.1,45082.33,0,0,43,1019.1,852.8,18.1,2.7,68,39275.14,230,46.95652,35.32513,1502
3/31/2024,11.7,0,12.7,1021.4,45214.29,0,0,44,1021.4,855.6,18.6,4.6,1,42242.53,317,46.95652,35.32513,1502
4/1/2024,11.6,0,9.8,1019,45345.41,0,0,45,1019,853.5,19,3.4,10,42372.06,12,46.95652,35.32513,1502
4/2/2024,11.1,0,8.1,1016.9,45475.77,0,0,44,1016.9,851.5,18,2.9,20,42500.54,0,46.95652,35.32513,1502
4/3/2024,11.8,0,8,1014.8,45606.29,0,0,46,1014.8,850.1,19,4.4,4,42628.69,290,46.95652,35.32513,1502
4/4/2024,12.8,0,14.4,1016.5,45737.05,0,0,53,1016.5,852,21,7.2,15,42696.61,259,46.95652,35.32513,1502
4/5/2024,14,0,13.4,1017.1,45867.96,0,0,53,1017.1,853.1,21,6.9,3,42743.98,278,46.95652,35.32513,1502
4/6/2024,15.2,0,18.9,1014.8,45998.96,0,0,45,1014.8,851.9,21.3,10.1,37,42791.27,210,46.95652,35.32513,1502
4/7/2024,14.1,5,20.3,1012.1,46129.93,5,0,54,1012.1,849.1,20.1,9.5,93,28083.68,196,46.95652,35.32513,1502
4/8/2024,13.4,0.5,18.9,1015.1,46260.82,0.5,0,64,1015.1,851.2,19.8,8.1,21,42885.62,208,46.95652,35.32513,1502
4/9/2024,15.4,0.1,17.4,1014.4,46391.52,0.1,0,51,1014.4,851.6,22.2,6.8,44,42932.71,160,46.95652,35.32513,1502
4/10/2024,10.2,10.6,10.2,1013.9,46521.95,10.6,0,84,1013.9,848.5,14.5,5.9,80,10544.78,219,46.95652,35.32513,1502
4/11/2024,8.7,4.9,15.8,1015.2,46652.02,4.9,0,77,1015.2,848.8,15.2,3.4,55,43026.7,258,46.95652,35.32513,1502
4/12/2024,9.2,0,22.1,1017.5,46781.64,0,0,60,1017.5,851,14.3,4,36,36949.23,49,46.95652,35.32513,1502
4/13/2024,9.6,0,12.7,1014,46910.71,0,0,52,1014,848.3,17.2,1.8,27,43120.48,23,46.95652,35.32513,1502
4/14/2024,11.8,0,6.8,1013,47039.15,0,0,40,1013,848.5,18,2.6,15,43167.3,3,46.95652,35.32513,1502
4/15/2024,12.2,0,7.9,1014.3,47166.86,0,0,47,1014.3,849.9,18.5,5.5,83,35175.44,324,46.95652,35.32513,1502
4/16/2024,12.7,0,14.2,1015.9,47293.74,0,0,51,1015.9,851.5,20.7,4.6,6,43200,38,46.95652,35.32513,1502
4/17/2024,14.6,0,11,1014.2,47419.7,0,0,41,1014.2,851,20.8,5.3,0,43200,24,46.95652,35.32513,1502
4/18/2024,15.2,0,13.8,1013.5,47544.63,0,0,42,1013.5,850.8,22.8,9,17,43200,291,46.95652,35.32513,1502
4/19/2024,15.6,0.1,17.6,1012.3,47668.43,0.1,0,47,1012.3,850,22.4,9.5,14,43200,310,46.95652,35.32513,1502
4/20/2024,16.3,0,14.5,1013.1,47791,0,0,46,1013.1,850.9,23.5,10.1,27,43200,297,46.95652,35.32513,1502
4/21/2024,13.2,5.5,11,1015,47912.23,5.5,0,72,1015,851,18.2,8.7,90,15945.65,250,46.95652,35.32513,1502
4/22/2024,12.7,3.5,15.3,1016.9,48032.18,3.5,0,72,1016.9,852.3,18,7.5,90,21806.96,257,46.95652,35.32513,1502
4/23/2024,12.8,0,19.4,1017.6,48151.74,0,0,61,1017.6,852.9,19,6.1,15,42631.17,28,46.95652,35.32513,1502
4/24/2024,12.3,0,23.4,1016.7,48270.96,0,0,49,1016.7,851.9,20,4.2,0,43412.52,33,46.95652,35.32513,1502
4/25/2024,13.7,0,11,1015.7,48389.77,0,0,39,1015.7,851.9,22.2,3.2,1,43519.34,23,46.95652,35.32513,1502
4/26/2024,16.2,0,8.8,1014.3,48508.08,0,0,36,1014.3,851.9,23.2,7.5,0,43631.12,340,46.95652,35.32513,1502
4/27/2024,15.8,0,11.2,1016.1,48625.79,0,0,39,1016.1,853.2,24.1,7.3,0,43628.16,24,46.95652,35.32513,1502
4/28/2024,16.9,0,9.9,1017.9,48742.79,0,0,38,1017.9,855.3,25.2,7.9,0,43746.52,17,46.95652,35.32513,1502
4/29/2024,19.1,0,8.4,1016.2,48859.02,0,0,33,1016.2,854.9,25.9,9.7,42,43869.2,19,46.95652,35.32513,1502
4/30/2024,16.6,2.4,18.2,1015.6,48974.34,2.4,0,61,1015.6,853.2,24.5,12.2,89,32942.24,189,46.95652,35.32513,1502
5/1/2024,14.4,18.8,18.8,1012.5,49088.67,18.8,0,78,1012.5,849.6,21.2,10.8,84,26020.62,85,46.95652,35.32513,1502
5/2/2024,14.1,18.2,14.2,1006.9,49201.91,18.2,0,76,1006.9,844.6,18.3,11.1,88,23548.65,348,46.95652,35.32513,1502
5/3/2024,12.4,8.3,13.8,1005.2,49313.95,8.3,0,81,1005.2,842.4,17.2,6.8,89,11975.81,203,46.95652,35.32513,1502
5/4/2024,12.5,1.4,21.7,1010.3,49424.68,1.4,0,70,1010.3,846.7,16.9,7.3,29,43200,236,46.95652,35.32513,1502
5/5/2024,13.5,1.3,19,1012.4,49534,1.3,0,62,1012.4,849,19.5,8,70,39267.92,194,46.95652,35.32513,1502
5/6/2024,13,5.1,24.8,1011.7,49641.79,5.1,0,73,1011.7,848.1,17.9,7.4,75,38471.41,180,46.95652,35.32513,1502
5/7/2024,11.8,2.8,18.1,1012.7,49747.93,2.8,0,67,1012.7,848.4,16.3,6.9,46,43570.29,201,46.95652,35.32513,1502
5/8/2024,10.8,1,15.3,1016,49852.32,1,0,65,1016,850.6,16.7,5.5,15,44564.12,267,46.95652,35.32513,1502
5/9/2024,12.6,0,7.1,1017.2,49954.85,0,0,60,1017.2,852.6,18.8,6.4,35,45002.47,330,46.95652,35.32513,1502
5/10/2024,15.5,0,14.5,1017.5,50055.38,0,0,48,1017.5,854.3,22,9.1,13,45157.27,278,46.95652,35.32513,1502
5/11/2024,17.8,0.1,13.8,1016.3,50153.8,0.1,0,44,1016.3,854.4,24.6,9.9,47,41871.92,170,46.95652,35.32513,1502
5/12/2024,19.1,0.1,22.4,1010.6,50250.13,0.1,0,50,1010.6,850.3,25.4,12.5,65,45175.29,210,46.95652,35.32513,1502
5/13/2024,14,15.5,12.1,1010.3,50345.14,15.5,0,75,1010.3,847.5,19.5,9.6,69,28850.39,187,46.95652,35.32513,1502
5/14/2024,14.1,1.6,16.7,1012.1,50438.91,1.6,0,57,1012.1,849,19.4,8.9,6,45685.53,241,46.95652,35.32513,1502
5/15/2024,14.7,0,12,1015,50531.34,0,0,52,1015,851.7,22.3,8.5,5,45979.79,209,46.95652,35.32513,1502
5/16/2024,14.7,0.1,14.9,1017.3,50622.33,0.1,0,55,1017.3,853.7,20.4,9.4,31,40877.09,220,46.95652,35.32513,1502
5/17/2024,14.9,3.3,23.5,1015,50711.8,3.3,0,51,1015,851.9,21.1,7.6,10,44715.24,238,46.95652,35.32513,1502
5/18/2024,15.3,0,18.8,1014.3,50799.66,0,0,43,1014.3,851.4,20.8,7.7,2,46188.69,257,46.95652,35.32513,1502
5/19/2024,16.4,0.3,16.9,1013,50885.8,0.3,0,54,1013,850.9,23.1,9.7,15,46220.28,255,46.95652,35.32513,1502
5/20/2024,17.2,0.6,22.5,1012.8,50970.15,0.6,0,59,1012.8,851.1,24.4,12.5,73,34218.1,186,46.95652,35.32513,1502
5/21/2024,17.9,0.2,18.1,1012.6,51052.6,0.2,0,58,1012.6,851.3,25.1,10.8,52,45871.58,271,46.95652,35.32513,1502
5/22/2024,15.4,1.6,13.7,1012.9,51133.05,1.6,0,71,1012.9,850.4,22.9,9.4,52,36549.77,283,46.95652,35.32513,1502
5/23/2024,16.8,0,7.4,1011.5,51211.41,0,0,62,1011.5,849.9,23.8,8.9,39,44644.64,343,46.95652,35.32513,1502
5/24/2024,19.2,0.2,13.4,1011.2,51287.57,0.2,0,45,1011.2,850.8,25.2,12.6,22,46476.07,226,46.95652,35.32513,1502
5/25/2024,18.9,0.4,18,1012,51361.45,0.4,0,49,1012,851.3,24.7,12.9,37,43060.84,196,46.95652,35.32513,1502
5/26/2024,18.4,0,18.7,1011.8,51432.92,0,0,48,1011.8,850.9,26.7,9.8,0,47023.22,253,46.95652,35.32513,1502
5/27/2024,18.7,0,9.7,1013.9,51501.91,0,0,46,1013.9,852.9,27.4,11.3,0,47050,304,46.95652,35.32513,1502
5/28/2024,20.9,0,17.6,1015.2,51568.29,0,0,36,1015.2,855,27.8,11.8,0,47074.9,304,46.95652,35.32513,1502
5/29/2024,21.7,0,15.3,1013.7,51631.97,0,0,38,1013.7,854.1,29.5,14.8,6,47098,309,46.95652,35.32513,1502
5/30/2024,22.7,0,9.4,1013.2,51692.85,0,0,38,1013.2,854.2,30.8,13,4,47250.57,325,46.95652,35.32513,1502
5/31/2024,24,0,18.1,1013.9,51750.82,0,0,35,1013.9,855.4,33.3,14.9,3,47404,223,46.95652,35.32513,1502
6/1/2024,21.5,0,16.8,1013.8,51805.87,0,0,30,1013.8,854.1,29.4,12.9,0,47558.09,264,46.95652,35.32513,1502
6/2/2024,21.3,0,8.9,1013.2,51858.47,0,0,34,1013.2,853.6,29,12.1,0,47577.48,351,46.95652,35.32513,1502
6/3/2024,21.6,0,15,1013.7,51908.66,0,0,39,1013.7,854.1,29.3,13.1,0,47731.15,40,46.95652,35.32513,1502
6/4/2024,22.3,0,16,1012.3,51956.41,0,0,35,1012.3,853.2,29.9,12.2,0,47885.11,33,46.95652,35.32513,1502
6/5/2024,23,0,15.8,1010.7,52001.66,0,0,36,1010.7,852.2,30.4,13.7,3,47623.08,36,46.95652,35.32513,1502
6/6/2024,22.6,0,19.1,1011.2,52044.36,0,0,38,1011.2,852.5,30.7,14.5,11,47074.87,52,46.95652,35.32513,1502
6/7/2024,22.9,0,16.8,1010.9,52084.48,0,0,40,1010.9,852.4,31,14.1,13,47361.71,39,46.95652,35.32513,1502
6/8/2024,24.8,0,12.7,1008.1,52121.97,0,0,33,1008.1,850.9,31.9,15.1,16,47792.91,139,46.95652,35.32513,1502
6/9/2024,25.8,0,21.5,1007.9,52156.78,0,0,26,1007.9,851.2,33.6,15.6,30,47656.55,216,46.95652,35.32513,1502
6/10/2024,22.3,1,18.5,1011.8,52188.88,1,0,43,1011.8,852.8,27.9,15.3,48,42978.38,44,46.95652,35.32513,1502
6/11/2024,23.2,0,19.9,1009.6,52218.23,0,0,42,1009.6,851.3,31.9,13.4,17,48241.58,251,46.95652,35.32513,1502
6/12/2024,23.7,0,10.6,1010,52244.77,0,0,37,1010,852,31.5,16.2,0,48536.65,267,46.95652,35.32513,1502
6/13/2024,24.8,0,13.8,1009.2,52268.48,0,0,33,1009.2,851.9,32.4,15.7,18,47662,351,46.95652,35.32513,1502
6/14/2024,23.6,0,20.4,1007.8,52289.31,0,0,39,1007.8,850.1,31.4,16.1,12,47953.66,31,46.95652,35.32513,1502
6/15/2024,24.8,0,10,1005.8,52307.23,0,0,35,1005.8,849,32.8,15.5,16,48542.22,2,46.95652,35.32513,1502
6/16/2024,26.2,0,14.2,1008.6,52322.19,0,0,28,1008.6,852,33.9,17.5,12,48837.43,287,46.95652,35.32513,1502
6/17/2024,25.8,0,18.4,1012.3,52334.17,0,0,26,1012.3,854.9,33.8,17.2,1,48984.25,314,46.95652,35.32513,1502
6/18/2024,26.6,0,13.4,1012.6,52343.13,0,0,23,1012.6,855.6,33.6,18,34,47186.44,330,46.95652,35.32513,1502
6/19/2024,26.7,0,14.7,1011.9,52349.03,0,0,28,1011.9,855,34.2,16.6,14,47625.75,8,46.95652,35.32513,1502
6/20/2024,26.4,0,13.3,1010.3,52351.84,0,0,31,1010.3,853.5,33.1,18,2,48367.21,28,46.95652,35.32513,1502
6/21/2024,26.2,0,17.5,1007.8,52351.53,0,0,29,1007.8,851.3,33.1,17.1,13,47754.46,342,46.95652,35.32513,1502
6/22/2024,27.6,0,24.5,1004.8,52348.07,0,0,21,1004.8,849.4,35.4,19.7,20,48496.73,291,46.95652,35.32513,1502
6/23/2024,28.1,0,22.1,1005.6,52341.49,0,0,20,1005.6,850.3,35,20.3,23,48332.09,253,46.95652,35.32513,1502
6/24/2024,26.6,0,25.2,1005,52331.83,0,0,23,1005,849.1,34.2,18.5,8,49013.03,226,46.95652,35.32513,1502
6/25/2024,24.9,0,19.9,1004.5,52319.12,0,0,38,1004.5,848,31.7,16.4,27,40652.07,2,46.95652,35.32513,1502
6/26/2024,25.7,0,17.9,1002.4,52303.42,0,0,33,1002.4,846.5,32.6,17.3,3,48583.56,330,46.95652,35.32513,1502
6/27/2024,26.7,0,13.4,1003.2,52284.76,0,0,29,1003.2,847.7,34.1,18.3,4,48971.17,45,46.95652,35.32513,1502
6/28/2024,27,0,13.8,1001.7,52263.18,0,0,28,1001.7,846.5,36.3,17.6,6,48844.38,289,46.95652,35.32513,1502
6/29/2024,27,0,16.4,1001.2,52238.74,0,0,23,1001.2,846.2,35.5,17.9,0,48929.75,231,46.95652,35.32513,1502
6/30/2024,26.3,0,13.9,1004.2,52211.47,0,0,26,1004.2,848.3,35.2,16.8,3,48905.09,344,46.95652,35.32513,1502
7/1/2024,26.5,0,10.8,1002.9,52181.43,0,0,27,1002.9,847.3,34.6,17.7,15,48615.89,309,46.95652,35.32513,1502
7/2/2024,26.1,0,17.2,1000.5,52148.65,0,0,22,1000.5,845.1,33.2,18.5,0,48739.02,254,46.95652,35.32513,1502
7/3/2024,25.2,0,13,1002.6,52113.2,0,0,23,1002.6,846.5,32.5,16.9,0,48708.96,240,46.95652,35.32513,1502
7/4/2024,26.9,0,9.5,1005,52075.12,0,0,20,1005,849.3,35,17,0,48781.15,343,46.95652,35.32513,1502
7/5/2024,29.3,0,18.2,1003.3,52034.45,0,0,22,1003.3,849,37,18.3,5,47287.31,31,46.95652,35.32513,1502
7/6/2024,30.1,0,16.6,1000.2,51991.25,0,0,23,1000.2,846.7,38.5,20,7,48159.6,120,46.95652,35.32513,1502
7/7/2024,28.9,0,18,1001,51945.58,0,0,23,1001,846.8,37,20.6,0,48275.94,234,46.95652,35.32513,1502
7/8/2024,28.3,0,14.6,1002.9,51897.47,0,0,26,1002.9,848.1,35.8,19.7,2,48390.42,252,46.95652,35.32513,1502
7/9/2024,28.2,0,16.3,1006.2,51846.98,0,0,26,1006.2,850.9,36,19.2,10,47906.63,241,46.95652,35.32513,1502
7/10/2024,28.8,0,12.5,1008.4,51794.17,0,0,22,1008.4,853,36,19.8,21,44598.54,297,46.95652,35.32513,1502
7/11/2024,29.2,0,8.4,1008.3,51738.99,0,0,21,1008.3,853.1,35.9,20.2,23,44216.86,346,46.95652,35.32513,1502
7/12/2024,29,0,12.3,1004.8,51680.92,0,0,21,1004.8,850.1,37.1,19.5,2,47563.39,5,46.95652,35.32513,1502
7/13/2024,29.3,0,16.5,1001,51619.98,0,0,22,1001,847,38.2,19.3,0,47841.72,287,46.95652,35.32513,1502
7/14/2024,29.2,0,15.8,1000.3,51556.27,0,0,29,1000.3,846.4,38.1,20.3,3,47526.25,318,46.95652,35.32513,1502
7/15/2024,28.7,0,13.1,1002.5,51489.89,0,0,30,1002.5,848,36.6,20.4,0,47358.36,267,46.95652,35.32513,1502
7/16/2024,28.9,0,12.3,1004.2,51420.95,0,0,26,1004.2,849.6,37.2,20.1,0,47198.73,318,46.95652,35.32513,1502
7/17/2024,29.5,0,14.7,1005.1,51349.55,0,0,22,1005.1,850.6,37.7,20.3,0,46897.38,12,46.95652,35.32513,1502
7/18/2024,29.4,0,15,1003,51275.8,0,0,23,1003,848.8,38.2,20.3,4,47017.76,334,46.95652,35.32513,1502
7/19/2024,29,0,12.7,1000.4,51199.81,0,0,31,1000.4,846.4,37.6,21.2,2,46713.62,15,46.95652,35.32513,1502
7/20/2024,28.7,0,13,1001.1,51121.66,0,0,30,1001.1,846.8,35.9,20.8,14,46552.91,290,46.95652,35.32513,1502
7/21/2024,28.1,0,12.8,1003.2,51041.48,0,0,23,1003.2,848.4,35.7,21.1,0,46400.09,324,46.95652,35.32513,1502
7/22/2024,28.6,0,14.6,1003.1,50959.35,0,0,29,1003.1,848.5,35.8,20,6,45969.22,34,46.95652,35.32513,1502
7/23/2024,29.6,0,14.4,1002.1,50875.37,0,0,26,1002.1,848,36.7,20.8,15,44591.59,48,46.95652,35.32513,1502
7/24/2024,30.2,0,16.4,998.4,50789.65,0,0,23,998.4,845.2,38.1,20.8,15,43499.99,281,46.95652,35.32513,1502
7/25/2024,29.8,0,21.7,997.5,50702.27,0,0,20,997.5,844.3,37.8,21.5,7,45794.86,227,46.95652,35.32513,1502
7/26/2024,29.2,0,17.7,1000.2,50613.33,0,0,23,1000.2,846.3,37.7,20.2,0,45514.69,251,46.95652,35.32513,1502
7/27/2024,28.4,0,14.5,1003.2,50522.94,0,0,22,1003.2,848.5,36.4,20.5,0,45504.82,290,46.95652,35.32513,1502
7/28/2024,28.8,0,15,1003.3,50431.18,0,0,25,1003.3,848.7,37.8,19.3,0,45494.13,351,46.95652,35.32513,1502
7/29/2024,25.5,0,22.6,1004.5,50338.14,0,0,44,1004.5,848.2,33.7,18.9,0,44965.93,40,46.95652,35.32513,1502
7/30/2024,27.3,0,13.6,1002.5,50243.91,0,0,34,1002.5,847.3,36.6,17.3,0,44960.29,87,46.95652,35.32513,1502
7/31/2024,28.5,0,17,1003.9,50148.43,0,0,23,1003.9,849.1,36.8,19.9,0,44953.85,277,46.95652,35.32513,1502
8/1/2024,28.2,0,12.7,1004.2,50050.93,0,0,16,1004.2,849.2,37.6,17.5,4,44826.69,322,46.95652,35.32513,1502
8/2/2024,27.5,0,12.8,1001.8,49951.38,0,0,20,1001.8,846.9,37.1,19.1,0,44568.17,304,46.95652,35.32513,1502
8/3/2024,28,0,16,1001.1,49849.88,0,0,29,1001.1,846.5,36.6,19.2,13,44094.02,329,46.95652,35.32513,1502
8/4/2024,28.7,0,12.7,1002.4,49746.58,0,0,24,1002.4,847.9,37,19.8,3,44210.99,358,46.95652,35.32513,1502
8/5/2024,30.1,0,19.4,1001.6,49641.57,0,0,25,1001.6,847.9,39.6,19.9,0,44101.54,292,46.95652,35.32513,1502
8/6/2024,30.4,0,18.7,1002,49534.97,0,0,20,1002,848.4,39,22.4,0,43984.97,207,46.95652,35.32513,1502
8/7/2024,30,0,16.4,1003,49426.89,0,0,21,1003,849,39.9,21.7,0,43766.3,248,46.95652,35.32513,1502
8/8/2024,29.9,0,16.3,1004.1,49317.44,0,0,17,1004.1,849.9,39.1,22.3,0,43773.67,300,46.95652,35.32513,1502
8/9/2024,30.3,0,12.9,1005.4,49206.72,0,0,28,1005.4,851.2,39.2,21.3,2,43567.78,9,46.95652,35.32513,1502
8/10/2024,30.6,0,14.8,1005,49094.84,0,0,26,1005,851,40.2,21.9,0,43466.86,247,46.95652,35.32513,1502
8/11/2024,29.9,0,16,1003.6,48981.91,0,0,20,1003.6,849.5,39.4,21.9,0,43420.99,244,46.95652,35.32513,1502
8/12/2024,29.3,0,16.3,1003.4,48868.02,0,0,22,1003.4,849,38.1,21.8,0,43424.47,249,46.95652,35.32513,1502
8/13/2024,28.2,0,15.3,1006.1,48753.27,0,0,22,1006.1,850.8,36.5,20.9,0,43322.12,284,46.95652,35.32513,1502
8/14/2024,28.1,0,12,1007.4,48637.75,0,0,29,1007.4,851.9,35.5,19.7,3,43327.02,20,46.95652,35.32513,1502
8/15/2024,28.8,0,10.5,1006.9,48521.58,0,0,24,1006.9,851.8,36.3,20.1,1,43331.6,5,46.95652,35.32513,1502
8/16/2024,28.6,0,18.4,1004,48404.83,0,0,24,1004,849.2,38.4,19.8,9,43236.76,310,46.95652,35.32513,1502
8/17/2024,27.1,0,12.8,1006.4,48287.6,0,0,35,1006.4,850.5,34,20.7,8,43242.86,36,46.95652,35.32513,1502
8/18/2024,28.1,0,19.4,1007.6,48169.98,0,0,29,1007.6,852.1,37,20.3,5,43200,284,46.95652,35.32513,1502
8/19/2024,27.9,0,13.8,1008.2,48052.06,0,0,22,1008.2,852.4,35.6,20.6,0,43200,329,46.95652,35.32513,1502
8/20/2024,28.5,0,13.3,1007.1,47933.76,0,0,26,1007.1,851.8,35.4,20,1,43200,23,46.95652,35.32513,1502
8/21/2024,28.4,0,13.1,1007.1,47814.24,0,0,25,1007.1,851.8,35.4,20.1,16,40099.41,37,46.95652,35.32513,1502
8/22/2024,28.5,0,14.2,1008.2,47693.45,0,0,24,1008.2,852.7,36.1,20,21,41056.02,301,46.95652,35.32513,1502
8/23/2024,28.6,0,16.3,1009.2,47571.47,0,0,18,1009.2,853.7,36.7,21.3,0,43200,286,46.95652,35.32513,1502
8/24/2024,29,0,18,1008.8,47448.41,0,0,15,1008.8,853.5,37.3,20.4,0,43200,210,46.95652,35.32513,1502
8/25/2024,29,0,16.3,1008.9,47324.36,0,0,19,1008.9,853.6,35.9,22.9,31,42473.09,241,46.95652,35.32513,1502
8/26/2024,28.3,0,20.1,1009.4,47199.43,0,0,21,1009.4,853.7,35.3,20,1,43200,247,46.95652,35.32513,1502
8/27/2024,27.6,0,13.1,1009,47073.7,0,0,20,1009,853,36.7,19.4,0,43200,313,46.95652,35.32513,1502
8/28/2024,27.6,0,14.4,1008.1,46947.27,0,0,22,1008.1,852.2,37,18.8,19,43163.14,318,46.95652,35.32513,1502
8/29/2024,27.2,0,16.4,1007.3,46820.22,0,0,32,1007.3,851.3,35.7,19.2,4,43082.95,33,46.95652,35.32513,1502
8/30/2024,26.3,0,14,1006.9,46692.65,0,0,29,1006.9,850.6,34.9,18.6,1,43002.11,36,46.95652,35.32513,1502
8/31/2024,26.4,0,9.5,1006.9,46564.65,0,0,21,1006.9,850.6,35.5,17.1,0,42920.69,5,46.95652,35.32513,1502
9/1/2024,26.9,0,10,1009.3,46436.29,0,0,21,1009.3,852.9,36,17.4,0,42838.79,278,46.95652,35.32513,1502
9/2/2024,27.7,0,9.4,1011.1,46307.66,0,0,22,1011.1,854.8,37,17.9,0,42756.5,326,46.95652,35.32513,1502
9/3/2024,28.1,0,8.9,1009.3,46178.86,0,0,18,1009.3,853.4,37.3,18.1,0,42673.9,326,46.95652,35.32513,1502
9/4/2024,27.4,0,16.5,1008.1,46049.95,0,0,18,1008.1,852.1,37.4,18.6,0,42591.08,251,46.95652,35.32513,1502
9/5/2024,26,0,14,1007.1,45921.02,0,0,20,1007.1,850.6,35.4,17.4,0,42508.12,266,46.95652,35.32513,1502
9/6/2024,24.5,0,11.5,1008.8,45792.15,0,0,21,1008.8,851.4,33.4,16.1,0,42425.11,297,46.95652,35.32513,1502
9/7/2024,23.5,0,11.1,1011.5,45663.42,0,0,28,1011.5,853.1,32.1,14.7,0,42342.14,34,46.95652,35.32513,1502
9/8/2024,24.7,0,17.5,1012,45534.92,0,0,28,1012,854.2,34.2,15.6,7,42259.29,0,46.95652,35.32513,1502
9/9/2024,25.2,0,11.5,1012.6,45406.55,0,0,20,1012.6,854.9,33.7,15.9,0,42176.39,20,46.95652,35.32513,1502
9/10/2024,26.8,0,17.2,1010.9,45277.47,0,0,21,1010.9,854.2,35.6,16.4,16,40772.61,74,46.95652,35.32513,1502
9/11/2024,26.9,0,15.5,1010,45147.59,0,0,20,1010,853.5,35.4,20.1,7,42007.79,259,46.95652,35.32513,1502
9/12/2024,26,0,12.4,1009.5,45017,0,0,21,1009.5,852.7,33.9,18.3,0,41922.19,325,46.95652,35.32513,1502
9/13/2024,24.9,0,17,1006.4,44885.79,0,0,24,1006.4,849.5,33.2,18,6,41835.87,299,46.95652,35.32513,1502
9/14/2024,22.8,0.1,15.5,1006.5,44754.04,0.1,0,35,1006.5,848.7,30.9,16.1,9,39842.91,15,46.95652,35.32513,1502
9/15/2024,23,0,12.2,1006.5,44621.83,0,0,33,1006.5,848.7,31.3,15.2,30,39600,24,46.95652,35.32513,1502
9/16/2024,23.1,0,14.2,1008.5,44489.26,0,0,35,1008.5,850.4,31.4,15.5,0,41104.3,234,46.95652,35.32513,1502
9/17/2024,23,0,16.6,1011.5,44356.39,0,0,35,1011.5,852.9,29.9,15.9,0,40795.55,254,46.95652,35.32513,1502
9/18/2024,21.7,0,13.2,1011.1,44223.31,0,0,40,1011.1,852,28.7,15.3,25,40139.57,353,46.95652,35.32513,1502
9/19/2024,20.8,0,13,1010.8,44090.11,0,0,42,1010.8,851.2,28.6,14.8,42,38239.62,279,46.95652,35.32513,1502
9/20/2024,19.8,0,16.2,1012.4,43956.85,0,0,41,1012.4,852.1,27.3,14.4,27,39398.97,262,46.95652,35.32513,1502
9/21/2024,20.5,0,15.3,1013.5,43823.62,0,0,39,1013.5,853.4,27.7,14,15,39672.46,259,46.95652,35.32513,1502
9/22/2024,22.1,0,16.8,1013.3,43690.52,0,0,35,1013.3,854,29.7,15.6,16,39736.69,226,46.95652,35.32513,1502
9/23/2024,23.1,0,29.3,1013.2,43557.6,0,0,36,1013.2,854.4,31.3,17.3,1,39589.95,211,46.95652,35.32513,1502
9/24/2024,21.8,0,19.2,1014.1,43424.95,0,0,38,1014.1,854.5,29.1,14.2,0,39449.39,257,46.95652,35.32513,1502
9/25/2024,21.3,0,13,1012.3,43292.65,0,0,30,1012.3,852.8,30.8,14.3,0,39406.97,336,46.95652,35.32513,1502
9/26/2024,20.5,0,12,1012.3,43160.79,0,0,42,1012.3,852.3,28.4,12.1,0,39275.31,26,46.95652,35.32513,1502
9/27/2024,20.5,0,16.1,1012.1,43029.43,0,0,47,1012.1,852.2,28.2,12.9,1,39079.77,36,46.95652,35.32513,1502
9/28/2024,16.3,0.2,23.9,1015.8,42898.67,0.2,0,54,1015.8,853.2,22.1,10,29,38570.86,53,46.95652,35.32513,1502
9/29/2024,15.3,0,20.4,1015.9,42768.41,0,0,48,1015.9,852.8,22.1,9.1,2,38985.63,62,46.95652,35.32513,1502
9/30/2024,17.7,1.9,17.1,1012.5,42637.75,1.9,0,42,1012.5,851.1,25.2,9.2,7,38938.05,228,46.95652,35.32513,1502
10/1/2024,21.1,0,19,1009.7,42506.6,0,0,36,1009.7,850.5,28.5,14.6,25,38890.15,184,46.95652,35.32513,1502
10/2/2024,20,0.2,23.3,1011,42375.05,0.2,0,51,1011,851,26.5,14,6,38841.91,209,46.95652,35.32513,1502
10/3/2024,17.3,0,15.3,1015.1,42243.2,0,0,45,1015.1,853.2,24.4,10.6,0,38793.36,283,46.95652,35.32513,1502
10/4/2024,17.2,0,8.3,1014.3,42111.13,0,0,39,1014.3,852.4,25.6,9.9,0,38744.45,331,46.95652,35.32513,1502
10/5/2024,16.8,0,13.4,1014.8,41978.93,0,0,42,1014.8,852.7,24.5,8.9,1,38695.18,27,46.95652,35.32513,1502
10/6/2024,16.1,0,11,1017.7,41846.69,0,0,40,1017.7,854.7,24.8,8.1,0,38645.55,30,46.95652,35.32513,1502
10/7/2024,18.6,0,11.3,1018.6,41714.5,0,0,30,1018.6,856.7,27.4,9.3,5,38595.55,7,46.95652,35.32513,1502
10/8/2024,20.1,0,12.2,1018.4,41582.46,0,0,22,1018.4,857.4,28.4,13.8,0,38545.16,182,46.95652,35.32513,1502
10/9/2024,20,0,12.1,1016.9,41450.65,0,0,23,1016.9,856,27.4,13.9,0,38479.71,320,46.95652,35.32513,1502
10/10/2024,19.3,0,13,1015,41319.18,0,0,23,1015,854.1,28,13.7,0,38344.31,270,46.95652,35.32513,1502
10/11/2024,18.6,0,8.9,1014.9,41188.12,0,0,24,1014.9,853.6,26.8,12.9,22,38209.16,269,46.95652,35.32513,1502
10/12/2024,19.1,0,18.2,1015.7,41057.59,0,0,28,1015.7,854.6,26.3,13.6,29,37222.15,314,46.95652,35.32513,1502
10/13/2024,19.5,0,19.2,1015,40927.67,0,0,31,1015,854.2,26.9,13.9,10,37939.95,289,46.95652,35.32513,1502
10/14/2024,19.3,0,16.5,1014.6,40798.46,0,0,30,1014.6,853.7,26.4,13.1,4,37806.12,284,46.95652,35.32513,1502
10/15/2024,19,0,16.8,1016.7,40670.06,0,0,32,1016.7,855.3,27,12.8,2,37672.94,277,46.95652,35.32513,1502
10/16/2024,18.8,0,14,1017,40542.58,0,0,34,1017,855.5,26,13.4,0,37417.16,263,46.95652,35.32513,1502
10/17/2024,18.9,0.3,15.8,1014.3,40416.11,0.3,0,33,1014.3,853.3,25.7,12.5,9,37194.54,199,46.95652,35.32513,1502
10/18/2024,18.5,0,29.9,1010.6,40290.75,0,0,37,1010.6,849.9,26.2,11.4,5,37105.52,202,46.95652,35.32513,1502
10/19/2024,14.1,0,21.8,1015.9,40166.44,0,0,56,1015.9,852.2,21.3,8.9,8,36888.58,249,46.95652,35.32513,1502
10/20/2024,12.8,0,15.4,1016.6,40042.14,0,0,38,1016.6,852.1,20.6,5.6,9,36800.55,246,46.95652,35.32513,1502
10/21/2024,8.9,0,21,1016.2,39917.77,0,0,32,1016.2,849.8,16.9,1.5,15,32739.78,269,46.95652,35.32513,1502
10/22/2024,8,0.2,15.9,1016.1,39793.45,0.1,0.07,37,1016.1,849.2,16,1,11,36499.62,3,46.95652,35.32513,1502
10/23/2024,6.5,0.6,18.2,1020.6,39669.28,0.3,0.21,55,1020.6,852.1,12.9,1.4,30,35658.93,27,46.95652,35.32513,1502
10/24/2024,6.5,0,12.4,1020.7,39545.37,0,0,55,1020.7,852.2,12.9,0.1,21,35023.64,360,46.95652,35.32513,1502
10/25/2024,8.5,0,6,1022.5,39421.82,0,0,44,1022.5,854.8,15.2,0,0,35885.51,344,46.95652,35.32513,1502
10/26/2024,10,0,13.6,1019.9,39298.76,0,0,30,1019.9,853.4,19.1,5,4,35688.93,260,46.95652,35.32513,1502
10/27/2024,9.3,0,10.7,1022.2,39176.3,0,0,34,1022.2,854.9,17.2,2.1,0,35496.91,17,46.95652,35.32513,1502
10/28/2024,9.4,0,8.5,1019.1,39054.54,0,0,43,1019.1,852.4,17.7,1.1,0,35416.8,352,46.95652,35.32513,1502
10/29/2024,10.1,0,9.2,1017.2,38933.61,0,0,37,1017.2,851.2,18.9,1.8,5,35232.08,348,46.95652,35.32513,1502
10/30/2024,11.5,0,8.8,1017,38813.63,0,0,31,1017,851.8,18.4,2.7,82,32710,351,46.95652,35.32513,1502
10/31/2024,11.6,0.4,23.9,1018.6,38694.73,0.4,0,38,1018.6,853.2,17.7,5,33,34808.42,177,46.95652,35.32513,1502
11/1/2024,12.1,7.2,9,1022.4,38577.02,7.2,0,62,1022.4,856.7,18.3,8.7,90,23297.97,162,46.95652,35.32513,1502
11/2/2024,12.3,0,10.3,1022.8,38460.62,0,0,74,1022.8,857,17.7,7.7,62,30039.84,190,46.95652,35.32513,1502
11/3/2024,12.1,17.1,14.3,1017.8,38345.68,17.1,0,84,1017.8,852.7,15.5,8.6,99,7889.78,173,46.95652,35.32513,1502
11/4/2024,11.1,6.1,17.5,1016.4,38232.32,6.1,0,79,1016.4,851.1,17,6.4,54,33460.09,209,46.95652,35.32513,1502
11/5/2024,9,0.1,18.1,1019.1,38120.68,0.1,0,77,1019.1,852.2,15,4.8,35,33449.97,245,46.95652,35.32513,1502
11/6/2024,8.6,0,9.2,1023.7,38010.89,0,0,64,1023.7,855.9,16.4,4.3,5,33681.3,285,46.95652,35.32513,1502
11/7/2024,8.8,0,8.5,1024.2,37903.09,0,0,52,1024.2,856.4,15.8,1.8,44,31325.03,355,46.95652,35.32513,1502
11/8/2024,7.7,0,8.9,1022.3,37797.23,0,0,67,1022.3,854.2,15.7,0.5,4,33511.01,353,46.95652,35.32513,1502
11/9/2024,8.9,0,8,1022.5,37692.24,0,0,56,1022.5,855,15.9,1.6,55,33295.12,352,46.95652,35.32513,1502
11/10/2024,11.1,0,11.4,1023.5,37588.07,0,0,66,1023.5,857,19.2,2.1,36,32797.76,253,46.95652,35.32513,1502
11/11/2024,10,6.1,12.5,1022,37484.82,6.1,0,88,1022,855.2,14.3,6.6,75,6999.41,176,46.95652,35.32513,1502
11/12/2024,11,0.3,11.2,1019.1,37382.61,0.3,0,77,1019.1,853.3,17.1,6.7,86,18062.76,223,46.95652,35.32513,1502
11/13/2024,8.5,0,12.1,1021.1,37281.57,0,0,72,1021.1,853.7,14.1,2.8,52,29160.13,33,46.95652,35.32513,1502
11/14/2024,7.7,0,5.5,1019.6,37181.8,0,0,68,1019.6,851.9,14.2,2.2,57,32719.28,12,46.95652,35.32513,1502
11/15/2024,7.2,0,8.8,1019.3,37083.46,0,0,72,1019.3,851.4,16,1.6,21,32756.07,239,46.95652,35.32513,1502
11/16/2024,6.8,0,13.3,1018.6,36986.64,0,0,66,1018.6,850.7,14.9,0.8,1,32843.37,251,46.95652,35.32513,1502
11/17/2024,7.7,0.2,13.6,1018.3,36891.5,0.2,0,71,1018.3,850.9,15.3,2.4,59,32574.58,233,46.95652,35.32513,1502
11/18/2024,8.9,0.2,16.2,1016.9,36798.15,0.2,0,67,1016.9,850.4,15.8,3.6,73,32661.06,204,46.95652,35.32513,1502
11/19/2024,8.4,1.2,11,1018.2,36706.73,1.2,0,80,1018.2,851.1,14.4,4.7,52,32576.05,214,46.95652,35.32513,1502
11/20/2024,6.7,1.2,8.7,1020.8,36617.38,1.2,0,80,1020.8,852.4,12.9,1.5,45,23682.92,211,46.95652,35.32513,1502
11/21/2024,5.8,0,7.9,1021.7,36530.21,0,0,72,1021.7,852.6,14.7,0,5,32605.84,248,46.95652,35.32513,1502
11/22/2024,5.7,0,4.9,1024,36445.39,0,0,72,1024,854.5,14.3,-0.2,3,32541.2,319,46.95652,35.32513,1502
11/23/2024,6.6,0,5.8,1021.5,36363.05,0,0,54,1021.5,852.9,15,-0.6,28,32477.06,318,46.95652,35.32513,1502
11/24/2024,8,0,10.6,1015.9,36283.33,0,0,53,1015.9,849,15.3,2.3,34,32413.57,170,46.95652,35.32513,1502
11/25/2024,9.8,5.7,21.6,1014.4,36206.36,5.7,0,82,1014.4,848.7,13.6,7.4,94,15188.59,171,46.95652,35.32513,1502
11/26/2024,9.9,8.1,23.4,1014,36132.3,8.1,0,82,1014,848.5,13.2,7.1,85,24685.57,177,46.95652,35.32513,1502
11/27/2024,4.6,0,22,1017.6,36061.29,0,0,66,1017.6,848.6,10.3,-2.1,21,32159.7,215,46.95652,35.32513,1502
11/28/2024,1.2,0,10.9,1022.1,35993.32,0,0,63,1022.1,850.5,9.6,-3.5,0,32101.73,251,46.95652,35.32513,1502
11/29/2024,2,0,6.5,1022.9,35927.61,0,0,52,1022.9,851.5,9.4,-3.4,0,32044.18,140,46.95652,35.32513,1502
11/30/2024,1.5,0,9.3,1024.2,35864.07,0,0,60,1024.2,852.4,9.2,-3,0,31986.78,17,46.95652,35.32513,1502
12/1/2024,1.2,0,8.8,1023.5,35802.8,0,0,68,1023.5,851.6,8.8,-3,0,31929.71,17,46.95652,35.32513,1502
12/2/2024,1.3,0,5.7,1021.8,35743.86,0,0,67,1021.8,850.3,9,-3.1,1,31873.11,10,46.95652,35.32513,1502
12/3/2024,2,0,7.6,1022.1,35687.35,0,0,61,1022.1,850.9,9.4,-3.3,4,31817.11,76,46.95652,35.32513,1502
12/4/2024,2.3,0,8.4,1023.3,35633.33,0,0,56,1023.3,852.1,10.5,-1.9,0,31761.86,166,46.95652,35.32513,1502
12/5/2024,3.2,0,7.3,1024.5,35581.9,0,0,52,1024.5,853.6,10.2,-0.7,16,31707.5,134,46.95652,35.32513,1502
12/6/2024,3.2,0,5.6,1026.2,35533.14,0,0,49,1026.2,855,11.6,-1.6,18,31488.5,298,46.95652,35.32513,1502
12/7/2024,3.8,0,6.6,1027.1,35487.12,0,0,47,1027.1,856.1,12.6,-1.7,76,31435.99,335,46.95652,35.32513,1502
12/8/2024,5.6,0,6,1024,35443.94,0,0,47,1024,854.5,12.9,-0.3,99,27081.55,333,46.95652,35.32513,1502
12/9/2024,5,1.3,6.8,1023.2,35403.66,0.7,0.42,77,1023.2,853.5,12.3,-0.3,50,23379.98,328,46.95652,35.32513,1502
12/10/2024,2.2,0,7.8,1028.9,35366.36,0,0,79,1028.9,856.7,9.4,-2.2,28,27813.47,17,46.95652,35.32513,1502
12/11/2024,2.7,0,4.5,1025.6,35332.14,0,0,63,1025.6,854.2,10,-2.9,39,31237.85,323,46.95652,35.32513,1502
12/12/2024,4.4,0,11.6,1018.4,35301.05,0,0,60,1018.4,849.2,12.3,0.6,63,31229.64,188,46.95652,35.32513,1502
12/13/2024,4,9.1,22.3,1014.2,35273.2,1,5.67,75,1014.2,845.5,9.9,-1.2,51,30118.39,221,46.95652,35.32513,1502
12/14/2024,-2.5,0.6,13,1023.1,35248.64,0,0.42,72,1023.1,849.2,2.2,-10.4,35,28364.12,333,46.95652,35.32513,1502
12/15/2024,-6.2,0,4.6,1035.4,35227.46,0,0,55,1035.4,857.3,-0.2,-10.9,3,31378.18,338,46.95652,35.32513,1502
12/16/2024,-1.9,0,4.6,1027.7,35209.73,0,0,50,1027.7,853.4,5.9,-7.1,88,27731.08,265,46.95652,35.32513,1502
12/17/2024,0,0,11.2,1024,35195.53,0,0,40,1024,851.4,8.3,-4.3,18,31311.96,277,46.95652,35.32513,1502
12/18/2024,0.5,0,8.1,1022,35184.89,0,0,48,1022,850,9.5,-4.5,0,31282.54,275,46.95652,35.32513,1502
12/19/2024,1.2,0,5.2,1021.4,35177.66,0,0,54,1021.4,849.9,10.4,-3.4,2,31330.48,273,46.95652,35.32513,1502
12/20/2024,3.8,4.6,8,1018.3,35173.77,0.1,3.15,50,1018.3,848.8,10.2,-0.7,83,22155.31,153,46.95652,35.32513,1502
12/21/2024,-0.1,2.7,4,1021,35173.21,0.1,1.82,90,1021,848.8,3.7,-4.9,48,25260.01,331,46.95652,35.32513,1502
12/22/2024,0.5,0,5.9,1022.9,35175.94,0,0,79,1022.9,850.7,7.7,-3.6,35,30293.39,172,46.95652,35.32513,1502
12/23/2024,2.7,0,6.8,1021.5,35181.95,0,0,68,1021.5,850.8,9.9,-1.7,85,30991.68,155,46.95652,35.32513,1502
12/24/2024,2.4,0,8.9,1022.5,35191.19,0,0,66,1022.5,851.5,9.7,-0.9,16,31310.38,169,46.95652,35.32513,1502
12/25/2024,2.2,0,3.6,1025.6,35203.63,0,0,63,1025.6,854,9.7,-2.3,0,31384.4,315,46.95652,35.32513,1502
12/26/2024,2.7,0,7.2,1026.2,35219.24,0,0,56,1026.2,854.7,10.5,-2.8,17,31374.06,195,46.95652,35.32513,1502
12/27/2024,4.6,5.3,12.4,1021.7,35237.98,3.4,1.33,72,1021.7,852.1,9.2,0.7,100,2767.88,159,46.95652,35.32513,1502
12/28/2024,2.1,18.8,13.7,1020.8,35259.83,5.7,9.17,94,1020.8,849.9,4.9,-1.1,66,15044.41,174,46.95652,35.32513,1502
12/29/2024,1.2,0,10.9,1025,35284.74,0,0,84,1025,852.9,5.9,-2,56,27238.32,212,46.95652,35.32513,1502
12/30/2024,1.6,0,9.9,1022.2,35312.67,0,0,75,1022.2,850.9,7.5,-2.5,35,29585.2,203,46.95652,35.32513,1502
12/31/2024,1.2,0.6,6.3,1023.8,35343.58,0,0.42,74,1023.8,851.9,6.5,-2.5,66,27051.08,4,46.95652,35.32513,1502
1/1/2025,0.7,0,14.2,1027.7,35377.44,0,0,69,1027.7,854.8,5.1,-3.3,48,28633.17,34,46.95652,35.32513,1502
1/2/2025,-0.3,0,10.7,1031.5,35414.19,0,0,60,1031.5,857.4,6.4,-3.6,0,31888.03,24,46.95652,35.32513,1502
1/3/2025,-0.1,0,5.1,1027.8,35453.8,0,0,57,1027.8,854.5,7.8,-4.4,0,32013.91,269,46.95652,35.32513,1502
1/4/2025,0.1,0,6.4,1024.9,35496.23,0,0,53,1024.9,852.2,8.8,-3.7,6,32118.62,240,46.95652,35.32513,1502
1/5/2025,2.5,0.4,7.5,1022.7,35541.43,0,0.28,59,1022.7,851.7,10.1,-3.3,42,32052.69,189,46.95652,35.32513,1502
1/6/2025,3.5,1,8.7,1022.5,35589.37,0,0.7,57,1022.5,852.1,9.3,-1.6,57,25200,171,46.95652,35.32513,1502
1/7/2025,3.2,0.2,10.8,1026.7,35640.09,0.2,0,68,1026.7,855.4,10.2,-2,79,26995.47,9,46.95652,35.32513,1502
1/8/2025,2.8,0,10.5,1027.7,35694.16,0,0,75,1027.7,856.1,9.2,-2,48,22371.73,31,46.95652,35.32513,1502
1/9/2025,1.9,0,8.2,1026,35751.6,0,0,74,1026,854.1,10.1,-2.6,0,32397.77,12,46.95652,35.32513,1502
1/10/2025,2.4,0,5.4,1025.1,35812.25,0,0,68,1025.1,853.6,10.3,-2.7,0,32464.14,342,46.95652,35.32513,1502
1/11/2025,3.3,7.1,16.8,1021.8,35876,1.7,3.78,68,1021.8,851.4,11.2,-2.2,56,24820.57,183,46.95652,35.32513,1502
1/12/2025,1.4,3,4.4,1023.5,35942.71,1.5,1.05,91,1023.5,851.7,4.6,-2.2,79,7402.33,218,46.95652,35.32513,1502
1/13/2025,0.9,0,4.3,1027.5,36012.26,0,0,77,1027.5,854.8,7.7,-3.2,34,30235.42,346,46.95652,35.32513,1502
1/14/2025,2.3,0,4.8,1026.1,36084.52,0,0,54,1026.1,854.4,10.1,-3.5,33,32761.71,296,46.95652,35.32513,1502
1/15/2025,2.6,0,9.9,1023.8,36159.36,0,0,52,1023.8,852.6,12.1,-3,9,32843.38,218,46.95652,35.32513,1502
1/16/2025,0.9,0,10.8,1023.5,36236.66,0,0,71,1023.5,851.5,8.8,-3.2,17,31332.27,269,46.95652,35.32513,1502
1/17/2025,0.9,0,8.7,1022,36316.3,0,0,66,1022,850.2,7.5,-3.6,17,32245.08,9,46.95652,35.32513,1502
1/18/2025,0.6,0,8.4,1018.1,36398.15,0,0,61,1018.1,846.8,8.3,-3.7,29,33103.52,263,46.95652,35.32513,1502
1/19/2025,0.9,0,12.7,1016.2,36482.09,0,0,66,1016.2,845.4,6.4,-3.3,51,31932.08,251,46.95652,35.32513,1502
1/20/2025,-0.4,3.3,13.4,1020.1,36568.01,0,2.31,77,1020.1,847.9,4.2,-5.1,80,7950.83,210,46.95652,35.32513,1502
1/21/2025,-2.5,0,3,1027.6,36655.77,0,0,67,1027.6,853,3.5,-6.2,7,33383.42,342,46.95652,35.32513,1502
1/22/2025,-1.3,0,4.6,1029,36745.27,0,0,54,1029,854.8,6.5,-7.5,41,33480.47,342,46.95652,35.32513,1502
1/23/2025,1.8,0,11.3,1025.6,36836.4,0,0,47,1025.6,853.7,9,-4.2,84,26430.78,191,46.95652,35.32513,1502
1/24/2025,3,0.4,9.4,1022.8,36929.03,0,0.28,59,1022.8,852.1,6.6,-0.2,99,8421.49,177,46.95652,35.32513,1502
1/25/2025,1.7,1.5,4.8,1023.7,37023.06,0.5,0.7,80,1023.7,852.1,6.4,-0.9,70,29843.53,183,46.95652,35.32513,1502
1/26/2025,1.9,0,9,1023.9,37118.37,0,0,74,1023.9,852.4,7.7,-2,89,25499.37,156,46.95652,35.32513,1502
1/27/2025,1.6,2.4,12.2,1023.5,37215.05,0.1,1.61,79,1023.5,851.9,3.8,-1.4,100,0,20,46.95652,35.32513,1502
1/28/2025,0.5,0,10.6,1026.1,37314.09,0,0,72,1026.1,853.4,5.8,-3.9,36,31908.07,30,46.95652,35.32513,1502
1/29/2025,-0.7,0,11.3,1029.2,37415.54,0,0,74,1029.2,855.3,5.8,-4.4,0,34203.95,16,46.95652,35.32513,1502
1/30/2025,-0.2,0,10.1,1030,37519.23,0,0,61,1030,856.2,7.5,-4.4,0,34315.4,6,46.95652,35.32513,1502
1/31/2025,0.6,0,5.1,1025.9,37625.04,0,0,48,1025.9,853.3,9.9,-4.8,38,34429,357,46.95652,35.32513,1502
2/1/2025,0.2,0,9.7,1023.5,37732.81,0,0,59,1023.5,851,8.7,-4.5,46,34544.59,1,46.95652,35.32513,1502
2/2/2025,1.3,0,4.7,1023.3,37842.4,0,0,46,1023.3,851.5,9.1,-4.5,0,34662.01,353,46.95652,35.32513,1502
2/3/2025,1.6,0,7.7,1020.1,37953.67,0,0,45,1020.1,849,10.8,-3.8,14,34781.11,269,46.95652,35.32513,1502
2/4/2025,1.5,0,11.8,1019.1,38066.48,0,0,51,1019.1,848.1,10.4,-3.7,54,34901.72,255,46.95652,35.32513,1502
2/5/2025,3.2,1.4,12.7,1013.3,38180.7,0.4,0.7,61,1013.3,844.2,11.1,-2.9,51,35023.7,137,46.95652,35.32513,1502
2/6/2025,2.4,8.9,14.5,1007,38296.2,2.4,4.55,82,1007,838.6,6.6,-0.6,96,15914.11,152,46.95652,35.32513,1502
2/7/2025,-1.6,9.5,9.3,1019,38412.84,0.1,6.65,86,1019,846.3,0.9,-9,84,3276.7,17,46.95652,35.32513,1502
2/8/2025,-4.8,6.6,14.8,1022.2,38530.49,0.1,4.55,81,1022.2,847.2,-2.2,-9.4,82,12317.96,21,46.95652,35.32513,1502
2/9/2025,-4.7,0.9,9.8,1024.7,38649.04,0,0.7,80,1024.7,849.2,-2.4,-9,98,17967.32,33,46.95652,35.32513,1502
2/10/2025,-6.2,0,7.2,1028.4,38768.35,0,0,83,1028.4,851.4,-1.8,-9.5,78,23595.56,1,46.95652,35.32513,1502
2/11/2025,-4.7,0,6.2,1030.1,38888.3,0,0,82,1030.1,853.8,1,-9.5,46,34976.06,2,46.95652,35.32513,1502
2/12/2025,-2.9,0,7.5,1028.9,39008.79,0,0,80,1028.9,853.8,2.6,-6.8,61,30016.73,6,46.95652,35.32513,1502
2/13/2025,-0.2,0.8,7.7,1023.3,39129.67,0,0.56,78,1023.3,850.7,6.6,-4,40,33301.74,315,46.95652,35.32513,1502
2/14/2025,0.6,0.6,17.2,1022,39250.86,0.4,0.14,75,1022,850,5.2,-4.4,45,24798.58,228,46.95652,35.32513,1502
2/15/2025,-0.4,0,8.6,1022.5,39372.22,0,0,64,1022.5,849.9,7.5,-4.6,23,35757.88,263,46.95652,35.32513,1502
2/16/2025,2.6,0,5.5,1017.6,39493.85,0,0,48,1017.6,847.5,10.7,-3.8,73,28624.6,324,46.95652,35.32513,1502
2/17/2025,1.1,2.5,11.3,1020.2,39616.82,0,1.75,77,1020.2,848.9,5.6,-4.1,62,25322.06,292,46.95652,35.32513,1502
2/18/2025,0.7,0,9.5,1023.7,39741.21,0,0,66,1023.7,851.5,8.4,-4.1,26,35962.35,281,46.95652,35.32513,1502
2/19/2025,2.7,0,11.7,1019.3,39866.91,0,0,52,1019.3,848.9,10.7,-3.8,68,36000,243,46.95652,35.32513,1502
2/20/2025,4.1,4.2,18.2,1012.9,39993.79,1.1,2.17,66,1012.9,844.4,10.4,0.7,96,26185.36,174,46.95652,35.32513,1502
2/21/2025,2.3,7.5,15.9,1014.4,40121.73,1,4.55,78,1014.4,844.7,4.8,-0.6,73,32400,231,46.95652,35.32513,1502
2/22/2025,-0.1,7.6,10,1017,40250.62,0,5.32,81,1017,845.5,2.4,-4.3,81,11398.7,251,46.95652,35.32513,1502
2/23/2025,-2.4,0.2,17.5,1018,40380.36,0,0.21,69,1018,845,0,-6.1,87,33236.57,244,46.95652,35.32513,1502
2/24/2025,-5.7,0,16.9,1023.6,40510.82,0,0,48,1023.6,847.7,-2.6,-8.8,24,36069.92,277,46.95652,35.32513,1502
2/25/2025,-5.6,0,12.9,1028.2,40641.9,0,0,46,1028.2,851.6,-1.5,-8.9,26,36242.83,270,46.95652,35.32513,1502
2/26/2025,-3.3,0,16.4,1025.5,40773.5,0,0,45,1025.5,850.8,1.3,-7.2,30,36334.49,267,46.95652,35.32513,1502
2/27/2025,-2.3,0,13.4,1024.7,40905.5,0,0,52,1024.7,850.6,2.9,-6.2,3,36335.34,282,46.95652,35.32513,1502
2/28/2025,-0.7,0,13.5,1021,41037.8,0,0,54,1021,848.5,6.7,-5.4,8,36433.9,266,46.95652,35.32513,1502
3/1/2025,0.5,0.4,15.3,1019.7,41170.3,0,0.28,62,1019.7,848.1,6.1,-4.9,36,33732.35,279,46.95652,35.32513,1502
3/2/2025,0.2,0.1,12.1,1023.1,41302.9,0,0.07,56,1023.1,850.7,5.7,-4.2,18,36540.46,314,46.95652,35.32513,1502
3/3/2025,1.7,0,12.4,1022.1,41435.5,0,0,50,1022.1,850.7,9,-4.6,78,36077.66,239,46.95652,35.32513,1502
3/4/2025,4.8,0,11.4,1019.6,41567.98,0,0,36,1019.6,850.3,12.2,-2,100,35745.9,195,46.95652,35.32513,1502
3/5/2025,6.3,3.5,12.1,1020.7,41700.27,1.8,1.19,52,1020.7,852.1,11.9,1.5,100,19781.9,152,46.95652,35.32513,1502
3/6/2025,6.6,1.2,12.3,1021.8,41832.24,1.2,0,70,1021.8,853.2,14,0.6,37,36315.28,269,46.95652,35.32513,1502
3/7/2025,6.9,3.6,10.6,1020.2,41963.82,3.6,0,75,1020.2,852,15.4,0,85,28839,28,46.95652,35.32513,1502
3/8/2025,6.9,6.5,9.8,1013.5,42095.08,6.5,0,83,1013.5,846.4,12.8,4.4,94,14400,12,46.95652,35.32513,1502
3/9/2025,5.8,5.2,7.5,1015.9,42227.01,5.2,0,90,1015.9,847.8,8.9,3.9,97,0,22,46.95652,35.32513,1502
3/10/2025,6,5.1,5.2,1019.2,42359.72,4.5,0.42,85,1019.2,850.8,10.4,3.4,96,14918.74,339,46.95652,35.32513,1502
3/11/2025,5.9,4.1,11.3,1022.1,42493.11,3.5,0.42,81,1022.1,853,13.5,1.7,92,26348.47,218,46.95652,35.32513,1502
3/12/2025,7.7,0,9.2,1021.7,42627.09,0,0,60,1021.7,853.7,16.9,0.8,9,38297.78,346,46.95652,35.32513,1502
3/13/2025,9.1,0,4.7,1021.6,42761.57,0,0,49,1021.6,854.3,18.5,0.5,0,38687.38,354,46.95652,35.32513,1502
3/14/2025,10.2,0,6.6,1020.6,42896.45,0,0,40,1020.6,854.1,20,1.4,2,39080.66,305,46.95652,35.32513,1502
3/15/2025,11,0,9.1,1021.3,43031.66,0,0,41,1021.3,855.1,19.6,2.7,84,35742.64,11,46.95652,35.32513,1502
3/16/2025,11.2,0,6.1,1021.1,43167.11,0,0,48,1021.1,855,20.6,2.6,3,39383.57,352,46.95652,35.32513,1502
3/17/2025,10.9,0,15.8,1017.9,43302.69,0,0,53,1017.9,852.1,21.1,3.3,8,39938.84,256,46.95652,35.32513,1502
3/18/2025,10.5,0,13.5,1016.2,43438.34,0,0,60,1016.2,850.5,19.6,3.2,25,40237.31,234,46.95652,35.32513,1502
3/19/2025,12.5,0.7,24.1,1014.1,43573.96,0.7,0,53,1014.1,849.9,19.5,5.3,36,38761.3,187,46.95652,35.32513,1502
3/20/2025,11.4,8.4,21.4,1013.7,43709.46,8.4,0,74,1013.7,849,15.5,7.9,86,28058.18,179,46.95652,35.32513,1502
3/21/2025,8.9,13.7,11.1,1014.9,43844.75,13.7,0,84,1014.9,848.7,14.5,6.2,86,15092.18,215,46.95652,35.32513,1502
3/22/2025,6.7,0.2,19.3,1016.2,43979.75,0.2,0,65,1016.2,848.5,14.2,-1.4,29,39922.2,228,46.95652,35.32513,1502
3/23/2025,4.4,0,14.3,1021.2,44114.38,0,0,58,1021.2,851.5,12.5,-1.8,1,41149.94,271,46.95652,35.32513,1502
3/24/2025,4.2,0.6,14.5,1022.8,44248.53,0.6,0,54,1022.8,852.7,11.9,-2.5,13,41284,325,46.95652,35.32513,1502
3/25/2025,5.5,0,10.8,1021.9,44382.12,0,0,46,1021.9,852.6,14.7,-2,15,41417.32,325,46.95652,35.32513,1502
3/26/2025,7.7,0,14.3,1017.7,44515.07,0,0,46,1017.7,850.4,17.2,-0.3,14,41549.83,319,46.95652,35.32513,1502
3/27/2025,9.8,0,13.7,1016.6,44647.27,0,0,55,1016.6,850.6,19.5,2.7,44,41681.44,252,46.95652,35.32513,1502
3/28/2025,11,1.8,11.7,1017.1,44778.82,1.8,0,61,1017.1,851.5,18.9,4,28,41812.06,279,46.95652,35.32513,1502
3/29/2025,11.6,0.3,12,1016.6,44910.62,0.3,0,63,1016.6,851.5,20.7,4.9,45,41942.46,184,46.95652,35.32513,1502
3/30/2025,13.4,0,15.3,1015.8,45042.77,0,0,55,1015.8,851.7,20.3,6,63,36129.13,175,46.95652,35.32513,1502
3/31/2025,12.8,4.3,22.1,1016.5,45175.19,4.3,0,64,1016.5,852.1,18.9,7.2,55,33399.98,188,46.95652,35.32513,1502
4/1/2025,13.8,0.6,13.7,1017.9,45307.79,0.6,0,64,1017.9,853.7,22.1,7,40,42334.38,191,46.95652,35.32513,1502
4/2/2025,14.6,0.8,19.5,1015.3,45440.48,0.8,0,64,1015.3,851.9,22.1,8.6,61,32314.49,183,46.95652,35.32513,1502
4/3/2025,13.6,0.2,18.8,1014.7,45573.2,0.2,0,64,1014.7,850.9,21.8,6.5,29,40945.5,224,46.95652,35.32513,1502
4/4/2025,12.2,6.3,13.3,1015.9,45705.84,6.3,0,78,1015.9,851.2,18.1,6.2,87,34207,175,46.95652,35.32513,1502
4/5/2025,11.6,18.3,22.5,1013.6,45838.34,18.3,0,86,1013.6,849,16.5,9,79,15007.59,175,46.95652,35.32513,1502
4/6/2025,12.4,0,13.8,1017.5,45970.59,0,0,67,1017.5,852.6,20.8,5.5,50,41641.54,209,46.95652,35.32513,1502
4/7/2025,12.6,0,9.1,1019.6,46102.52,0,0,64,1019.6,854.5,20.9,5.6,45,42826.35,218,46.95652,35.32513,1502
4/8/2025,13.3,0.3,12.9,1020.9,46234.02,0.3,0,64,1020.9,856,21.5,6.4,34,40448.69,239,46.95652,35.32513,1502
4/9/2025,15.9,0,16.5,1016,46365.03,0,0,53,1016,853.2,23.9,8.5,33,42920.2,184,46.95652,35.32513,1502
4/10/2025,14.8,4,25.9,1008,46495.43,4,0,66,1008,846,21.7,8.6,48,42636.25,189,46.95652,35.32513,1502
4/11/2025,10.6,0,14.7,1008,46625.15,0,0,60,1008,843.7,18.1,3.3,27,43013.82,230,46.95652,35.32513,1502
4/12/2025,8.1,0,20.5,1010.3,46754.09,0,0,56,1010.3,844.4,15.6,1.4,30,39548.97,231,46.95652,35.32513,1502
4/13/2025,8.8,0,18.1,1015,46882.14,0,0,58,1015,848.7,16.6,1.1,0,43107.27,191,46.95652,35.32513,1502
4/14/2025,11.1,2.3,16.8,1012.2,47009.22,2.3,0,57,1012.2,847.6,19.2,3.3,74,33506.88,180,46.95652,35.32513,1502
4/15/2025,8.2,3.5,30.1,1013.8,47135.22,2.4,0.77,62,1013.8,847.3,14.4,2.2,60,41309.03,191,46.95652,35.32513,1502
4/16/2025,6,1,12.1,1018.7,47260.05,0.1,0.63,61,1018.7,850.3,12.1,0.8,21,43200,279,46.95652,35.32513,1502
4/17/2025,7,0,17.2,1020.7,47383.77,0,0,56,1020.7,852.5,13.3,0.1,23,43200,31,46.95652,35.32513,1502
4/18/2025,7.7,0,12.9,1019.1,47507.26,0,0,52,1019.1,851.5,15.2,0.1,0,43200,37,46.95652,35.32513,1502
4/19/2025,10.2,0,10.6,1016.6,47630.61,0,0,52,1016.6,850.7,18.5,1.2,7,43200,31,46.95652,35.32513,1502
4/20/2025,12.1,0,8,1015,47753.73,0,0,56,1015,850.4,21.1,3.4,27,43200,306,46.95652,35.32513,1502
4/21/2025,14.1,0,8.7,1016.3,47876.53,0,0,56,1016.3,852.5,22.8,5.7,64,38920.08,215,46.95652,35.32513,1502
4/22/2025,15,0.3,13.3,1018.9,47998.92,0.3,0,56,1018.9,855.2,21.7,9.3,44,34491.78,266,46.95652,35.32513,1502
4/23/2025,16.6,0,17.8,1016.8,48120.8,0,0,48,1016.8,854.2,23.9,9.9,40,43206.25,207,46.95652,35.32513,1502
4/24/2025,16.9,0,20.9,1016,48242.07,0,0,49,1016,853.7,24,11,73,38536.95,265,46.95652,35.32513,1502
4/25/2025,16.3,0.3,15.3,1014.7,48362.66,0.3,0,58,1014.7,852.3,22.8,11,76,17015.28,197,46.95652,35.32513,1502
4/26/2025,15.5,3.9,16.6,1014.9,48482.44,3.9,0,70,1014.9,852.1,21.8,11.7,99,22511.21,176,46.95652,35.32513,1502
4/27/2025,16.5,2.4,21.2,1013.6,48601.34,2.4,0,63,1013.6,851.5,23.4,11.1,67,38523.21,187,46.95652,35.32513,1502
4/28/2025,15.9,1.6,15.9,1014.5,48719.23,1.6,0,67,1014.5,851.9,22.9,11,94,26013.64,187,46.95652,35.32513,1502
4/29/2025,14,4.6,17.1,1015.1,48836.02,4.6,0,77,1015.1,851.5,20.1,8.9,79,25825.75,162,46.95652,35.32513,1502
4/30/2025,15.9,1,12.3,1015.5,48951.61,1,0,61,1015.5,852.8,24,8,28,43236.63,252,46.95652,35.32513,1502
5/1/2025,18.2,0,10.4,1015.2,49065.87,0,0,44,1015.2,853.7,25.6,9.8,39,43997.31,179,46.95652,35.32513,1502
5/2/2025,17.8,0.2,24.4,1014.9,49178.71,0.2,0,54,1014.9,853.3,23.9,12,37,43605.04,192,46.95652,35.32513,1502
5/3/2025,17.1,0.1,17.1,1014.2,49290.01,0.1,0,68,1014.2,852.3,24.2,11.2,62,39740.86,184,46.95652,35.32513,1502
5/4/2025,17.2,1.8,24.8,1011.6,49399.65,1.8,0,67,1011.6,850.2,24.5,10.9,64,33268.7,181,46.95652,35.32513,1502
5/5/2025,16.4,1.3,23.8,1010.5,49507.53,1.3,0,57,1010.5,848.8,24.2,7.8,18,43200,207,46.95652,35.32513,1502
5/6/2025,12.5,0.7,18.2,1015.4,49613.52,0.7,0,65,1015.4,851,18.9,6.2,11,44413.37,246,46.95652,35.32513,1502
5/7/2025,13.3,0,15.2,1015.8,49717.64,0,0,63,1015.8,851.7,20.9,5.7,5,44276.24,301,46.95652,35.32513,1502
5/8/2025,15.3,0,6.4,1014.2,49820.74,0,0,56,1014.2,851.4,23.7,6.6,19,44847.95,302,46.95652,35.32513,1502
5/9/2025,16.9,0,8.1,1014.8,49922.86,0,0,53,1014.8,852.7,25.6,8.8,21,44855.59,310,46.95652,35.32513,1502
5/10/2025,17.6,0,7,1014.6,50023.91,0,0,52,1014.6,852.9,25.6,9.7,14,45008.43,317,46.95652,35.32513,1502
5/11/2025,18.4,0,8,1013.3,50123.81,0,0,48,1013.3,852.2,26.7,10.8,56,44721.8,297,46.95652,35.32513,1502
5/12/2025,19.1,0.3,16.2,1008.9,50222.46,0.3,0,46,1008.9,848.8,26,12.4,52,44363.25,154,46.95652,35.32513,1502
5/13/2025,19.6,0,21.8,1006.5,50319.76,0,0,45,1006.5,847.1,26.4,11.2,42,45331.26,205,46.95652,35.32513,1502
5/14/2025,17.1,0,21.6,1010.6,50415.62,0,0,48,1010.6,849.3,23.8,10.3,31,45643.59,206,46.95652,35.32513,1502
5/15/2025,14.1,0.4,24.3,1014.1,50509.93,0.4,0,63,1014.1,850.6,18.9,6.8,44,36000,184,46.95652,35.32513,1502
5/16/2025,14.7,0,12.5,1017.3,50602.59,0,0,51,1017.3,853.7,23.2,6.3,0,46110.98,285,46.95652,35.32513,1502
5/17/2025,17.5,0,7.7,1016.6,50693.5,0,0,46,1016.6,854.5,26.4,7.5,0,46146.89,351,46.95652,35.32513,1502
5/18/2025,19.7,0,11.7,1016,50782.57,0,0,48,1016,855.1,29.8,9.4,0,46181.15,285,46.95652,35.32513,1502
5/19/2025,21.6,0,14.8,1013.8,50869.67,0,0,46,1013.8,854.2,30.4,12.8,2,46213.76,230,46.95652,35.32513,1502
5/20/2025,21.1,0,15.9,1013.2,50954.71,0,0,38,1013.2,853.4,29.4,12.8,0,46359.01,233,46.95652,35.32513,1502
5/21/2025,21.9,0,19.2,1012.6,51037.57,0,0,37,1012.6,853.3,30.7,13.2,2,46390.23,257,46.95652,35.32513,1502
5/22/2025,21.8,0,15.8,1012.4,51118.16,0,0,36,1012.4,853,31.1,13.5,0,46537.78,251,46.95652,35.32513,1502
5/23/2025,22,0,8.2,1009.1,51196.35,0,0,34,1009.1,850.4,31.1,12.3,16,46687.16,313,46.95652,35.32513,1502
5/24/2025,20.9,0,11.6,1006.6,51272.03,0,0,42,1006.6,847.8,28.2,13.5,27,46184.82,1,46.95652,35.32513,1502
5/25/2025,20.3,0.2,14.4,1009.7,51345.11,0.2,0,44,1009.7,850.1,27.8,11.8,22,46621.02,12,46.95652,35.32513,1502
5/26/2025,20.6,0,9.2,1012.5,51415.44,0,0,37,1012.5,852.6,28.1,11.4,18,46894.78,28,46.95652,35.32513,1502
5/27/2025,21.3,0,10.4,1010.3,51483.05,0,0,35,1010.3,851.1,29.2,12.6,33,44879.31,267,46.95652,35.32513,1502
5/28/2025,22.7,0,12.8,1008.9,51548.5,0,0,31,1008.9,850.6,30.8,13.6,30,46815.7,221,46.95652,35.32513,1502
5/29/2025,21.6,0,18.3,1007.4,51611.83,0,0,29,1007.4,848.8,30.4,11.5,3,47352.97,228,46.95652,35.32513,1502
5/30/2025,18.4,0,16.5,1011.3,51672.98,0,0,34,1011.3,850.5,26.1,10.4,0,47376.76,246,46.95652,35.32513,1502
5/31/2025,20.5,0,8.3,1013.4,51731.9,0,0,30,1013.4,853.3,29.7,9.7,0,47530.73,158,46.95652,35.32513,1502
6/1/2025,22.8,0,9.8,1011.9,51788.53,0,0,25,1011.9,853.1,32.2,12.3,0,47551.92,253,46.95652,35.32513,1502
6/2/2025,21.9,0,14.2,1010.6,51842.79,0,0,28,1010.6,851.6,30.7,12.1,0,47706,280,46.95652,35.32513,1502
6/3/2025,19.3,0,17,1008.2,51894.62,0,0,32,1008.2,848.3,27.8,10.8,0,47860.71,266,46.95652,35.32513,1502
6/4/2025,18.6,0.2,14.3,1008.4,51943.97,0.2,0,38,1008.4,848.2,24.5,10.3,15,47741.18,360,46.95652,35.32513,1502
6/5/2025,18.1,0,13.9,1012.7,51990.77,0,0,37,1012.7,851.5,24.3,11.6,8,47201.62,21,46.95652,35.32513,1502
6/6/2025,18.8,0,7.5,1012.6,52034.97,0,0,31,1012.6,851.8,26.3,9.5,0,48187.9,27,46.95652,35.32513,1502
6/7/2025,19.6,0.2,18.1,1012.4,52076.49,0.2,0,34,1012.4,852,27.6,11.3,13,47779.82,353,46.95652,35.32513,1502
6/8/2025,19.8,0,10.2,1013.5,52115.28,0,0,34,1013.5,853,26.9,11.4,4,48214.6,21,46.95652,35.32513,1502
6/9/2025,20.6,0,9,1011.5,52151.29,0,0,33,1011.5,851.8,28.5,12.2,42,47394.62,11,46.95652,35.32513,1502
6/10/2025,22.4,0,11.8,1009.9,52184.44,0,0,30,1009.9,851.3,30.3,13.4,9,48090,318,46.95652,35.32513,1502
6/11/2025,22.9,0,10.3,1011.1,52214.68,0,0,32,1011.1,852.5,31.2,13.3,8,48095.97,100,46.95652,35.32513,1502
6/12/2025,24.7,0,15.8,1012.2,52241.95,0,0,26,1012.2,854.3,32.6,14.8,10,47954.76,314,46.95652,35.32513,1502
6/13/2025,25.4,0,6.9,1012.9,52266.21,0,0,25,1012.9,855.2,33.1,15.8,11,47664.12,353,46.95652,35.32513,1502
6/14/2025,26,0,17.7,1009.9,52287.38,0,0,22,1009.9,853,35.4,16.2,0,48838.41,244,46.95652,35.32513,1502
6/15/2025,25.8,0,16.3,1007.7,52305.41,0,0,20,1007.7,851,34.8,15.1,0,48840.99,256,46.95652,35.32513,1502
6/16/2025,25.3,0,21.8,1004.2,52320.29,0,0,20,1004.2,847.8,34.1,14.6,0,48999.78,231,46.95652,35.32513,1502
6/17/2025,21.9,0,16.9,1007.1,52332.11,0,0,21,1007.1,848.7,30.9,12.2,0,49011.06,255,46.95652,35.32513,1502
6/18/2025,22.1,0,11.2,1009,52340.9,0,0,21,1009,850.3,30.8,11.6,0,49019.56,328,46.95652,35.32513,1502
6/19/2025,23.5,0,13,1008.7,52346.7,0,0,27,1008.7,850.8,31.2,13.6,0,49025.29,27,46.95652,35.32513,1502
6/20/2025,24.6,0,10.5,1006.5,52349.5,0,0,25,1006.5,849.5,33.2,15.2,0,49028.27,25,46.95652,35.32513,1502
6/21/2025,24.9,0,13,1006,52349.33,0,0,18,1006,849.2,34.4,15.6,0,49028.51,242,46.95652,35.32513,1502
6/22/2025,24.8,0,11.1,1006.2,52346.22,0,0,16,1006.2,849.3,34.7,15.3,0,49026.02,244,46.95652,35.32513,1502
6/23/2025,24.9,0,15.5,1005,52340.18,0,0,17,1005,848.3,34.6,15.2,0,49020.85,273,46.95652,35.32513,1502
6/24/2025,25.6,0,11.7,1005,52331.22,0,0,20,1005,848.7,33.2,15.1,0,49012.99,344,46.95652,35.32513,1502
6/25/2025,25.3,0,15.5,1006.5,52319.39,0,0,24,1006.5,849.8,33.2,16.8,0,49002.46,30,46.95652,35.32513,1502
6/26/2025,26.4,0,13.7,1005.8,52304.69,0,0,27,1005.8,849.7,34.4,16.7,0,48888.4,34,46.95652,35.32513,1502
6/27/2025,27.8,0,11.2,1004.1,52287.16,0,0,25,1004.1,849,35.8,18.2,0,48973.51,42,46.95652,35.32513,1502
6/28/2025,27.5,0,12,1002,52266.82,0,0,27,1002,847,35.8,18.9,0,48955.13,69,46.95652,35.32513,1502
6/29/2025,27.6,0,17.7,1000.5,52243.7,0,0,21,1000.5,845.8,35.8,18.7,0,48934.18,294,46.95652,35.32513,1502
6/30/2025,27.5,0,17.9,1000.3,52217.82,0,0,19,1000.3,845.6,36.4,18.4,0,48910.67,215,46.95652,35.32513,1502
7/1/2025,25.2,0,14.6,1002.1,52189.23,0,0,19,1002.1,846,34.3,16.3,0,48884.64,230,46.95652,35.32513,1502
7/2/2025,25.8,0,15.6,1002.1,52157.94,0,0,20,1002.1,846.3,35.7,16.2,0,48856.11,242,46.95652,35.32513,1502
7/3/2025,25.7,0,17.3,1002.5,52123.99,0,0,20,1002.5,846.6,35,15.7,0,48825.11,258,46.95652,35.32513,1502
7/4/2025,25.5,0,17.7,1003.6,52087.41,0,0,19,1003.6,847.5,34.9,16.6,0,48685.8,275,46.95652,35.32513,1502
7/5/2025,24.2,0,14.8,1004.2,52048.24,0,0,18,1004.2,847.3,34,14.8,0,48755.79,273,46.95652,35.32513,1502
7/6/2025,24.5,0,18.4,1004.1,52006.42,0,0,33,1004.1,847.4,33.1,14.6,0,48472.31,36,46.95652,35.32513,1502
7/7/2025,23.8,0,24.4,1005.2,51961.56,0,0,40,1005.2,848,31.9,15.9,1,48138.96,36,46.95652,35.32513,1502
7/8/2025,24.9,0,17.6,1004.6,51913.68,0,0,41,1004.6,848,32.9,16.9,9,47057.46,38,46.95652,35.32513,1502
7/9/2025,26.1,0,11.8,1003.5,51862.86,0,0,36,1003.5,847.7,33.6,17.5,13,45396.24,34,46.95652,35.32513,1502
7/10/2025,26.7,0,11.9,1004,51809.2,0,0,37,1004,848.4,33.4,18.4,12,45793.18,44,46.95652,35.32513,1502
7/11/2025,28.1,0,10,1005.2,51752.8,0,0,33,1005.2,850,35.8,18.7,4,47284.68,49,46.95652,35.32513,1502
7/12/2025,29.7,0,17.5,1007.3,51693.74,0,0,31,1007.3,852.6,37.3,20.1,10,46675.36,48,46.95652,35.32513,1502
7/13/2025,29.5,0,13.5,1008.6,51632.13,0,0,30,1008.6,853.6,35.6,21.4,41,43769.91,34,46.95652,35.32513,1502
7/14/2025,29.1,0,13.6,1006.9,51568.05,0,0,28,1006.9,851.9,34.9,22.1,37,42002.43,37,46.95652,35.32513,1502
7/15/2025,26.5,2,15.6,1006.5,51501.6,2,0,37,1006.5,850.4,34.8,20.2,40,41358.46,284,46.95652,35.32513,1502
7/16/2025,26.8,0,8.2,1006.5,51432.88,0,0,35,1006.5,850.5,33.9,19.2,23,45892.36,240,46.95652,35.32513,1502
7/17/2025,26.5,0,14.8,1008.2,51361.96,0,0,26,1008.2,851.8,35.1,18.3,0,47036,269,46.95652,35.32513,1502
7/18/2025,28.1,0,14.9,1006.1,51288.96,0,0,24,1006.1,850.8,36.5,17.4,0,46878.6,285,46.95652,35.32513,1502
7/19/2025,28.7,0,16.5,1004.1,51213.95,0,0,23,1004.1,849.3,38.3,19,0,46857.08,255,46.95652,35.32513,1502
7/20/2025,29.4,0,20.5,1002.7,51137.03,0,0,21,1002.7,848.5,39.1,19.7,0,46701.45,229,46.95652,35.32513,1502
7/21/2025,29.9,0,20,1003.8,51058.29,0,0,20,1003.8,849.6,39.1,20.4,5,45987.35,231,46.95652,35.32513,1502
7/22/2025,30,0,19.9,1003.7,50977.8,0,0,17,1003.7,849.6,38.7,20.7,18,37689.17,280,46.95652,35.32513,1502
7/23/2025,30.3,0,12,1001.7,50895.68,0,0,16,1001.7,848.1,39.5,20.7,7,45552.92,337,46.95652,35.32513,1502
7/24/2025,29.7,0,15.6,1001.6,50811.99,0,0,12,1001.6,847.7,38.2,19.8,0,46218.02,48,46.95652,35.32513,1502
7/25/2025,30.3,0,15.4,1001.9,50726.82,0,0,14,1001.9,848.2,38.9,19.6,46,37471.18,130,46.95652,35.32513,1502
7/26/2025,29.9,0,14.5,1004.3,50640.12,0,0,17,1004.3,850.1,37.6,20.2,44,34851.51,26,46.95652,35.32513,1502
7/27/2025,29.9,0,10.6,1005.1,50551.16,0,0,22,1005.1,850.8,36.5,21,44,41095.59,40,46.95652,35.32513,1502
7/28/2025,30,0,9.2,1003.7,50459.91,0,0,20,1003.7,849.6,37.3,21.1,31,36594.06,90,46.95652,35.32513,1502
7/29/2025,30,0,12.6,1004.6,50366.51,0,0,18,1004.6,850.4,37.2,21.8,39,29211.49,3,46.95652,35.32513,1502
7/30/2025,30.1,0,14.6,1005.8,50271.06,0,0,20,1005.8,851.5,37.7,21.6,28,44159.53,271,46.95652,35.32513,1502
7/31/2025,30.1,0,16.2,1004.3,50173.68,0,0,24,1004.3,850.2,37.5,21.3,21,34958.88,46,46.95652,35.32513,1502
8/1/2025,30.3,0,11.5,1003.9,50074.48,0,0,23,1003.9,849.9,38.2,21.6,30,38825.1,61,46.95652,35.32513,1502
8/2/2025,30.3,0,12.9,1005.5,49973.59,0,0,22,1005.5,851.3,37.7,21.7,24,40644.89,181,46.95652,35.32513,1502
8/3/2025,30.5,0,16.9,1005.8,49871.11,0,0,23,1005.8,851.6,38.9,21.7,25,40427.96,272,46.95652,35.32513,1502
8/4/2025,30.7,0,9.7,1007,49767.13,0,0,18,1007,852.7,39.7,20.4,26,43043.77,356,46.95652,35.32513,1502
8/5/2025,30.9,0,14.4,1007.5,49661.79,0,0,16,1007.5,853.2,40.1,21.2,33,37542.91,18,46.95652,35.32513,1502
8/6/2025,30.9,0,8.8,1007.3,49555.17,0,0,17,1007.3,853.1,38.8,21.2,33,38286.54,265,46.95652,35.32513,1502
8/7/2025,30.4,0,17.7,1007,49447.39,0,0,17,1007,852.7,37.9,21.6,52,27563.85,3,46.95652,35.32513,1502
8/8/2025,30.8,0,17.5,1007.4,49338.54,0,0,16,1007.4,853.1,37.2,22.5,75,41799.03,326,46.95652,35.32513,1502
8/9/2025,29.6,0,16.8,1009.3,49228.71,0,0,16,1009.3,854.2,37.7,20.5,33,43526.2,155,46.95652,35.32513,1502
8/10/2025,28.8,0,12.6,1008.3,49118.02,0,0,17,1008.3,853,38,20.5,25,38367.95,171,46.95652,35.32513,1502
8/11/2025,28.2,0,15.8,1008.5,49006.56,0,0,16,1008.5,852.8,37.2,19.7,12,43530.31,203,46.95652,35.32513,1502
8/12/2025,27.8,0,13.5,1009.2,48894.42,0,0,16,1009.2,853.3,36.9,19.2,0,43423.88,288,46.95652,35.32513,1502
8/13/2025,28.6,0,17.5,1009,48781.68,0,0,20,1009,853.5,36.8,18.9,0,43427.07,32,46.95652,35.32513,1502
8/14/2025,28.5,0,13.2,1008.3,48668.45,0,0,32,1008.3,852.8,36.6,20.1,16,42297.47,44,46.95652,35.32513,1502
8/15/2025,28.8,0,15,1004.9,48554.66,0,0,29,1004.9,850.1,37.4,20.7,25,39312.3,319,46.95652,35.32513,1502
8/16/2025,27.9,0,18.7,1003.8,48439.45,0,0,22,1003.8,848.8,37.1,19.5,0,43235.34,213,46.95652,35.32513,1502
8/17/2025,27.5,0,11.1,1006.2,48322.79,0,0,14,1006.2,850.5,37,18.2,0,43338.84,261,46.95652,35.32513,1502
8/18/2025,28.5,0,12.2,1006.6,48204.78,0,0,23,1006.6,851.3,38.9,17.4,0,43247.25,195,46.95652,35.32513,1502
8/19/2025,30,0,13.3,1004.4,48085.51,0,0,15,1004.4,850.2,39.9,20.8,0,43252.73,167,46.95652,35.32513,1502
8/20/2025,29.6,0,18.4,1003,47965.1,0,0,21,1003,848.8,39.5,20.8,0,43200,213,46.95652,35.32513,1502
8/21/2025,28.2,0,24,1004.2,47843.64,0,0,22,1004.2,849.2,37.6,19.2,0,43200,211,46.95652,35.32513,1502
8/22/2025,27.7,0,12.1,1005.9,47721.24,0,0,19,1005.9,850.4,36.5,18.6,0,43200,207,46.95652,35.32513,1502
8/23/2025,27.3,0,14.2,1004.9,47597.98,0,0,24,1004.9,849.4,36.4,17.8,0,43200,37,46.95652,35.32513,1502
8/24/2025,28.3,0,13.2,1004.9,47473.98,0,0,20,1004.9,849.9,37.3,18.4,0,43200,80,46.95652,35.32513,1502
8/25/2025,28.8,0,12.6,1005.3,47349.3,0,0,17,1005.3,850.4,39,18.9,0,43200,229,46.95652,35.32513,1502
8/26/2025,29.2,0,14.4,1006,47224.06,0,0,17,1006,851.2,39.4,19,0,43200,263,46.95652,35.32513,1502
8/27/2025,28.3,0,12.3,1007.4,47098.34,0,0,13,1007.4,851.9,37.9,19,0,43200,40,46.95652,35.32513,1502
8/28/2025,27.3,0,10.2,1009.1,46972.22,0,0,14,1009.1,852.9,37.1,16.8,0,43178.28,13,46.95652,35.32513,1502
8/29/2025,27.3,0,11.6,1010.3,46845.79,0,0,19,1010.3,853.9,36,17.6,0,43098.98,50,46.95652,35.32513,1502
8/30/2025,27,0,12,1010.9,46719.15,0,0,21,1010.9,854.3,35.4,18.1,0,43019.29,32,46.95652,35.32513,1502
8/31/2025,26.9,0,10.8,1009.1,46592.37,0,0,18,1009.1,852.8,35.5,17.8,3,42939.32,3,46.95652,35.32513,1502
9/1/2025,27,0,8.5,1005.6,46465.53,0,0,17,1005.6,849.8,35.4,17.2,0,42859.12,16,46.95652,35.32513,1502
9/2/2025,26,0,14.6,1004.4,46338.73,0,0,21,1004.4,848.4,34.3,17.6,4,42778.8,39,46.95652,35.32513,1502
9/3/2025,25.9,0,13.4,1004.8,46212.03,0,0,22,1004.8,848.6,34.9,16.7,20,35426.84,205,46.95652,35.32513,1502
9/4/2025,25.1,0,16.2,1008,46085.38,0,0,27,1008,850.9,34.1,16.7,0,42617.81,219,46.95652,35.32513,1502
9/5/2025,24,0,14.3,1011.7,45957.88,0,0,24,1011.7,853.5,33.9,15.6,0,42536.14,257,46.95652,35.32513,1502
9/6/2025,23.4,0,14.6,1012.2,45829.5,0,0,21,1012.2,853.7,33.4,15.1,0,42453.42,261,46.95652,35.32513,1502
9/7/2025,24.1,0,13.9,1010.1,45700.3,0,0,19,1010.1,852.2,34.3,14.4,0,42369.74,291,46.95652,35.32513,1502
9/8/2025,24.3,0,9.4,1008.9,45570.38,0,0,20,1008.9,851.3,33.7,14.9,0,42285.2,359,46.95652,35.32513,1502
9/9/2025,24.2,0,14,1009.8,45439.84,0,0,21,1009.8,852,34.4,16,0,42199.9,271,46.95652,35.32513,1502
9/10/2025,22.8,0,15.5,1010.8,45308.73,0,0,25,1010.8,852.3,32.1,14.1,0,42113.94,265,46.95652,35.32513,1502
9/11/2025,21.9,0,16.4,1009.7,45177.17,0,0,26,1009.7,850.8,31,14.1,0,42027.42,246,46.95652,35.32513,1502
9/12/2025,20.7,0,12.4,1011.7,45045.22,0,0,24,1011.7,852,28.8,13.2,0,41940.43,291,46.95652,35.32513,1502
9/13/2025,21.7,0,10.5,1011.9,44912.97,0,0,24,1011.9,852.6,30.7,12.3,0,41853.07,8,46.95652,35.32513,1502
9/14/2025,22.2,0,11.8,1013.2,44780.51,0,0,31,1013.2,853.9,32.2,13,0,41765.43,351,46.95652,35.32513,1502
9/15/2025,21.4,0,11.5,1013.9,44647.91,0,0,35,1013.9,854.1,30.2,12.8,0,41536.43,39,46.95652,35.32513,1502
9/16/2025,21.6,0,14.1,1011.9,44515.25,0,0,29,1011.9,852.6,31.2,12.5,0,41369.97,306,46.95652,35.32513,1502
9/17/2025,22,0,15.1,1012.3,44382.6,0,0,24,1012.3,853.1,31.2,14.5,0,41054.2,273,46.95652,35.32513,1502
9/18/2025,23.5,0,19.8,1010.1,44250.07,0,0,23,1010.1,851.9,32.8,13.7,10,40268.97,252,46.95652,35.32513,1502
9/19/2025,21.8,0,21.1,1008,44117.71,0,0,34,1008,849.4,29.5,14.6,0,40453.7,223,46.95652,35.32513,1502
9/20/2025,18.6,0,13.7,1010.1,43985.61,0,0,25,1010.1,849.6,27,11.4,0,40396.16,271,46.95652,35.32513,1502
9/21/2025,17.4,0,13.5,1011.5,43853.84,0,0,24,1011.5,850.2,27,9.2,0,40226.7,270,46.95652,35.32513,1502
9/22/2025,15.9,0,16.7,1016.8,43722.5,0,0,44,1016.8,853.9,23.2,8,0,39851.09,30,46.95652,35.32513,1502
9/23/2025,16.2,0,10.5,1017.3,43591.65,0,0,41,1017.3,854.4,23.9,8.2,0,39801.12,31,46.95652,35.32513,1502
9/24/2025,16.7,0,11.4,1014.3,43461.21,0,0,33,1014.3,852.2,25.7,8.5,0,39651.27,338,46.95652,35.32513,1502
9/25/2025,17,0,11.6,1011,43330.29,0,0,21,1011,849.6,26.2,6.7,3,39507.44,31,46.95652,35.32513,1502
9/26/2025,18.7,0,11.7,1010.8,43198.8,0,0,22,1010.8,850.3,27.7,9.8,32,39193.04,196,46.95652,35.32513,1502
9/27/2025,18.8,0,13.6,1014.8,43066.84,0,0,25,1014.8,853.6,27.4,11.1,10,39156.25,215,46.95652,35.32513,1502
9/28/2025,18.2,0,13.1,1017.7,42934.5,0,0,28,1017.7,855.8,27.2,10.7,0,39117.51,262,46.95652,35.32513,1502
9/29/2025,19,0,10.2,1015.3,42801.84,0,0,25,1015.3,854.1,29.8,10.1,0,39003.3,312,46.95652,35.32513,1502
9/30/2025,18.8,0,15.6,1011.2,42668.98,0,0,24,1011.2,850.6,29.2,9.8,0,38946.89,287,46.95652,35.32513,1502
10/1/2025,19,0,11.8,1009.8,42535.98,0,0,30,1009.8,849.5,28.4,10.5,0,38899.27,352,46.95652,35.32513,1502
10/2/2025,18.3,0,12.5,1011.8,42402.95,0,0,36,1011.8,850.8,28.7,8.8,0,38851.34,7,46.95652,35.32513,1502
10/3/2025,18.5,0,11.1,1015.8,42269.95,0,0,33,1015.8,854.3,29.1,9,0,38803.08,226,46.95652,35.32513,1502
10/4/2025,19.8,0,8.4,1017.7,42137.08,0,0,20,1017.7,856.6,29.8,11.6,0,38754.48,6,46.95652,35.32513,1502
10/5/2025,19.5,0,11.8,1015.5,42004.43,0,0,20,1015.5,854.5,30,9.4,0,38705.51,331,46.95652,35.32513,1502
10/6/2025,19.6,0,14.2,1013.9,41872.09,0,0,18,1013.9,853.3,30.2,10.4,0,38656.18,154,46.95652,35.32513,1502
10/7/2025,19.4,0,12.6,1014.7,41740.14,0,0,18,1014.7,853.8,29.3,12.4,0,38606.46,155,46.95652,35.32513,1502
10/8/2025,19.3,0,8.6,1015.3,41608.68,0,0,22,1015.3,854.3,29,11.4,0,38556.35,159,46.95652,35.32513,1502
10/9/2025,18.8,0,12.4,1016.4,41477.78,0,0,27,1016.4,855,28.1,11.5,0,38505.83,213,46.95652,35.32513,1502
10/10/2025,16.1,0,15.7,1016.9,41347.56,0,0,41,1016.9,854,23.6,8.8,0,38373.64,259,46.95652,35.32513,1502
10/11/2025,14.6,0,16,1015.1,41218.1,0,0,38,1015.1,851.8,24.5,6.9,0,38240.21,255,46.95652,35.32513,1502
10/12/2025,16.3,0,14.8,1014.8,41089.49,0,0,24,1014.8,852.4,25.6,7.3,1,38107.48,219,46.95652,35.32513,1502
10/13/2025,17.1,0.1,26.6,1014.9,40961.83,0.1,0,34,1014.9,852.8,25.7,8.2,4,37975.53,204,46.95652,35.32513,1502
10/14/2025,15.7,0,11.2,1017.6,40835.03,0,0,37,1017.6,854.4,26.9,7,0,37844.24,213,46.95652,35.32513,1502
10/15/2025,15.4,0,13.4,1016.7,40708.11,0,0,25,1016.7,853.5,25.9,8.3,0,37712.61,246,46.95652,35.32513,1502
10/16/2025,15.3,0,15.5,1018.1,40580.99,0,0,27,1018.1,854.6,25.7,7.8,0,37580.57,248,46.95652,35.32513,1502
10/17/2025,14.8,0,14.4,1021.3,40453.75,0,0,36,1021.3,857,24.2,7.1,27,37448.22,261,46.95652,35.32513,1502
10/18/2025,15.2,0,16.6,1019.9,40326.52,0,0,38,1019.9,856.1,24.5,7.4,5,37263.97,293,46.95652,35.32513,1502
10/19/2025,15.9,0,15.5,1016.1,40199.39,0,0,36,1016.1,853.3,23.9,9.5,6,36914.14,249,46.95652,35.32513,1502
10/20/2025,14.5,0,16.3,1014.7,40072.47,0,0,39,1014.7,851.4,23.8,7.9,41,36823.92,240,46.95652,35.32513,1502
10/21/2025,14.1,0,16.4,1017.7,39945.85,0,0,52,1017.7,853.7,22.4,6.3,28,36484.38,252,46.95652,35.32513,1502
10/22/2025,14,0,15.3,1021,39819.65,0,0,51,1021,856.4,22.2,7.2,2,36274.75,248,46.95652,35.32513,1502
10/23/2025,14.3,0,16.1,1020.3,39693.98,0,0,45,1020.3,856,22.4,7.7,6,36068.96,259,46.95652,35.32513,1502
10/24/2025,14.6,0,17.6,1018.7,39568.95,0,0,41,1018.7,854.9,23.5,7.5,24,35985.01,269,46.95652,35.32513,1502
10/25/2025,15.2,0.2,13.4,1016.3,39444.68,0.2,0,37,1016.3,853.1,23.3,8.5,8,35785.41,247,46.95652,35.32513,1502
10/26/2025,14.1,0,18.1,1015.7,39321.26,0,0,46,1015.7,852,22.4,7.4,16,35703.29,241,46.95652,35.32513,1502
10/27/2025,13.4,0,13.3,1018.4,39198.84,0,0,60,1018.4,853.9,22.6,5.8,0,35510.71,297,46.95652,35.32513,1502
10/28/2025,14,0,9.8,1018,39077.5,0,0,44,1018,853.9,25.3,6.4,0,35430.93,259,46.95652,35.32513,1502
10/29/2025,14.8,0,17.1,1017.3,38957.39,0,0,34,1017.3,853.7,23.4,7.4,15,35246.29,276,46.95652,35.32513,1502
10/30/2025,13.9,0,12.5,1018,38838.62,0,0,32,1018,853.8,23.5,6,0,35067.45,278,46.95652,35.32513,1502
10/31/2025,12.3,0,6.7,1020.8,38721.34,0,0,32,1020.8,855.4,22.1,3,0,34894.74,333,46.95652,35.32513,1502
11/1/2025,12,0,9.3,1019.6,38605.63,0,0,24,1019.6,854.2,23.1,4.4,0,34824.41,257,46.95652,35.32513,1502
11/2/2025,11.2,0,8.5,1020.2,38491.66,0,0,18,1020.2,854.2,22.1,4.5,0,34661.95,278,46.95652,35.32513,1502
11/3/2025,10.5,0,9.7,1023.5,38379.34,0,0,26,1023.5,856.7,20.1,3.4,2,34515.02,21,46.95652,35.32513,1502
11/4/2025,10.2,0,5.5,1022,38267.63,0,0,32,1022,855.2,20.5,1.3,0,34400.77,358,46.95652,35.32513,1502
11/5/2025,10.7,0,7.9,1021.4,38156.45,0,0,36,1021.4,855,21.9,1.5,32,33974.35,315,46.95652,35.32513,1502
11/6/2025,11.8,0,8.4,1020.6,38045.89,0,0,32,1020.6,854.9,21.2,5.1,0,33841.97,328,46.95652,35.32513,1502
11/7/2025,11.8,0,5.6,1022.4,37936.1,0,0,31,1022.4,856.5,21.5,3.9,9,33712.29,328,46.95652,35.32513,1502
11/8/2025,12,0,5.6,1024.3,37827.18,0,0,34,1024.3,858.1,20.9,5.1,13,33445.12,348,46.95652,35.32513,1502
11/9/2025,11.6,0,6.3,1023.9,37719.27,0,0,34,1023.9,857.6,20.5,4.5,1,33437.26,346,46.95652,35.32513,1502
11/10/2025,10.9,0,6.4,1022.2,37612.47,0,0,33,1022.2,855.8,20.2,3.5,7,33322.47,9,46.95652,35.32513,1502
11/11/2025,10.8,0,11.3,1021.3,37506.93,0,0,28,1021.3,854.9,20,3.4,28,33313.44,147,46.95652,35.32513,1502
11/12/2025,10.2,0,13.7,1022.5,37402.77,0,0,29,1022.5,855.7,19.2,4.4,28,33162.16,172,46.95652,35.32513,1502
11/13/2025,10.4,0,8.7,1023.8,37300.12,0,0,31,1023.8,856.8,17.5,3.4,76,32467.46,164,46.95652,35.32513,1502
11/14/2025,11.2,0,14.6,1020.1,37199.11,0,0,30,1020.1,854.2,17.7,5.6,67,33044.51,171,46.95652,35.32513,1502
11/15/2025,9.2,7.9,15.7,1019.6,37099.89,7.9,0,72,1019.6,852.7,11.5,7.3,100,0,165,46.95652,35.32513,1502
11/16/2025,9.5,0.7,20.3,1022.1,37002.59,0.7,0,74,1022.1,855.1,14.8,4.8,57,25282.45,182,46.95652,35.32513,1502
11/17/2025,6.6,4.7,12.2,1026.8,36907.34,4.7,0,76,1026.8,857.4,13.4,1.9,35,18667.86,275,46.95652,35.32513,1502
11/18/2025,6.6,0,4.4,1027.3,36814.29,0,0,56,1027.3,857.8,15.4,-0.1,27,32832.97,341,46.95652,35.32513,1502
11/19/2025,6.3,0,5.6,1025.9,36723.59,0,0,54,1025.9,856.4,16.1,-0.7,8,32826.94,335,46.95652,35.32513,1502
11/20/2025,5.9,0,7.3,1027.4,36635.39,0,0,54,1027.4,857.5,16.4,-0.9,0,32820.78,353,46.95652,35.32513,1502
11/21/2025,6.1,0,6.4,1029.5,36549.81,0,0,48,1029.5,859.3,17.3,-0.9,0,32701.57,341,46.95652,35.32513,1502
11/22/2025,6.6,0,6,1029.2,36467.03,0,0,41,1029.2,859.3,17.9,-0.6,0,32636.87,331,46.95652,35.32513,1502
11/23/2025,7.3,0,6,1026.2,36387.02,0,0,32,1026.2,857.2,17.9,0.4,0,32572.96,326,46.95652,35.32513,1502
11/24/2025,7,0,4.3,1023.6,36308.87,0,0,35,1023.6,854.9,15.9,0.5,0,32509.22,342,46.95652,35.32513,1502
11/25/2025,6.5,0,7.5,1022.7,36232.51,0,0,35,1022.7,853.9,14.3,1.6,33,32228.03,145,46.95652,35.32513,1502
11/26/2025,5.8,11.2,8.2,1022.4,36158.05,1.5,6.79,58,1022.4,853.2,14.8,-0.6,78,26974.12,235,46.95652,35.32513,1502
11/27/2025,6.5,0,9.6,1022.8,36085.58,0,0,68,1022.8,854,14.4,0.5,19,32109.4,16,46.95652,35.32513,1502
11/28/2025,5.8,0,5.4,1024.3,36015.2,0,0,60,1024.3,854.8,14.7,-0.1,0,32118.5,345,46.95652,35.32513,1502
11/29/2025,5,0,6.9,1022.6,35947.01,0,0,59,1022.6,853,14.2,0.2,37,31504.28,238,46.95652,35.32513,1502
11/30/2025,7.3,0,8,1020.3,35881.11,0,0,61,1020.3,852.3,16,2.3,55,31830.23,186,46.95652,35.32513,1502
12/1/2025,7.9,0,14.9,1018.7,35817.6,0,0,70,1018.7,851.3,15.7,2.1,24,30067.02,191,46.95652,35.32513,1502
12/2/2025,5.8,0,12.7,1019.5,35756.58,0,0,72,1019.5,850.8,14.9,-0.7,30,31881.49,270,46.95652,35.32513,1502
12/3/2025,4.2,0,6.9,1022.6,35698.16,0,0,63,1022.6,852.5,12.2,-0.8,4,31824.26,9,46.95652,35.32513,1502
12/4/2025,4.1,0,5,1023.7,35642.43,0,0,51,1023.7,853.4,11.2,-1.7,55,31602.1,343,46.95652,35.32513,1502
12/5/2025,4.3,0,8.4,1023.7,35589.51,0,0,63,1023.7,853.5,13,-0.2,51,28902.28,202,46.95652,35.32513,1502
12/6/2025,6.1,0,9.4,1023.7,35539.49,0,0,74,1023.7,854.5,14.1,1.9,59,21600,239,46.95652,35.32513,1502
12/7/2025,9.8,0.8,17.3,1021.4,35492.47,0.8,0,57,1021.4,854.6,15.7,3.2,86,27888.39,171,46.95652,35.32513,1502
12/8/2025,7.5,23.9,18.6,1021.5,35448.56,23.9,0,85,1021.5,853.5,11.1,5.9,100,0,172,46.95652,35.32513,1502
12/9/2025,8.1,31.9,18,1017.7,35407.86,29.9,1.4,86,1017.7,850.6,11.5,3.1,98,346.9,170,46.95652,35.32513,1502
12/10/2025,4.6,14.9,10.8,1018.1,35370.47,14.4,0.35,95,1018.1,849.1,6.5,3.5,98,0,164,46.95652,35.32513,1502
12/11/2025,4.3,7.2,7.8,1019.3,35336.5,4.9,1.61,90,1019.3,849.8,8.7,2.1,97,7760.4,207,46.95652,35.32513,1502
12/12/2025,3.8,0.4,6.8,1018.3,35306.04,0.4,0,84,1018.3,848.8,7.9,1.2,85,12317.91,171,46.95652,35.32513,1502
12/13/2025,4.2,2.7,10,1016.5,35279.11,2.7,0,86,1016.5,847.5,7.7,1.6,57,18000,208,46.95652,35.32513,1502
12/14/2025,3.4,0,7.3,1020.1,35255.38,0,0,76,1020.1,850,9.6,-0.2,44,25371.98,227,46.95652,35.32513,1502
12/15/2025,2.5,0,9.4,1018.7,35234.77,0,0,74,1018.7,848.4,8.6,-1.5,81,31082.9,189,46.95652,35.32513,1502
12/16/2025,3.3,3.9,7.8,1016.1,35217.31,0.6,2.31,78,1016.1,846.6,7.1,1.5,98,24023.27,15,46.95652,35.32513,1502
12/17/2025,2.4,2.4,22.5,1021.9,35202.98,0,1.68,68,1021.9,851,4.3,0.7,97,7589.38,43,46.95652,35.32513,1502
12/18/2025,2.1,0,17.5,1027.4,35191.79,0,0,67,1027.4,855.5,5.4,-0.9,73,25321.44,36,46.95652,35.32513,1502
12/19/2025,1.2,0,18.3,1023.2,35183.76,0,0,60,1023.2,851.4,6.8,-2.8,3,31265.89,29,46.95652,35.32513,1502
12/20/2025,0.9,0,8.2,1023.3,35178.86,0,0,60,1023.3,851.3,8.2,-3.8,1,31314.78,16,46.95652,35.32513,1502
12/21/2025,1.9,0,5.4,1024.8,35177.12,0,0,54,1024.8,853.1,9,-2.8,26,31290.09,166,46.95652,35.32513,1502
12/22/2025,2.3,0,8.6,1024,35178.52,0,0,54,1024,852.7,9.6,-2.4,53,30849.59,178,46.95652,35.32513,1502
12/23/2025,3.5,6.3,8.5,1022.2,35183.05,0,4.41,52,1022.2,851.9,9.6,-0.5,99,29724.28,174,46.95652,35.32513,1502
1/1/2023,3.7,0,18.4,1031.5,36381.14,0,0,66,1031.5,889.5,8.6,-0.9,13,32400,282,54.368233,31.880491,1217
1/2/2023,3.7,0,9,1033.8,36412.61,0,0,61,1033.8,891.5,8.7,-1.5,67,31666.38,94,54.368233,31.880491,1217
1/3/2023,4.1,0,11.5,1032.6,36446.9,0,0,52,1032.6,890.6,11,-2.2,0,32400,125,54.368233,31.880491,1217
1/4/2023,5.9,0.5,15,1024.3,36483.94,0.5,0,53,1024.3,884.3,12.9,-2.1,86,26532.31,142,54.368233,31.880491,1217
1/5/2023,6.9,2.1,20.6,1017.4,36523.65,2.1,0,75,1017.4,878.8,14.1,2.2,60,14292.43,193,54.368233,31.880491,1217
1/6/2023,4.9,0,12.3,1020.7,36565.95,0,0,83,1020.7,880.7,11.6,-0.7,35,27048.65,298,54.368233,31.880491,1217
1/7/2023,6.4,0,11.7,1017.8,36610.76,0,0,62,1017.8,878.9,13.2,0.6,0,32400,278,54.368233,31.880491,1217
1/8/2023,6.4,0,9.8,1018.7,36658,0,0,49,1018.7,879.8,12.2,1,5,32400,127,54.368233,31.880491,1217
1/9/2023,7,1.4,17.5,1019.8,36707.59,1.4,0,46,1019.8,880.9,12.1,2,66,27287.9,306,54.368233,31.880491,1217
1/10/2023,0.5,14.8,29.6,1026.6,36759.47,3.5,7.91,96,1026.6,883.8,2.7,-1.1,100,0,298,54.368233,31.880491,1217
1/11/2023,-0.2,0,20.5,1035.6,36813.54,0,0,63,1035.6,891.2,3,-4.6,87,21885.45,296,54.368233,31.880491,1217
1/12/2023,-1.9,0,10.1,1035.9,36869.73,0,0,61,1035.9,890.7,2.2,-5.2,0,32400,284,54.368233,31.880491,1217
1/13/2023,-1.4,0,8.7,1033.2,36927.95,0,0,66,1033.2,888.5,3.5,-5,0,32428.84,154,54.368233,31.880491,1217
1/14/2023,0.7,0,15,1029.5,36988.14,0,0,67,1029.5,886.4,6.9,-5.3,76,32400,126,54.368233,31.880491,1217
1/15/2023,2.6,0.1,19.2,1024.6,37050.22,0,0.07,77,1024.6,883,12.2,-2.8,16,32418.28,285,54.368233,31.880491,1217
1/16/2023,3.4,0,16.1,1023.9,37114.1,0,0,71,1023.9,882.8,11.4,-2.8,28,32411.89,300,54.368233,31.880491,1217
1/17/2023,1.5,21.6,29.1,1023.2,37179.71,1.8,13.86,85,1023.2,881.3,5,-0.5,100,0,303,54.368233,31.880491,1217
1/18/2023,-1.3,1.1,25.6,1026,37247.12,0,0.77,88,1026,882.4,3,-5.7,28,32567.73,253,54.368233,31.880491,1217
1/19/2023,0,0,10.6,1027.9,37317.07,0,0,76,1027.9,884.6,5.8,-6.9,0,32565.76,186,54.368233,31.880491,1217
1/20/2023,1.6,0,10.2,1028.9,37389.57,0,0,67,1028.9,886.3,6.4,-2.9,1,32654.7,201,54.368233,31.880491,1217
1/21/2023,2.3,0,9.4,1027.3,37464.48,0,0,56,1027.3,885.2,7.6,-2.7,0,32749.02,190,54.368233,31.880491,1217
1/22/2023,1.2,0,12.2,1029.5,37541.69,0,0,65,1029.5,886.6,5.9,-2.5,21,32400,300,54.368233,31.880491,1217
1/23/2023,0.7,0,11,1029.9,37621.06,0,0,61,1029.9,886.7,5.2,-3.1,8,32448.24,262,54.368233,31.880491,1217
1/24/2023,-0.2,0,11.6,1029.5,37702.46,0,0,57,1029.5,886,4.8,-5.8,5,32978.01,259,54.368233,31.880491,1217
1/25/2023,-0.7,0,11.2,1027.3,37785.79,0,0,61,1027.3,883.8,5.2,-5.5,6,33085.45,154,54.368233,31.880491,1217
1/26/2023,1.6,0,10.3,1024.7,37870.92,0,0,64,1024.7,882.6,7.8,-4.1,24,33075.11,178,54.368233,31.880491,1217
1/27/2023,1.1,0.8,18.2,1025,37957.71,0,0.56,79,1025,882.7,6,-2.1,49,32519.44,308,54.368233,31.880491,1217
1/28/2023,1.3,0,20.9,1022.7,38046.06,0,0,70,1022.7,880.8,6.3,-3,17,33201.19,109,54.368233,31.880491,1217
1/29/2023,6,0,22.7,1013.4,38135.85,0,0,44,1013.4,874.9,13.8,-1,35,33203.04,130,54.368233,31.880491,1217
1/30/2023,9,1,16.9,1013.2,38226.96,1,0,55,1013.2,876.1,15.9,3,64,18528.72,132,54.368233,31.880491,1217
1/31/2023,11.8,0.9,32.9,1008.3,38319.29,0.9,0,44,1008.3,873.2,18,5.1,84,30364.88,137,54.368233,31.880491,1217
2/1/2023,10.5,1.8,28.7,1010.1,38412.71,1.8,0,59,1010.1,874.1,14.8,4.3,82,21871.09,181,54.368233,31.880491,1217
2/2/2023,8.7,0,12.1,1014.3,38507.12,0,0,68,1014.3,876.9,15.2,3.5,10,33717.09,251,54.368233,31.880491,1217
2/3/2023,7.8,0,14.8,1018.6,38602.43,0,0,45,1018.6,880.3,14.6,2.5,11,34355.21,267,54.368233,31.880491,1217
2/4/2023,4.6,0,12.9,1018.1,38698.5,0,0,57,1018.1,878.3,11,-1.4,30,34235.91,302,54.368233,31.880491,1217
2/5/2023,6.5,0,12.7,1016.3,38795.25,0,0,40,1016.3,877.7,14.1,-0.6,15,34738.27,133,54.368233,31.880491,1217
2/6/2023,9.2,1,17.5,1014.4,38892.56,1,0,35,1014.4,877.3,16.8,1,99,21837.04,124,54.368233,31.880491,1217
2/7/2023,12.2,0,17.4,1008.5,38990.52,0,0,49,1008.5,873.5,18.7,6.4,69,30707.05,160,54.368233,31.880491,1217
2/8/2023,10.9,0,26.5,1009.6,39090.07,0,0,35,1009.6,873.8,19,3.8,4,35095.14,313,54.368233,31.880491,1217
2/9/2023,6.5,0,29.5,1017.3,39191.25,0,0,36,1017.3,878.6,12.2,1.5,5,35258.26,319,54.368233,31.880491,1217
2/10/2023,2.1,0,22.2,1027.7,39293.95,0,0,55,1027.7,885.5,5.4,0.2,68,26039.68,293,54.368233,31.880491,1217
2/11/2023,3.7,0,11.9,1026.5,39398.05,0,0,45,1026.5,885.2,9.9,-2.3,23,35371,217,54.368233,31.880491,1217
2/12/2023,4.2,0.3,25.6,1019.5,39503.45,0.3,0,55,1019.5,879.4,10.4,-0.2,93,25200,282,54.368233,31.880491,1217
2/13/2023,7.6,0.9,16,1018.8,39610.02,0.9,0,65,1018.8,880.3,16.1,-2.7,99,19523.87,267,54.368233,31.880491,1217
2/14/2023,6.3,1.7,22.3,1018,39717.64,1.7,0,84,1018,879.1,9.4,2.8,100,1973.26,273,54.368233,31.880491,1217
2/15/2023,15.3,0,23,1008.3,39826.23,0,0,38,1008.3,874.6,22.2,5.6,98,32005.53,195,54.368233,31.880491,1217
2/16/2023,8.8,10,20.1,1016.1,39935.66,10,0,77,1016.1,878.6,12.5,4.4,100,103.59,270,54.368233,31.880491,1217
2/17/2023,6.1,0,17.7,1023.7,40045.84,0,0,76,1023.7,883.9,11.4,2.2,56,34036.2,281,54.368233,31.880491,1217
2/18/2023,5.6,0,15.3,1023.9,40156.64,0,0,67,1023.9,883.9,11.4,0.3,50,35198.48,276,54.368233,31.880491,1217
2/19/2023,7.9,0,15.4,1020.7,40268,0,0,45,1020.7,882.1,15.1,1.2,11,36684.55,191,54.368233,31.880491,1217
2/20/2023,10.2,0,16.5,1017.7,40379.77,0,0,32,1017.7,880.6,18,2.7,0,37139.43,144,54.368233,31.880491,1217
2/21/2023,12.3,0,30.5,1013.7,40491.89,0,0,28,1013.7,878,20.8,2,0,37470.88,264,54.368233,31.880491,1217
2/22/2023,13,0,20,1013.8,40604.25,0,0,30,1013.8,878.4,20.6,5.3,7,37536.71,135,54.368233,31.880491,1217
2/23/2023,15.3,0,19,1011.9,40716.74,0,0,29,1011.9,877.7,22.2,5.2,77,34537.24,188,54.368233,31.880491,1217
2/24/2023,14,0.5,18,1013.9,40829.28,0.5,0,45,1013.9,879,20.5,8.1,51,30089.31,229,54.368233,31.880491,1217
2/25/2023,11.5,0,20.1,1020.7,40941.78,0,0,53,1020.7,883.7,17.9,6.3,38,37864.77,297,54.368233,31.880491,1217
2/26/2023,13.3,0,17.6,1022.4,41054.12,0,0,42,1022.4,886,19.9,5.9,87,29271.78,324,54.368233,31.880491,1217
2/27/2023,13.7,0.1,16.8,1022.6,41166.41,0.1,0,42,1022.6,886.4,18.4,8.6,56,36099.28,303,54.368233,31.880491,1217
2/28/2023,11.8,0,15.7,1021.7,41279.54,0,0,48,1021.7,884.7,15.9,7.6,68,21030.29,181,54.368233,31.880491,1217
3/1/2023,12.1,0,14.7,1020,41393.59,0,0,36,1020,883.4,18.6,6.3,0,38503.7,110,54.368233,31.880491,1217
3/2/2023,13.5,0,16.3,1017.2,41508.46,0,0,34,1017.2,881.6,20.5,5.8,15,38622.06,137,54.368233,31.880491,1217
3/3/2023,15,0,12.2,1018.7,41624.08,0,0,26,1018.7,883.6,21.1,6.8,0,38741.05,129,54.368233,31.880491,1217
3/4/2023,15.9,0,15.5,1018,41740.36,0,0,19,1018,883.3,22.8,7.8,17,38860.55,130,54.368233,31.880491,1217
3/5/2023,18,0,27,1017.4,41857.2,0,0,20,1017.4,883.7,25.9,10.4,10,38980.5,52,54.368233,31.880491,1217
3/6/2023,17.7,0,13,1016.9,41974.52,0,0,18,1016.9,883.1,24.8,9.6,28,39100.78,119,54.368233,31.880491,1217
3/7/2023,18.8,0,25.3,1014.7,42092.23,0,0,28,1014.7,881.6,26,10.3,76,32033.1,233,54.368233,31.880491,1217
3/8/2023,17.1,0.9,27.5,1017.1,42210.25,0.9,0,49,1017.1,883,24.9,12.8,94,21153.57,165,54.368233,31.880491,1217
3/9/2023,17.5,0.4,22.2,1014.3,42328.51,0.4,0,58,1014.3,880.8,23.5,11.8,93,34743.59,128,54.368233,31.880491,1217
3/10/2023,14.4,8,24.3,1015,42446.91,8,0,66,1015,880,20.6,10.2,98,7237.2,136,54.368233,31.880491,1217
3/11/2023,13.6,0,14,1017.2,42565.37,0,0,59,1017.2,881.6,19.2,9.4,7,39485.32,213,54.368233,31.880491,1217
3/12/2023,15.9,0,18,1015.4,42683.81,0,0,41,1015.4,881.1,24,8.4,21,39561.85,128,54.368233,31.880491,1217
3/13/2023,17.1,3.7,16.7,1013.7,42802.15,3.7,0,42,1013.7,880.1,24,9.9,100,18430.1,146,54.368233,31.880491,1217
3/14/2023,14.4,1.5,16.5,1015.7,42920.31,1.5,0,71,1015.7,880.7,19,10.5,65,28630.53,34,54.368233,31.880491,1217
3/15/2023,14.7,0.5,18.7,1013.1,43038.21,0.5,0,69,1013.1,878.5,20.8,9.4,21,38462.07,130,54.368233,31.880491,1217
3/16/2023,17.3,0,18.6,1007.7,43155.76,0,0,47,1007.7,875,24.5,11,14,38606.51,266,54.368233,31.880491,1217
3/17/2023,15.6,0,15.8,1010.5,43272.88,0,0,38,1010.5,876.7,22.2,8.3,0,39600,274,54.368233,31.880491,1217
3/18/2023,16.5,0,17,1011.3,43389.49,0,0,27,1011.3,877.7,24,8.2,0,39600,293,54.368233,31.880491,1217
3/19/2023,17.4,0,18.4,1009.2,43505.67,0,0,23,1009.2,876.3,24.4,9.1,5,39600,282,54.368233,31.880491,1217
3/20/2023,18,0,22.7,1004.3,43622.25,0,0,20,1004.3,872.3,25,10.2,18,39600,22,54.368233,31.880491,1217
3/21/2023,17.9,0,24.2,1001,43739.3,0,0,21,1001,869.3,24,10.9,47,36000,190,54.368233,31.880491,1217
3/22/2023,12.5,1.2,33.2,1005.2,43856.76,1.2,0,35,1005.2,870.8,18,7.7,50,38269.62,297,54.368233,31.880491,1217
3/23/2023,9.2,0.2,27,1014.7,43974.54,0.2,0,58,1014.7,877.5,13.2,5.4,44,31539.95,306,54.368233,31.880491,1217
3/24/2023,12.7,0,16.1,1014.4,44092.58,0,0,42,1014.4,878.8,19,4.2,6,39600,313,54.368233,31.880491,1217
3/25/2023,15.9,0,14.5,1012.9,44210.79,0,0,32,1012.9,878.9,22.4,7.4,18,39600,310,54.368233,31.880491,1217
3/26/2023,19.2,0.5,20.1,1009.2,44329.11,0.5,0,27,1009.2,877.1,26.4,10.3,74,36899.98,142,54.368233,31.880491,1217
3/27/2023,16.8,0,17.7,1008.2,44447.46,0,0,45,1008.2,875.2,21.2,10.6,28,39600,192,54.368233,31.880491,1217
3/28/2023,16.6,0.1,20.3,1009.3,44565.76,0.1,0,37,1009.3,876.1,22,11.4,11,39600,313,54.368233,31.880491,1217
3/29/2023,18.1,0,10.1,1010.2,44683.94,0,0,31,1010.2,877.4,23.4,9.9,1,39600,200,54.368233,31.880491,1217
3/30/2023,19.9,0,16.9,1008.9,44801.92,0,0,19,1008.9,877.1,26.4,11.8,8,39617.83,69,54.368233,31.880491,1217
3/31/2023,21.1,0,24.2,1004,44919.62,0,0,19,1004,873.3,27.9,14.8,27,39604.21,190,54.368233,31.880491,1217
4/1/2023,18.4,0,32.5,1006,45036.98,0,0,20,1006,873.9,25.6,10.2,0,39694.48,274,54.368233,31.880491,1217
4/2/2023,14,0,35.4,1007.7,45153.9,0,0,11,1007.7,873.6,21.1,7.2,0,39790.44,302,54.368233,31.880491,1217
4/3/2023,14.3,0,14.8,1010.8,45270.3,0,0,15,1010.8,876.4,20.2,7.8,0,39891.75,313,54.368233,31.880491,1217
4/4/2023,15.7,0,25.1,1013.7,45386.12,0,0,20,1013.7,879.5,21.9,7.5,1,39884.05,308,54.368233,31.880491,1217
4/5/2023,18.4,0,15.6,1011.6,45501.27,0,0,19,1011.6,878.8,24.7,10.2,4,39992.33,119,54.368233,31.880491,1217
4/6/2023,20.4,0,19,1009.4,45615.67,0,0,14,1009.4,877.7,26.1,11.1,6,40105.22,302,54.368233,31.880491,1217
4/7/2023,20.9,0,23.5,1012.4,45729.23,0,0,15,1012.4,880.5,27,13.4,32,40100.28,312,54.368233,31.880491,1217
4/8/2023,20.7,0,23.3,1015,45842.01,0,0,17,1015,882.8,27,12.8,10,40219.14,318,54.368233,31.880491,1217
4/9/2023,21.1,0,23.9,1017.4,45954.8,0,0,14,1017.4,885,27.5,12.4,9,40341.95,312,54.368233,31.880491,1217
4/10/2023,22.2,0,19.8,1015.2,46067.7,0,0,15,1015.2,883.5,29,14.6,1,40339.19,123,54.368233,31.880491,1217
4/11/2023,24.2,0,23.9,1011.8,46180.61,0,0,15,1011.8,881.3,31,16.3,76,36949.53,147,54.368233,31.880491,1217
4/12/2023,24.4,0,23.1,1009.5,46293.47,0,0,18,1009.5,879.4,31,16,91,33441.63,159,54.368233,31.880491,1217
4/13/2023,23.1,0,25.5,1008.2,46406.18,0,0,28,1008.2,877.8,27.8,18.2,72,15918.58,164,54.368233,31.880491,1217
4/14/2023,21.2,0,38.2,1012.1,46518.7,0,0,24,1012.1,880.4,28.5,13.4,0,40812.2,332,54.368233,31.880491,1217
4/15/2023,18.9,0,22.3,1014,46630.91,0,0,19,1014,881.1,25,12.2,38,41085.04,298,54.368233,31.880491,1217
4/16/2023,18.4,0,24.5,1010.9,46742.76,0,0,20,1010.9,878.2,23.1,11.9,90,23934.9,290,54.368233,31.880491,1217
4/17/2023,18.3,0,31.8,1013.9,46854.16,0,0,23,1013.9,880.7,23.5,12.6,23,41075.55,292,54.368233,31.880491,1217
4/18/2023,18.4,0,21.7,1016.7,46965.02,0,0,23,1016.7,883.2,24.6,10.4,11,41476.98,301,54.368233,31.880491,1217
4/19/2023,20.6,0,20.3,1013.3,47075.25,0,0,21,1013.3,881.2,27.3,11.9,2,41474.95,80,54.368233,31.880491,1217
4/20/2023,22.9,0,17.6,1007.4,47184.8,0,0,17,1007.4,877,29,14.4,21,41614.27,123,54.368233,31.880491,1217
4/21/2023,23.6,0,28.2,1005.8,47293.55,0,0,21,1005.8,875.9,29.6,15.6,18,40674.75,142,54.368233,31.880491,1217
4/22/2023,23.8,0,20.1,1008.2,47401.42,0,0,23,1008.2,878,29.1,15.8,39,41777.02,210,54.368233,31.880491,1217
4/23/2023,23.3,0,25.2,1010.4,47508.33,0,0,26,1010.4,879.8,28.4,18.1,67,39298.25,195,54.368233,31.880491,1217
4/24/2023,22.9,0,32.1,1010.3,47614.17,0,0,30,1010.3,879.5,27.8,17.6,74,36493.79,106,54.368233,31.880491,1217
4/25/2023,22.8,0.4,29.3,1007.8,47718.86,0.4,0,33,1007.8,877.3,29.5,17,51,41138.92,143,54.368233,31.880491,1217
4/26/2023,21,1.5,24.3,1008.9,47822.3,1.5,0,43,1008.9,877.6,28.2,14.5,80,32226.74,337,54.368233,31.880491,1217
4/27/2023,16.7,5,13.9,1011.6,47924.4,5,0,63,1011.6,878.1,19.5,14.4,100,5275.94,304,54.368233,31.880491,1217
4/28/2023,17.5,4.7,29.5,1010.3,48025.19,4.7,0,64,1010.3,877.3,24,13.1,77,24083.24,133,54.368233,31.880491,1217
4/29/2023,19.9,0,18.9,1008.5,48125.44,0,0,49,1008.5,876.8,26,12.9,14,42871.42,117,54.368233,31.880491,1217
4/30/2023,22.4,0,16.5,1006.3,48225.21,0,0,33,1006.3,875.9,29.4,13.9,12,43517.56,91,54.368233,31.880491,1217
5/1/2023,22.9,0,22.5,1007.4,48324.41,0,0,21,1007.4,877,28.1,17.3,1,43837.76,306,54.368233,31.880491,1217
5/2/2023,23.9,0,22.6,1008.1,48422.97,0,0,17,1008.1,878,29.9,15.6,0,44025.95,316,54.368233,31.880491,1217
5/3/2023,22.6,0,24.5,1009.7,48520.8,0,0,12,1009.7,878.9,29.2,16.6,0,44215.66,311,54.368233,31.880491,1217
5/4/2023,21.7,0,40.6,1010.2,48617.82,0,0,18,1010.2,879,28.3,15.3,1,44225.63,305,54.368233,31.880491,1217
5/5/2023,18.2,0,32.7,1014.4,48713.94,0,0,15,1014.4,881.1,24.1,12.9,0,44366.15,309,54.368233,31.880491,1217
5/6/2023,21.8,0,17.1,1012.2,48809.07,0,0,10,1012.2,880.7,29.4,11.9,0,44367.57,134,54.368233,31.880491,1217
5/7/2023,25,0,20.4,1011,48903.13,0,0,9,1011,880.9,32.4,14.6,0,44368.76,118,54.368233,31.880491,1217
5/8/2023,27.2,0,24.8,1008,48996.02,0,0,10,1008,879.2,34.3,17.8,30,43650.43,76,54.368233,31.880491,1217
5/9/2023,27.5,0,26,1010.1,49087.65,0,0,16,1010.1,881.2,33,21.9,81,33759,288,54.368233,31.880491,1217
5/10/2023,23.6,0.5,27,1012,49177.93,0.5,0,36,1012,881.3,30.9,17.7,64,21074.38,159,54.368233,31.880491,1217
5/11/2023,25.4,0,17.7,1012.3,49266.77,0,0,25,1012.3,882.3,32.3,16.2,16,43928.91,313,54.368233,31.880491,1217
5/12/2023,26,0,21.4,1012.4,49354.05,0,0,16,1012.4,882.6,32.8,17.9,10,42775.45,319,54.368233,31.880491,1217
5/13/2023,28.2,0,16.3,1009.8,49439.7,0,0,10,1009.8,881.2,34.8,18.8,15,44371.11,54,54.368233,31.880491,1217
5/14/2023,28.4,0,32.7,1004.3,49523.59,0,0,9,1004.3,876.5,35.1,20.9,20,44646.61,269,54.368233,31.880491,1217
5/15/2023,25.9,0,39.5,1004.2,49605.64,0,0,13,1004.2,875.4,33.3,17.8,24,45129.8,313,54.368233,31.880491,1217
5/16/2023,22.1,0,28.7,1008.4,49685.75,0,0,25,1008.4,877.5,28.8,16.5,8,44828.5,297,54.368233,31.880491,1217
5/17/2023,22.2,0,20.8,1010.5,49763.8,0,0,19,1010.5,879.4,28.9,13.8,16,45138.81,2,54.368233,31.880491,1217
5/18/2023,26.5,0,22.1,1010.1,49839.82,0,0,11,1010.1,880.8,32.8,18.6,48,44367.7,336,54.368233,31.880491,1217
5/19/2023,27.2,0,25.5,1010,49914.42,0,0,19,1010,881,34,20.2,94,33675.53,118,54.368233,31.880491,1217
5/20/2023,25,0.1,16.6,1009.2,49987.65,0.1,0,36,1009.2,879.4,29.9,19,67,44236.46,228,54.368233,31.880491,1217
5/21/2023,25.3,0,19.9,1010.2,50059.45,0,0,35,1010.2,880.4,30.8,20.8,83,33496.67,73,54.368233,31.880491,1217
5/22/2023,26.9,0,16.2,1010.3,50129.74,0,0,23,1010.3,881.1,32.6,19.5,64,43200,59,54.368233,31.880491,1217
5/23/2023,28.2,0,18.9,1011.7,50198.45,0,0,17,1011.7,882.9,33.6,20.2,7,45319.99,297,54.368233,31.880491,1217
5/24/2023,28.8,0,28.8,1011.2,50265.51,0,0,17,1011.2,882.7,35,21.2,44,43200,254,54.368233,31.880491,1217
5/25/2023,29.4,0,29.5,1009.4,50330.84,0,0,18,1009.4,881.3,35.1,23.1,86,34239.59,180,54.368233,31.880491,1217
5/26/2023,29.1,0,27,1007.6,50394.37,0,0,22,1007.6,879.6,34.9,22.9,77,41735.66,134,54.368233,31.880491,1217
5/27/2023,27,0,33.7,1008.4,50456.01,0,0,26,1008.4,879.6,32.4,21.6,24,42844.36,309,54.368233,31.880491,1217
5/28/2023,28.8,0,16.2,1008.8,50515.71,0,0,18,1008.8,880.6,34.5,21.6,29,45665.12,306,54.368233,31.880491,1217
5/29/2023,31.2,0,22.5,1008.6,50573.38,0,0,13,1008.6,881.4,36.9,23.8,7,45669.32,131,54.368233,31.880491,1217
5/30/2023,32.4,0,20.9,1007.1,50628.93,0,0,13,1007.1,880.5,37.6,25.1,94,43677.69,137,54.368233,31.880491,1217
5/31/2023,31.6,0.2,38,1005.6,50682.3,0.2,0,17,1005.6,878.8,37.7,25.2,67,37303.38,310,54.368233,31.880491,1217
6/1/2023,30.3,0,18.2,1005.6,50733.42,0,0,22,1005.6,878.4,35.7,24.6,25,44001.41,299,54.368233,31.880491,1217
6/2/2023,30,0,27.5,1007.4,50782.2,0,0,17,1007.4,879.8,36.2,24.4,11,45851.96,306,54.368233,31.880491,1217
6/3/2023,30.7,0,18.2,1007.2,50828.55,0,0,16,1007.2,879.9,36.8,22,15,44839.39,322,54.368233,31.880491,1217
6/4/2023,31.2,0,17.1,1006.5,50872.42,0,0,15,1006.5,879.5,37,23.8,61,43988.27,319,54.368233,31.880491,1217
6/5/2023,31.6,0,16.4,1005.9,50913.72,0,0,15,1005.9,879.1,37.9,23.9,41,43813.29,181,54.368233,31.880491,1217
6/6/2023,31.6,0,24,1006,50952.37,0,0,16,1006,879.2,37.5,24.1,40,45864.55,313,54.368233,31.880491,1217
6/7/2023,29.5,0.1,27.7,1007.4,50988.35,0.1,0,24,1007.4,879.6,34.8,23.4,70,35607.09,315,54.368233,31.880491,1217
6/8/2023,26.8,0.4,39,1009.8,51021.98,0.4,0,34,1009.8,880.6,32,21.1,80,41182.11,320,54.368233,31.880491,1217
6/9/2023,25.8,0.1,23.3,1009.4,51053.29,0.1,0,38,1009.4,880,31.2,19.4,10,45956.96,308,54.368233,31.880491,1217
6/10/2023,28.4,0,18.6,1005.5,51082.26,0,0,27,1005.5,877.5,33.8,21.7,14,46090.48,309,54.368233,31.880491,1217
6/11/2023,30.1,0,27.6,1004,51108.87,0,0,24,1004,876.9,36.6,23.5,21,45723.92,316,54.368233,31.880491,1217
6/12/2023,30.6,0,19.5,1003.2,51133.08,0,0,20,1003.2,876.4,36.5,22.5,5,46519.35,354,54.368233,31.880491,1217
6/13/2023,32.4,0,25.9,1001.1,51154.91,0,0,14,1001.1,875.2,38,26.2,10,45992.71,124,54.368233,31.880491,1217
6/14/2023,33.6,0,21.8,999.2,51174.3,0,0,11,999.2,874.1,40.1,26,12,44822.22,88,54.368233,31.880491,1217
6/15/2023,33.3,0,22.5,997.9,51191.26,0,0,11,997.9,872.8,39.7,26.6,13,46582.51,313,54.368233,31.880491,1217
6/16/2023,34,0,24.2,995.6,51205.76,0,0,10,995.6,871,40.4,25.1,14,43212.75,301,54.368233,31.880491,1217
6/17/2023,33.1,0,20.7,997.9,51217.79,0,0,11,997.9,872.8,40.2,26.8,0,46800,301,54.368233,31.880491,1217
6/18/2023,33.5,0,20.6,1000.6,51227.32,0,0,13,1000.6,875.2,39.7,26.2,0,46800,320,54.368233,31.880491,1217
6/19/2023,34.8,0,15.9,1000.1,51234.36,0,0,12,1000.1,875.3,41.5,25.5,29,43460.23,271,54.368233,31.880491,1217
6/20/2023,34.9,0,21.6,999.3,51238.88,0,0,10,999.3,874.6,40.9,26.8,39,45817.25,302,54.368233,31.880491,1217
6/21/2023,35.2,0,24.7,999.3,51240.88,0,0,9,999.3,874.7,42,27.9,18,43599.42,302,54.368233,31.880491,1217
6/22/2023,34.2,0,27.5,1001.2,51240.33,0,0,15,1001.2,876,40.5,28,14,46564.76,304,54.368233,31.880491,1217
6/23/2023,34.4,0,30.6,1001.2,51237.24,0,0,16,1001.2,876.1,41.2,26.5,36,41264.69,294,54.368233,31.880491,1217
6/24/2023,32.8,0,32.8,1001.1,51231.58,0,0,18,1001.1,875.4,39,26.8,29,40769.39,306,54.368233,31.880491,1217
6/25/2023,30.6,0,35,1001.7,51223.36,0,0,21,1001.7,875.1,36,25,0,46800,302,54.368233,31.880491,1217
6/26/2023,30.5,0,26.2,1001.9,51212.56,0,0,20,1001.9,875.2,36.2,23.8,0,46800,293,54.368233,31.880491,1217
6/27/2023,33.4,0,24.9,999.9,51199.16,0,0,13,999.9,874.5,40,24.6,0,46800,112,54.368233,31.880491,1217
6/28/2023,36.1,0,24.6,999.4,51183,0,0,10,999.4,875.1,42.8,27.9,0,46800,116,54.368233,31.880491,1217
6/29/2023,35.4,0,20.9,998.5,51164.11,0,0,10,998.5,874,42.7,27.2,0,46800,305,54.368233,31.880491,1217
6/30/2023,35.2,0,16.7,995.9,51142.53,0,0,9,995.9,871.7,42.5,26.7,0,46800,305,54.368233,31.880491,1217
7/1/2023,34.7,0,26.2,996.8,51118.33,0,0,10,996.8,872.3,41.8,25.6,7,46800,302,54.368233,31.880491,1217
7/2/2023,33.5,0,22.9,1001.1,51091.56,0,0,17,1001.1,875.7,40.8,27,0,46800,303,54.368233,31.880491,1217
7/3/2023,33.7,0,23.4,1001.9,51062.27,0,0,18,1001.9,876.4,40.7,24.6,0,46800,300,54.368233,31.880491,1217
7/4/2023,33.5,0,23.7,1002.4,51030.51,0,0,16,1002.4,876.8,39,26.8,0,46800,289,54.368233,31.880491,1217
7/5/2023,32.8,0,26.4,1002.5,50996.35,0,0,13,1002.5,876.6,39,26.6,0,46800,190,54.368233,31.880491,1217
7/6/2023,30.8,0,19.7,1005.1,50959.84,0,0,15,1005.1,878.1,36.4,24.2,0,46800,251,54.368233,31.880491,1217
7/7/2023,30.4,0,21.9,1007.1,50921.04,0,0,16,1007.1,879.7,36.2,23.8,0,46800,303,54.368233,31.880491,1217
7/8/2023,31.2,0,21.1,1005.1,50880,0,0,15,1005.1,878.3,37.2,23.6,0,46800,300,54.368233,31.880491,1217
7/9/2023,33.5,0,30.4,1000.5,50836.77,0,0,11,1000.5,875.1,39.8,24.8,0,46800,117,54.368233,31.880491,1217
7/10/2023,35.1,0,24.7,998.3,50791.43,0,0,10,998.3,873.8,42.2,26.7,0,46800,104,54.368233,31.880491,1217
7/11/2023,35.3,0,20.7,1000.6,50744.04,0,0,10,1000.6,875.8,42,26.6,0,46800,98,54.368233,31.880491,1217
7/12/2023,35.6,0,28.3,1003.3,50694.62,0,0,7,1003.3,878.3,42.2,28.9,0,46800,113,54.368233,31.880491,1217
7/13/2023,33.9,0,24.1,1005.4,50643.27,0,0,10,1005.4,879.6,40.2,26.7,0,46800,35,54.368233,31.880491,1217
7/14/2023,32.5,0,22.9,1006,50590.02,0,0,13,1006,879.6,38.2,26.3,0,46783.66,336,54.368233,31.880491,1217
7/15/2023,33.1,0,24.5,1004,50534.94,0,0,11,1004,878.1,38.9,25.4,0,46800,225,54.368233,31.880491,1217
7/16/2023,34.8,0,26.4,1001.5,50478.09,0,0,10,1001.5,876.5,40.8,25.8,0,46681.96,112,54.368233,31.880491,1217
7/17/2023,35.7,0,24.4,998.7,50419.41,0,0,9,998.7,874.4,42.5,27.5,30,42759.64,99,54.368233,31.880491,1217
7/18/2023,33.4,0,27.1,999.9,50358.39,0,0,22,999.9,874.5,39.5,25.7,29,41366.89,302,54.368233,31.880491,1217
7/19/2023,32.8,0,32.8,1000.7,50295.03,0,0,22,1000.7,875.1,37.6,27,19,41853.27,292,54.368233,31.880491,1217
7/20/2023,33.7,0,26.6,1001.7,50229.42,0,0,19,1001.7,876.3,40.2,27.1,23,43033.51,289,54.368233,31.880491,1217
7/21/2023,35.1,0,20.9,1002.7,50161.66,0,0,14,1002.7,877.6,41.3,27.5,23,42145.65,286,54.368233,31.880491,1217
7/22/2023,35.8,0,28.6,1003.2,50091.83,0,0,11,1003.2,878.4,42.3,30.1,15,44015.78,133,54.368233,31.880491,1217
7/23/2023,34.3,0,18.2,1003.8,50020.05,0,0,12,1003.8,878.3,40.8,28.4,25,41699.56,144,54.368233,31.880491,1217
7/24/2023,33.9,0,15.9,1000.8,49946.41,0,0,12,1000.8,875.6,39.5,28.3,3,46611.33,278,54.368233,31.880491,1217
7/25/2023,34.4,0,15.9,999.9,49870.99,0,0,10,999.9,875,39.7,28.2,30,35268.18,175,54.368233,31.880491,1217
7/26/2023,35.2,0,21.6,1000.7,49793.89,0,0,9,1000.7,875.9,40.9,28.2,16,46078.99,151,54.368233,31.880491,1217
7/27/2023,35.5,0,18.6,1000.8,49715.21,0,0,10,1000.8,876.1,41.3,29.8,33,41862.84,90,54.368233,31.880491,1217
7/28/2023,35.5,0,28.5,998.8,49635.03,0,0,12,998.8,874.4,41.4,28.1,10,45789.75,300,54.368233,31.880491,1217
7/29/2023,34.8,0,34.2,999.6,49553.45,0,0,15,999.6,874.8,41.5,28.6,18,41690.02,280,54.368233,31.880491,1217
7/30/2023,32.8,0,22.3,1002.3,49470.54,0,0,19,1002.3,876.5,38.2,27.4,9,45265.67,285,54.368233,31.880491,1217
7/31/2023,32.8,0,17.5,1002.5,49386.41,0,0,13,1002.5,876.6,39.2,26.9,2,45415.68,293,54.368233,31.880491,1217
8/1/2023,31.6,0,22.2,1003.9,49301.12,0,0,11,1003.9,877.4,38.3,24,0,45918.59,313,54.368233,31.880491,1217
8/2/2023,33,0,25.2,1003.9,49214.78,0,0,12,1003.9,877.9,39.5,25.1,0,45553.91,333,54.368233,31.880491,1217
8/3/2023,32.9,0,27.4,1003.1,49127.45,0,0,13,1003.1,877.1,39.8,25,2,45214.89,88,54.368233,31.880491,1217
8/4/2023,32.7,0,26.3,1003.9,49039.23,0,0,10,1003.9,877.8,39.3,24.3,0,45200.1,55,54.368233,31.880491,1217
8/5/2023,31.8,0,32.6,1006.3,48950.19,0,0,12,1006.3,879.5,38.7,24.5,0,45027.54,298,54.368233,31.880491,1217
8/6/2023,32.5,0,23,1005.6,48860.27,0,0,14,1005.6,879.2,38.2,25.2,0,44384.35,51,54.368233,31.880491,1217
8/7/2023,32.8,0,27,1002.6,48768.77,0,0,16,1002.6,876.7,38.3,26.6,10,43749.97,323,54.368233,31.880491,1217
8/8/2023,32.2,0,19.7,1003.4,48675.66,0,0,18,1003.4,877.1,37.7,25.3,42,41664.62,308,54.368233,31.880491,1217
8/9/2023,31.1,0,28.5,1008.1,48581.04,0,0,21,1008.1,880.9,36.2,25.5,7,42801.57,304,54.368233,31.880491,1217
8/10/2023,30.6,0,24.5,1010.6,48484.99,0,0,17,1010.6,882.8,37.2,24.2,0,43716.39,318,54.368233,31.880491,1217
8/11/2023,30.3,0,24.9,1010.5,48387.64,0,0,14,1010.5,882.6,37,23.1,0,43863.09,324,54.368233,31.880491,1217
8/12/2023,30.4,0,31.8,1010.2,48289.05,0,0,16,1010.2,882.4,36.8,23,0,42812.61,323,54.368233,31.880491,1217
8/13/2023,28.9,0,34.1,1010.5,48189.34,0,0,15,1010.5,882.1,35,23,0,43386.64,316,54.368233,31.880491,1217
8/14/2023,27.4,0,32.2,1012.4,48088.58,0,0,14,1012.4,883.2,33.7,21.1,0,43233.53,312,54.368233,31.880491,1217
8/15/2023,26.1,0,32.3,1012.1,47986.88,0,0,11,1012.1,882.4,32.9,19.8,0,43519.92,301,54.368233,31.880491,1217
8/16/2023,26.1,0,24.9,1011.2,47884.31,0,0,9,1011.2,881.6,33.2,18.4,0,43367.63,309,54.368233,31.880491,1217
8/17/2023,27,0,18.7,1011.1,47780.98,0,0,8,1011.1,881.9,33.8,18,0,43218.07,319,54.368233,31.880491,1217
8/18/2023,28,0,23.3,1009.8,47676.95,0,0,9,1009.8,881.1,34.3,21.2,0,42922.29,293,54.368233,31.880491,1217
8/19/2023,29.2,0,21,1008.3,47572.31,0,0,11,1008.3,880.3,35.3,20.6,1,42348.58,264,54.368233,31.880491,1217
8/20/2023,30.7,0,19,1007.5,47467.15,0,0,11,1007.5,880.2,36.7,23,3,42213.09,124,54.368233,31.880491,1217
8/21/2023,30.8,0,19.8,1007.8,47361.55,0,0,12,1007.8,880.5,37.3,22.9,5,41542.84,97,54.368233,31.880491,1217
8/22/2023,31.5,0,23.6,1008.8,47255.59,0,0,13,1008.8,881.6,38.2,22.8,0,41935.81,331,54.368233,31.880491,1217
8/23/2023,32,0,24.2,1007.7,47149.34,0,0,14,1007.7,880.9,38,24,0,41665.57,159,54.368233,31.880491,1217
8/24/2023,32.5,0,23.2,1005.1,47042.88,0,0,13,1005.1,878.8,38.8,24.2,1,41811.09,109,54.368233,31.880491,1217
8/25/2023,32.6,0,23.5,1003.4,46936.3,0,0,12,1003.4,877.3,38.3,26.1,4,41548.2,125,54.368233,31.880491,1217
8/26/2023,33.1,0,37.6,1000.9,46829.51,0,0,13,1000.9,875.3,41.4,24.9,0,41551.37,61,54.368233,31.880491,1217
8/27/2023,28.4,0,40.3,1006.6,46721.79,0,0,29,1006.6,878.5,34.5,22.6,3,41181,281,54.368233,31.880491,1217
8/28/2023,29.2,0,22,1005.1,46613.05,0,0,22,1005.1,877.5,36,22.2,0,41050,329,54.368233,31.880491,1217
8/29/2023,31.7,0,28.6,1000.6,46503.42,0,0,16,1000.6,874.5,39.1,22.3,1,41195.84,39,54.368233,31.880491,1217
8/30/2023,32.3,0,25.8,1003.7,46392.94,0,0,14,1003.7,877.5,38.6,26.1,20,40870.71,321,54.368233,31.880491,1217
8/31/2023,31,0,22,1006.8,46281.71,0,0,17,1006.8,879.7,37,25,0,40868.91,306,54.368233,31.880491,1217
9/1/2023,30.5,0,23.4,1007.6,46169.82,0,0,20,1007.6,880.2,36.5,24.3,6,40732.35,292,54.368233,31.880491,1217
9/2/2023,30.9,0,18.6,1008.2,46057.34,0,0,17,1008.2,880.8,36.8,24.5,18,40063.98,305,54.368233,31.880491,1217
9/3/2023,31.5,0,19.2,1007.7,45944.33,0,0,16,1007.7,880.7,38.1,24.3,10,40597.62,70,54.368233,31.880491,1217
9/4/2023,32.1,0,19.8,1007.9,45830.88,0,0,13,1007.9,881.1,37.4,25,1,40597.25,152,54.368233,31.880491,1217
9/5/2023,31.8,0,21.3,1008.3,45717.07,0,0,13,1008.3,881.3,38.2,24.8,11,40276.17,117,54.368233,31.880491,1217
9/6/2023,31.9,0,17,1007.2,45602.97,0,0,13,1007.2,880.4,38.5,24.1,15,40595.93,100,54.368233,31.880491,1217
9/7/2023,32.1,0,17.1,1006.2,45488.65,0,0,13,1006.2,879.6,38.2,25.1,12,40467.14,102,54.368233,31.880491,1217
9/8/2023,32.8,0,25.2,1005.1,45374.18,0,0,12,1005.1,878.9,39.2,25.1,14,40340.49,111,54.368233,31.880491,1217
9/9/2023,32.6,0,18.2,1003.4,45259.64,0,0,11,1003.4,877.3,40.1,25,0,40466.9,3,54.368233,31.880491,1217
9/10/2023,31.4,0,20.2,1002.9,45145.09,0,0,12,1002.9,876.4,38.2,24.1,0,40466.46,307,54.368233,31.880491,1217
9/11/2023,31.7,0,21.3,1004.2,45030.61,0,0,11,1004.2,877.6,39.2,25,0,40342.75,46,54.368233,31.880491,1217
9/12/2023,31.2,0,20.6,1005.8,44916.26,0,0,12,1005.8,878.9,38.6,23,0,40343.06,315,54.368233,31.880491,1217
9/13/2023,31.1,0,18.7,1006.6,44802.12,0,0,13,1006.6,879.6,37.8,23.5,0,40222.64,316,54.368233,31.880491,1217
9/14/2023,31.4,0,22.5,1005,44688.24,0,0,12,1005,878.2,38.5,22.8,5,40223.77,127,54.368233,31.880491,1217
9/15/2023,31,0,30.1,1005.3,44574.57,0,0,14,1005.3,878.4,37.5,23.8,1,40224.65,314,54.368233,31.880491,1217
9/16/2023,27,0,27.8,1008,44460.34,0,0,22,1008,879.2,32.4,22.3,0,40108.71,299,54.368233,31.880491,1217
9/17/2023,26.8,0,20.9,1007.7,44345.48,0,0,22,1007.7,878.8,32.8,20.9,0,39995.23,308,54.368233,31.880491,1217
9/18/2023,27.3,0,15.2,1006.2,44230.08,0,0,20,1006.2,877.7,35,19,0,39998.08,322,54.368233,31.880491,1217
9/19/2023,26.3,0,27.5,1010.5,44114.2,0,0,18,1010.5,881.1,33,20.5,3,40000.69,294,54.368233,31.880491,1217
9/20/2023,24.8,0,24,1014.3,43997.92,0,0,24,1014.3,883.8,30.8,18.6,0,39835.48,299,54.368233,31.880491,1217
9/21/2023,25.5,0,22.7,1013.5,43881.31,0,0,20,1013.5,883.3,31.8,18.3,0,39759.04,301,54.368233,31.880491,1217
9/22/2023,25.2,0,18.1,1015.1,43764.45,0,0,18,1015.1,884.6,31.9,18.8,0,39574.09,296,54.368233,31.880491,1217
9/23/2023,24.5,0,16,1016.1,43647.41,0,0,17,1016.1,885.2,31.3,17.5,0,39498.25,286,54.368233,31.880491,1217
9/24/2023,23.6,0,19.1,1015.2,43530.26,0,0,17,1015.2,884,29.6,17,0,39422.1,305,54.368233,31.880491,1217
9/25/2023,23.1,0,15.7,1013.2,43413.08,0,0,16,1013.2,882.2,30,16.1,0,39345.75,312,54.368233,31.880491,1217
9/26/2023,23.9,0,17.1,1012.1,43295.93,0,0,14,1012.1,881.5,31.6,15.2,2,39167.65,119,54.368233,31.880491,1217
9/27/2023,22.9,0,26.8,1015.2,43178.89,0,0,17,1015.2,883.8,29.2,17.5,5,38992.91,292,54.368233,31.880491,1217
9/28/2023,21.6,0,26.4,1017,43062.04,0,0,28,1017,884.8,27.8,15.5,0,38919.88,303,54.368233,31.880491,1217
9/29/2023,21.5,0,17.7,1016.3,42945.44,0,0,24,1016.3,884.1,27.6,15.4,0,38847.07,321,54.368233,31.880491,1217
9/30/2023,22.3,0,13.8,1013.8,42829.17,0,0,23,1013.8,882.4,29,15.1,0,38774.54,99,54.368233,31.880491,1217
10/1/2023,24.2,0,17.3,1009.8,42713.3,0,0,19,1009.8,879.6,31.6,16.1,1,38702.39,108,54.368233,31.880491,1217
10/2/2023,25.6,0,23.5,1010.6,42597.91,0,0,16,1010.6,880.9,32.5,18.5,8,38586.97,299,54.368233,31.880491,1217
10/3/2023,27.3,0,30.3,1012.6,42483.06,0,0,19,1012.6,883.3,34.7,20.4,7,37047.39,297,54.368233,31.880491,1217
10/4/2023,26.8,0,21.4,1014.6,42368.84,0,0,25,1014.6,884.9,34,19.8,8,37142.57,297,54.368233,31.880491,1217
10/5/2023,25.8,0,41.4,1014.1,42255.17,0,0,28,1014.1,884,35.6,18.3,7,37964.69,291,54.368233,31.880491,1217
10/6/2023,20.9,0,22.2,1017.2,42141.23,0,0,29,1017.2,884.7,26.9,16,0,37817.81,314,54.368233,31.880491,1217
10/7/2023,21.7,0,13.8,1015.5,42026.94,0,0,24,1015.5,883.6,29.2,14.1,0,37805.97,317,54.368233,31.880491,1217
10/8/2023,23.4,0,13.9,1014.8,41912.39,0,0,19,1014.8,883.6,30.7,14.6,1,37532.51,96,54.368233,31.880491,1217
10/9/2023,24.8,0,15.3,1012.8,41797.66,0,0,17,1012.8,882.4,32.8,16.2,5,37394.41,132,54.368233,31.880491,1217
10/10/2023,25,0,12.5,1014.1,41682.82,0,0,17,1014.1,883.7,32.5,17.9,0,37134.54,296,54.368233,31.880491,1217
10/11/2023,25.8,0,22.9,1014.2,41567.98,0,0,17,1014.2,884.1,33.4,17.5,2,36883.28,321,54.368233,31.880491,1217
10/12/2023,24.7,0,33.9,1017.6,41453.21,0,0,28,1017.6,886.6,33.5,16.3,20,36401.53,307,54.368233,31.880491,1217
10/13/2023,20.8,0,16.9,1019.5,41338.6,0,0,38,1019.5,886.7,27.5,13.8,16,36525.46,317,54.368233,31.880491,1217
10/14/2023,24,0,31.4,1014.6,41224.23,0,0,27,1014.6,883.7,31,16.3,31,36000,306,54.368233,31.880491,1217
10/15/2023,20.9,0,19.5,1015.4,41110.18,0,0,29,1015.4,883.2,27,15.8,0,36529.87,310,54.368233,31.880491,1217
10/16/2023,22.9,0,17.4,1010.8,40996.55,0,0,22,1010.8,879.9,30.2,13.9,11,36313.54,137,54.368233,31.880491,1217
10/17/2023,22.8,0,34.9,1010.5,40883.43,0,0,22,1010.5,879.6,30.3,16.5,18,36000,278,54.368233,31.880491,1217
10/18/2023,20.4,0,17.5,1015.6,40770.9,0,0,26,1015.6,883.2,26.9,15.7,0,36322.14,290,54.368233,31.880491,1217
10/19/2023,19.4,0.8,34.6,1017,40659.06,0.8,0,32,1017,883.9,27.1,14.2,34,25067.63,148,54.368233,31.880491,1217
10/20/2023,21.7,0,14.7,1016.7,40548,0,0,29,1016.7,884.6,28.2,14.6,12,36000,147,54.368233,31.880491,1217
10/21/2023,21.5,0,20.8,1016,40437.81,0,0,28,1016,883.9,28,14.8,36,35766.71,149,54.368233,31.880491,1217
10/22/2023,21.8,0,16.8,1017.3,40328.6,0,0,19,1017.3,885.2,27.5,16.4,32,36058.31,316,54.368233,31.880491,1217
10/23/2023,20.1,0,14.8,1018.5,40220.45,0,0,25,1018.5,885.5,26.8,13.2,8,36000,1,54.368233,31.880491,1217
10/24/2023,21.6,0,22.6,1013.3,40113.46,0,0,22,1013.3,881.6,29.4,13.2,15,36000,115,54.368233,31.880491,1217
10/25/2023,21.5,0,28.8,1015.7,40007.57,0,0,29,1015.7,883.6,27.5,16.1,57,32400,312,54.368233,31.880491,1217
10/26/2023,19.5,0,18.6,1018.1,39901.88,0,0,40,1018.1,884.9,23.5,14.6,58,30896.04,306,54.368233,31.880491,1217
10/27/2023,19.9,0,14.9,1016.3,39796.29,0,0,35,1016.3,883.6,25.6,13.1,0,36000,14,54.368233,31.880491,1217
10/28/2023,20.6,0,13.1,1014.9,39690.92,0,0,30,1014.9,882.6,27.5,13.2,3,36000,100,54.368233,31.880491,1217
10/29/2023,21.1,0,14.8,1015.9,39585.86,0,0,26,1015.9,883.6,28.1,14.1,10,35954.34,50,54.368233,31.880491,1217
10/30/2023,21.5,0,15.1,1017.3,39481.21,0,0,23,1017.3,885.1,28,14.1,73,35902.44,336,54.368233,31.880491,1217
10/31/2023,19.1,0,25.4,1021.5,39377.08,0,0,34,1021.5,887.7,24.4,13.9,51,35850.05,294,54.368233,31.880491,1217
11/1/2023,16.1,0.5,21.7,1022.7,39273.56,0.5,0,48,1022.7,887.5,20.4,12.6,60,24339.79,320,54.368233,31.880491,1217
11/2/2023,19.1,0,21.9,1018,39170.77,0,0,44,1018,884.7,26,11.1,59,35743.97,149,54.368233,31.880491,1217
11/3/2023,15.2,1.9,20.3,1017.2,39068.79,1.9,0,63,1017.2,882.3,19.7,11.6,45,23612.95,261,54.368233,31.880491,1217
11/4/2023,15.7,1.8,23.2,1014.7,38967.76,1.8,0,66,1014.7,880.4,22.8,10.6,26,35636.39,130,54.368233,31.880491,1217
11/5/2023,12.9,4.7,12.5,1017.5,38867.77,4.7,0,78,1017.5,881.6,17.4,9.5,36,34714.99,302,54.368233,31.880491,1217
11/6/2023,13.9,0,14,1016.9,38768.94,0,0,66,1016.9,881.5,19.8,9.1,21,35527.67,121,54.368233,31.880491,1217
11/7/2023,15.7,0,14,1015.6,38671.38,0,0,51,1015.6,881.1,22.1,9.2,6,35472.99,88,54.368233,31.880491,1217
11/8/2023,15.3,0,17.2,1020.4,38575.21,0,0,43,1020.4,885.1,20.6,11,0,35418.15,301,54.368233,31.880491,1217
11/9/2023,14.5,0,15,1022,38480.54,0,0,45,1022,886.1,21,8.4,0,35363.2,122,54.368233,31.880491,1217
11/10/2023,16.4,0,16.1,1020.3,38387.49,0,0,35,1020.3,885.5,25,8.4,5,35308.2,124,54.368233,31.880491,1217
11/11/2023,16.8,0,15,1022.9,38296.2,0,0,32,1022.9,887.9,24,8.9,23,35253.18,1,54.368233,31.880491,1217
11/12/2023,16.5,0,13.9,1022.9,38206.77,0,0,30,1022.9,887.8,23.9,8.1,9,35171.87,122,54.368233,31.880491,1217
11/13/2023,16.9,0,13,1020.7,38119.33,0,0,29,1020.7,886,24.5,8.3,94,28831.01,123,54.368233,31.880491,1217
11/14/2023,16.9,0,14.1,1017,38033.85,0,0,27,1017,882.9,24.2,10.6,52,31954.9,148,54.368233,31.880491,1217
11/15/2023,17.2,0,15.6,1014.4,37949.43,0,0,20,1014.4,880.7,25.5,7.3,49,34894.09,134,54.368233,31.880491,1217
11/16/2023,16,0,15.3,1014.6,37866.02,0,0,40,1014.6,880.4,20.9,11.4,70,23533.75,137,54.368233,31.880491,1217
11/17/2023,15.1,2,13.5,1015.1,37783.71,2,0,58,1015.1,880.4,20.6,10.3,31,28593.09,136,54.368233,31.880491,1217
11/18/2023,15,0,15.2,1016.9,37702.6,0,0,42,1016.9,881.9,22.2,8.6,0,34626.95,127,54.368233,31.880491,1217
11/19/2023,15.7,0,19,1014.6,37622.79,0,0,33,1014.6,880.2,23.9,7.7,32,34540.33,126,54.368233,31.880491,1217
11/20/2023,18,0,46.4,1008.4,37544.39,0,0,39,1008.4,875.9,23,11.4,70,19104.85,136,54.368233,31.880491,1217
11/21/2023,16.9,0,21.6,1011,37467.49,0,0,38,1011,877.7,22.5,12,1,34371.44,69,54.368233,31.880491,1217
11/22/2023,11.3,0,16.5,1022.8,37392.21,0,0,35,1022.8,885.5,16.7,5.5,0,34289.4,279,54.368233,31.880491,1217
11/23/2023,11.9,0,16.2,1017.6,37318.65,0,0,26,1017.6,881.2,18.8,2.8,84,28877.45,143,54.368233,31.880491,1217
11/24/2023,11.3,1.9,30.3,1013.6,37246.93,1.9,0,33,1013.6,877.5,18.2,6.6,48,27130.07,301,54.368233,31.880491,1217
11/25/2023,12.1,0,19.2,1016.7,37177.14,0,0,29,1016.7,880.6,19.5,5.2,23,34054.39,125,54.368233,31.880491,1217
11/26/2023,14.3,0,23,1013.7,37109.41,0,0,23,1013.7,878.9,23.1,6.8,42,30622.72,139,54.368233,31.880491,1217
11/27/2023,15,0,18.2,1012.2,37043.85,0,0,25,1012.2,877.9,22.4,7.9,0,33845.67,122,54.368233,31.880491,1217
11/28/2023,15.1,0,20.4,1012.9,36980.56,0,0,32,1012.9,878.5,22.6,8.4,0,33684.35,171,54.368233,31.880491,1217
11/29/2023,12,0,14.3,1019.4,36919.66,0,0,45,1019.4,882.8,17.5,6.8,17,33401.55,301,54.368233,31.880491,1217
11/30/2023,12.2,0,10.7,1019.6,36861.28,0,0,37,1019.6,883,18.9,4.7,3,33376.7,128,54.368233,31.880491,1217
12/1/2023,12.6,0,13.6,1019.3,36805.5,0,0,30,1019.3,883,21.1,5.6,3,33230.66,9,54.368233,31.880491,1217
12/2/2023,11.6,0,12.1,1021.6,36752.47,0,0,34,1021.6,884.5,17.5,6.1,0,33090.01,345,54.368233,31.880491,1217
12/3/2023,12.2,0,13.6,1022.4,36702.29,0,0,30,1022.4,885.5,20.6,4.9,0,33072.74,127,54.368233,31.880491,1217
12/4/2023,12.3,0,12.2,1022.5,36654.98,0,0,25,1022.5,885.6,20.4,4.1,0,33056.79,132,54.368233,31.880491,1217
12/5/2023,11.9,0,13.8,1021,36609.94,0,0,26,1021,884.1,19.8,4.6,0,32928.77,132,54.368233,31.880491,1217
12/6/2023,11.6,0,11.5,1019.8,36567.12,0,0,25,1019.8,883,19.6,3.9,64,32806.53,169,54.368233,31.880491,1217
12/7/2023,12.9,0,14.5,1017.7,36526.58,0,0,22,1017.7,881.8,20.2,6.2,12,32145.3,178,54.368233,31.880491,1217
12/8/2023,12.4,0,12.1,1020.1,36488.36,0,0,29,1020.1,883.6,19.2,6.8,7,32579.78,142,54.368233,31.880491,1217
12/9/2023,11.5,0,10,1020.2,36452.52,0,0,33,1020.2,883.3,20.5,3.8,29,32371.19,189,54.368233,31.880491,1217
12/10/2023,12.1,0,16.1,1020,36419.09,0,0,32,1020,883.4,19.6,5.3,40,32377.24,147,54.368233,31.880491,1217
12/11/2023,12.5,0,15.6,1020.2,36388.14,0,0,29,1020.2,883.7,19.7,5.9,83,31921.84,125,54.368233,31.880491,1217
12/12/2023,10.2,0,12.8,1018,36359.7,0,0,33,1018,880.8,16.9,3.6,97,31499.98,228,54.368233,31.880491,1217
12/13/2023,9.5,0.3,18.1,1011.5,36333.82,0.3,0,36,1011.5,874.9,16.2,2.8,43,32024.88,262,54.368233,31.880491,1217
12/14/2023,8.8,0,34.6,1013.4,36310.55,0,0,61,1013.4,876.2,15.3,3.8,27,32230.13,300,54.368233,31.880491,1217
12/15/2023,6.8,0.1,22.4,1023.6,36289.94,0.1,0,70,1023.6,884.2,11.4,3.2,8,31984.6,300,54.368233,31.880491,1217
12/16/2023,7.7,0,15.3,1027.2,36272.02,0,0,47,1027.2,887.6,14.5,1.6,0,32265.87,128,54.368233,31.880491,1217
12/17/2023,9.8,0,19,1022.1,36256.85,0,0,29,1022.1,884.1,19,2.2,7,32285.48,127,54.368233,31.880491,1217
12/18/2023,10.3,0,19.5,1018.3,36244.46,0,0,33,1018.3,881.1,19.1,3.7,66,32058.12,269,54.368233,31.880491,1217
12/19/2023,5.9,0,13.8,1023.5,36234.91,0,0,59,1023.5,883.6,10.9,1.2,48,30253.12,296,54.368233,31.880491,1217
12/20/2023,5.7,0,13.4,1025.6,36228.21,0,0,55,1025.6,885.4,10.5,1.2,0,32194.54,306,54.368233,31.880491,1217
12/21/2023,6,0,15.8,1022.1,36224.43,0,0,47,1022.1,882.5,11.4,0.2,0,32222.84,241,54.368233,31.880491,1217
12/22/2023,9.1,0,22.3,1015.2,36223.59,0,0,31,1015.2,877.9,17.8,1.1,20,32252.03,130,54.368233,31.880491,1217
12/23/2023,11,0.4,14,1012.1,36225.73,0.4,0,36,1012.1,876.1,16.5,5,58,11143.61,132,54.368233,31.880491,1217
12/24/2023,12.6,0,16.9,1015.7,36230.9,0,0,42,1015.7,879.8,19.1,6.7,1,32242.73,116,54.368233,31.880491,1217
12/25/2023,12,0,13.8,1018.5,36239.13,0,0,36,1018.5,882,18.8,5.6,0,32277.39,162,54.368233,31.880491,1217
12/26/2023,11.6,0,14.1,1021,36250.38,0,0,28,1021,884,19,4.9,0,32313.89,131,54.368233,31.880491,1217
12/27/2023,10.1,0,11.8,1023,36264.59,0,0,27,1023,885.1,18.6,3.9,0,32352.14,133,54.368233,31.880491,1217
12/28/2023,11.5,0,11.4,1018,36281.73,0,0,23,1018,881.3,19.4,3.2,53,28834.33,151,54.368233,31.880491,1217
12/29/2023,9.9,0,21,1022.8,36301.74,0,0,41,1022.8,884.9,14.8,5.3,48,28798.08,305,54.368233,31.880491,1217
12/30/2023,9,0,12.6,1023.8,36324.55,0,0,44,1023.8,885.3,15.1,2.5,42,32400,343,54.368233,31.880491,1217
12/31/2023,9.8,4.2,12,1020.6,36350.13,4.2,0,50,1020.6,882.9,14.9,4.8,31,32400,57,54.368233,31.880491,1217
1/1/2024,9.3,0,28,1020.1,36378.41,0,0,61,1020.1,882.2,16.9,3.4,21,32400,319,54.368233,31.880491,1217
1/2/2024,9.1,0,9,1020.1,36409.33,0,0,58,1020.1,882.2,15.2,3.8,32,32400,129,54.368233,31.880491,1217
1/3/2024,10.6,0,6.7,1013.5,36442.84,0,0,46,1013.5,877.1,17,3.4,28,32400,227,54.368233,31.880491,1217
1/4/2024,8.9,0,19.1,1017,36478.89,0,0,40,1017,879.4,14.9,4.1,0,32400,246,54.368233,31.880491,1217
1/5/2024,9.5,0,19.4,1015.1,36517.41,0,0,27,1015.1,878,17.8,2.3,0,32400,133,54.368233,31.880491,1217
1/6/2024,10.4,0,25.5,1016.2,36558.34,0,0,27,1016.2,879.3,17.5,5.3,1,32400,284,54.368233,31.880491,1217
1/7/2024,6,0,21.1,1026.2,36601.64,0,0,41,1026.2,886,11.1,0.8,7,32400,295,54.368233,31.880491,1217
1/8/2024,8,0,21.6,1022,36647.23,0,0,23,1022,883.3,17.1,-0.8,30,32400,127,54.368233,31.880491,1217
1/9/2024,11.6,0,16.4,1017.9,36695.06,0,0,12,1017.9,881.3,20.5,3.6,44,32400,131,54.368233,31.880491,1217
1/10/2024,12.2,0,19.3,1013.6,36745.07,0,0,10,1013.6,877.9,22,5.1,27,31457.38,123,54.368233,31.880491,1217
1/11/2024,8.9,0,16.1,1014.7,36797.2,0,0,14,1014.7,877.4,15.9,1.9,60,32400,205,54.368233,31.880491,1217
1/12/2024,11.9,0,20.9,1009.4,36851.39,0,0,22,1009.4,874.1,20,5.2,5,32400,137,54.368233,31.880491,1217
1/13/2024,11.9,0,19.8,1012.1,36907.71,0,0,36,1012.1,876.5,19.6,5.2,20,32430.18,119,54.368233,31.880491,1217
1/14/2024,13.9,0,19.8,1013.9,36966.78,0,0,32,1013.9,878.9,21,6.3,83,32400,119,54.368233,31.880491,1217
1/15/2024,14.6,0,18.4,1015.6,37028.59,0,0,39,1015.6,880.6,21.4,9.9,66,32400,108,54.368233,31.880491,1217
1/16/2024,11.3,0,16.9,1018.2,37093.05,0,0,45,1018.2,881.5,16.1,7.1,16,32414.21,290,54.368233,31.880491,1217
1/17/2024,10.5,0,13.4,1017.2,37160,0,0,40,1017.2,880.3,17.1,4.2,0,32568.95,88,54.368233,31.880491,1217
1/18/2024,8.7,0,21.6,1018.5,37229.35,0,0,38,1018.5,880.5,15,1.5,42,32568.12,297,54.368233,31.880491,1217
1/19/2024,7.7,0,16.9,1022.6,37300.97,0,0,35,1022.6,883.7,13.2,2.2,2,32654.07,312,54.368233,31.880491,1217
1/20/2024,9.2,0,20.3,1020.6,37374.74,0,0,33,1020.6,882.6,17.5,1.5,51,32400,129,54.368233,31.880491,1217
1/21/2024,9.2,0,14.3,1019.9,37450.54,0,0,28,1019.9,882,15.8,4.8,5,32748.56,273,54.368233,31.880491,1217
1/22/2024,9.9,0,15.5,1020.2,37528.25,0,0,23,1020.2,882.6,18.4,2.4,8,32750.33,126,54.368233,31.880491,1217
1/23/2024,11,0,17.9,1018.2,37607.77,0,0,22,1018.2,881.3,20.6,2.6,47,32550.15,176,54.368233,31.880491,1217
1/24/2024,14.2,0,19.4,1012.3,37688.97,0,0,34,1012.3,877.6,21.4,6.4,87,30040.41,155,54.368233,31.880491,1217
1/25/2024,12.1,0,14.5,1013.9,37771.76,0,0,46,1013.9,878.1,18.5,6.2,32,32962.04,274,54.368233,31.880491,1217
1/26/2024,7.1,6.7,17.1,1016.1,37856.01,6.7,0,72,1016.1,877.8,10,4.3,96,9403.35,197,54.368233,31.880491,1217
1/27/2024,11,0,14.3,1009.1,37941.62,0,0,71,1009.1,873.5,18.4,5.6,33,33079.27,138,54.368233,31.880491,1217
1/28/2024,9.1,0,18.7,1014.4,38028.47,0,0,53,1014.4,877.2,14.2,3,0,33316.01,317,54.368233,31.880491,1217
1/29/2024,5.5,0,15.5,1020.5,38116.48,0,0,63,1020.5,880.9,10.7,1.4,48,32400,277,54.368233,31.880491,1217
1/30/2024,5.3,0,15.5,1023,38205.53,0,0,54,1023,882.9,10.6,0.5,17,30567.94,278,54.368233,31.880491,1217
1/31/2024,4.9,0,13.6,1023.5,38295.52,0,0,54,1023.5,883.2,10.6,0.3,9,33452.15,290,54.368233,31.880491,1217
2/1/2024,4.3,0,11.5,1017.1,38386.34,0,0,54,1017.1,877.3,10.1,-1.2,6,33616.86,261,54.368233,31.880491,1217
2/2/2024,2.1,0.1,23.7,1012.4,38478.08,0.1,0,65,1012.4,872.3,8.2,-1.4,31,33589.27,283,54.368233,31.880491,1217
2/3/2024,4,0,26,1019.1,38571.65,0,0,45,1019.1,878.9,10.1,-1.8,1,34096.54,306,54.368233,31.880491,1217
2/4/2024,5.2,0,14.4,1019.2,38667.09,0,0,37,1019.2,879.6,12.2,-2.2,0,34493.24,151,54.368233,31.880491,1217
2/5/2024,5.7,0,15.1,1017.7,38764.28,0,0,37,1017.7,878.6,12.6,-1.5,0,34602.38,137,54.368233,31.880491,1217
2/6/2024,7.9,0,33,1016.3,38863.09,0,0,30,1016.3,878.3,15.4,0.2,38,34141.63,303,54.368233,31.880491,1217
2/7/2024,8.6,0,14.2,1019.3,38963.41,0,0,30,1019.3,881.2,16.4,1,0,34894.66,292,54.368233,31.880491,1217
2/8/2024,9.6,0,14.3,1020.2,39065.11,0,0,28,1020.2,882.5,16.4,2.5,0,35080.16,109,54.368233,31.880491,1217
2/9/2024,10.8,0,15.9,1017.8,39168.07,0,0,22,1017.8,880.9,19,2.8,0,35243.77,124,54.368233,31.880491,1217
2/10/2024,11.7,0,17.6,1018.2,39272.19,0,0,17,1018.2,881.6,20.6,2.5,58,35411.07,129,54.368233,31.880491,1217
2/11/2024,11.1,0,14.9,1020.1,39377.34,0,0,20,1020.1,883.1,17.2,3.8,83,32400,297,54.368233,31.880491,1217
2/12/2024,10.7,0,18.6,1022.3,39483.43,0,0,27,1022.3,884.8,17.2,3.8,0,35527.98,306,54.368233,31.880491,1217
2/13/2024,12.4,0,15.8,1019.8,39590.32,0,0,21,1019.8,883.3,20.8,4.1,6,35701.02,121,54.368233,31.880491,1217
2/14/2024,14.7,0,15.3,1016.6,39697.93,0,0,19,1016.6,881.6,23.1,5.2,0,35877.3,125,54.368233,31.880491,1217
2/15/2024,16.6,0,17.8,1015.1,39806.14,0,0,30,1015.1,881.1,24.5,8.4,15,35935.77,124,54.368233,31.880491,1217
2/16/2024,18,1.8,25.3,1012.8,39914.85,1.8,0,46,1012.8,879.7,25.5,11.9,73,33088.61,145,54.368233,31.880491,1217
2/17/2024,17.4,0.2,27.1,1010.3,40023.95,0.2,0,43,1010.3,877.3,24.3,9.9,46,35422.5,281,54.368233,31.880491,1217
2/18/2024,10.2,0,35.5,1013.6,40133.35,0,0,40,1013.6,877,16.4,5.2,15,36102.56,305,54.368233,31.880491,1217
2/19/2024,8.5,0.9,20.8,1016,40242.95,0.9,0,46,1016,878.3,13.8,3.4,21,36543.17,290,54.368233,31.880491,1217
2/20/2024,7.2,0,15.8,1018.8,40352.64,0,0,43,1018.8,880.1,12.5,1.3,8,36731.65,296,54.368233,31.880491,1217
2/21/2024,8.3,0,14.8,1020.7,40462.33,0,0,41,1020.7,882.3,13.9,1.8,3,37055.68,297,54.368233,31.880491,1217
2/22/2024,10.4,0,18.7,1018.9,40572.09,0,0,32,1018.9,881.6,17.2,2.5,0,37385.67,207,54.368233,31.880491,1217
2/23/2024,11.4,0,17.6,1019.3,40682.86,0,0,24,1019.3,882.4,17.8,5.6,47,36460.68,301,54.368233,31.880491,1217
2/24/2024,11.1,2.3,14.1,1017.8,40794.72,2.3,0,32,1017.8,881.1,16.6,4.3,94,19727.68,319,54.368233,31.880491,1217
2/25/2024,2.2,17.3,34.2,1019,40907.55,8.4,6.23,91,1019,878,6.3,-0.2,100,0,300,54.368233,31.880491,1217
2/26/2024,0,1.6,22.9,1023,41021.27,0.2,0.98,87,1023,880.5,2,-1,100,1195.36,291,54.368233,31.880491,1217
2/27/2024,1.3,0.3,18.7,1023.9,41135.78,0.1,0.14,79,1023.9,881.9,3.8,-1.2,98,15828.52,275,54.368233,31.880491,1217
2/28/2024,1.4,0.6,26.1,1021.8,41250.99,0,0.42,79,1021.8,880.2,3.8,-1.1,96,11764.7,279,54.368233,31.880491,1217
2/29/2024,-2,8.7,35.7,1026.4,41366.8,0.1,6.09,81,1026.4,882.5,1,-5.6,84,7769.54,301,54.368233,31.880491,1217
3/1/2024,-0.5,0.3,15.7,1028.4,41483.14,0,0.21,65,1028.4,884.9,4.3,-4.6,28,35795.74,296,54.368233,31.880491,1217
3/2/2024,1.8,0,13.3,1022.9,41599.89,0,0,50,1022.9,881.2,7.5,-4.8,0,38715.81,132,54.368233,31.880491,1217
3/3/2024,5.3,0,15.3,1015.5,41716.98,0,0,54,1015.5,876.5,12.6,-2.2,47,38836.32,128,54.368233,31.880491,1217
3/4/2024,4.9,7.3,17.8,1014.3,41834.32,6,0.91,72,1014.3,875.2,10,-0.1,84,20339.31,295,54.368233,31.880491,1217
3/5/2024,5.5,0,18.6,1016.5,41951.82,0,0,83,1016.5,877.4,11.8,-1.5,18,38360.49,282,54.368233,31.880491,1217
3/6/2024,8,0,13.2,1016.4,42069.41,0,0,64,1016.4,878.4,14.4,1.6,1,39168.87,120,54.368233,31.880491,1217
3/7/2024,10.2,0,17.9,1013.8,42186.98,0,0,48,1013.8,877.2,17.7,2.8,8,39243.66,123,54.368233,31.880491,1217
3/8/2024,13.8,0,21.1,1010.6,42304.46,0,0,40,1010.6,876,22.2,5.8,70,37756.13,158,54.368233,31.880491,1217
3/9/2024,12.8,0,17.1,1011.5,42421.76,0,0,40,1011.5,876.4,19.4,6.2,16,39393.43,308,54.368233,31.880491,1217
3/10/2024,13,0,17.3,1014.8,42538.8,0,0,25,1014.8,879.3,19,4.8,11,39468.22,47,54.368233,31.880491,1217
3/11/2024,12,8,21.4,1015.8,42655.49,8,0,48,1015.8,879.7,21.1,5.8,75,27042.82,202,54.368233,31.880491,1217
3/12/2024,9.1,2.4,22.9,1022.4,42771.76,2.4,0,68,1022.4,884.1,13.5,4.8,25,39600,311,54.368233,31.880491,1217
3/13/2024,11.5,0,19.2,1020.9,42887.66,0,0,59,1020.9,883.9,18.9,4,0,39600,127,54.368233,31.880491,1217
3/14/2024,13,0,15.8,1020,43004.05,0,0,53,1020,883.8,20.5,6.3,22,39600,213,54.368233,31.880491,1217
3/15/2024,13.9,1,34,1016.8,43121.03,1,0,53,1016.8,881.4,23.3,8.1,86,23324.3,164,54.368233,31.880491,1217
3/16/2024,15.6,1.7,11.5,1013.9,43238.5,1.7,0,55,1013.9,879.6,21.6,8.6,45,33117.28,182,54.368233,31.880491,1217
3/17/2024,17.4,0,14.4,1015.4,43356.39,0,0,42,1015.4,881.7,24.6,9.1,0,39600,74,54.368233,31.880491,1217
3/18/2024,20.7,0,31,1013.9,43474.62,0,0,22,1013.9,881.7,27.2,11,55,37550.01,110,54.368233,31.880491,1217
3/19/2024,20.9,0.1,36.9,1008.4,43593.12,0.1,0,33,1008.4,877,27.4,14.9,93,26030.79,144,54.368233,31.880491,1217
3/20/2024,18.1,0,31.1,1010.8,43711.82,0,0,34,1010.8,878,24.7,11.5,12,39600,294,54.368233,31.880491,1217
3/21/2024,15.7,0,13,1014.8,43830.63,0,0,22,1014.8,880.5,22.4,8.9,2,39600,308,54.368233,31.880491,1217
3/22/2024,16.2,0.3,33.1,1009.4,43949.49,0.3,0,31,1009.4,875.9,24.5,7.1,58,29212.09,308,54.368233,31.880491,1217
3/23/2024,18,0,23.1,1010,44068.31,0,0,33,1010,877.2,23.5,10.9,19,39600,95,54.368233,31.880491,1217
3/24/2024,17.7,1,32.3,1010.5,44187.02,1,0,38,1010.5,877.6,25.2,11.8,82,31335.96,133,54.368233,31.880491,1217
3/25/2024,17.6,5,48.5,1005.7,44305.54,5,0,58,1005.7,873.3,23.4,11.4,67,7200,113,54.368233,31.880491,1217
3/26/2024,16,0,13,1011.7,44423.8,0,0,34,1011.7,877.9,21.1,9.3,3,39600,96,54.368233,31.880491,1217
3/27/2024,17.2,0,16.2,1014,44541.72,0,0,22,1014,880.4,23.3,9.9,2,39600,320,54.368233,31.880491,1217
3/28/2024,16.3,0.1,25.2,1014.5,44659.22,0.1,0,28,1014.5,880.4,21.6,11.9,67,36574.51,297,54.368233,31.880491,1217
3/29/2024,13.7,0,26.8,1018.1,44776.23,0,0,21,1018.1,882.4,18.5,6.8,25,29359.71,308,54.368233,31.880491,1217
3/30/2024,15.1,0,18.1,1018.5,44892.65,0,0,13,1018.5,883.4,21.6,5.8,50,39707.79,125,54.368233,31.880491,1217
3/31/2024,17.5,0.2,23.3,1016.8,45008.43,0.2,0,18,1016.8,882.9,23.2,11.4,37,29340.3,277,54.368233,31.880491,1217
4/1/2024,16.3,0,23.4,1016.8,45123.46,0,0,19,1016.8,882.4,22.4,10.3,2,39685.64,312,54.368233,31.880491,1217
4/2/2024,15,0,19.5,1015.9,45237.82,0,0,22,1015.9,881.1,21.6,7.8,1,39783.6,292,54.368233,31.880491,1217
4/3/2024,17.1,0,14,1012.9,45352.3,0,0,25,1012.9,879.4,23.5,8.4,55,39886.62,81,54.368233,31.880491,1217
4/4/2024,18.9,0,17.6,1013.1,45467,0,0,29,1013.1,880.3,24.8,11.8,2,39878.44,91,54.368233,31.880491,1217
4/5/2024,21.2,0,18.1,1012.4,45581.82,0,0,19,1012.4,880.6,27.8,12.3,1,39988.02,116,54.368233,31.880491,1217
4/6/2024,22.7,0,17.2,1010.6,45696.7,0,0,16,1010.6,879.7,29.5,14,13,40102.03,115,54.368233,31.880491,1217
4/7/2024,23.6,0,24,1007.9,45811.55,0,0,16,1007.9,877.7,29.9,15.4,50,34040.09,192,54.368233,31.880491,1217
4/8/2024,21.9,0,27.9,1011,45926.31,0,0,22,1011,879.7,28,14.4,20,40216.19,327,54.368233,31.880491,1217
4/9/2024,22.5,0,15.1,1013.2,46040.9,0,0,20,1013.2,881.9,28.2,15.8,13,40339.97,285,54.368233,31.880491,1217
4/10/2024,24.8,0,25.2,1007.8,46155.24,0,0,19,1007.8,878.1,32,15.9,40,40392.91,151,54.368233,31.880491,1217
4/11/2024,22.5,0,30,1007.2,46269.25,0,0,25,1007.2,876.7,29.2,15.9,7,40598.74,287,54.368233,31.880491,1217
4/12/2024,16.7,0,27.2,1010.3,46382.85,0,0,37,1010.3,877,21.6,12.7,16,40597.9,307,54.368233,31.880491,1217
4/13/2024,15.3,4.1,25.3,1009.9,46495.97,4.1,0,41,1009.9,876,20.4,10.3,44,40596.2,309,54.368233,31.880491,1217
4/14/2024,14,0,16.3,1012.3,46608.51,0,0,45,1012.3,877.6,19.3,8.9,12,40108.71,307,54.368233,31.880491,1217
4/15/2024,17.2,0,19.2,1013.1,46720.39,0,0,34,1013.1,879.6,23,7.9,53,37569.09,133,54.368233,31.880491,1217
4/16/2024,15.2,2.8,27.4,1013.5,46831.54,2.8,0,51,1013.5,879.2,20.5,12.5,100,7106.95,259,54.368233,31.880491,1217
4/17/2024,12.3,10.9,29.9,1012.6,46941.86,10.9,0,73,1012.6,877.1,14.1,10.6,92,0,298,54.368233,31.880491,1217
4/18/2024,14.6,0,25.4,1012.5,47051.27,0,0,56,1012.5,878,20,9.4,22,40446.43,306,54.368233,31.880491,1217
4/19/2024,17.9,0,17.3,1008.6,47159.67,0,0,45,1008.6,876,25.4,9.4,12,41770.63,126,54.368233,31.880491,1217
4/20/2024,18.5,0.3,21.6,1010.1,47266.98,0.3,0,46,1010.1,877.5,24.5,12.3,41,40114.62,148,54.368233,31.880491,1217
4/21/2024,20.5,0,21.1,1010,47373.09,0,0,37,1010,878.2,27.4,12.4,24,41920.71,161,54.368233,31.880491,1217
4/22/2024,21.2,0.5,19.6,1012,47478.07,0.5,0,35,1012,880.3,26.6,14.9,88,35209.14,273,54.368233,31.880491,1217
4/23/2024,15.5,14.9,22.5,1013.4,47582.69,14.9,0,71,1013.4,879.1,20,11.6,86,25375.22,306,54.368233,31.880491,1217
4/24/2024,12.8,1.6,31.3,1014.5,47687,1.6,0,79,1014.5,878.9,15.9,10.9,95,13868.23,310,54.368233,31.880491,1217
4/25/2024,13.6,3.6,28.9,1015.4,47790.93,3.6,0,79,1015.4,880.1,17.3,11.1,60,21678.91,303,54.368233,31.880491,1217
4/26/2024,16.1,0.9,20.4,1014.2,47894.4,0.9,0,65,1014.2,880.1,20.9,11.2,14,42008.21,309,54.368233,31.880491,1217
4/27/2024,16.1,2.5,16.1,1016.8,47997.32,2.5,0,65,1016.8,882.3,21.6,11,11,42837.68,49,54.368233,31.880491,1217
4/28/2024,16.8,0,14.3,1019.1,48099.63,0,0,44,1019.1,884.6,22.8,11.1,0,43582.97,287,54.368233,31.880491,1217
4/29/2024,19.7,0,16.3,1016.6,48201.22,0,0,32,1016.6,883.6,26.5,10.9,12,43637.08,128,54.368233,31.880491,1217
4/30/2024,22.2,0,20.2,1014.1,48302.01,0,0,21,1014.1,882.5,28.1,13.4,82,42560.04,125,54.368233,31.880491,1217
5/1/2024,21.4,1.3,22.7,1010.4,48401.91,1.3,0,38,1010.4,879,27.9,16.3,99,26906.82,157,54.368233,31.880491,1217
5/2/2024,18,0.5,23,1004.5,48500.84,0.5,0,63,1004.5,872.5,22,12.9,97,2294.92,142,54.368233,31.880491,1217
5/3/2024,18.5,2.1,9.9,1003.9,48598.7,2.1,0,65,1003.9,872.1,23.8,13.1,55,32871.21,148,54.368233,31.880491,1217
5/4/2024,22.1,0,28.1,1006.1,48695.39,0,0,36,1006.1,875.5,29,14.8,21,43200,284,54.368233,31.880491,1217
5/5/2024,22.8,0,11.8,1009.1,48790.84,0,0,26,1009.1,878.5,28.9,15.6,1,44226.22,304,54.368233,31.880491,1217
5/6/2024,23.4,0,27.4,1009.9,48884.93,0,0,25,1009.9,879.4,30.3,16.5,64,43086.5,314,54.368233,31.880491,1217
5/7/2024,25,0,39.2,1008.7,48977.57,0,0,23,1008.7,879,32.2,16.6,17,44082.46,259,54.368233,31.880491,1217
5/8/2024,25.4,0,31.1,1007.8,49068.66,0,0,16,1007.8,878.3,33,17.4,16,43200,271,54.368233,31.880491,1217
5/9/2024,21.4,0,23.1,1011,49158.09,0,0,17,1011,879.6,26.5,16.1,0,44516.82,314,54.368233,31.880491,1217
5/10/2024,21.5,0,19.6,1014.4,49245.78,0,0,21,1014.4,882.5,27.9,14,0,44518.32,309,54.368233,31.880491,1217
5/11/2024,23.3,0,16.9,1015,49331.6,0,0,20,1015,883.8,29.9,15.1,2,44519.57,48,54.368233,31.880491,1217
5/12/2024,27.2,0,19.9,1009.5,49415.58,0,0,14,1009.5,880.5,34.9,17,6,44371.29,112,54.368233,31.880491,1217
5/13/2024,29.3,0,25.7,1005.6,49498.41,0,0,19,1005.6,878,36.6,20.9,66,43468.36,224,54.368233,31.880491,1217
5/14/2024,26,0.7,22,1008.5,49580.12,0.7,0,30,1008.5,879.2,31.6,20,80,27128.65,146,54.368233,31.880491,1217
5/15/2024,25.4,1.5,26.7,1010.9,49660.65,1.5,0,30,1010.9,881.1,30.8,18.6,55,43200,127,54.368233,31.880491,1217
5/16/2024,23.6,1.3,33.5,1013.1,49739.92,1.3,0,38,1013.1,882.3,30.9,17.3,46,36000,193,54.368233,31.880491,1217
5/17/2024,24,0,16.6,1010.8,49817.84,0,0,35,1010.8,880.3,30,16.7,11,44058.37,283,54.368233,31.880491,1217
5/18/2024,26.6,0,34.2,1006.9,49894.34,0,0,21,1006.9,878,33,18.7,7,44834.16,322,54.368233,31.880491,1217
5/19/2024,23,0,30.1,1009.6,49969.34,0,0,22,1009.6,878.9,27.9,17.5,3,45149.57,296,54.368233,31.880491,1217
5/20/2024,26,0,18.7,1007.3,50042.75,0,0,18,1007.3,878.1,33,16.5,1,45153.09,118,54.368233,31.880491,1217
5/21/2024,26.6,0,44,1007.9,50114.51,0,0,19,1007.9,878.9,33.2,19.1,6,45156.36,302,54.368233,31.880491,1217
5/22/2024,25.9,0,31.5,1008.2,50184.51,0,0,26,1008.2,878.9,31.8,19,11,45159.39,306,54.368233,31.880491,1217
5/23/2024,25.2,0,22,1007,50252.67,0,0,28,1007,877.6,31,18.4,11,45323,310,54.368233,31.880491,1217
5/24/2024,27.2,0,18.7,1006.6,50318.91,0,0,24,1006.6,878,33.6,19.8,6,45164.73,299,54.368233,31.880491,1217
5/25/2024,27.7,0,20.4,1008.7,50383.14,0,0,23,1008.7,880,33.5,20.6,4,45329.72,308,54.368233,31.880491,1217
5/26/2024,28.5,0,21.4,1009.1,50445.29,0,0,20,1009.1,880.8,34.5,21.2,9,45005.58,312,54.368233,31.880491,1217
5/27/2024,30.5,0,16.3,1006.7,50505.25,0,0,16,1006.7,879.4,37.2,21.4,3,45499.88,113,54.368233,31.880491,1217
5/28/2024,30.9,0,24.5,1007,50562.94,0,0,14,1007,879.8,37.7,24,5,45833.76,312,54.368233,31.880491,1217
5/29/2024,30.1,0,20.6,1007.5,50618.27,0,0,16,1007.5,880,36.2,23.4,1,45672.38,313,54.368233,31.880491,1217
5/30/2024,31.1,0,16.9,1008,50671.16,0,0,13,1008,880.7,37.6,24.7,0,46009.72,3,54.368233,31.880491,1217
5/31/2024,31.4,0,21,1010.2,50721.52,0,0,13,1010.2,882.8,38.4,22.9,0,45846.96,304,54.368233,31.880491,1217
6/1/2024,32.8,0,20.7,1007.3,50769.33,0,0,11,1007.3,880.8,39.2,24.3,0,46019.1,117,54.368233,31.880491,1217
6/2/2024,33.3,0,33.4,1004,50815.01,0,0,11,1004,878.1,39.9,25.3,0,46361.46,314,54.368233,31.880491,1217
6/3/2024,28.8,0,35.9,1008.6,50858.59,0,0,18,1008.6,880.4,34.8,23.7,0,46197.13,297,54.368233,31.880491,1217
6/4/2024,27.9,0,22.7,1008.7,50900.04,0,0,20,1008.7,880.1,33.8,20.8,3,46372,286,54.368233,31.880491,1217
6/5/2024,27.9,0,22.7,1008.4,50939.31,0,0,20,1008.4,879.8,33.8,21.2,8,46376.83,301,54.368233,31.880491,1217
6/6/2024,27.9,0,23.8,1009.5,50976.38,0,0,20,1009.5,880.9,33,21.5,22,45522.75,276,54.368233,31.880491,1217
6/7/2024,28.5,0,23.9,1008.1,51011.19,0,0,16,1008.1,879.8,34.2,22,5,46344.1,314,54.368233,31.880491,1217
6/8/2024,28.6,0,18.7,1007,51043.72,0,0,9,1007,878.9,34.8,20.9,1,46641.91,313,54.368233,31.880491,1217
6/9/2024,29.2,0,19.8,1007.2,51073.93,0,0,8,1007.2,879.3,36.1,20.6,0,46768.33,8,54.368233,31.880491,1217
6/10/2024,30.8,0,16.8,1007.1,51101.78,0,0,9,1007.1,879.9,37.3,21.9,3,46394.63,117,54.368233,31.880491,1217
6/11/2024,31.9,0,13.5,1006.6,51127.23,0,0,11,1006.6,879.9,37.8,22.4,27,43713.88,343,54.368233,31.880491,1217
6/12/2024,32.2,0,15.3,1004.4,51150.25,0,0,12,1004.4,878.1,38,24.9,13,44846.72,164,54.368233,31.880491,1217
6/13/2024,32.4,0,26.3,1001.8,51170.82,0,0,11,1001.8,875.9,38.8,24.1,41,42151.91,111,54.368233,31.880491,1217
6/14/2024,29.8,0.3,34,1003.7,51188.88,0.3,0,21,1003.7,876.5,35.5,24.5,38,42139.92,294,54.368233,31.880491,1217
6/15/2024,28.9,0,18.4,1004.5,51204.42,0,0,25,1004.5,876.9,34.5,22.9,24,42686.99,278,54.368233,31.880491,1217
6/16/2024,31.1,0,15.9,1005.6,51217.39,0,0,20,1005.6,878.7,37.3,23,8,45084.49,259,54.368233,31.880491,1217
6/17/2024,31,0,20.4,1008.5,51227.78,0,0,19,1008.5,881.2,36.5,24.4,3,46181.45,312,54.368233,31.880491,1217
6/18/2024,31.1,0,26.6,1008.8,51235.55,0,0,17,1008.8,881.4,37,23.8,17,45524.59,321,54.368233,31.880491,1217
6/19/2024,31.2,0,30.6,1007.9,51240.66,0,0,16,1007.9,880.7,36.7,25,16,46612.91,317,54.368233,31.880491,1217
6/20/2024,29.8,0,31.8,1006.8,51243.11,0,0,20,1006.8,879.2,35.5,23.5,9,46435.8,311,54.368233,31.880491,1217
6/21/2024,29.7,0,28.5,1004.6,51242.84,0,0,19,1004.6,877.2,35.8,22.4,11,46732.51,322,54.368233,31.880491,1217
6/22/2024,31.9,0,19.9,1002.9,51239.84,0,0,15,1002.9,876.6,37.2,26.1,16,46800,315,54.368233,31.880491,1217
6/23/2024,33.2,0,19.5,1003.6,51234.13,0,0,14,1003.6,877.7,38.8,25.7,17,46800,329,54.368233,31.880491,1217
6/24/2024,32.5,0,28.9,1004.9,51225.75,0,0,17,1004.9,878.5,38.3,25.9,25,43994.64,313,54.368233,31.880491,1217
6/25/2024,33,0,23.2,999.9,51214.73,0,0,17,999.9,874.4,38.7,25.3,42,43200,137,54.368233,31.880491,1217
6/26/2024,34.2,0,26.4,995.4,51201.12,0,0,13,995.4,870.9,39.8,27.4,47,44341.64,294,54.368233,31.880491,1217
6/27/2024,33.9,0,28.5,998.2,51184.93,0,0,16,998.2,873.2,40.6,27.3,16,44491.1,320,54.368233,31.880491,1217
6/28/2024,33.2,0,21.6,998,51166.22,0,0,19,998,872.8,39.6,25.5,19,44949.71,301,54.368233,31.880491,1217
6/29/2024,35.2,0,15.8,995.6,51145.02,0,0,14,995.6,871.5,42.2,27.4,41,31885.13,296,54.368233,31.880491,1217
6/30/2024,33.6,0,27,999.1,51121.37,0,0,20,999.1,874,39.9,27,25,45405.23,302,54.368233,31.880491,1217
7/1/2024,33,0,30.6,998.7,51095.31,0,0,20,998.7,873.4,38.8,26.6,15,45865.5,283,54.368233,31.880491,1217
7/2/2024,34.3,0,21,994.8,51066.88,0,0,18,994.8,870.5,40.4,27.6,49,37902.87,299,54.368233,31.880491,1217
7/3/2024,36.2,0,34.3,994.3,51036.11,0,0,12,994.3,870.7,41.7,30.4,45,33859.35,305,54.368233,31.880491,1217
7/4/2024,35.9,0,23.4,997.5,51003.07,0,0,13,997.5,873.3,42.2,29,30,43834.17,324,54.368233,31.880491,1217
7/5/2024,36,0,27.2,997.7,50967.78,0,0,13,997.7,873.6,42.9,29.9,27,43497.59,299,54.368233,31.880491,1217
7/6/2024,34.4,0,23.8,999.6,50930.28,0,0,12,999.6,874.6,40.5,28.8,24,43200,153,54.368233,31.880491,1217
7/7/2024,34.1,0,21,1000.6,50890.63,0,0,12,1000.6,875.5,39.7,29,19,46664.7,159,54.368233,31.880491,1217
7/8/2024,33.9,0,18.8,1001.6,50848.87,0,0,12,1001.6,876.2,39.4,26.5,74,30951.32,170,54.368233,31.880491,1217
7/9/2024,35.9,0,25.6,1001.8,50805.03,0,0,17,1001.8,877.2,40.2,28.6,59,38430.75,126,54.368233,31.880491,1217
7/10/2024,36.4,0,21.9,1001.8,50759.18,0,0,15,1001.8,877.3,42,29.8,30,36476.52,112,54.368233,31.880491,1217
7/11/2024,35.6,0,20.6,1001.2,50711.24,0,0,16,1001.2,876.5,41.8,28,16,46574.45,346,54.368233,31.880491,1217
7/12/2024,33.5,0,25.8,1000.6,50660.8,0,0,18,1000.6,875.3,40.3,27.8,1,46754.33,304,54.368233,31.880491,1217
7/13/2024,32.7,0,27.1,1000.2,50607.86,0,0,21,1000.2,874.6,38.5,25.7,3,46621.67,101,54.368233,31.880491,1217
7/14/2024,34.3,0,21.7,998.1,50552.49,0,0,17,998.1,873.3,40.5,28.2,13,46497.66,111,54.368233,31.880491,1217
7/15/2024,32,0,28.4,1001.2,50494.8,0,0,19,1001.2,875.2,38,25.6,4,45966.82,292,54.368233,31.880491,1217
7/16/2024,33.5,0,22.6,1001.8,50434.88,0,0,14,1001.8,876.2,40.5,25.9,2,46711.31,298,54.368233,31.880491,1217
7/17/2024,33.9,0,22.4,1002.1,50372.8,0,0,15,1002.1,876.6,40.4,27.1,0,46746.51,291,54.368233,31.880491,1217
7/18/2024,34.3,0,22.2,1000.3,50308.68,0,0,14,1000.3,875.3,40.2,26.5,0,46784.52,88,54.368233,31.880491,1217
7/19/2024,34.6,0,23.8,997.2,50242.58,0,0,15,997.2,872.7,40.5,28,0,46800,121,54.368233,31.880491,1217
7/20/2024,34.7,0,20.1,996.7,50174.6,0,0,15,996.7,872.3,41.3,28.1,0,46800,130,54.368233,31.880491,1217
7/21/2024,35.2,0,19.5,996.9,50104.83,0,0,15,996.9,872.6,42.1,26,0,46749.3,12,54.368233,31.880491,1217
7/22/2024,35.4,0,17,996.9,50033.36,0,0,14,996.9,872.7,42.5,27.2,0,46798.18,315,54.368233,31.880491,1217
7/23/2024,35.3,0,22.3,996.4,49960.26,0,0,13,996.4,872.2,42.5,27.4,1,46787.12,300,54.368233,31.880491,1217
7/24/2024,35,0,20.3,994.4,49885.63,0,0,14,994.4,870.4,41,27.8,6,46479.98,324,54.368233,31.880491,1217
7/25/2024,36.7,0,27.7,992.4,49809.54,0,0,12,992.4,869.3,43.2,28.9,1,46719.16,116,54.368233,31.880491,1217
7/26/2024,37.7,0,33.3,994.1,49732.08,0,0,11,994.1,871.1,44.2,30.5,4,46297.8,113,54.368233,31.880491,1217
7/27/2024,37.9,0,25,996.1,49653.34,0,0,11,996.1,872.9,44,30.1,1,45771.01,119,54.368233,31.880491,1217
7/28/2024,38.2,0,28,996.5,49573.38,0,0,11,996.5,873.4,44.8,31,6,45124.1,131,54.368233,31.880491,1217
7/29/2024,35.8,0,24.4,996,49492.3,0,0,15,996,872.1,42.3,28.2,0,46017.42,296,54.368233,31.880491,1217
7/30/2024,33.2,0,30.4,999.6,49410.16,0,0,24,999.6,874.2,38.4,26.8,17,45422.62,294,54.368233,31.880491,1217
7/31/2024,36.2,0,18.6,998.6,49326.92,0,0,16,998.6,874.4,42.5,28.6,34,37067.07,311,54.368233,31.880491,1217
8/1/2024,36.9,0,25.6,997.5,49241.89,0,0,14,997.5,873.8,42.8,30.5,54,32406.97,150,54.368233,31.880491,1217
8/2/2024,35.6,0,27.1,996.6,49155.06,0,0,16,996.6,872.5,40.8,29.1,37,42948.27,107,54.368233,31.880491,1217
8/3/2024,37.7,0,29.3,994.2,49066.53,0,0,12,994.2,871.2,43,30.9,44,37162.34,117,54.368233,31.880491,1217
8/4/2024,36.7,0,24.7,995.8,48976.38,0,0,13,995.8,872.2,42.1,31.1,22,44078.33,308,54.368233,31.880491,1217
8/5/2024,36,0,20.9,997.7,48884.74,0,0,12,997.7,873.6,42.6,29,9,43744.08,325,54.368233,31.880491,1217
8/6/2024,36.5,0,17.1,997.6,48791.69,0,0,12,997.6,873.7,42.7,28.5,9,43751.85,78,54.368233,31.880491,1217
8/7/2024,36.9,0,25.1,998.3,48697.32,0,0,12,998.3,874.5,44.1,29.8,21,38613.57,163,54.368233,31.880491,1217
8/8/2024,36.4,0,27,999.9,48601.74,0,0,10,999.9,875.6,43.8,28,24,41935.2,118,54.368233,31.880491,1217
8/9/2024,36.6,0,27.4,1001.2,48505.04,0,0,9,1001.2,876.9,44.2,29.5,16,36775.66,128,54.368233,31.880491,1217
8/10/2024,36.7,0,19.4,1000.9,48407.3,0,0,11,1000.9,876.6,43,28.6,14,42365.98,218,54.368233,31.880491,1217
8/11/2024,37.2,0,18,998.5,48308.62,0,0,12,998.5,874.8,43,29.6,10,41961.84,115,54.368233,31.880491,1217
8/12/2024,37.6,0,21.8,997.8,48209.08,0,0,12,997.8,874.3,44,28.9,45,35090.11,157,54.368233,31.880491,1217
8/13/2024,37.4,0,17.5,999.5,48108.78,0,0,14,999.5,875.7,43.4,31.1,21,40379.99,275,54.368233,31.880491,1217
8/14/2024,36.7,0,26.3,1000.6,48007.8,0,0,14,1000.6,876.4,42.5,30.3,25,41790.23,316,54.368233,31.880491,1217
8/15/2024,35.7,0,26.2,1001.7,47906.2,0,0,19,1001.7,877,41.3,29.5,15,41777.74,307,54.368233,31.880491,1217
8/16/2024,34,0,24.8,999.6,47804.1,0,0,26,999.6,874.6,39.8,27.8,17,41149.26,308,54.368233,31.880491,1217
8/17/2024,33.1,0,32.6,1001.4,47701.55,0,0,26,1001.4,875.8,38.7,27.3,7,42201.39,293,54.368233,31.880491,1217
8/18/2024,32.2,0,26.4,1005.6,47598.65,0,0,25,1005.6,879.1,38.1,26.1,2,41916.99,286,54.368233,31.880491,1217
8/19/2024,32.7,0,24.7,1004.7,47495.46,0,0,21,1004.7,878.5,38.8,26,1,41918.52,302,54.368233,31.880491,1217
8/20/2024,32.4,0,19.1,1003.7,47391.94,0,0,18,1003.7,877.5,38.3,25.5,11,40910.04,35,54.368233,31.880491,1217
8/21/2024,31,0,18.6,1006.1,47287.32,0,0,15,1006.1,879.1,37.2,24.9,12,41370.24,293,54.368233,31.880491,1217
8/22/2024,30.6,0,20.9,1006.6,47181.57,0,0,15,1006.6,879.4,36.9,22.6,0,41664.47,319,54.368233,31.880491,1217
8/23/2024,31.9,0,17.7,1006,47074.77,0,0,13,1006,879.4,38.2,24.1,0,41524.05,178,54.368233,31.880491,1217
8/24/2024,32.4,0,23.3,1006.9,46967.01,0,0,14,1006.9,880.3,38.8,24.8,6,41160.44,68,54.368233,31.880491,1217
8/25/2024,31.7,0,24.3,1007.1,46858.36,0,0,12,1007.1,880.3,38.3,25.3,0,41550.7,97,54.368233,31.880491,1217
8/26/2024,31.8,0,22.9,1006.4,46748.93,0,0,13,1006.4,879.6,37.8,24,0,41179.18,147,54.368233,31.880491,1217
8/27/2024,32.4,0,31.6,1005.2,46638.78,0,0,12,1005.2,878.9,39,24.1,0,41187.42,179,54.368233,31.880491,1217
8/28/2024,32.8,0,24.2,1005.1,46528,0,0,14,1005.1,878.9,39.5,24.9,2,41010.79,77,54.368233,31.880491,1217
8/29/2024,29.6,0,25.6,1007.3,46416.67,0,0,18,1007.3,879.6,36.6,23.5,5,40955.88,296,54.368233,31.880491,1217
8/30/2024,27.3,0,29.3,1008,46304.87,0,0,12,1008,879.3,33.5,21.2,0,40869.36,292,54.368233,31.880491,1217
8/31/2024,27.3,0,23.7,1008.6,46192.67,0,0,11,1008.6,879.8,34,19.9,0,40872.13,293,54.368233,31.880491,1217
9/1/2024,27.4,0,31.7,1010.4,46080.15,0,0,12,1010.4,881.4,34.5,19.8,0,40865.29,301,54.368233,31.880491,1217
9/2/2024,26.6,0,33.2,1012.1,45967.39,0,0,12,1012.1,882.6,33.7,19.9,0,40862.94,305,54.368233,31.880491,1217
9/3/2024,26.5,0,29.3,1010.6,45854.45,0,0,10,1010.6,881.2,33.8,18.9,0,40728.86,303,54.368233,31.880491,1217
9/4/2024,26.9,0,16,1008.2,45741.41,0,0,6,1008.2,879.3,34.2,19.5,0,40857.62,304,54.368233,31.880491,1217
9/5/2024,27.6,0,13,1004.9,45628.35,0,0,4,1004.9,876.7,35.3,18.5,0,40854.63,180,54.368233,31.880491,1217
9/6/2024,29,0,15.3,1004.7,45515.33,0,0,3,1004.7,877,37,18.2,0,40851.39,108,54.368233,31.880491,1217
9/7/2024,27.4,0,22.9,1009,45402.43,0,0,13,1009,880.1,34.2,19.9,1,40594.07,294,54.368233,31.880491,1217
9/8/2024,27.7,0,25.7,1011.2,45289.71,0,0,15,1011.2,882.2,34.4,20.7,22,40466.98,296,54.368233,31.880491,1217
9/9/2024,27.4,0,26.2,1011.9,45177.1,0,0,17,1011.9,882.7,33.5,21.3,3,40342.07,301,54.368233,31.880491,1217
9/10/2024,26.4,0,28.2,1011.2,45063.86,0,0,19,1011.2,881.7,33.1,19.2,0,40342.68,313,54.368233,31.880491,1217
9/11/2024,26.4,0,29.3,1009.8,44949.91,0,0,16,1009.8,880.5,33.5,18.5,0,40343.03,306,54.368233,31.880491,1217
9/12/2024,27.5,0,18,1007.5,44835.33,0,0,12,1007.5,878.9,34.6,18.7,0,40343.16,283,54.368233,31.880491,1217
9/13/2024,29.1,0,19.2,1003.8,44720.21,0,0,12,1003.8,876.3,35.7,20.4,1,40223.54,118,54.368233,31.880491,1217
9/14/2024,27.9,0,29.7,1002.5,44604.6,0,0,18,1002.5,874.7,35.2,20.8,28,39988.07,306,54.368233,31.880491,1217
9/15/2024,25.5,0,25,1006.3,44488.59,0,0,24,1006.3,877.1,30.8,20.3,14,39991.38,295,54.368233,31.880491,1217
9/16/2024,25.8,0,19.1,1007.5,44372.25,0,0,25,1007.5,878.3,33.2,18.5,9,39994.5,308,54.368233,31.880491,1217
9/17/2024,27.1,0,19.6,1008.5,44255.65,0,0,25,1008.5,879.7,35,18.3,1,39997.38,338,54.368233,31.880491,1217
9/18/2024,27.4,0,23.1,1007.2,44138.86,0,0,23,1007.2,878.6,34.6,19.5,0,40000.02,298,54.368233,31.880491,1217
9/19/2024,25.8,0,20.8,1008.7,44021.96,0,0,26,1008.7,879.3,32.3,18.8,0,39848.51,301,54.368233,31.880491,1217
9/20/2024,27.8,0,21.4,1007.5,43905.02,0,0,20,1007.5,879.1,36.4,20,0,39771.68,305,54.368233,31.880491,1217
9/21/2024,28.4,0,19,1008.3,43788.1,0,0,16,1008.3,880,35.4,21.3,0,39694.68,306,54.368233,31.880491,1217
9/22/2024,28.5,0,14.9,1009.5,43671.28,0,0,15,1009.5,881,36.9,19.9,0,39617.62,86,54.368233,31.880491,1217
9/23/2024,29.5,0,21.9,1009.6,43554.62,0,0,12,1009.6,881.5,37,20.4,0,39435.24,98,54.368233,31.880491,1217
9/24/2024,29.7,0,21.2,1008.2,43438.21,0,0,12,1008.2,880.4,37.7,21.3,0,39359.87,323,54.368233,31.880491,1217
9/25/2024,29.3,0,15.1,1006.5,43322.11,0,0,11,1006.5,878.7,37,21.5,0,39284.7,130,54.368233,31.880491,1217
9/26/2024,26.2,0,32,1008.2,43206.39,0,0,29,1008.2,879,32.6,19.4,0,39109.47,289,54.368233,31.880491,1217
9/27/2024,23.7,0,30.1,1011.5,43091.11,0,0,31,1011.5,880.9,28.9,18.9,0,38938.11,281,54.368233,31.880491,1217
9/28/2024,21.5,0.2,34.4,1010.8,42976.37,0.2,0,31,1010.8,879.4,28.4,13.9,17,38867.63,308,54.368233,31.880491,1217
9/29/2024,17.4,0,29.2,1016.6,42862.07,0,0,41,1016.6,882.8,22,13.4,1,38767.41,306,54.368233,31.880491,1217
9/30/2024,19.9,0,17.5,1014,42747.41,0,0,29,1014,881.5,27,12.3,0,38690.52,312,54.368233,31.880491,1217
10/1/2024,23.7,0,19.2,1011.4,42632.34,0,0,23,1011.4,880.8,30.5,14.9,0,38569.29,113,54.368233,31.880491,1217
10/2/2024,27.4,0,22.1,1009.7,42516.92,0,0,16,1009.7,880.7,34.7,18.2,21,35732.2,132,54.368233,31.880491,1217
10/3/2024,27.1,0,21.6,1009,42401.24,0,0,16,1009,880.1,35.2,19.8,19,36583.92,314,54.368233,31.880491,1217
10/4/2024,24.8,0,22.7,1009.2,42285.38,0,0,22,1009.2,879.3,31.2,19.4,0,38105.28,308,54.368233,31.880491,1217
10/5/2024,22.4,0,27.5,1010.7,42169.4,0,0,32,1010.7,879.7,28.6,16,0,37820.58,288,54.368233,31.880491,1217
10/6/2024,19.9,0,29,1016.8,42053.41,0,0,31,1016.8,884,25,15.8,1,37543.21,293,54.368233,31.880491,1217
10/7/2024,20.4,0,16.2,1019.6,41937.47,0,0,25,1019.6,886.5,26.2,13.2,0,37534.44,315,54.368233,31.880491,1217
10/8/2024,21.2,0,18,1017.4,41821.66,0,0,21,1017.4,885,28.2,13.4,0,37396.02,343,54.368233,31.880491,1217
10/9/2024,21.9,0,25.5,1014.2,41706.08,0,0,21,1014.2,882.5,29.3,14.6,0,37135.44,332,54.368233,31.880491,1217
10/10/2024,23.4,0,15.7,1012.4,41590.79,0,0,18,1012.4,881.5,30.7,15.6,0,37006.41,119,54.368233,31.880491,1217
10/11/2024,23.9,0,17.3,1011.4,41475.88,0,0,15,1011.4,880.9,31.4,16.2,0,37001.36,122,54.368233,31.880491,1217
10/12/2024,24.5,0,18.1,1010.2,41361.45,0,0,14,1010.2,880.1,32,16.9,20,30856.1,117,54.368233,31.880491,1217
10/13/2024,23.5,0,18,1011.5,41247.56,0,0,17,1011.5,880.8,30.2,17.3,6,36642.57,309,54.368233,31.880491,1217
10/14/2024,24.1,0,13.6,1011.3,41134.31,0,0,17,1011.3,880.8,31.2,16,20,36529.66,188,54.368233,31.880491,1217
10/15/2024,23.9,0,16.4,1013.2,41021.79,0,0,19,1013.2,882.5,30.7,17.5,11,36421.26,297,54.368233,31.880491,1217
10/16/2024,23,0,16.2,1014.5,40910.07,0,0,22,1014.5,883.2,29.9,15.6,0,36317.53,89,54.368233,31.880491,1217
10/17/2024,23.6,0,16.3,1011.8,40799.26,0,0,19,1011.8,881.1,31.4,15.7,0,36218.67,171,54.368233,31.880491,1217
10/18/2024,23.5,0,15.4,1011.9,40689.45,0,0,16,1011.9,881.2,30.5,15.8,0,36224.43,122,54.368233,31.880491,1217
10/19/2024,23.5,0,24.4,1012.7,40580.55,0,0,14,1012.7,881.9,31.1,16.4,1,36132.63,77,54.368233,31.880491,1217
10/20/2024,24.5,0,22,1012.9,40471.68,0,0,19,1012.9,882.5,30.6,17.3,17,33553.79,249,54.368233,31.880491,1217
10/21/2024,23.3,0,25.5,1008.8,40362.78,0,0,17,1008.8,878.4,30.3,16.4,0,36055.39,94,54.368233,31.880491,1217
10/22/2024,19.2,0,20.2,1012.5,40253.92,0,0,16,1012.5,879.9,25,14.1,18,36000,287,54.368233,31.880491,1217
10/23/2024,19.2,0,14.5,1013.9,40145.22,0,0,35,1013.9,881.1,25.8,11.9,23,36000,116,54.368233,31.880491,1217
10/24/2024,19,0.4,26.4,1014,40036.75,0.4,0,41,1014,881.2,24.3,12.4,36,36000,173,54.368233,31.880491,1217
10/25/2024,15.1,0.5,30.3,1018.5,39928.64,0.5,0,37,1018.5,883.4,19.4,9.1,21,28800,311,54.368233,31.880491,1217
10/26/2024,14.1,0.1,17.2,1019.7,39820.95,0.1,0,28,1019.7,884,20,7.4,76,24692.81,256,54.368233,31.880491,1217
10/27/2024,14.7,0,24,1020.3,39713.81,0,0,36,1020.3,884.8,19.3,10.1,43,28800,295,54.368233,31.880491,1217
10/28/2024,12.7,0,17.6,1020,39607.3,0,0,41,1020,883.7,17.8,7.6,4,35965.29,307,54.368233,31.880491,1217
10/29/2024,13.5,0,12.3,1018.5,39501.55,0,0,38,1018.5,882.7,19.1,7.1,0,35913.49,311,54.368233,31.880491,1217
10/30/2024,14.3,0,13.8,1018.2,39396.63,0,0,34,1018.2,882.8,20.4,7.1,19,35861.32,316,54.368233,31.880491,1217
10/31/2024,15.7,0.2,26.6,1018.8,39292.68,0.2,0,31,1018.8,883.9,21.6,9.6,70,32208.81,299,54.368233,31.880491,1217
11/1/2024,19,0.1,16.1,1019.5,39189.79,0.1,0,30,1019.5,885.9,25.4,10.9,47,32156,138,54.368233,31.880491,1217
11/2/2024,19.6,0,12.2,1019.1,39088.07,0,0,33,1019.1,885.9,25.5,12.9,15,35702.91,284,54.368233,31.880491,1217
11/3/2024,20.9,0,15.9,1015.6,38987.64,0,0,32,1015.6,883.3,28.7,12.7,0,35649.58,136,54.368233,31.880491,1217
11/4/2024,23,0,20.9,1012.5,38888.61,0,0,29,1012.5,881.5,31.6,15.3,0,35596.04,159,54.368233,31.880491,1217
11/5/2024,23,0,19.4,1012.4,38791.11,0,0,29,1012.4,881.4,31.1,15.4,17,35542.33,203,54.368233,31.880491,1217
11/6/2024,20.3,0,20.6,1018.8,38695.23,0,0,34,1018.8,885.8,26.5,14.4,15,35488.48,289,54.368233,31.880491,1217
11/7/2024,17.4,0,18.4,1021.2,38601.11,0,0,36,1021.2,886.7,23.5,12,46,35434.55,298,54.368233,31.880491,1217
11/8/2024,14.9,0,18.7,1021.4,38508.7,0,0,39,1021.4,885.8,19.8,10.6,1,35380.55,297,54.368233,31.880491,1217
11/9/2024,14.7,0,16.7,1021.6,38417.08,0,0,41,1021.6,885.9,19.6,9.1,16,35326.09,298,54.368233,31.880491,1217
11/10/2024,14.8,0,14.5,1023.3,38326.18,0,0,41,1023.3,887.4,20.1,9.3,82,35271.02,300,54.368233,31.880491,1217
11/11/2024,16.7,0,20.5,1019.8,38236.11,0,0,34,1019.8,885.2,25.1,9,66,33480.14,126,54.368233,31.880491,1217
11/12/2024,15.7,0,12.3,1017.8,38146.96,0,0,39,1017.8,883,23.8,8.9,46,35107.84,290,54.368233,31.880491,1217
11/13/2024,12.5,1.1,27.4,1019.3,38058.85,1.1,0,62,1019.3,883,17.5,8.6,47,29845.74,295,54.368233,31.880491,1217
11/14/2024,10.5,0,14.1,1020.4,37971.88,0,0,64,1020.4,883.1,15.1,6.9,33,32272.73,300,54.368233,31.880491,1217
11/15/2024,11.6,0,7.8,1019.4,37886.15,0,0,57,1019.4,882.7,18,5.2,15,34826.08,140,54.368233,31.880491,1217
11/16/2024,13.8,0,10.4,1015.5,37801.78,0,0,44,1015.5,880.2,21.4,5.9,0,34734.69,154,54.368233,31.880491,1217
11/17/2024,15.5,0,12.6,1015.8,37718.88,0,0,30,1015.8,881.2,22.5,9.5,7,34644.75,137,54.368233,31.880491,1217
11/18/2024,16.7,0,13.3,1015.3,37637.56,0,0,30,1015.3,881.3,23.6,9.9,28,34007.76,127,54.368233,31.880491,1217
11/19/2024,17.8,0,16.6,1014.9,37557.94,0,0,33,1014.9,881.4,24.9,10.9,27,34469.81,126,54.368233,31.880491,1217
11/20/2024,17,0,12.6,1016.2,37480.13,0,0,40,1016.2,882.2,23.5,11,6,34385.05,285,54.368233,31.880491,1217
11/21/2024,15.2,0,10.3,1017.3,37404.25,0,0,40,1017.3,882.4,21.1,9.9,8,34302.29,278,54.368233,31.880491,1217
11/22/2024,13.8,0,17.2,1020.1,37330.42,0,0,44,1020.1,884.2,19,9.2,34,33987.76,297,54.368233,31.880491,1217
11/23/2024,12.7,0,7.7,1020.5,37258.76,0,0,40,1020.5,884.1,18.7,7.3,15,34143.29,317,54.368233,31.880491,1217
11/24/2024,13.8,0,14,1014.6,37189.4,0,0,33,1014.6,879.4,20.9,6.9,11,34067.32,132,54.368233,31.880491,1217
11/25/2024,15.7,0,12.4,1015,37122.45,0,0,30,1015,880.6,23,9.1,36,33426.97,123,54.368233,31.880491,1217
11/26/2024,16.7,0,14.4,1015.6,37058.04,0,0,43,1015.6,881.5,23.3,11.1,15,33587.95,120,54.368233,31.880491,1217
11/27/2024,15.8,1,17.3,1013.2,36996.29,1,0,55,1013.2,879.1,22.4,10.9,74,10214.22,122,54.368233,31.880491,1217
11/28/2024,14.1,0.1,23.6,1013.1,36937.19,0.1,0,40,1013.1,878.3,21.4,7.2,3,33533.04,269,54.368233,31.880491,1217
11/29/2024,10.1,0,13.9,1018.8,36880.06,0,0,24,1018.8,881.5,16.6,4.8,0,33507.23,305,54.368233,31.880491,1217
11/30/2024,6.8,0,22.5,1022.8,36824.84,0,0,30,1022.8,883.5,11.6,1.9,0,33359.3,293,54.368233,31.880491,1217
12/1/2024,4.8,0,14.7,1024.7,36771.59,0,0,41,1024.7,884.2,9.9,0.8,0,33095.69,316,54.368233,31.880491,1217
12/2/2024,3.9,0,6.9,1024,36720.38,0,0,29,1024,883.1,9.6,-1.4,9,33197.89,44,54.368233,31.880491,1217
12/3/2024,5.2,0,13,1022.9,36671.28,0,0,26,1022.9,882.8,12.4,-1.1,3,32947.3,278,54.368233,31.880491,1217
12/4/2024,5.6,0,10,1023.1,36624.37,0,0,29,1023.1,883.2,11.9,0.1,2,32935.14,332,54.368233,31.880491,1217
12/5/2024,6.9,0,14.1,1023.5,36579.7,0,0,29,1023.5,884.1,13.6,0.5,14,32812.22,317,54.368233,31.880491,1217
12/6/2024,6.9,0,13.8,1025.5,36537.36,0,0,31,1025.5,885.8,12.4,1.4,6,32695.06,303,54.368233,31.880491,1217
12/7/2024,7.5,0,13.1,1027.9,36497.41,0,0,33,1027.9,888.1,13.3,2.5,10,32583.76,317,54.368233,31.880491,1217
12/8/2024,7.3,0,8.5,1027,36459.91,0,0,34,1027,887.3,14.1,1,78,32582.97,125,54.368233,31.880491,1217
12/9/2024,8.1,0.3,23.4,1021.6,36424.95,0.3,0,37,1021.6,883,17.6,1.6,47,31718.43,293,54.368233,31.880491,1217
12/10/2024,6.3,0,17.7,1026.9,36392.57,0,0,51,1026.9,886.7,10.4,2.5,16,31034.03,306,54.368233,31.880491,1217
12/11/2024,6.4,0,14.2,1026.5,36362.87,0,0,45,1026.5,886.5,12.5,0.9,0,32392.75,129,54.368233,31.880491,1217
12/12/2024,9.7,0,15,1017.4,36335.9,0,0,32,1017.4,880.1,17.3,1,57,31692.37,130,54.368233,31.880491,1217
12/13/2024,12,0,16.2,1011.5,36311.72,0,0,31,1011.5,876,17.4,6.1,72,18435.48,130,54.368233,31.880491,1217
12/14/2024,10.6,0,24.2,1012.1,36290.42,0,0,47,1012.1,875.8,19.4,2.5,6,32331.84,232,54.368233,31.880491,1217
12/15/2024,0.6,0.2,30.6,1034.4,36272.05,0.2,0,67,1034.4,890.5,2.8,-2.8,50,12408.54,301,54.368233,31.880491,1217
12/16/2024,1.7,0,15.1,1030,36256.66,0,0,48,1030,887.3,8.1,-3.5,2,32276.26,127,54.368233,31.880491,1217
12/17/2024,4.8,0,14.4,1021.2,36244.34,0,0,28,1021.2,881.1,13.1,-2.9,19,32295.2,148,54.368233,31.880491,1217
12/18/2024,6.2,0,15.5,1018.6,36235.11,0,0,26,1018.6,879.5,14.6,-1.1,0,32315.44,127,54.368233,31.880491,1217
12/19/2024,7.3,0,13.3,1017.7,36228.83,0,0,24,1017.7,879.2,15.4,0.5,0,32337.65,136,54.368233,31.880491,1217
12/20/2024,5.3,0,14.5,1019.5,36225.46,0,0,37,1019.5,879.9,12.8,0.1,1,32284.61,297,54.368233,31.880491,1217
12/21/2024,1.8,0.1,16.1,1020.3,36224.98,0,0.07,62,1020.3,878.9,6,-2,56,14979.25,295,54.368233,31.880491,1217
12/22/2024,4.6,0,13.8,1020.4,36227.34,0,0,50,1020.4,880.3,10,-0.9,0,32269.26,145,54.368233,31.880491,1217
12/23/2024,7,0,13.4,1019.7,36232.55,0,0,42,1019.7,880.8,14.4,-0.1,37,32302.73,127,54.368233,31.880491,1217
12/24/2024,7.1,0,11.9,1019.9,36240.57,0,0,39,1019.9,881,14.1,0.9,7,32268.21,291,54.368233,31.880491,1217
12/25/2024,6.4,0,13.6,1023.8,36251.36,0,0,43,1023.8,884.1,11.8,0.8,3,32306.52,307,54.368233,31.880491,1217
12/26/2024,7,0,13.1,1026.6,36264.91,0,0,39,1026.6,886.8,13.4,1.5,0,32346.17,118,54.368233,31.880491,1217
12/27/2024,7.8,0,13.7,1024.5,36281.17,0,0,33,1024.5,885.3,15.8,0.4,36,32387.07,129,54.368233,31.880491,1217
12/28/2024,11.7,0,20.1,1016.3,36300.13,0,0,30,1016.3,880,20.1,3.2,43,30028.2,130,54.368233,31.880491,1217
12/29/2024,9.8,0,10.1,1019,36321.74,0,0,46,1019,881.5,17.2,3.7,8,32400,290,54.368233,31.880491,1217
12/30/2024,7.6,0,10.4,1019.3,36345.98,0,0,56,1019.3,880.8,14.3,2.8,31,32400,295,54.368233,31.880491,1217
12/31/2024,4.1,0.8,15,1021.6,36372.8,0.7,0.07,67,1021.6,881.2,7.3,0.5,32,29956.45,286,54.368233,31.880491,1217
1/1/2025,3.1,6.6,25.3,1023.8,36402.18,3,2.52,82,1023.8,882.6,5.2,0.2,91,13286.9,290,54.368233,31.880491,1217
1/2/2025,1.5,0,23.7,1030.7,36434.09,0,0,69,1030.7,887.8,5.2,-1.7,20,32400,302,54.368233,31.880491,1217
1/3/2025,0.8,0,16.4,1028.9,36468.47,0,0,61,1028.9,885.9,5.7,-2.3,18,32400,244,54.368233,31.880491,1217
1/4/2025,2.6,0,16.6,1022.5,36505.31,0,0,47,1022.5,881.2,9.1,-2.8,0,32400,129,54.368233,31.880491,1217
1/5/2025,5,0,15.3,1021.8,36544.56,0,0,41,1021.8,881.8,12.4,-1.1,0,32400,126,54.368233,31.880491,1217
1/6/2025,7.5,0,16.6,1021.4,36586.18,0,0,37,1021.4,882.5,15.6,1,63,32400,192,54.368233,31.880491,1217
1/7/2025,6.4,0,16.2,1027,36630.23,0,0,43,1027,886.9,9.9,3.3,88,12294.79,304,54.368233,31.880491,1217
1/8/2025,5.6,0,12.6,1027.2,36677.21,0,0,49,1027.2,886.7,9.4,1.4,85,22558.96,306,54.368233,31.880491,1217
1/9/2025,5.5,0,14.3,1024.9,36727.11,0,0,51,1024.9,884.7,10.3,2,41,29312.29,311,54.368233,31.880491,1217
1/10/2025,6.6,0,10.1,1024.7,36779.81,0,0,46,1024.7,885,12.5,1.1,0,32400,87,54.368233,31.880491,1217
1/11/2025,8.3,0,14.8,1020.5,36835.2,0,0,42,1020.5,882.2,16.9,0.6,0,32400,124,54.368233,31.880491,1217
1/12/2025,8.3,1.9,12.8,1018.8,36893.19,1.9,0,41,1018.8,880.6,15.4,2.2,24,32400,246,54.368233,31.880491,1217
1/13/2025,6.6,2.5,14.6,1022.6,36953.65,1.3,0.84,57,1022.6,883.1,11.6,1.8,16,32400,304,54.368233,31.880491,1217
1/14/2025,6,0,15.6,1024.6,37016.48,0,0,53,1024.6,884.6,11.2,1.4,0,32421.76,306,54.368233,31.880491,1217
1/15/2025,7.7,0,17,1022.4,37081.56,0,0,37,1022.4,883.5,15.4,0.8,0,32492.13,128,54.368233,31.880491,1217
1/16/2025,9.8,0,21.3,1017.2,37148.8,0,0,26,1017.2,879.9,17.5,2.5,42,32400,185,54.368233,31.880491,1217
1/17/2025,5.6,8,20.4,1019.4,37218.08,4.6,2.38,66,1019.4,879.9,7.8,2.2,83,16623.62,295,54.368233,31.880491,1217
1/18/2025,3.9,0.3,13.4,1018.8,37289.3,0.3,0,65,1018.8,878.7,8.7,-0.4,26,32566.71,278,54.368233,31.880491,1217
1/19/2025,5.4,0,16.9,1013.8,37362.36,0,0,44,1013.8,875,12.1,-1.5,14,32564.13,128,54.368233,31.880491,1217
1/20/2025,6.3,0,17.6,1014.6,37437.15,0,0,35,1014.6,876.1,12.4,1.6,16,32748.22,138,54.368233,31.880491,1217
1/21/2025,4.4,0.4,24.3,1024,37513.56,0.1,0.21,52,1024,883.4,8.3,1.1,33,29799.28,301,54.368233,31.880491,1217
1/22/2025,3.8,0,6.5,1030.8,37591.51,0,0,44,1030.8,889,9.4,-0.8,11,32851.02,349,54.368233,31.880491,1217
1/23/2025,4.4,0,11.4,1028.3,37670.88,0,0,35,1028.3,887.1,10.6,-1.6,67,32421.16,136,54.368233,31.880491,1217
1/24/2025,5.3,0,8.9,1023.2,37751.58,0,0,31,1023.2,883.1,11.8,-0.8,28,33085.08,271,54.368233,31.880491,1217
1/25/2025,6.6,0,11.3,1020.6,37833.51,0,0,32,1020.6,881.4,13.1,0.1,32,32414.52,289,54.368233,31.880491,1217
1/26/2025,7.5,0,10.4,1021.3,37916.58,0,0,31,1021.3,882.5,13.9,1.5,27,33088.81,306,54.368233,31.880491,1217
1/27/2025,4.3,2.7,20.3,1020.4,38000.86,0,1.89,61,1020.4,880.2,9.2,0.9,62,20325.32,296,54.368233,31.880491,1217
1/28/2025,3.5,0.1,18.3,1024.3,38087.21,0.1,0,76,1024.3,883.2,7.4,-0.2,52,21240.23,305,54.368233,31.880491,1217
1/29/2025,3.3,0,12.8,1028,38175.68,0,0,67,1028,886.3,8.2,-1.4,5,33205.24,309,54.368233,31.880491,1217
1/30/2025,3.3,0,20.5,1027.6,38266.13,0,0,57,1027.6,886,8.4,-2,11,33570.48,298,54.368233,31.880491,1217
1/31/2025,3.8,0,15.2,1026.9,38358.45,0,0,50,1026.9,885.5,9.1,-1.3,0,33861.42,311,54.368233,31.880491,1217
2/1/2025,4.8,0,11.9,1021.5,38452.48,0,0,37,1021.5,881.4,11.5,-1.1,25,34118.8,123,54.368233,31.880491,1217
2/2/2025,4.2,0,19.6,1021.4,38548.13,0,0,33,1021.4,881,9.2,-0.2,47,33084.9,306,54.368233,31.880491,1217
2/3/2025,5.1,0,11.8,1019.4,38645.27,0,0,27,1019.4,879.7,11.2,-0.1,0,34489.5,110,54.368233,31.880491,1217
2/4/2025,7.7,0,15.8,1016.5,38743.77,0,0,23,1016.5,878.4,15.4,-0.1,43,33865.77,121,54.368233,31.880491,1217
2/5/2025,9.9,0,15,1013.9,38843.53,0,0,21,1013.9,877.1,17.7,1.8,2,34744.37,125,54.368233,31.880491,1217
2/6/2025,10.3,0,27.5,1007.7,38944.41,0,0,28,1007.7,872,16.8,5.8,54,19780.39,128,54.368233,31.880491,1217
2/7/2025,9.9,10.5,21.9,1011,39046.32,10.5,0,55,1011,874.6,18,4.8,43,33504.23,287,54.368233,31.880491,1217
2/8/2025,4.9,0,19.5,1017.7,39149.13,0,0,71,1017.7,878.1,7.3,0.8,76,5755.9,281,54.368233,31.880491,1217
2/9/2025,2.9,1,25.7,1017.2,39252.74,0.9,0.07,67,1017.2,876.8,9.9,-1.6,26,33764.63,302,54.368233,31.880491,1217
2/10/2025,1.5,0,12.2,1023.6,39357.04,0,0,62,1023.6,881.7,7.6,-3.2,9,35123.86,269,54.368233,31.880491,1217
2/11/2025,3.6,0,14.7,1025.2,39461.93,0,0,52,1025.2,884,9.6,-3.9,56,33983.16,285,54.368233,31.880491,1217
2/12/2025,4.4,0.2,14,1025.2,39567.29,0.2,0,59,1025.2,884.4,9.9,-0.2,95,24486.33,297,54.368233,31.880491,1217
2/13/2025,5.5,0.1,16.8,1022.3,39673.03,0.1,0,76,1022.3,882.4,10.4,1.1,94,25863.18,288,54.368233,31.880491,1217
2/14/2025,8,0,11.5,1017.6,39779.04,0,0,77,1017.6,879.5,16.9,1.6,53,31460.87,275,54.368233,31.880491,1217
2/15/2025,7.7,0,16.8,1017.8,39885.23,0,0,61,1017.8,879.6,13,2,78,32696.8,287,54.368233,31.880491,1217
2/16/2025,9.6,0,17.7,1015.6,39991.66,0,0,39,1015.6,878.4,16.7,1.8,8,36407.84,113,54.368233,31.880491,1217
2/17/2025,11.8,0,27.2,1012.9,40099.3,0,0,32,1012.9,877,20.6,3.2,4,36467.89,268,54.368233,31.880491,1217
2/18/2025,9.6,0,24.8,1018,40208.19,0,0,37,1018,880.5,16.5,3.2,31,36655.21,280,54.368233,31.880491,1217
2/19/2025,10,0,17.4,1017.8,40318.24,0,0,27,1017.8,880.5,15.8,3.8,7,36975.91,124,54.368233,31.880491,1217
2/20/2025,11.2,0,17.2,1010.2,40429.34,0,0,28,1010.2,874.5,18.4,5.1,48,31922.8,153,54.368233,31.880491,1217
2/21/2025,13.5,0,16.3,1010.9,40541.39,0,0,37,1010.9,876.1,20.5,7.1,1,37367.74,121,54.368233,31.880491,1217
2/22/2025,14.5,0,17.6,1011,40654.29,0,0,25,1011,876.6,22.1,6.8,0,37736.25,120,54.368233,31.880491,1217
2/23/2025,15,0,26.6,1009.2,40767.94,0,0,34,1009.2,875.3,21.1,8.5,19,37769.08,188,54.368233,31.880491,1217
2/24/2025,12.5,0,28.2,1009.1,40882.25,0,0,26,1009.1,874.1,18.8,5.2,30,37130.26,232,54.368233,31.880491,1217
2/25/2025,1.8,0,26.5,1020.1,40997.11,0,0,23,1020.1,878.8,6.3,-3.2,1,38092.67,296,54.368233,31.880491,1217
2/26/2025,3.7,0,17.5,1018.8,41112.44,0,0,12,1018.8,878.5,12.1,-4.8,60,36945.29,271,54.368233,31.880491,1217
2/27/2025,6.1,0,24,1016.6,41228.13,0,0,13,1016.6,877.7,13.6,-1.6,1,38332.1,274,54.368233,31.880491,1217
2/28/2025,5.6,0,20,1017.1,41344.11,0,0,19,1017.1,877.9,12.8,-0.3,0,38452.07,277,54.368233,31.880491,1217
3/1/2025,6.8,0,20.4,1013,41460.27,0,0,17,1013,874.9,14.8,-1.5,16,38572.07,294,54.368233,31.880491,1217
3/2/2025,5.8,0,24.2,1018,41576.53,0,0,27,1018,878.8,10.5,1.1,10,38692.02,303,54.368233,31.880491,1217
3/3/2025,6.8,0,21.8,1022.4,41692.79,0,0,24,1022.4,883.1,13.4,-1,11,38811.82,131,54.368233,31.880491,1217
3/4/2025,10,0,16.4,1019.4,41808.97,0,0,19,1019.4,881.9,16.2,0.9,83,32381.44,286,54.368233,31.880491,1217
3/5/2025,12.2,0.1,16.1,1019,41924.98,0.1,0,36,1019,882.6,18,7.8,67,32372.47,269,54.368233,31.880491,1217
3/6/2025,12.9,0.2,12,1019.1,42040.74,0.2,0,52,1019.1,882.9,18.4,7.4,99,11105.12,229,54.368233,31.880491,1217
3/7/2025,13.4,0.8,16.7,1020.4,42156.16,0.8,0,60,1020.4,884.3,18.1,8.9,100,7765.67,154,54.368233,31.880491,1217
3/8/2025,13.2,4.9,28.2,1012.9,42271.3,4.9,0,78,1012.9,877.7,18.7,9.2,99,6137.15,136,54.368233,31.880491,1217
3/9/2025,13.3,0,17.6,1012,42387.04,0,0,73,1012,877,18.6,9.1,17,39368.54,286,54.368233,31.880491,1217
3/10/2025,15.1,0,14.5,1014.6,42503.47,0,0,50,1014.6,880,22.5,7.2,27,34389.68,290,54.368233,31.880491,1217
3/11/2025,14.5,1.4,19.5,1017.5,42620.5,1.4,0,53,1017.5,882.3,20.6,9.2,25,39517.2,275,54.368233,31.880491,1217
3/12/2025,13.8,0.4,22.2,1018.5,42738.06,0.4,0,52,1018.5,882.8,19.2,8.8,16,39592.73,292,54.368233,31.880491,1217
3/13/2025,12.9,0.3,16.8,1020.2,42856.06,0.3,0,53,1020.2,883.9,18.2,8.1,16,39600,325,54.368233,31.880491,1217
3/14/2025,14.1,0,22.5,1020.2,42974.42,0,0,33,1020.2,884.5,19.8,7.8,0,39600,299,54.368233,31.880491,1217
3/15/2025,14.7,0,11.1,1020.7,43093.07,0,0,21,1020.7,885.1,21.5,7.4,4,39600,324,54.368233,31.880491,1217
3/16/2025,16.2,0,15,1019.3,43211.93,0,0,12,1019.3,884.5,23.2,8.4,68,39600,108,54.368233,31.880491,1217
3/17/2025,17,0,11.2,1014.5,43330.92,0,0,10,1014.5,880.7,24.5,9.1,44,39600,117,54.368233,31.880491,1217
3/18/2025,18,0,14.7,1011.9,43449.96,0,0,10,1011.9,878.9,25.6,9.4,0,39600,116,54.368233,31.880491,1217
3/19/2025,19.3,0,11.9,1013,43568.98,0,0,13,1013,880.4,26.5,11.4,3,39600,88,54.368233,31.880491,1217
3/20/2025,22.1,0,21,1013.6,43687.9,0,0,16,1013.6,882.1,30.8,12.2,47,37344.88,129,54.368233,31.880491,1217
3/21/2025,19.5,0.2,12.9,1014.4,43806.64,0.2,0,29,1014.4,881.7,25.9,15.7,94,4174.18,139,54.368233,31.880491,1217
3/22/2025,19.4,0.6,18.8,1012.2,43925.12,0.6,0,37,1012.2,879.8,25.3,14.6,86,17163.31,118,54.368233,31.880491,1217
3/23/2025,15.9,0,18.8,1013.8,44043.27,0,0,63,1013.8,879.7,22.3,9.9,30,38711.15,286,54.368233,31.880491,1217
3/24/2025,12.6,0.5,32.1,1016.1,44161,0.5,0,53,1016.1,880.3,18.5,6.1,32,33997.56,303,54.368233,31.880491,1217
3/25/2025,8.4,1.6,28.7,1020.6,44278.23,1.6,0,50,1020.6,882.3,13,4.1,20,39600,313,54.368233,31.880491,1217
3/26/2025,9.3,0,27.3,1018.1,44394.9,0,0,36,1018.1,880.5,15.7,3.9,5,39600,322,54.368233,31.880491,1217
3/27/2025,13,0,15.7,1017.1,44510.92,0,0,23,1017.1,881.2,19.9,3.8,0,39600,117,54.368233,31.880491,1217
3/28/2025,16.8,0,13.5,1014.2,44626.34,0,0,16,1014.2,880.4,24.8,7.4,11,39600,120,54.368233,31.880491,1217
3/29/2025,19.1,0,12.3,1013.1,44741.99,0,0,15,1013.1,880.4,26.2,10.4,10,39600,82,54.368233,31.880491,1217
3/30/2025,21.3,0,14.9,1012.8,44857.94,0,0,15,1012.8,881,28.6,12.4,19,39611.65,109,54.368233,31.880491,1217
3/31/2025,23.4,0,15,1012.3,44974.12,0,0,15,1012.3,881.4,29.6,15.4,29,39600,15,54.368233,31.880491,1217
4/1/2025,22.4,0,13.2,1014.9,45090.46,0,0,21,1014.9,883.3,28.1,16.1,51,35510.03,334,54.368233,31.880491,1217
4/2/2025,24.6,0,14.5,1011.8,45206.87,0,0,16,1011.8,881.5,31.2,14.9,31,39677.2,95,54.368233,31.880491,1217
4/3/2025,24.6,0,20.4,1010.3,45323.28,0,0,24,1010.3,880.2,30.6,17.9,95,32796.82,295,54.368233,31.880491,1217
4/4/2025,23.6,0.1,17.1,1013.3,45439.64,0.1,0,33,1013.3,882.4,30,18,59,33579.62,56,54.368233,31.880491,1217
4/5/2025,25.7,0,25.1,1011,45555.84,0,0,24,1011,881.2,33.6,16.7,62,36271.41,195,54.368233,31.880491,1217
4/6/2025,24.3,0,20.3,1014.3,45671.82,0,0,21,1014.3,883.5,30.2,17.5,74,27994.29,334,54.368233,31.880491,1217
4/7/2025,24.1,0,27.5,1014.5,45787.51,0,0,28,1014.5,883.7,29.9,16.5,77,30208.34,306,54.368233,31.880491,1217
4/8/2025,21,0,19.4,1016.8,45902.82,0,0,34,1016.8,884.4,27.1,14.4,1,40216.95,310,54.368233,31.880491,1217
4/9/2025,23,0,13,1014.4,46017.68,0,0,23,1014.4,883.2,29.8,14.8,0,40340.45,338,54.368233,31.880491,1217
4/10/2025,26.3,0,20.3,1006.1,46132,0,0,16,1006.1,877.2,35.2,16.5,16,40467.78,99,54.368233,31.880491,1217
4/11/2025,25,0,19.5,1004,46245.7,0,0,26,1004,874.9,31.1,19.2,64,30048.02,156,54.368233,31.880491,1217
4/12/2025,22.9,0.6,23,1005.6,46358.71,0.6,0,33,1005.6,875.5,30.3,16.4,55,30008.15,198,54.368233,31.880491,1217
4/13/2025,23.8,0,32.2,1010.1,46470.93,0,0,29,1010.1,879.7,31.9,14.6,11,40815.64,289,54.368233,31.880491,1217
4/14/2025,24.4,0.9,20,1012,46582.28,0.9,0,25,1012,881.6,31.5,18.1,62,30049.1,112,54.368233,31.880491,1217
4/15/2025,25.5,0,21.8,1008.8,46692.68,0,0,19,1008.8,879.2,32.4,18.5,16,40660.14,196,54.368233,31.880491,1217
4/16/2025,24,0,31.8,1007.4,46802.03,0,0,12,1007.4,877.5,31.5,16.5,22,41478.9,304,54.368233,31.880491,1217
4/17/2025,17.5,0,30.4,1012.4,46910.39,0,0,17,1012.4,879.1,23.8,11.1,12,41623.03,307,54.368233,31.880491,1217
4/18/2025,14.8,0,23.1,1016.1,47018.54,0,0,27,1016.1,881.2,19.9,9.7,0,41623.09,294,54.368233,31.880491,1217
4/19/2025,16,0,22.2,1015.5,47126.55,0,0,24,1015.5,881.1,22,8.8,0,41888.99,307,54.368233,31.880491,1217
4/20/2025,17.5,0,9.7,1014.4,47234.34,0,0,27,1014.4,880.9,24.3,9.4,0,42040.14,344,54.368233,31.880491,1217
4/21/2025,21,0,13.8,1013.9,47341.84,0,0,17,1013.9,881.8,28.4,11.6,18,42193.56,121,54.368233,31.880491,1217
4/22/2025,22,0,23.6,1015.1,47448.96,0,0,19,1015.1,883.3,28.5,14.6,61,32694.14,275,54.368233,31.880491,1217
4/23/2025,24.3,0,15.5,1012.8,47555.62,0,0,19,1012.8,882.3,31,15.7,7,42352.34,63,54.368233,31.880491,1217
4/24/2025,25.5,0,20.3,1011.1,47661.73,0,0,14,1011.1,881.3,32.1,17.4,21,42666.7,328,54.368233,31.880491,1217
4/25/2025,27.5,0,18.4,1010.4,47767.21,0,0,14,1010.4,881.4,34.4,19.5,1,42925.96,42,54.368233,31.880491,1217
4/26/2025,29,0,21,1009.7,47871.98,0,0,15,1009.7,881.4,36,21,32,42863.29,299,54.368233,31.880491,1217
4/27/2025,29.2,0,23.4,1008.7,47975.95,0,0,15,1008.7,880.6,36.2,22.4,73,36741.45,355,54.368233,31.880491,1217
4/28/2025,28.5,0,24.9,1007.8,48079.02,0,0,13,1007.8,879.6,34.7,21.1,19,43558.5,316,54.368233,31.880491,1217
4/29/2025,27,0,31.2,1008.4,48181.12,0,0,20,1008.4,879.5,32.8,20.5,25,43495.29,305,54.368233,31.880491,1217
4/30/2025,25,0.6,27.6,1011.9,48282.14,0.6,0,31,1011.9,881.8,30.4,19.6,55,43062.55,304,54.368233,31.880491,1217
5/1/2025,25.5,0.1,15.5,1012.6,48381.99,0.1,0,30,1012.6,882.6,30.9,19.5,37,43146.4,324,54.368233,31.880491,1217
5/2/2025,26.6,0,15.5,1012,48480.57,0,0,24,1012,882.5,32.6,19.6,11,43648.4,331,54.368233,31.880491,1217
5/3/2025,28.3,0,15.1,1009.7,48577.79,0,0,18,1009.7,881.2,35,19.9,26,41481.75,57,54.368233,31.880491,1217
5/4/2025,29.7,0,16.4,1007.7,48673.54,0,0,16,1007.7,880,36,22.1,27,43807.54,99,54.368233,31.880491,1217
5/5/2025,29.5,0,28.8,1006.1,48767.73,0,0,21,1006.1,878.5,37,23,33,41615.37,269,54.368233,31.880491,1217
5/6/2025,29.5,0,29.2,1005.3,48860.25,0,0,11,1005.3,877.8,36.7,21,6,44510.26,260,54.368233,31.880491,1217
5/7/2025,24.3,0,24.1,1008.3,48951.14,0,0,13,1008.3,878.3,29.9,18.5,0,44512.51,303,54.368233,31.880491,1217
5/8/2025,23.5,0,23.2,1010,49041.09,0,0,20,1010,879.5,29,17.4,0,44370.17,304,54.368233,31.880491,1217
5/9/2025,25.7,0,15.4,1010.4,49130.19,0,0,16,1010.4,880.7,32.5,17.2,3,44370.77,74,54.368233,31.880491,1217
5/10/2025,28,0,20.6,1008.4,49218.34,0,0,11,1008.4,879.9,34.3,18.5,19,44517.87,114,54.368233,31.880491,1217
5/11/2025,28.7,0,24.9,1006.4,49305.46,0,0,10,1006.4,878.5,35.7,20.7,4,43484.02,320,54.368233,31.880491,1217
5/12/2025,29.5,0,27.9,1004.4,49391.46,0,0,9,1004.4,877,35.8,20.9,32,43626.07,307,54.368233,31.880491,1217
5/13/2025,29.7,0,19.7,1004.9,49476.29,0,0,11,1004.9,877.5,35.5,23.1,12,43469.94,333,54.368233,31.880491,1217
5/14/2025,30.8,0,20,1005.6,49559.82,0,0,12,1005.6,878.6,37.3,21.7,24,43200,54,54.368233,31.880491,1217
5/15/2025,31.1,0,20.7,1007.1,49642,0,0,10,1007.1,879.9,37.9,24,7,44522.33,291,54.368233,31.880491,1217
5/16/2025,30.2,0,34.7,1008.6,49722.72,0,0,11,1008.6,880.9,37.3,22.7,1,44983.1,299,54.368233,31.880491,1217
5/17/2025,27.4,0,22.9,1011.5,49801.91,0,0,13,1011.5,882.3,32.8,21.8,0,44986.39,293,54.368233,31.880491,1217
5/18/2025,28.2,0,17.8,1011.4,49879.46,0,0,11,1011.4,882.6,35,20.6,0,45145.07,305,54.368233,31.880491,1217
5/19/2025,30.4,0,17.7,1009.1,49955.3,0,0,10,1009.1,881.5,37.8,21.8,0,45305.57,351,54.368233,31.880491,1217
5/20/2025,32.4,0,19.2,1006.2,50029.32,0,0,8,1006.2,879.7,39.5,23.6,4,45152.46,107,54.368233,31.880491,1217
5/21/2025,32.2,0,18.6,1005.8,50101.44,0,0,8,1005.8,879.2,39.8,24.5,7,45155.78,20,54.368233,31.880491,1217
5/22/2025,33.1,0,21.1,1005.2,50171.55,0,0,8,1005.2,879.1,39.9,26,6,45318.48,303,54.368233,31.880491,1217
5/23/2025,31.6,0,20.6,1003.6,50239.57,0,0,16,1003.6,877.1,38.6,24.5,16,45482.84,304,54.368233,31.880491,1217
5/24/2025,32.3,0,26.7,1000.2,50305.39,0,0,15,1000.2,874.4,38.8,25.5,22,43200,304,54.368233,31.880491,1217
5/25/2025,31.3,0,30.5,1001.7,50368.93,0,0,15,1001.7,875.3,39.8,23.6,20,42477.19,279,54.368233,31.880491,1217
5/26/2025,25.5,0.2,27.4,1009,50430.09,0.2,0,27,1009,879.4,29.9,21.5,14,45495.23,309,54.368233,31.880491,1217
5/27/2025,26.4,0,18.1,1008.6,50488.86,0,0,22,1008.6,879.4,32.2,19.6,0,45827.04,316,54.368233,31.880491,1217
5/28/2025,28.1,0,17.2,1007.3,50545.74,0,0,17,1007.3,879,33.3,20.6,28,44774.09,339,54.368233,31.880491,1217
5/29/2025,29.2,0,20.7,1005.9,50600.77,0,0,13,1005.9,878.2,35.3,21.4,2,45671.06,25,54.368233,31.880491,1217
5/30/2025,31.3,0,26.4,1002.2,50653.91,0,0,9,1002.2,875.8,38.5,22.9,0,46174.44,256,54.368233,31.880491,1217
5/31/2025,30.2,0,23.5,1007,50705.09,0,0,10,1007,879.6,36.7,23.6,0,46180.27,286,54.368233,31.880491,1217
6/1/2025,30.3,0,18.5,1010.1,50754.27,0,0,8,1010.1,882.3,36.2,23,0,46522.02,149,54.368233,31.880491,1217
6/2/2025,30.5,0,22,1006.6,50801.39,0,0,5,1006.6,879.3,36.2,23.5,0,46673.96,132,54.368233,31.880491,1217
6/3/2025,31.6,0,23.5,1000.2,50846.39,0,0,5,1000.2,874.1,38.5,22.2,0,46704.73,122,54.368233,31.880491,1217
6/4/2025,30.4,0,29.4,999.3,50889.24,0,0,11,999.3,872.9,36.7,23.4,0,46711.5,304,54.368233,31.880491,1217
6/5/2025,26.6,0,28.8,1004.3,50929.87,0,0,22,1004.3,875.7,33,20.9,0,46546.89,310,54.368233,31.880491,1217
6/6/2025,25,0,23.4,1009.6,50968.22,0,0,23,1009.6,879.8,30.6,18.4,0,46380.6,310,54.368233,31.880491,1217
6/7/2025,27.6,0,36.1,1006.4,51004.25,0,0,18,1006.4,878,34.6,19.8,21,45494.98,303,54.368233,31.880491,1217
6/8/2025,24.8,0,35.5,1010.9,51037.92,0,0,26,1010.9,880.8,30.3,19.2,4,46307.31,309,54.368233,31.880491,1217
6/9/2025,26.7,0,24.7,1009.4,51069.16,0,0,25,1009.4,880.3,33.8,18.6,14,44589.79,286,54.368233,31.880491,1217
6/10/2025,27,0,21.5,1008.5,51097.92,0,0,23,1008.5,879.6,33,19.6,34,41957.58,316,54.368233,31.880491,1217
6/11/2025,28.3,0,17.6,1008.2,51124.15,0,0,21,1008.2,879.9,34.7,20.4,8,46693.9,326,54.368233,31.880491,1217
6/12/2025,30.5,0,21.7,1008.1,51147.81,0,0,16,1008.1,880.6,37.3,22.8,3,45836.67,44,54.368233,31.880491,1217
6/13/2025,30.8,0,19.7,1009,51168.84,0,0,16,1009,881.6,37.3,23.6,0,46461.78,345,54.368233,31.880491,1217
6/14/2025,30.6,0,24.5,1007.7,51187.2,0,0,14,1007.7,880.3,36.7,24,1,46756.59,329,54.368233,31.880491,1217
6/15/2025,31.5,0,18.3,1004.3,51202.85,0,0,12,1004.3,877.7,37.8,22.9,0,46800,285,54.368233,31.880491,1217
6/16/2025,32.8,0,23.9,1001.2,51215.75,0,0,9,1001.2,875.5,39,24.5,0,46800,120,54.368233,31.880491,1217
6/17/2025,34.6,0,18.2,998.1,51225.99,0,0,7,998.1,873.4,42,24.6,0,46800,120,54.368233,31.880491,1217
6/18/2025,33.2,0,27.4,1000.4,51233.62,0,0,12,1000.4,874.9,39.8,26.1,0,46800,306,54.368233,31.880491,1217
6/19/2025,30.3,0,26.7,1003.4,51238.64,0,0,23,1003.4,876.4,35.8,24.4,0,46785.98,292,54.368233,31.880491,1217
6/20/2025,30.6,0,22.3,1003.6,51241.07,0,0,22,1003.6,876.7,37,23.3,0,46763.76,298,54.368233,31.880491,1217
6/21/2025,33.6,0,23.7,1000.6,51240.93,0,0,14,1000.6,875.2,41.3,24.5,0,46800,339,54.368233,31.880491,1217
6/22/2025,34.5,0,17.6,999.2,51238.23,0,0,10,999.2,874.4,41.7,25.9,0,46800,101,54.368233,31.880491,1217
6/23/2025,35.6,0,27.5,997.3,51232.99,0,0,8,997.3,873.1,42.6,28.2,0,46800,121,54.368233,31.880491,1217
6/24/2025,35.6,0,26.7,996,51225.23,0,0,8,996,872,42,26.8,0,46800,126,54.368233,31.880491,1217
6/25/2025,31.2,0,25.8,1001.2,51214.96,0,0,21,1001.2,874.8,37.1,24.1,0,46800,294,54.368233,31.880491,1217
6/26/2025,31.1,0,23.8,1003,51202.22,0,0,23,1003,876.4,37.2,25.1,0,46800,300,54.368233,31.880491,1217
6/27/2025,33.1,0,15.8,1000.6,51187.02,0,0,17,1000.6,875.1,39.5,25.5,1,46800,303,54.368233,31.880491,1217
6/28/2025,33.4,0,22.9,999.5,51169.38,0,0,15,999.5,874.2,39.8,25.7,2,46800,148,54.368233,31.880491,1217
6/29/2025,34.9,0,18.7,995.3,51149.32,0,0,11,995.3,871.1,41.3,27,0,46800,125,54.368233,31.880491,1217
6/30/2025,35.9,0,19.2,993.9,51126.88,0,0,11,993.9,870.2,42.8,27.3,1,46800,109,54.368233,31.880491,1217
7/1/2025,37.2,0,18.2,994.1,51102.08,0,0,9,994.1,870.9,44.5,28.9,1,46630.74,111,54.368233,31.880491,1217
7/2/2025,37.6,0,26.9,994.7,51074.93,0,0,9,994.7,871.6,44.7,29,6,46630.44,101,54.368233,31.880491,1217
7/3/2025,38.3,0,20.1,994.2,51045.48,0,0,8,994.2,871.4,44,30.6,1,46800,113,54.368233,31.880491,1217
7/4/2025,37.2,0,12.3,995,51013.73,0,0,9,995,871.7,44.2,29.6,1,46636.8,325,54.368233,31.880491,1217
7/5/2025,36.3,0,22.9,995.6,50979.74,0,0,12,995.6,871.9,43.5,27.9,1,46643.66,278,54.368233,31.880491,1217
7/6/2025,36.9,0,23.4,994.4,50943.45,0,0,10,994.4,871,43,29.9,18,44644.49,270,54.368233,31.880491,1217
7/7/2025,33.3,0,28.8,997.4,50904.51,0,0,19,997.4,872.3,38.2,27.9,38,44096.63,285,54.368233,31.880491,1217
7/8/2025,32.5,0,26.6,998.5,50862.94,0,0,21,998.5,873,37.5,27.2,30,45658.01,299,54.368233,31.880491,1217
7/9/2025,33.8,0,21.7,997.7,50818.82,0,0,18,997.7,872.8,39.2,26.6,53,44942.48,320,54.368233,31.880491,1217
7/10/2025,34,0,19.2,998.9,50772.22,0,0,21,998.9,873.9,39.8,28.9,63,39471.39,274,54.368233,31.880491,1217
7/11/2025,33.8,0,19.5,1001.9,50723.24,0,0,23,1001.9,876.4,39.8,28,52,41825.36,17,54.368233,31.880491,1217
7/12/2025,33.1,0,28.4,1004.9,50671.94,0,0,16,1004.9,878.8,39,27.5,13,46123.09,304,54.368233,31.880491,1217
7/13/2025,30.5,0,26,1007.8,50618.41,0,0,19,1007.8,880.4,36.3,26.5,46,37963.24,299,54.368233,31.880491,1217
7/14/2025,29.9,0,21.7,1006.9,50562.73,0,0,19,1006.9,879.4,35.5,25.6,47,37777.19,303,54.368233,31.880491,1217
7/15/2025,30.9,0,13.6,1003.5,50504.98,0,0,17,1003.5,876.8,36.6,23.3,4,46673.59,85,54.368233,31.880491,1217
7/16/2025,32.8,0,18.1,1002.5,50445.25,0,0,13,1002.5,876.6,38.9,25,1,46704.58,110,54.368233,31.880491,1217
7/17/2025,34.1,0,18.9,1002.8,50383.6,0,0,12,1002.8,877.3,39.8,26.8,0,46738.2,140,54.368233,31.880491,1217
7/18/2025,34.2,0,19.3,1003.1,50320.12,0,0,11,1003.1,877.7,40.5,27,0,46285.93,211,54.368233,31.880491,1217
7/19/2025,33.3,0,23.2,1003,50254.88,0,0,12,1003,877.2,39.7,26.6,0,46800,343,54.368233,31.880491,1217
7/20/2025,33,0,26.2,1002,50187.97,0,0,14,1002,876.3,40.6,25.9,7,46800,357,54.368233,31.880491,1217
7/21/2025,32.2,0,25.8,1002.5,50119.46,0,0,12,1002.5,876.4,38.5,26,0,46800,313,54.368233,31.880491,1217
7/22/2025,31.6,0,16.1,1002.8,50049.42,0,0,9,1002.8,876.4,37.8,24.4,0,46800,305,54.368233,31.880491,1217
7/23/2025,31.2,0,27.1,1001.5,49977.93,0,0,11,1001.5,875.1,37.8,24,0,46797.9,310,54.368233,31.880491,1217
7/24/2025,29.9,0,28.3,1001.5,49905.08,0,0,12,1001.5,874.6,36.2,23.4,0,46765.26,304,54.368233,31.880491,1217
7/25/2025,31.4,0,22.5,1001.9,49830.92,0,0,10,1001.9,875.5,38.5,23.1,0,46731.24,325,54.368233,31.880491,1217
7/26/2025,32.4,0,26.8,1003.3,49755.41,0,0,12,1003.3,877.1,39.5,24.6,24,40962.01,279,54.368233,31.880491,1217
7/27/2025,31.9,0,24.1,1004.1,49677.92,0,0,17,1004.1,877.6,37.7,25.7,2,46114.88,327,54.368233,31.880491,1217
7/28/2025,33.2,0,23.8,1002.4,49598.42,0,0,16,1002.4,876.7,38.8,25.4,2,45907.71,67,54.368233,31.880491,1217
7/29/2025,34.8,0,23.1,1001.9,49517.02,0,0,15,1001.9,876.8,40.1,27.6,19,44453.49,27,54.368233,31.880491,1217
7/30/2025,35.1,0,22,1002.3,49433.83,0,0,15,1002.3,877.3,41.3,28.4,32,42924.16,16,54.368233,31.880491,1217
7/31/2025,32.7,0,20.7,1003.6,49348.93,0,0,16,1003.6,877.5,38.5,25.8,13,45084.72,320,54.368233,31.880491,1217
8/1/2025,30.8,0,21.7,1005.1,49262.44,0,0,12,1005.1,878.1,37.4,24.2,0,46049.78,294,54.368233,31.880491,1217
8/2/2025,31.3,0,23,1005.7,49174.44,0,0,12,1005.7,878.8,38,23.6,0,45546.51,305,54.368233,31.880491,1217
8/3/2025,31.6,0,22.4,1005.4,49085.04,0,0,13,1005.4,878.7,37.8,24.4,0,45370.76,312,54.368233,31.880491,1217
8/4/2025,31.8,0,24.5,1006.2,48994.32,0,0,13,1006.2,879.4,38.2,23.8,0,45192.5,308,54.368233,31.880491,1217
8/5/2025,31.8,0,24.7,1006.7,48902.39,0,0,15,1006.7,879.9,38.7,25.1,0,44702.4,316,54.368233,31.880491,1217
8/6/2025,30.7,0,28.1,1006.8,48809.32,0,0,16,1006.8,879.6,36.6,24.2,0,44689.08,311,54.368233,31.880491,1217
8/7/2025,30.6,0,28.5,1007,48715.22,0,0,15,1007,879.7,37.2,23.5,0,44362.08,324,54.368233,31.880491,1217
8/8/2025,30.7,0,25.6,1007,48620.17,0,0,15,1007,879.7,37,23.1,9,44349.71,328,54.368233,31.880491,1217
8/9/2025,30.5,0,20.7,1008.8,48524.25,0,0,13,1008.8,881.2,36.8,22.5,0,44179.39,318,54.368233,31.880491,1217
8/10/2025,29.4,0,26.2,1008.8,48427.55,0,0,12,1008.8,880.8,35.5,22,0,44173.28,303,54.368233,31.880491,1217
8/11/2025,30.5,0,23.1,1008,48330.16,0,0,15,1008,880.6,37.2,22.2,26,39777.38,314,54.368233,31.880491,1217
8/12/2025,31.2,0,20.2,1007.4,48232.16,0,0,19,1007.4,880.3,36.8,24.5,4,42364.51,326,54.368233,31.880491,1217
8/13/2025,31.7,0,31.9,1006.6,48133.62,0,0,17,1006.6,879.8,39.7,24.5,4,43236.82,357,54.368233,31.880491,1217
8/14/2025,30.5,0,23.1,1007.5,48034.63,0,0,22,1007.5,880.1,38,24.7,14,42933.49,327,54.368233,31.880491,1217
8/15/2025,30.5,0,16.9,1005.6,47935.13,0,0,20,1005.6,878.4,35.9,23.3,3,42786.31,238,54.368233,31.880491,1217
8/16/2025,32.6,0,23.7,1002.5,47834.38,0,0,16,1002.5,876.5,37.9,25.2,6,41652.52,127,54.368233,31.880491,1217
8/17/2025,34,0,20.1,1002.5,47732.34,0,0,14,1002.5,877,39.6,26.9,4,42201.27,118,54.368233,31.880491,1217
8/18/2025,32.5,0,17,1004.7,47629.09,0,0,19,1004.7,878.5,39.4,25.1,1,42336.87,322,54.368233,31.880491,1217
8/19/2025,31.7,0,25.5,1004.3,47524.74,0,0,17,1004.3,877.8,38.1,25.1,0,42347.22,319,54.368233,31.880491,1217
8/20/2025,30,0,25.8,1003.9,47419.36,0,0,11,1003.9,876.8,36.8,22.1,0,42490.78,296,54.368233,31.880491,1217
8/21/2025,30.4,0,15.2,1003.5,47313.05,0,0,9,1003.5,876.6,37.8,21.8,0,42485.85,309,54.368233,31.880491,1217
8/22/2025,30.7,0,22.4,1003.6,47205.9,0,0,9,1003.6,876.7,38.5,22.3,0,42352.42,303,54.368233,31.880491,1217
8/23/2025,30.9,0,16.1,1002.6,47097.99,0,0,17,1002.6,875.9,37.9,23.4,0,41810.43,298,54.368233,31.880491,1217
8/24/2025,31.8,0,17.5,1002.6,46989.4,0,0,16,1002.6,876.3,38.8,23.5,0,41669.11,319,54.368233,31.880491,1217
8/25/2025,31.4,0,20.9,1004.2,46880.21,0,0,15,1004.2,877.5,37.8,24.8,0,41550.22,313,54.368233,31.880491,1217
8/26/2025,28.6,0,27.5,1007.1,46770.5,0,0,11,1007.1,879,35,22,0,41833.92,305,54.368233,31.880491,1217
8/27/2025,28.8,0,20.2,1007.4,46660.36,0,0,9,1007.4,879.4,36.2,20.5,0,41579.52,303,54.368233,31.880491,1217
8/28/2025,28.6,0,22.5,1008.5,46549.86,0,0,13,1008.5,880.2,35.5,21.6,0,41331.82,306,54.368233,31.880491,1217
8/29/2025,28.3,0,24,1009.3,46439.08,0,0,15,1009.3,880.8,35,21.6,0,41228.35,308,54.368233,31.880491,1217
8/30/2025,27.9,0,25.2,1010.1,46328.09,0,0,15,1010.1,881.4,34.5,21.5,0,41099.62,307,54.368233,31.880491,1217
8/31/2025,28.4,0,16.4,1008.2,46216.96,0,0,11,1008.2,879.9,35,20.5,0,41004.52,304,54.368233,31.880491,1217
9/1/2025,28.1,0,18.8,1004.4,46105.79,0,0,13,1004.4,876.5,34.5,20.4,0,41014.23,319,54.368233,31.880491,1217
9/2/2025,28.2,0,16.6,1003.4,45994.62,0,0,13,1003.4,875.6,34.8,20.1,0,40863.43,345,54.368233,31.880491,1217
9/3/2025,29.1,0,16.6,1003.8,45883.54,0,0,12,1003.8,876.3,35.5,20.3,5,40729.17,133,54.368233,31.880491,1217
9/4/2025,31.1,0,16.7,1004.7,45772.48,0,0,10,1004.7,877.9,37.8,22.4,20,40074.58,124,54.368233,31.880491,1217
9/5/2025,31.8,0,20.8,1006.6,45660.68,0,0,10,1006.6,879.8,38,24.4,2,40596.3,115,54.368233,31.880491,1217
9/6/2025,31.9,0,24.5,1006.1,45548.08,0,0,10,1006.1,879.4,38.8,23.9,10,39649.91,115,54.368233,31.880491,1217
9/7/2025,32.1,0,23,1004.1,45434.77,0,0,9,1004.1,877.7,39.7,24.2,2,40467.2,108,54.368233,31.880491,1217
9/8/2025,31.6,0,18.8,1004.3,45320.82,0,0,10,1004.3,877.7,38.6,24.1,0,40467.06,110,54.368233,31.880491,1217
9/9/2025,31.7,0,20.9,1006,45206.3,0,0,10,1006,879.2,37.9,23.2,0,40466.7,132,54.368233,31.880491,1217
9/10/2025,31.3,0,17.3,1005.7,45091.29,0,0,9,1005.7,878.8,37.5,24.1,0,40466.11,140,54.368233,31.880491,1217
9/11/2025,31.8,0,20.7,1002.5,44975.86,0,0,8,1002.5,876.2,38.9,23.5,3,40342.98,119,54.368233,31.880491,1217
9/12/2025,30.6,0,19.5,1004.8,44860.1,0,0,10,1004.8,877.8,37.1,24.8,0,40343.14,308,54.368233,31.880491,1217
9/13/2025,27.8,0,20.9,1009.3,44744.06,0,0,23,1009.3,880.6,34,21.9,0,40223.3,305,54.368233,31.880491,1217
9/14/2025,28.2,0,25.7,1010.1,44627.83,0,0,23,1010.1,881.5,34,21.5,10,40105.79,291,54.368233,31.880491,1217
9/15/2025,26.9,0,25.5,1011.6,44511.46,0,0,26,1011.6,882.3,32.2,21.9,0,40107.84,290,54.368233,31.880491,1217
9/16/2025,26.9,0,12.4,1010,44395.05,0,0,26,1010,880.9,33.5,19.4,0,40109.65,339,54.368233,31.880491,1217
9/17/2025,28.2,0,23.4,1007.8,44278.66,0,0,20,1007.8,879.5,35.2,20,0,40111.23,303,54.368233,31.880491,1217
9/18/2025,28,0,19,1009,44162.34,0,0,16,1009,880.4,34.3,22.2,0,39999.47,306,54.368233,31.880491,1217
9/19/2025,29.2,0,16.6,1006.1,44046.18,0,0,13,1006.1,878.4,36.8,20.5,0,39975.94,115,54.368233,31.880491,1217
9/20/2025,30.8,0,34.9,1004.2,43930.25,0,0,12,1004.2,877.3,38.7,23.5,3,39899.01,299,54.368233,31.880491,1217
9/21/2025,29.9,0,32.9,1006.3,43814.62,0,0,15,1006.3,878.8,36,22.6,24,31575.16,305,54.368233,31.880491,1217
9/22/2025,27.8,0,26.4,1009.8,43699.35,0,0,20,1009.8,881,33.7,21.9,12,39531.31,285,54.368233,31.880491,1217
9/23/2025,23.8,0,22.2,1012.8,43584.51,0,0,27,1012.8,882.1,28.6,19.1,0,39458.14,308,54.368233,31.880491,1217
9/24/2025,23.6,0,17.9,1009.3,43470.04,0,0,24,1009.3,878.9,30.1,17.3,0,39385.2,313,54.368233,31.880491,1217
9/25/2025,23.8,0,15.6,1008.5,43355.14,0,0,20,1008.5,878.3,30.5,16.6,0,39311.5,306,54.368233,31.880491,1217
9/26/2025,24.1,0,12.7,1010.9,43239.75,0,0,20,1010.9,880.5,31,16.3,0,39136.46,314,54.368233,31.880491,1217
9/27/2025,27.4,0,13.5,1011.5,43123.95,0,0,14,1011.5,882.3,35,17.5,24,33611.14,114,54.368233,31.880491,1217
9/28/2025,27.1,0,23.4,1012.7,43007.81,0,0,16,1012.7,883.3,34,20.8,0,38892.06,306,54.368233,31.880491,1217
9/29/2025,25.5,0,10.2,1012.4,42891.41,0,0,15,1012.4,882.4,32.5,19,0,38819.48,334,54.368233,31.880491,1217
9/30/2025,26.3,0,17.5,1006.7,42774.82,0,0,10,1006.7,877.8,34.1,17.6,0,38746.54,129,54.368233,31.880491,1217
10/1/2025,27.1,0,19.6,1004.6,42658.12,0,0,9,1004.6,876.3,34.7,19.5,0,38673.36,121,54.368233,31.880491,1217
10/2/2025,23.5,0,16.6,1010.2,42541.39,0,0,21,1010.2,879.6,29.9,16.4,0,38552.9,303,54.368233,31.880491,1217
10/3/2025,23.8,0,13.4,1013.9,42424.71,0,0,21,1013.9,883,31,16.8,0,38400.21,305,54.368233,31.880491,1217
10/4/2025,24,0,17.3,1015.4,42308.15,0,0,21,1015.4,884.4,31.4,16.9,0,38245.55,303,54.368233,31.880491,1217
10/5/2025,22.2,0,20.7,1016,42191.78,0,0,26,1016,884.2,29.1,16.4,0,38093.5,307,54.368233,31.880491,1217
10/6/2025,21.4,0,15.8,1014.8,42075.7,0,0,22,1014.8,882.9,28.4,15,0,37944.2,314,54.368233,31.880491,1217
10/7/2025,22.5,0,15.2,1013.7,41959.96,0,0,17,1013.7,882.3,29.6,15.6,0,37666.95,312,54.368233,31.880491,1217
10/8/2025,23.5,0,12.8,1012.6,41844.66,0,0,15,1012.6,881.7,31.2,15.1,0,37526.02,100,54.368233,31.880491,1217
10/9/2025,24.8,0,15.4,1012.5,41729.88,0,0,13,1012.5,882.2,32.3,16.7,0,37262.39,120,54.368233,31.880491,1217
10/10/2025,25.1,0,14.5,1010.1,41615.68,0,0,13,1010.1,880.3,33.2,16.8,0,37130.69,95,54.368233,31.880491,1217
10/11/2025,24.7,0,9.5,1009.3,41502.17,0,0,15,1009.3,879.3,32.5,16.8,0,37002.65,93,54.368233,31.880491,1217
10/12/2025,24.9,0,20.8,1010.6,41389.41,0,0,16,1010.6,880.5,32.5,17.3,0,36878.41,99,54.368233,31.880491,1217
10/13/2025,24.9,0,16.5,1012.6,41277.51,0,0,17,1012.6,882.3,32.3,17.5,0,36642.67,316,54.368233,31.880491,1217
10/14/2025,24.1,0,15.3,1014.2,41166.37,0,0,14,1014.2,883.4,30.9,17.4,0,36642,302,54.368233,31.880491,1217
10/15/2025,23.5,0,13.1,1012.8,41055.13,0,0,15,1012.8,881.9,31.5,15.4,0,36530.13,107,54.368233,31.880491,1217
10/16/2025,23.9,0,12.4,1013.1,40943.73,0,0,14,1013.1,882.4,31.8,15.7,0,36422.79,120,54.368233,31.880491,1217
10/17/2025,23.2,0,11.2,1015.8,40832.25,0,0,15,1015.8,884.4,31,15.4,3,36320.19,93,54.368233,31.880491,1217
10/18/2025,22.1,0,10.8,1015.5,40720.78,0,0,16,1015.5,883.8,29,16,7,36222.62,316,54.368233,31.880491,1217
10/19/2025,21.3,0,13.8,1013.3,40609.41,0,0,18,1013.3,881.5,28.3,14.9,18,36130.31,311,54.368233,31.880491,1217
10/20/2025,21.4,0,12.1,1011.7,40498.24,0,0,19,1011.7,880.1,28.8,13.9,0,36137.59,178,54.368233,31.880491,1217
10/21/2025,22,0,8.3,1012.7,40387.36,0,0,16,1012.7,881.2,29.6,14.7,4,36053.18,119,54.368233,31.880491,1217
10/22/2025,21.6,0,12.5,1015.7,40276.86,0,0,15,1015.7,883.7,29.5,13.8,0,36061.73,96,54.368233,31.880491,1217
10/23/2025,20.8,0,14.9,1016.6,40166.84,0,0,18,1016.6,884.1,27.3,14.3,0,36000,316,54.368233,31.880491,1217
10/24/2025,20.8,0,14.3,1015,40057.4,0,0,18,1015,882.8,28.4,13.3,0,36000,123,54.368233,31.880491,1217
10/25/2025,20.3,0,19.9,1013,39948.63,0,0,17,1013,880.8,27.3,13.7,0,36000,298,54.368233,31.880491,1217
10/26/2025,20.4,0,14,1012.6,39840.64,0,0,18,1012.6,880.5,27.8,13.6,0,36000,120,54.368233,31.880491,1217
10/27/2025,20.5,0,13.1,1013.3,39733.52,0,0,17,1013.3,881.2,28,13.6,0,36000,319,54.368233,31.880491,1217
10/28/2025,20.2,0,7.7,1015.1,39627.39,0,0,17,1015.1,882.6,28.3,12.7,0,35976.22,91,54.368233,31.880491,1217
10/29/2025,20.5,0,11.4,1013.4,39522.34,0,0,15,1013.4,881.2,29.5,12.2,0,35924.99,125,54.368233,31.880491,1217
10/30/2025,19.7,0,12.3,1014.4,39418.49,0,0,16,1014.4,881.8,26.7,12.9,0,35873.45,306,54.368233,31.880491,1217
10/31/2025,17.9,0,17.4,1019.2,39315.94,0,0,28,1019.2,885.2,24.4,12.1,0,35821.59,297,54.368233,31.880491,1217
11/1/2025,17.9,0,6.4,1018,39214.8,0,0,32,1018,884.1,25.6,10.8,0,35769.47,106,54.368233,31.880491,1217
11/2/2025,17.8,0,10.3,1016.9,39115.2,0,0,28,1016.9,883.2,24.9,11,0,35717.09,331,54.368233,31.880491,1217
11/3/2025,16.4,0,22.6,1021,39017.05,0,0,31,1021,886.2,22.8,11.1,0,35664.49,299,54.368233,31.880491,1217
11/4/2025,14.3,0,16.1,1023.6,38919.46,0,0,32,1023.6,887.5,21,7.6,0,35611.36,128,54.368233,31.880491,1217
11/5/2025,13.8,0,11.5,1021.8,38822.34,0,0,28,1021.8,885.7,20.5,7.2,3,35557.56,321,54.368233,31.880491,1217
11/6/2025,13.8,0,11,1020.5,38725.8,0,0,26,1020.5,884.6,21,7.2,1,35503.17,324,54.368233,31.880491,1217
11/7/2025,14.3,0,12.3,1021.7,38629.93,0,0,25,1021.7,885.8,21.5,7.4,17,35448.25,356,54.368233,31.880491,1217
11/8/2025,14.6,0,9,1023,38534.85,0,0,24,1023,887,21.9,7.6,27,35392.87,6,54.368233,31.880491,1217
11/9/2025,14.6,0,10.1,1022.5,38440.66,0,0,22,1022.5,886.6,21.5,7.9,6,35337.08,342,54.368233,31.880491,1217
11/10/2025,14,0,10.9,1021.7,38347.47,0,0,22,1021.7,885.7,21.1,7.6,0,35280.95,99,54.368233,31.880491,1217
11/11/2025,13.8,0,10.1,1021.4,38255.4,0,0,23,1021.4,885.3,21,6.7,0,35224.56,96,54.368233,31.880491,1217
11/12/2025,14.5,0,12.5,1021.2,38164.54,0,0,21,1021.2,885.5,22.6,6.8,35,35126.88,130,54.368233,31.880491,1217
11/13/2025,14.4,0,12.1,1022.4,38075.03,0,0,20,1022.4,886.4,22.6,6.3,2,35030.25,92,54.368233,31.880491,1217
11/14/2025,14.8,0,16.8,1019.6,37986.96,0,0,18,1019.6,884.2,23.5,7.4,46,34935.06,128,54.368233,31.880491,1217
11/15/2025,14.6,0,16.4,1018.2,37900.47,0,0,16,1018.2,882.9,21.6,7.8,75,29553.39,266,54.368233,31.880491,1217
11/16/2025,15.4,0,11.4,1021.5,37815.67,0,0,18,1021.5,886.1,22.7,9.7,54,30941.79,144,54.368233,31.880491,1217
11/17/2025,16.2,0,10,1022.3,37732.68,0,0,23,1022.3,887.2,24,9.2,13,34659.44,131,54.368233,31.880491,1217
11/18/2025,13.9,0,17.1,1023.9,37651.62,0,0,34,1023.9,887.6,19.8,8.7,0,34571.34,302,54.368233,31.880491,1217
11/19/2025,12.9,0,11.3,1024.1,37572.62,0,0,35,1024.1,887.3,19,7.4,0,34485.38,321,54.368233,31.880491,1217
11/20/2025,12.2,0,12.7,1025.8,37495.81,0,0,31,1025.8,888.5,18.2,6.5,0,34401.67,312,54.368233,31.880491,1217
11/21/2025,11.3,0,14.4,1028.4,37421.32,0,0,27,1028.4,890.3,17.5,5.6,0,34320.38,312,54.368233,31.880491,1217
11/22/2025,10.7,0,13.9,1028.2,37349.25,0,0,22,1028.2,889.9,17.4,4.2,0,34241.65,313,54.368233,31.880491,1217
11/23/2025,10.6,0,12,1025.9,37279.62,0,0,17,1025.9,887.8,18.2,3.8,0,34165.58,334,54.368233,31.880491,1217
11/24/2025,10.7,0,11,1023.8,37211.61,0,0,13,1023.8,886,18.6,4.1,0,34091.45,110,54.368233,31.880491,1217
11/25/2025,10.2,0,9.6,1022,37145.19,0,0,12,1022,884.2,18.4,2.8,0,34018.94,120,54.368233,31.880491,1217
11/26/2025,10.9,0,10.9,1019.3,37080.43,0,0,11,1019.3,882.2,19.1,3.1,43,33948.15,110,54.368233,31.880491,1217
11/27/2025,10.4,0,12.6,1021.3,37017.4,0,0,11,1021.3,883.8,17.6,4.3,2,33879.16,307,54.368233,31.880491,1217
11/28/2025,10.2,0,11,1022.5,36956.21,0,0,13,1022.5,884.7,18,3.8,0,33671.79,99,54.368233,31.880491,1217
11/29/2025,9.5,0,8,1021.6,36896.93,0,0,18,1021.6,883.6,16.8,2.8,9,33643.42,104,54.368233,31.880491,1217
11/30/2025,10.4,0,10.7,1019.8,36839.65,0,0,19,1019.8,882.5,18.2,2.6,0,33368.79,126,54.368233,31.880491,1217
12/1/2025,12.8,0,15.1,1018.8,36784.45,0,0,22,1018.8,882.6,20.5,5.2,9,33224.93,126,54.368233,31.880491,1217
12/2/2025,15.3,0,14.3,1016.8,36731.43,0,0,27,1016.8,882,22.1,8.6,63,32967.34,125,54.368233,31.880491,1217
12/3/2025,14,0,18.9,1018.6,36680.68,0,0,46,1018.6,883,20,9,68,29509.37,295,54.368233,31.880491,1217
12/4/2025,12.1,0,10.3,1021.4,36632.27,0,0,49,1021.4,884.6,18.1,6.8,10,32711.16,277,54.368233,31.880491,1217
12/5/2025,10,0,11.3,1022.8,36586.31,0,0,51,1022.8,884.9,15.6,4.5,27,32479.5,306,54.368233,31.880491,1217
12/6/2025,11.1,0,11.8,1022.7,36542.87,0,0,41,1022.7,885.3,17.9,4.4,0,32587.27,133,54.368233,31.880491,1217
12/7/2025,12.7,0,14.4,1022.6,36502.04,0,0,31,1022.6,885.9,20.6,5.8,20,32584.08,127,54.368233,31.880491,1217
12/8/2025,14.9,0,15.9,1020.4,36463.92,0,0,21,1020.4,884.9,22.6,6.8,67,29220.68,139,54.368233,31.880491,1217
12/9/2025,13.9,0.8,14.9,1019.1,36428.59,0.8,0,27,1019.1,883.4,20.6,10,89,19939.13,210,54.368233,31.880491,1217
12/10/2025,16.7,0.1,14.6,1014.6,36396.14,0.1,0,26,1014.6,880.7,24.6,10.6,80,27238.62,127,54.368233,31.880491,1217
12/11/2025,12.4,0.2,26.7,1014.9,36366.65,0.2,0,46,1014.9,879.1,19.6,6.9,78,18738.63,242,54.368233,31.880491,1217
12/12/2025,10.4,1.1,17.8,1014.3,36340.22,1.1,0,72,1014.3,877.8,16.5,5.6,47,29716.39,285,54.368233,31.880491,1217
12/13/2025,9.2,0,12.6,1013.5,36316.86,0,0,60,1013.5,876.5,15,4,26,30913.72,134,54.368233,31.880491,1217
12/14/2025,9.3,0,22.8,1016.4,36296.26,0,0,41,1016.4,879.1,15.2,4.4,5,32322.64,325,54.368233,31.880491,1217
12/15/2025,8.5,0.4,10.7,1017.8,36278.39,0.4,0,47,1017.8,879.9,14.1,2.1,74,22489.85,166,54.368233,31.880491,1217
12/16/2025,7.8,6.8,15.2,1014.1,36263.23,6.6,0.14,73,1014.1,876.4,11.2,4.2,96,2118.37,251,54.368233,31.880491,1217
12/17/2025,5.7,2.7,22.9,1019.6,36250.8,2.7,0,88,1019.6,880.2,8,4.1,100,0,291,54.368233,31.880491,1217
12/18/2025,4.4,5.3,19.1,1026,36241.1,5.3,0,90,1026,885.2,6.2,3.2,100,0,274,54.368233,31.880491,1217
12/19/2025,0.6,17.2,25.5,1021.3,36234.12,4.4,8.96,99,1021.3,879.3,2,0.2,100,0,288,54.368233,31.880491,1217
12/20/2025,1.9,0.7,19,1024.1,36229.88,0.7,0,88,1024.1,882.3,4.6,-0.3,72,20227.5,303,54.368233,31.880491,1217
12/21/2025,2.4,0,15,1026.8,36228.37,0,0,79,1026.8,884.8,7.9,-2.5,20,32137.76,135,54.368233,31.880491,1217
12/22/2025,4,0,16.8,1023.9,36229.58,0,0,74,1023.9,883,11.3,-1.4,28,32267.12,133,54.368233,31.880491,1217
12/23/2025,4.6,0,8.5,1023,36233.51,0,0,76,1023,882.6,11.1,-0.9,61,32300.82,281,54.368233,31.880491,1217
