time,temperature_2m_mean (°C),daylight_duration (s),snowfall_sum (cm),relative_humidity_2m_mean (%),pressure_msl_mean (hPa),temperature_2m_max (°C),temperature_2m_min (°C),cloud_cover_mean (%),wind_speed_10m_max (km/h),precipitation_sum (mm),sunshine_duration (s),longitude,latitude,elevation,temp_range,sunshine_ratio,target_temp_next_day,month,day_of_week,day_of_year_sin,day_of_year_cos,wind_dir_sin,wind_dir_cos
2023-01-01,17.9,37640.81,0.0,43,1022.7,23.1,11.4,20,16.4,0.0,33456.62,56.28763,27.240772,9.0,11.700000000000001,0.8888390021362453,18.8,1,6,0.017213356155834685,0.9998518392091162,0.7193398003386512,0.6946583704589973
2023-01-02,18.8,37666.55,0.0,29,1024.5,24.0,14.1,62,24.4,0.0,33209.32,56.28763,27.240772,9.0,9.9,0.8816660936560422,19.3,1,0,0.03442161162274574,0.9994074007397048,0.8090169943749475,0.5877852522924731
2023-01-03,19.3,37694.59,0.0,21,1025.2,24.3,15.9,73,24.7,0.0,25453.0,56.28763,27.240772,9.0,8.4,0.675242786829622,19.7,1,1,0.051619667223253764,0.998666816288476,0.788010753606722,0.6156614753256583
2023-01-04,19.7,37724.89,0.0,15,1022.4,24.7,14.4,71,25.3,0.0,29606.1,56.28763,27.240772,9.0,10.299999999999999,0.7847895646614211,20.2,1,2,0.06880242680231986,0.9976303053065857,0.754709580222772,0.6560590289905073
2023-01-05,20.2,37757.38,0.0,52,1020.6,23.4,17.1,96,15.8,0.7,19223.08,56.28763,27.240772,9.0,6.299999999999997,0.5091211307564244,18.0,1,3,0.08596479873744647,0.9962981749346078,0.788010753606722,0.6156614753256583
2023-01-06,18.0,37791.98,0.0,84,1020.8,21.4,15.8,99,16.7,13.9,13770.16,56.28763,27.240772,9.0,5.599999999999998,0.364367254639741,16.0,1,4,0.10310169744743485,0.9946708199115211,-0.4226182617406992,0.90630778703665
2023-01-07,16.0,37828.65,0.0,90,1020.2,17.9,12.5,73,10.8,18.1,1348.43,56.28763,27.240772,9.0,5.399999999999999,0.03564573411950995,15.7,1,5,0.1202080448993527,0.9927487224577402,0.08715574274765817,0.9961946980917455
2023-01-08,15.7,37867.31,0.0,86,1019.4,19.2,12.6,41,12.6,0.0,31613.7,56.28763,27.240772,9.0,6.6,0.8348546543179328,16.3,1,6,0.13727877211326478,0.9905324521322229,0.13917310096006544,0.9902680687415704
2023-01-09,16.3,37907.91,0.0,78,1020.2,20.1,13.1,22,13.7,0.0,32840.53,56.28763,27.240772,9.0,7.000000000000002,0.8663239413621061,17.9,1,0,0.15430882066428117,0.9880226656636976,0.4694715627858908,0.882947592858927
2023-01-10,17.9,37950.37,0.0,80,1017.0,20.2,15.2,84,17.8,9.6,13453.35,56.28763,27.240772,9.0,5.0,0.3544985200407796,15.5,1,1,0.1712931441814776,0.9852201067560606,0.01745240643728351,0.9998476951563913
2023-01-11,15.5,37994.64,0.0,63,1020.0,19.9,10.6,5,31.7,0.0,33077.11,56.28763,27.240772,9.0,9.299999999999999,0.8705730597789583,12.0,1,2,0.1882267098432442,0.9821256058680006,0.8290375725550417,0.5591929034707468
2023-01-12,12.0,38040.66,0.0,50,1023.4,16.5,7.9,1,30.0,0.0,33439.29,56.28763,27.240772,9.0,8.6,0.8790407421953246,11.6,1,3,0.2051044998686192,0.9787400799669153,0.8480480961564261,0.5299192642332049
2023-01-13,11.6,38088.35,0.0,51,1024.1,16.8,7.9,6,27.7,0.0,33432.14,56.28763,27.240772,9.0,8.9,0.8777523836028602,12.8,1,4,0.2219215130041655,0.9750645322571948,0.8090169943749475,0.5877852522924731
2023-01-14,12.8,38137.66,0.0,49,1022.8,18.5,7.8,15,24.1,0.0,33431.35,56.28763,27.240772,9.0,10.7,0.8765967812393313,14.8,1,5,0.2386727660059501,0.9711000518829505,0.788010753606722,0.6156614753256583
2023-01-15,14.8,38188.52,0.0,47,1020.2,21.1,9.9,20,15.1,0.0,31238.74,56.28763,27.240772,9.0,11.200000000000001,0.8180138952753342,16.9,1,6,0.255353295116187,0.9668478136052775,0.6946583704589973,0.7193398003386512
2023-01-16,16.9,38240.88,0.0,53,1017.7,21.7,10.6,17,13.0,0.0,33256.01,56.28763,27.240772,9.0,11.1,0.8696455207097745,17.7,1,0,0.2719581575341055,0.9623090774541486,0.6156614753256583,0.7880107536067219
2023-01-17,17.7,38294.66,0.0,64,1015.5,22.6,13.7,78,19.2,8.5,21708.29,56.28763,27.240772,9.0,8.900000000000002,0.5668751204476028,18.0,1,1,0.288482432880609,0.9574851883550393,0.573576436351046,0.8191520442889918
2023-01-18,18.0,38349.93,0.0,77,1015.1,22.0,14.1,30,22.7,7.6,33069.86,56.28763,27.240772,9.0,7.9,0.8623186535151434,16.6,1,2,0.30492122465628907,0.9523775757303974,0.754709580222772,0.6560590289905073
2023-01-19,16.6,38407.28,0.0,58,1019.1,21.2,13.3,4,18.7,0.0,33450.75,56.28763,27.240772,9.0,7.899999999999999,0.8709481639939095,16.0,1,3,0.3212696616923644,0.9469877530760753,0.7771459614569709,0.6293203910498375
2023-01-20,16.0,38466.74,0.0,51,1021.1,20.9,12.3,0,22.7,0.0,33664.8,56.28763,27.240772,9.0,8.599999999999998,0.8751664424903177,16.0,1,4,0.3375228995941133,0.9413173175128471,0.7313537016191705,0.6819983600624985
2023-01-21,16.0,38528.2,0.0,45,1021.3,20.8,12.7,0,24.9,0.0,33661.6,56.28763,27.240772,9.0,8.100000000000001,0.873687325128088,15.8,1,5,0.3536761221763716,0.9353679493131483,0.7431448254773942,0.6691306063588582
2023-01-22,15.8,38591.54,0.0,39,1020.8,21.1,11.5,8,24.6,0.0,33761.1,56.28763,27.240772,9.0,9.600000000000001,0.8748316340835323,15.8,1,6,0.3697245428906731,0.9291414114031743,0.7771459614569709,0.6293203910498375
2023-01-23,15.8,38656.69,0.0,31,1021.3,20.8,12.2,23,28.9,0.0,33758.91,56.28763,27.240772,9.0,8.600000000000001,0.8733005852285853,15.5,1,0,0.38566340624360707,0.9226395488404876,0.8090169943749475,0.5877852522924731
2023-01-24,15.5,38723.51,0.0,27,1021.1,20.3,11.9,28,28.3,0.0,33863.86,56.28763,27.240772,9.0,8.4,0.8745038866569689,15.9,1,1,0.401487989205973,0.9158642882672872,0.8290375725550417,0.5591929034707468
2023-01-25,15.9,38791.93,0.0,25,1020.7,20.4,12.3,48,31.2,0.0,33394.06,56.28763,27.240772,9.0,8.099999999999998,0.860850697554878,15.8,1,2,0.4171936026123168,0.9088176373395029,0.8090169943749475,0.5877852522924731
2023-01-26,15.8,38861.83,0.0,37,1020.6,20.2,12.1,88,26.7,10.9,16767.3,56.28763,27.240772,9.0,8.1,0.43145935227445537,12.8,1,3,0.4327755925504312,0.901501684131884,0.7193398003386512,0.6946583704589973
2023-01-27,12.8,38933.12,0.0,78,1020.0,14.1,10.3,95,21.0,18.8,0.0,56.28763,27.240772,9.0,3.799999999999999,0.0,13.8,1,4,0.4482293417404106,0.893918596519257,0.7771459614569709,0.6293203910498375
2023-01-28,13.8,39005.71,0.0,78,1017.7,18.0,9.7,6,16.1,0.0,33842.94,56.28763,27.240772,9.0,8.3,0.8676406608160704,14.2,1,5,0.4635502709028509,0.886070621534138,0.3255681544571567,0.9455185755993168
2023-01-29,14.2,39079.5,0.0,67,1016.6,18.5,10.1,0,14.0,0.0,34212.33,56.28763,27.240772,9.0,8.4,0.8754546501362608,15.2,1,6,0.47873384011578846,0.8779600847008882,0.24192189559966773,0.9702957262759965
2023-01-30,15.2,39154.39,0.0,72,1018.3,19.6,11.0,0,12.3,0.0,34211.53,56.28763,27.240772,9.0,8.600000000000001,0.8737597495453255,17.0,1,0,0.49377555015997715,0.869589389346611,0.4067366430758002,0.9135454576426009
2023-01-31,17.0,39230.3,0.0,76,1018.4,21.0,11.6,15,18.8,1.6,34202.36,56.28763,27.240772,9.0,9.4,0.8718352905789657,18.2,1,1,0.5086709438521044,0.8609610158889943,0.6560590289905073,0.754709580222772
2023-02-01,18.2,39307.13,0.0,86,1017.7,21.4,16.0,50,16.6,4.3,27766.95,56.28763,27.240772,9.0,5.399999999999999,0.7064100075482489,18.3,2,2,0.5234156073655503,0.8520775211013093,0.7193398003386512,0.6946583704589973
2023-02-02,18.3,39384.79,0.0,87,1017.2,20.7,16.6,56,19.1,3.1,17352.58,56.28763,27.240772,9.0,4.099999999999998,0.44059089816144764,19.1,2,3,0.5380051715382996,0.8429415373547828,0.7431448254773942,0.6691306063588582
2023-02-03,19.1,39463.19,0.0,86,1017.0,22.1,15.9,13,13.0,0.2,33670.95,56.28763,27.240772,9.0,6.200000000000001,0.8532242325062924,17.7,2,4,0.5524353131676196,0.8335557718385699,0.9205048534524404,0.3907311284892737
2023-02-04,17.7,39542.25,0.0,81,1015.3,22.2,13.5,12,18.6,0.0,34308.33,56.28763,27.240772,9.0,8.7,0.8676372740549666,17.2,2,5,0.5667017562911176,0.8239230057575542,-0.8746197071393959,-0.48480962024633684
2023-02-05,17.2,39621.88,0.0,76,1014.6,22.4,13.2,8,19.4,0.0,34707.82,56.28763,27.240772,9.0,9.2,0.875976102093086,18.2,2,6,0.5808002734538009,0.8140460935082178,-0.27563735581699894,0.9612616959383189
2023-02-06,18.2,39701.99,0.0,69,1015.8,22.5,13.7,4,12.2,0.0,35243.66,56.28763,27.240772,9.0,8.8,0.8877051251083385,18.4,2,0,0.5947266869607634,0.8039279618328213,0.3255681544571567,0.9455185755993168
2023-02-07,18.4,39782.65,0.0,71,1013.3,22.8,13.3,37,13.1,0.0,34973.67,56.28763,27.240772,9.0,9.5,0.8791186610243409,20.0,2,1,0.6084768701151261,0.7935716089521474,0.8191520442889918,0.573576436351046
2023-02-08,20.0,39864.63,0.0,74,1012.0,24.3,16.0,76,14.1,0.0,34440.55,56.28763,27.240772,9.0,8.3,0.8639375305878922,18.5,2,2,0.6220467484408675,0.7829801036770629,0.8660254037844386,0.5000000000000001
2023-02-09,18.5,39947.98,0.0,62,1013.3,25.2,13.0,91,23.2,0.0,35241.82,56.28763,27.240772,9.0,12.2,0.8821927917256391,17.3,2,3,0.6354323008901774,0.7721565844991642,-0.6946583704589973,-0.7193398003386511
2023-02-10,17.3,40032.6,0.0,58,1017.0,21.8,12.8,57,16.5,0.0,34707.59,56.28763,27.240772,9.0,9.0,0.8669831587256386,18.7,2,4,0.6486295610349814,0.7611042586607747,0.898794046299167,0.43837114678907746
2023-02-11,18.7,40118.39,0.0,45,1019.6,24.5,13.2,29,15.1,0.0,36080.76,56.28763,27.240772,9.0,11.3,0.8993571277411682,19.7,2,5,0.6616346182422783,0.7498264012045686,0.754709580222772,0.6560590289905073
2023-02-12,19.7,40205.26,0.0,44,1019.0,26.1,12.9,37,15.7,0.0,35943.32,56.28763,27.240772,9.0,13.200000000000001,0.893995462285283,20.3,2,6,0.6744436188329455,0.7383263540031065,0.838670567945424,0.5446390350150271
2023-02-13,20.3,40293.11,0.0,75,1019.0,24.3,16.8,69,17.8,0.0,34668.45,56.28763,27.240772,9.0,7.5,0.8604064069514613,20.5,2,0,0.6870527672236669,0.7266075247685656,0.8829475928589269,0.46947156278589086
2023-02-14,20.5,40381.86,0.0,77,1016.9,25.5,16.3,27,11.8,0.0,34461.96,56.28763,27.240772,9.0,9.2,0.8534019978277375,21.7,2,1,0.699458327051647,0.7146733860429609,0.9781476007338056,0.20791169081775945
2023-02-15,21.7,40471.41,0.0,56,1014.2,27.9,15.4,12,13.8,0.0,36952.79,56.28763,27.240772,9.0,12.499999999999998,0.9130591200059498,21.8,2,2,0.7116566222817746,0.7025274741691571,0.9702957262759965,-0.24192189559966779
2023-02-16,21.8,40561.68,0.0,56,1015.4,26.8,15.5,64,14.1,0.0,36812.84,56.28763,27.240772,9.0,11.3,0.9075768064833606,21.6,2,3,0.7236440382959124,0.6901733882429719,0.9961946980917455,0.08715574274765814
2023-02-17,21.6,40652.58,0.0,60,1017.4,28.0,14.7,21,17.2,0.0,37108.25,56.28763,27.240772,9.0,13.3,0.9128141436533671,20.7,2,4,0.7354170229639855,0.6776147890466889,-0.5299192642332048,-0.8480480961564261
2023-02-18,20.7,40744.02,0.0,76,1017.9,25.8,16.0,44,21.7,0.0,36225.59,56.28763,27.240772,9.0,9.8,0.8891020080983664,20.7,2,5,0.7469720876965552,0.6648553979642865,-0.2588190451025208,-0.9659258262890683
2023-02-19,20.7,40835.91,0.0,73,1016.9,25.2,16.3,90,29.2,0.0,34236.58,56.28763,27.240772,9.0,8.899999999999999,0.8383939527734291,20.6,2,6,0.7583058084785624,0.6518989958787126,-0.6427876096865393,-0.766044443118978
2023-02-20,20.6,40928.19,0.0,68,1016.2,25.6,15.9,39,21.9,0.0,36357.98,56.28763,27.240772,9.0,9.700000000000001,0.8883358878074012,20.1,2,0,0.7694148268839378,0.6387494220515272,0.5150380749100544,-0.8571673007021122
2023-02-21,20.1,41020.75,0.0,70,1015.0,25.1,14.8,61,24.8,0.0,35404.45,56.28763,27.240772,9.0,10.3,0.8630863648275567,20.9,2,1,0.7802958510707755,0.6254105729852463,-0.8746197071393959,-0.48480962024633684
2023-02-22,20.9,41113.53,0.0,75,1013.8,27.0,15.6,26,21.6,0.0,38326.64,56.28763,27.240772,9.0,11.4,0.9322147721200296,21.4,2,2,0.7909456567567772,0.6118864012687243,0.9455185755993168,-0.32556815445715664
2023-02-23,21.4,41206.44,0.0,79,1011.9,26.2,18.0,30,17.9,0.0,31672.95,56.28763,27.240772,9.0,8.2,0.7686407755680907,21.5,2,3,0.8013610881746766,0.5981809144059165,0.8290375725550417,-0.5591929034707467
2023-02-24,21.5,41299.39,0.0,73,1013.7,25.8,17.0,17,15.9,0.0,37433.3,56.28763,27.240772,9.0,8.8,0.9063886900024433,21.9,2,4,0.8115390590073611,0.5842981736283684,0.9876883405951378,-0.1564344650402308
2023-02-25,21.9,41392.33,0.0,67,1016.8,27.6,16.6,93,17.8,0.0,34852.6,56.28763,27.240772,9.0,11.0,0.8420062364210953,23.2,2,5,0.8214765533024142,0.5702422926917871,0.9961946980917455,0.08715574274765814
2023-02-26,23.2,41485.16,0.0,58,1017.6,28.5,17.2,36,15.6,0.0,38722.08,56.28763,27.240772,9.0,11.3,0.9333959420669945,25.8,2,6,0.8311706263658079,0.5560174366570446,0.9961946980917455,-0.08715574274765824
2023-02-27,25.8,41577.94,0.0,38,1016.6,31.5,19.7,90,16.9,0.0,32939.11,56.28763,27.240772,9.0,11.8,0.7922256369603689,25.1,2,0,0.8406184056344782,0.5416278206559814,-0.7771459614569706,-0.6293203910498378
2023-02-28,25.1,41671.43,0.0,37,1015.2,32.0,20.6,30,18.4,0.3,38901.05,56.28763,27.240772,9.0,11.399999999999999,0.9335184801673473,24.7,2,1,0.8498170915275278,0.5270777086423722,0.5591929034707469,0.8290375725550417
2023-03-01,24.7,41765.7,0.0,52,1015.7,30.2,20.6,61,17.1,0.0,36129.37,56.28763,27.240772,9.0,9.599999999999998,0.865048831936254,23.0,3,2,0.8587639582758029,0.5123714121284237,0.9205048534524404,0.3907311284892737
2023-03-02,23.0,41860.67,0.0,66,1017.8,26.3,19.7,65,19.2,0.9,30942.86,56.28763,27.240772,9.0,6.600000000000001,0.7391869265350985,23.5,3,3,0.8674563547295969,0.49751328890718066,0.9510565162951536,-0.30901699437494734
2023-03-03,23.5,41956.26,0.0,58,1018.8,27.0,20.0,9,17.1,0.0,39208.57,56.28763,27.240772,9.0,7.0,0.9345106069988125,23.6,3,4,0.8758917051442429,0.48250774176121847,0.9205048534524404,0.3907311284892737
2023-03-04,23.6,42052.4,0.0,71,1018.7,27.2,20.1,6,15.6,0.0,39035.03,56.28763,27.240772,9.0,7.099999999999998,0.9282473770819263,23.1,3,5,0.8840675099433636,0.4673592171580022,0.05233595624294381,-0.9986295347545738
2023-03-05,23.1,42149.02,0.0,74,1018.2,28.3,19.4,20,22.9,0.0,36712.31,56.28763,27.240772,9.0,8.900000000000002,0.8710121848621866,22.9,3,6,0.8919813464595485,0.45207220393230435,-0.15643446504023073,-0.9876883405951378
2023-03-06,22.9,42246.04,0.0,76,1016.0,28.3,18.5,26,18.4,0.0,37453.97,56.28763,27.240772,9.0,9.8,0.8865675930809136,23.5,3,0,0.8996308696522433,0.43665123195606403,0.5299192642332049,-0.848048096156426
2023-03-07,23.5,42343.41,0.0,71,1014.5,29.4,18.4,12,16.0,0.0,39369.26,56.28763,27.240772,9.0,11.0,0.9297612072339001,25.0,3,1,0.9070138128026359,0.4211008707960896,0.5150380749100544,-0.8571673007021122
2023-03-08,25.0,42441.04,0.0,40,1015.0,30.2,18.7,51,15.1,0.0,37309.5,56.28763,27.240772,9.0,11.5,0.8790901448220872,25.8,3,2,0.9141279881853337,0.40542572835999735,0.9702957262759965,0.24192189559966767
2023-03-09,25.8,42538.86,0.0,40,1014.9,31.2,20.8,42,16.9,0.0,39438.68,56.28763,27.240772,9.0,10.399999999999999,0.9271212251574208,26.0,3,3,0.9209712877166346,0.38963044953078796,0.9205048534524404,0.3907311284892737
2023-03-10,26.0,42636.81,0.0,50,1014.2,29.9,22.3,87,14.6,0.0,30336.1,56.28763,27.240772,9.0,7.599999999999998,0.71150022715114,24.7,3,4,0.9275416835791966,0.37371971479046906,0.9612616959383189,0.27563735581699916
2023-03-11,24.7,42734.82,0.0,64,1013.8,29.3,20.7,6,15.5,0.0,39506.73,56.28763,27.240772,9.0,8.600000000000001,0.9244623002975092,25.8,3,5,0.9338372288229252,0.35769823883312546,0.9925461516413221,-0.12186934340514737
2023-03-12,25.8,42832.83,0.0,52,1013.3,31.6,19.7,16,15.0,0.0,39540.31,56.28763,27.240772,9.0,11.900000000000002,0.9231309255073735,25.8,3,6,0.9398560579418954,0.3415707691678556,0.9781476007338056,0.20791169081775945
2023-03-13,25.8,42930.76,0.0,50,1012.5,30.7,20.9,100,15.2,0.2,33136.54,56.28763,27.240772,9.0,9.8,0.7718600835391687,26.0,3,0,0.9455963874271426,0.3253420847119801,0.8191520442889917,-0.5735764363510462
2023-03-14,26.0,43028.54,0.0,49,1011.3,30.7,21.4,10,21.4,0.0,39600.0,56.28763,27.240772,9.0,9.3,0.9203193973116448,25.2,3,1,0.9510565162951535,0.30901699437494745,-0.656059028990507,-0.7547095802227721
2023-03-15,25.2,43126.1,0.0,62,1009.3,30.6,20.8,50,27.3,0.0,36261.59,56.28763,27.240772,9.0,9.8,0.8408270165862436,25.4,3,2,0.9562348265919056,0.29260033563334836,-0.12186934340514731,-0.9925461516413221
2023-03-16,25.4,43223.39,0.0,62,1008.0,30.8,20.5,4,28.0,0.0,39600.0,56.28763,27.240772,9.0,10.3,0.9161706196575512,24.5,3,3,0.9611297838723007,0.27609697309746883,-0.2419218955996675,-0.9702957262759965
2023-03-17,24.5,43320.32,0.0,66,1008.3,30.5,19.8,1,28.8,0.0,39600.0,56.28763,27.240772,9.0,10.7,0.9141206713154474,23.7,3,4,0.9657399376548549,0.2595117970697999,-0.43837114678907746,-0.8987940462991669
2023-03-18,23.7,43416.84,0.0,71,1009.1,28.2,19.4,14,20.5,0.0,39600.0,56.28763,27.240772,9.0,8.8,0.9120884891668763,23.5,3,5,0.9700639218515071,0.2428497220959356,-0.374606593415912,-0.9271838545667874
2023-03-19,23.5,43513.0,0.0,72,1008.4,28.8,18.9,18,25.3,0.0,39600.0,56.28763,27.240772,9.0,9.900000000000002,0.9100728517914186,23.4,3,6,0.9741004551724205,0.22611568550828828,-0.7313537016191705,-0.6819983600624986
2023-03-20,23.4,43609.5,0.0,74,1005.5,28.1,19.3,22,21.0,0.0,36787.66,56.28763,27.240772,9.0,8.8,0.843569864364416,23.1,3,0,0.9778483415056568,0.20931464596304847,0.10452846326765373,-0.9945218953682733
2023-03-21,23.1,43706.38,0.0,67,1005.1,27.4,18.9,19,21.5,1.5,39600.0,56.28763,27.240772,9.0,8.5,0.9060462111023608,22.4,3,1,0.9813064702716093,0.19245158197082998,0.6946583704589973,0.7193398003386512
2023-03-22,22.4,43803.61,0.0,48,1005.8,27.5,18.2,7,31.7,0.0,39438.52,56.28763,27.240772,9.0,9.3,0.9003486242343952,22.5,3,2,0.9844738167520922,0.1755314904214282,-0.7880107536067221,-0.6156614753256581
2023-03-23,22.5,43901.1,0.0,38,1008.3,28.1,18.1,0,34.2,0.0,39600.0,56.28763,27.240772,9.0,10.0,0.9020275118391111,22.9,3,3,0.9873494423939864,0.15855938510313475,-0.9510565162951535,-0.30901699437494756
2023-03-24,22.9,43998.8,0.0,55,1011.1,27.0,17.7,23,20.5,0.0,37519.72,56.28763,27.240772,9.0,9.3,0.8527441657499749,23.6,3,4,0.989932495087353,0.141540295217043,0.6018150231520482,-0.7986355100472929
2023-03-25,23.6,44096.66,0.0,58,1011.7,28.8,18.3,3,17.1,0.0,39600.0,56.28763,27.240772,9.0,10.5,0.8980271975247104,23.9,3,5,0.9922222094179323,0.12447926388678915,-0.06975647374412527,-0.9975640502598242
2023-03-26,23.9,44194.59,0.0,53,1011.8,28.6,17.9,41,17.2,0.0,39600.0,56.28763,27.240772,9.0,10.700000000000003,0.8960372751506464,24.5,3,6,0.994217906893952,0.10738134666416309,0.9743700647852352,-0.22495105434386503
2023-03-27,24.5,44292.55,0.0,70,1010.4,27.8,21.9,44,16.6,0.2,36000.0,56.28763,27.240772,9.0,5.900000000000002,0.8127777696249143,23.6,3,0,0.995918996147179,0.09025161003104117,0.9925461516413221,-0.12186934340514737
2023-03-28,23.6,44390.46,0.0,69,1008.3,28.5,19.9,15,24.8,10.1,39600.0,56.28763,27.240772,9.0,8.600000000000001,0.8920835693074594,24.4,3,1,0.9973249731081555,0.07309512989807777,0.9781476007338057,-0.20791169081775934
2023-03-29,24.4,44488.27,0.0,61,1009.7,29.0,20.2,6,25.6,0.0,39600.0,56.28763,27.240772,9.0,8.8,0.8901222726799671,23.9,3,2,0.9984354211555643,0.055916990100603484,-0.29237170472273677,-0.9563047559630354
2023-03-30,23.9,44585.92,0.0,72,1009.7,29.2,19.5,29,24.2,0.0,39600.0,56.28763,27.240772,9.0,9.7,0.8881727684434907,24.3,3,3,0.9992500112396835,0.03872228089217446,-0.754709580222772,-0.6560590289905073
2023-03-31,24.3,44683.33,0.0,70,1008.0,29.5,19.5,35,23.2,0.0,37983.97,56.28763,27.240772,9.0,10.0,0.8500702611018471,24.5,3,4,0.9997685019798909,0.021516097436222254,-0.29237170472273677,-0.9563047559630354
2023-04-01,24.5,44780.45,0.0,71,1007.8,30.4,20.0,8,27.1,0.0,39718.84,56.28763,27.240772,9.0,10.399999999999999,0.8869683087150754,23.4,4,5,0.9999907397361901,0.004303538296244289,-0.29237170472273677,-0.9563047559630354
2023-04-02,23.4,44877.2,0.0,65,1007.2,29.1,18.9,18,37.6,0.0,39600.0,56.28763,27.240772,9.0,10.200000000000003,0.8824079933685703,22.7,4,6,0.9999166586547379,-0.01291029607500882,-0.6018150231520484,-0.7986355100472928
2023-04-03,22.7,44973.52,0.0,61,1008.7,28.2,18.2,3,26.2,0.0,39937.63,56.28763,27.240772,9.0,10.0,0.8880254425270693,23.1,4,0,0.9995462806873573,-0.030120304846908114,-0.39073112848927355,-0.9205048534524404
2023-04-04,23.1,45069.36,0.0,63,1010.3,27.5,19.3,9,21.7,0.0,37413.89,56.28763,27.240772,9.0,8.2,0.83014025493151,24.3,4,1,0.9988797155850336,-0.04732138832243185,-0.4067366430758002,-0.9135454576426009
2023-04-05,24.3,45164.62,0.0,63,1010.5,30.4,19.0,3,22.7,0.0,39791.6,56.28763,27.240772,9.0,11.399999999999999,0.8810347568517126,24.4,4,2,0.9979171608653922,-0.06450844944931623,-0.8571673007021121,-0.5150380749100544
2023-04-06,24.4,45259.26,0.0,68,1010.4,30.4,19.2,14,26.0,0.0,39779.25,56.28763,27.240772,9.0,11.2,0.8789195846330673,24.0,4,3,0.9966589017541702,-0.08167639533042241,-0.5150380749100542,-0.8571673007021123
2023-04-07,24.0,45353.2,0.0,74,1013.3,28.7,19.1,35,17.5,0.0,40027.2,56.28763,27.240772,9.0,9.599999999999998,0.8825661695315876,25.2,4,4,0.9951053111006976,-0.09882013873287143,0.9455185755993168,-0.32556815445715664
2023-04-08,25.2,45446.48,0.0,63,1014.4,29.9,20.4,46,18.7,0.0,38189.81,56.28763,27.240772,9.0,9.5,0.840324927255092,26.2,4,5,0.9932568492674143,-0.11593459959550041,0.6018150231520482,-0.7986355100472929
2023-04-09,26.2,45539.78,0.0,62,1014.1,32.1,20.7,13,20.3,0.0,40275.77,56.28763,27.240772,9.0,11.400000000000002,0.8844085324962043,27.7,4,6,0.9911140639934547,-0.1330147065341959,-0.0348994967025009,-0.9993908270190958
2023-04-10,27.7,45633.14,0.0,57,1011.8,34.6,21.0,15,16.7,0.0,40539.96,56.28763,27.240772,9.0,13.600000000000001,0.8883885702364553,28.4,4,0,0.9886775902323405,-0.1500553983446526,-0.32556815445715676,-0.9455185755993167
2023-04-11,28.4,45726.51,0.0,49,1011.6,34.1,21.6,72,19.4,0.0,37702.89,56.28763,27.240772,9.0,12.5,0.8245302342120577,27.6,4,1,0.9859481499638304,-0.16705162550211924,-0.39073112848927355,-0.9205048534524404
2023-04-12,27.6,45819.82,0.0,52,1012.0,33.2,21.4,1,19.9,0.0,40670.25,56.28763,27.240772,9.0,11.800000000000004,0.8876126095650311,29.3,4,2,0.9829265519799822,-0.18399835165768005,0.24192189559966773,-0.9702957262759965
2023-04-13,29.3,45913.01,0.0,45,1011.7,33.8,23.1,75,27.3,0.0,36413.12,56.28763,27.240772,9.0,10.699999999999996,0.7930893661731174,28.7,4,3,0.9796136916454901,-0.20089055513063506,-0.46947156278589086,-0.8829475928589269
2023-04-14,28.7,46006.02,0.0,56,1010.6,36.4,23.4,92,36.1,0.0,32753.64,56.28763,27.240772,9.0,13.0,0.7119424805710209,26.0,4,4,0.9760105506323683,-0.21772323039653177,-0.39073112848927355,-0.9205048534524404
2023-04-15,26.0,46098.76,0.0,66,1009.5,32.1,21.5,77,29.2,0.0,38303.27,56.28763,27.240772,9.0,10.600000000000001,0.8308958852689312,25.4,4,5,0.9721181966290613,-0.23449138957040985,-0.587785252292473,-0.8090169943749475
2023-04-16,25.4,46191.2,0.0,66,1007.9,30.0,21.3,65,26.9,0.0,35699.36,56.28763,27.240772,9.0,8.7,0.7728606314622699,25.8,4,6,0.9679377830240642,-0.25119006388481935,-0.6018150231520484,-0.7986355100472928
2023-04-17,25.8,46283.24,0.0,66,1008.8,29.4,22.7,75,26.9,0.0,40614.14,56.28763,27.240772,9.0,6.699999999999999,0.8775128966770693,25.9,4,0,0.9634705485641488,-0.2678143051621742,-0.22495105434386498,-0.9743700647852352
2023-04-18,25.9,46374.84,0.0,65,1012.4,31.2,22.0,17,24.1,0.0,40052.68,56.28763,27.240772,9.0,9.2,0.8636726293826567,26.8,4,1,0.9587178169872964,-0.2843591872810034,-0.656059028990507,-0.7547095802227721
2023-04-19,26.8,46465.91,0.0,61,1010.1,32.9,21.8,46,23.0,0.0,37950.8,56.28763,27.240772,9.0,11.099999999999998,0.8167450072537049,26.8,4,2,0.9536809966304457,-0.30081980763566735,-0.656059028990507,-0.7547095802227721
2023-04-20,26.8,46556.38,0.0,65,1006.6,33.1,21.3,32,25.5,0.0,41082.32,56.28763,27.240772,9.0,11.8,0.8824208411392811,26.5,4,3,0.9483615800121715,-0.3171912885891061,-0.6691306063588582,-0.7431448254773942
2023-04-21,26.5,46646.2,0.0,65,1005.9,32.3,21.2,6,26.7,0.0,41534.63,56.28763,27.240772,9.0,11.099999999999998,0.8904182977391513,27.1,4,4,0.9427611433904207,-0.3334687789181868,-0.6018150231520484,-0.7986355100472928
2023-04-22,27.1,46735.26,0.0,62,1007.1,33.7,20.8,35,23.4,0.0,41688.47,56.28763,27.240772,9.0,12.900000000000002,0.8920132251323732,27.4,4,5,0.9368813462954315,-0.3496474552512284,-0.17364817766693047,-0.984807753012208
2023-04-23,27.4,46823.52,0.0,60,1007.1,33.8,21.9,88,24.1,0.0,38306.23,56.28763,27.240772,9.0,11.899999999999999,0.8180980413262395,27.0,4,6,0.9307239310379795,-0.36572252349726897,-0.4067366430758002,-0.9135454576426009
2023-04-24,27.0,46910.89,0.0,64,1007.5,33.0,21.9,24,19.7,0.0,42002.23,56.28763,27.240772,9.0,11.100000000000001,0.8953620364056193,27.6,4,0,0.9242907221930933,-0.3816892202666588,-0.15643446504023073,-0.9876883405951378
2023-04-25,27.6,46997.29,0.0,57,1007.4,31.2,22.2,25,16.3,0.0,42162.01,56.28763,27.240772,9.0,9.0,0.8971157698667307,27.6,4,1,0.9175836260593937,-0.39754281428255595,0.5591929034707469,-0.8290375725550416
2023-04-26,27.6,47082.64,0.0,68,1007.2,30.0,24.5,58,17.1,0.4,39562.0,56.28763,27.240772,9.0,5.5,0.8402672407494567,27.0,4,2,0.9106046300942162,-0.4132786077829042,0.2756373558169992,-0.9612616959383189
2023-04-27,27.0,47166.88,0.0,62,1006.2,32.4,22.0,55,24.3,0.6,40400.12,56.28763,27.240772,9.0,10.399999999999999,0.85653577255905,27.2,4,3,0.9033558023246845,-0.4288919379124835,-0.5000000000000001,-0.8660254037844386
2023-04-28,27.2,47250.02,0.0,58,1006.6,31.3,21.8,8,20.6,0.0,42492.56,56.28763,27.240772,9.0,9.5,0.8993130584918271,28.3,4,4,0.895839290734909,-0.4443781781046132,-0.5591929034707467,-0.8290375725550417
2023-04-29,28.3,47332.7,0.0,61,1005.7,34.0,23.1,9,24.6,0.0,42337.32,56.28763,27.240772,9.0,10.899999999999999,0.89446239069396,28.0,4,5,0.8880573226294932,-0.45973273945210397,-0.22495105434386498,-0.9743700647852352
2023-04-30,28.0,47414.96,0.0,59,1004.9,33.0,23.4,2,21.3,0.0,42825.72,56.28763,27.240772,9.0,9.600000000000001,0.9032111384255096,28.4,4,6,0.8800122039735357,-0.47495107206704995,0.10452846326765373,-0.9945218953682733
2023-05-01,28.4,47496.75,0.0,54,1004.4,33.9,23.4,2,22.1,0.0,42984.64,56.28763,27.240772,9.0,10.5,0.9050017106433598,28.4,5,0,0.8717063187093218,-0.4900286664290592,0.3255681544571566,-0.9455185755993168
2023-05-02,28.4,47577.98,0.0,58,1005.9,34.2,23.3,0,22.8,0.0,43200.0,56.28763,27.240772,9.0,10.900000000000002,0.9079830627529794,27.6,5,1,0.8631421280499114,-0.5049610547215204,0.766044443118978,-0.6427876096865394
2023-05-03,27.6,47658.61,0.0,63,1006.9,32.6,22.8,5,20.3,0.0,43157.13,56.28763,27.240772,9.0,9.8,0.9055473921711102,27.5,5,2,0.854322169749827,-0.5197438121555155,-0.2588190451025208,-0.9659258262890683
2023-05-04,27.5,47738.54,0.0,62,1006.7,32.9,23.0,1,18.2,0.0,43200.0,56.28763,27.240772,9.0,9.899999999999999,0.9049292248987925,28.0,5,3,0.8452490573530633,-0.5343725582809786,0.3583679495453002,-0.9335804264972017
2023-05-05,28.0,47817.72,0.0,68,1006.9,32.3,23.9,9,19.8,0.0,42406.11,56.28763,27.240772,9.0,8.399999999999999,0.8868283556806974,30.7,5,4,0.8359254794186372,-0.548842958284719,0.777145961456971,-0.6293203910498373
2023-05-06,30.7,47896.07,0.0,38,1008.0,35.9,24.2,1,20.3,0.0,43108.57,56.28763,27.240772,9.0,11.7,0.9000439910831932,30.4,5,5,0.8263541987239096,-0.5631507242749186,-0.15643446504023073,-0.9876883405951378
2023-05-07,30.4,47973.53,0.0,37,1007.8,36.7,23.2,0,22.7,0.0,43200.0,56.28763,27.240772,9.0,13.500000000000004,0.9004965863466791,31.2,5,6,0.8165380514459161,-0.5772916165517272,-0.5299192642332048,-0.8480480961564261
2023-05-08,31.2,48050.0,0.0,41,1006.5,38.2,23.4,23,20.4,0.0,43200.0,56.28763,27.240772,9.0,14.800000000000004,0.899063475546306,31.7,5,0,0.8064799463209448,-0.5912614448635781,-0.1045284632676535,-0.9945218953682733
2023-05-09,31.7,48125.43,0.0,32,1006.7,38.6,24.6,62,22.8,0.0,29780.17,56.28763,27.240772,9.0,14.0,0.6188031982259691,31.8,5,1,0.7961828637826158,-0.6050560696488488,-0.7071067811865475,-0.7071067811865477
2023-05-10,31.8,48199.72,0.0,33,1006.8,40.0,25.4,37,23.2,0.0,43200.0,56.28763,27.240772,9.0,14.600000000000001,0.8962707667181469,31.3,5,2,0.7856498550787147,-0.6186714032625031,-0.15643446504023073,-0.9876883405951378
2023-05-11,31.3,48272.8,0.0,43,1007.4,38.0,24.5,11,24.7,0.0,43200.0,56.28763,27.240772,9.0,13.5,0.8949139059677499,32.2,5,3,0.7748840413670407,-0.6321034111873487,0.03489949670250114,-0.9993908270190958
2023-05-12,32.2,48344.61,0.0,48,1006.2,38.7,25.9,3,21.6,0.0,43200.0,56.28763,27.240772,9.0,12.800000000000004,0.8935846209122382,32.8,5,4,0.7638886127905428,-0.6453481132295501,-0.017452406437283637,-0.9998476951563913
2023-05-13,32.8,48415.04,0.0,49,1004.9,39.3,26.7,1,20.0,0.0,43200.0,56.28763,27.240772,9.0,12.599999999999998,0.8922847115276575,31.8,5,5,0.7526668275320085,-0.6584015846980488,-0.017452406437283637,-0.9998476951563913
2023-05-14,31.8,48484.03,0.0,50,1001.8,38.3,26.0,4,22.5,0.0,43200.0,56.28763,27.240772,9.0,12.299999999999997,0.8910150414476684,31.0,5,6,0.7412220108485958,-0.6712599575675313,0.7071067811865476,-0.7071067811865475
2023-05-15,31.0,48551.48,0.0,54,1001.4,38.0,24.8,1,25.8,0.0,43216.64,56.28763,27.240772,9.0,13.2,0.8901199304326046,29.6,5,0,0.7295575540864875,-0.6839194216246106,-0.0348994967025009,-0.9993908270190958
2023-05-16,29.6,48617.32,0.0,61,1003.0,35.5,24.3,59,28.2,0.0,42201.76,56.28763,27.240772,9.0,11.2,0.8680396204480214,31.5,5,1,0.717676913675962,-0.6963762255968722,0.37460659341591224,-0.9271838545667873
2023-05-17,31.5,48681.46,0.0,48,1004.6,39.2,25.9,6,26.4,0.0,43204.26,56.28763,27.240772,9.0,13.300000000000004,0.8874889947836405,32.1,5,2,0.705583610107178,-0.7086266782644596,0.24192189559966773,-0.9702957262759965
2023-05-18,32.1,48743.91,0.0,48,1007.0,38.0,26.6,48,29.3,0.0,43200.0,56.28763,27.240772,9.0,11.399999999999999,0.8862645610497804,32.6,5,3,0.6932812268869777,-0.7206671495538609,0.5299192642332049,-0.848048096156426
2023-05-19,32.6,48805.19,0.0,46,1006.7,37.4,26.8,57,23.1,0.0,41594.1,56.28763,27.240772,9.0,10.599999999999998,0.8522474761393204,33.5,5,4,0.6807734094770161,-0.7324940716135789,0.6293203910498374,-0.7771459614569709
2023-05-20,33.5,48865.33,0.0,45,1005.5,39.9,28.4,54,26.6,0.0,43200.0,56.28763,27.240772,9.0,11.5,0.8840623812424883,33.8,5,5,0.6680638642135335,-0.7441039398713607,1.2246467991473532e-16,-1.0
2023-05-21,33.8,48924.29,0.0,42,1006.7,39.4,28.5,98,28.7,0.0,25200.0,56.28763,27.240772,9.0,10.899999999999999,0.5150815678674131,33.3,5,6,0.6551563572090853,-0.7554933140726803,-0.2588190451025208,-0.9659258262890683
2023-05-22,33.3,48981.99,0.0,41,1007.5,38.7,28.9,42,22.6,0.0,26060.99,56.28763,27.240772,9.0,9.800000000000004,0.5320524952130365,33.3,5,0,0.6420547132365637,-0.766658819300159,-0.052335956242943564,-0.9986295347545738
2023-05-23,33.3,49038.39,0.0,44,1007.3,38.9,27.9,18,24.1,0.0,43200.0,56.28763,27.240772,9.0,11.0,0.8809424616101793,32.7,5,1,0.6287628145958344,-0.7775971469736269,-0.19080899537654472,-0.981627183447664
2023-05-24,32.7,49093.41,0.0,54,1006.1,39.5,27.0,24,26.4,0.0,43289.17,56.28763,27.240772,9.0,12.5,0.8817715045664988,32.5,5,2,0.6152845999633276,-0.7883050558305255,-0.5591929034707467,-0.8290375725550417
2023-05-25,32.5,49147.01,0.0,55,1005.3,39.3,27.5,62,25.0,0.0,41551.59,56.28763,27.240772,9.0,11.799999999999997,0.8454550948267249,31.9,5,3,0.6016240632249226,-0.7987793728863649,-0.29237170472273677,-0.9563047559630354
2023-05-26,31.9,49199.12,0.0,60,1004.5,37.1,27.2,6,27.8,0.0,43410.77,56.28763,27.240772,9.0,9.900000000000002,0.8823485054204221,32.6,5,4,0.5877852522924732,-0.8090169943749473,-0.2419218955996675,-0.9702957262759965
2023-05-27,32.6,49249.68,0.0,56,1003.0,37.4,28.1,3,21.9,0.0,43271.02,56.28763,27.240772,9.0,9.299999999999997,0.8786050995661291,32.9,5,5,0.5737722679043246,-0.8190148866680801,0.8746197071393959,-0.484809620246337
2023-05-28,32.9,49298.63,0.0,56,1003.3,38.1,27.8,30,22.0,0.0,43264.88,56.28763,27.240772,9.0,10.3,0.8776081607135938,33.8,5,6,0.5595892624101765,-0.8287700871745038,-0.08715574274765794,-0.9961946980917455
2023-05-29,33.8,49345.91,0.0,56,1004.1,40.4,27.7,20,20.0,0.0,43258.74,56.28763,27.240772,9.0,12.7,0.8766428666529809,33.6,5,0,0.545240438540651,-0.8382797052177744,-0.3090169943749473,-0.9510565162951536
2023-05-30,33.6,49391.45,0.0,53,1004.4,39.3,28.0,62,27.5,0.0,43390.14,56.28763,27.240772,9.0,11.299999999999997,0.8784949621847506,33.3,5,1,0.5307300481619334,-0.8475409228928311,0.3090169943749475,-0.9510565162951535
2023-05-31,33.3,49435.2,0.0,54,1003.2,39.6,27.8,68,33.9,0.0,42874.31,56.28763,27.240772,9.0,11.8,0.8672830290966761,32.0,5,2,0.5160623910158528,-0.8565509959010036,-0.7193398003386512,-0.6946583704589973
2023-06-01,32.0,49477.08,0.0,64,1003.1,36.5,28.5,73,26.4,0.0,36682.94,56.28763,27.240772,9.0,8.0,0.7414127915390318,32.6,6,3,0.5012418134457758,-0.865307254363206,-0.34202014332566866,-0.9396926207859084
2023-06-02,32.6,49517.04,0.0,62,1003.3,37.6,28.5,27,23.1,0.0,43200.0,56.28763,27.240772,9.0,9.100000000000001,0.8724269463602833,32.7,6,4,0.48627270710868997,-0.8738071036110808,-0.6691306063588582,-0.7431448254773942
2023-06-03,32.7,49555.02,0.0,61,1003.7,37.3,28.2,8,20.7,0.0,42070.68,56.28763,27.240772,9.0,9.099999999999998,0.8489690852712803,33.4,6,5,0.4711595076738638,-0.8820480249558537,-0.6156614753256582,-0.788010753606722
2023-06-04,33.4,49590.95,0.0,55,1003.6,39.6,28.1,26,23.5,0.0,40266.68,56.28763,27.240772,9.0,11.5,0.8119763787545914,35.4,6,6,0.4559066935084588,-0.8900275764346767,0.03489949670250114,-0.9993908270190958
2023-06-05,35.4,49624.77,0.0,35,1003.3,42.0,27.5,1,32.1,0.0,43502.09,56.28763,27.240772,9.0,14.5,0.876620486099986,35.1,6,0,0.440518784350495,-0.8977433935342337,-0.6819983600624984,-0.7313537016191706
2023-06-06,35.1,49656.42,0.0,40,1003.1,42.7,29.2,0,34.0,0.0,43641.26,56.28763,27.240772,9.0,13.500000000000004,0.8788644046429446,34.7,6,1,0.42500033996955416,-0.9051931898913974,-0.5591929034707467,-0.8290375725550417
2023-06-07,34.7,49685.89,0.0,45,1001.9,42.1,28.9,0,30.6,0.0,43637.91,56.28763,27.240772,9.0,13.200000000000003,0.878275703625315,32.4,6,2,0.4093559588156213,-0.9123747579707273,-0.6156614753256582,-0.788010753606722
2023-06-08,32.4,49713.42,0.0,60,1001.9,37.9,26.7,3,22.9,0.0,43779.13,56.28763,27.240772,9.0,11.2,0.8806300190169978,33.1,6,3,0.39359027665646673,-0.9192859697186104,-0.48480962024633695,-0.8746197071393959
2023-06-09,33.1,49739.05,0.0,61,1000.2,38.3,27.7,2,21.7,0.0,43631.05,56.28763,27.240772,9.0,10.599999999999998,0.8771991021139326,35.3,6,4,0.3777079652039649,-0.9259247771938498,0.17364817766693028,-0.984807753012208
2023-06-10,35.3,49762.76,0.0,51,998.2,41.7,28.9,4,22.0,0.0,43773.46,56.28763,27.240772,9.0,12.800000000000004,0.8796429297731878,35.1,6,5,0.36171373072976765,-0.9322892131745133,0.03489949670250114,-0.9993908270190958
2023-06-11,35.1,49784.53,0.0,48,998.1,40.0,30.0,6,18.2,0.0,43477.48,56.28763,27.240772,9.0,10.0,0.8733130552804256,35.4,6,6,0.3456123126707335,-0.9383773917408641,0.3255681544571566,-0.9455185755993168
2023-06-12,35.4,49804.35,0.0,52,996.6,42.6,29.1,9,24.1,0.0,43738.76,56.28763,27.240772,9.0,13.5,0.8782116421557555,35.9,6,0,0.3294084822245304,-0.9441875088341993,-0.15643446504023073,-0.9876883405951378
2023-06-13,35.9,49822.2,0.0,50,995.6,43.5,29.6,14,25.4,0.0,43595.76,56.28763,27.240772,9.0,13.899999999999999,0.8750267952840302,34.3,6,1,0.3131070409358269,-0.9497178427914316,0.10452846326765373,-0.9945218953682733
2023-06-14,34.3,49838.08,0.0,60,995.3,39.7,29.3,16,26.6,0.0,42931.38,56.28763,27.240772,9.0,10.400000000000002,0.861417213504212,33.2,6,2,0.29671281927349075,-0.9549667548552551,0.2923717047227366,-0.9563047559630355
2023-06-15,33.2,49851.95,0.0,64,995.3,37.8,29.1,11,23.5,0.0,43628.78,56.28763,27.240772,9.0,8.699999999999996,0.8751669693963827,33.4,6,3,0.28023067519921585,-0.9599326896597447,-0.374606593415912,-0.9271838545667874
2023-06-16,33.4,49863.82,0.0,65,995.2,37.2,30.0,22,21.4,0.0,42864.61,56.28763,27.240772,9.0,7.200000000000003,0.8596334977945934,33.2,6,4,0.26366549272800704,-0.9646141756912435,1.2246467991473532e-16,-1.0
2023-06-17,33.2,49873.66,0.0,68,997.5,36.9,29.3,7,21.8,0.0,43389.29,56.28763,27.240772,9.0,7.599999999999998,0.869984075762637,32.9,6,5,0.24702218048093552,-0.9690098257244062,-0.45399049973954664,-0.8910065241883679
2023-06-18,32.9,49881.46,0.0,65,999.5,38.0,28.9,18,21.2,0.0,43270.43,56.28763,27.240772,9.0,9.100000000000001,0.867465186464069,32.9,6,6,0.23030567023061221,-0.9731183372332619,-0.45399049973954664,-0.8910065241883679
2023-06-19,32.9,49887.21,0.0,62,999.3,36.9,28.6,0,22.5,0.0,43411.67,56.28763,27.240772,9.0,8.299999999999997,0.8701963890143385,33.6,6,0,0.21352091543979612,-0.9769384927771817,0.2249510543438652,-0.9743700647852351
2023-06-20,33.6,49890.91,0.0,62,998.8,38.1,29.4,12,19.8,0.0,43033.81,56.28763,27.240772,9.0,8.700000000000003,0.8625581293265646,35.0,6,1,0.19667288979357647,-0.980469160361632,0.3420201433256689,-0.9396926207859083
2023-06-21,35.0,49892.55,0.0,52,997.9,41.9,29.4,17,26.3,0.0,41870.47,56.28763,27.240772,9.0,12.5,0.8392128684543083,34.8,6,2,0.1797665857255624,-0.9837092937736097,-0.2419218955996675,-0.9702957262759965
2023-06-22,34.8,49892.1,0.0,55,997.6,41.5,29.7,10,29.1,0.0,43191.22,56.28763,27.240772,9.0,11.8,0.8656925645543082,33.4,6,3,0.16280701293851715,-0.986657932891657,-0.2588190451025208,-0.9659258262890683
2023-06-23,33.4,49889.57,0.0,61,997.8,37.9,29.6,18,17.1,0.0,43074.66,56.28763,27.240772,9.0,8.299999999999997,0.8634001054729477,33.5,6,4,0.1457991969198751,-0.9893142039703663,1.2246467991473532e-16,-1.0
2023-06-24,33.5,49884.94,0.0,69,996.5,36.3,29.8,22,19.2,0.0,38608.09,56.28763,27.240772,9.0,6.4999999999999964,0.7739427971648356,33.5,6,5,0.12874817745258132,-0.99167731989929,0.6427876096865395,-0.7660444431189779
2023-06-25,33.5,49878.21,0.0,73,995.9,36.6,31.0,25,17.3,0.6,37184.41,56.28763,27.240772,9.0,5.600000000000001,0.7455040988840619,33.1,6,6,0.11165900712169512,-0.993746580436178,0.6293203910498374,-0.7771459614569709
2023-06-26,33.1,49869.38,0.0,69,997.4,36.0,30.5,35,16.4,1.1,38448.76,56.28763,27.240772,9.0,5.5,0.7709893325323075,33.2,6,0,0.09453674981719912,-0.9955213724144752,0.777145961456971,-0.6293203910498373
2023-06-27,33.2,49858.41,0.0,66,999.0,36.7,30.5,13,17.7,0.0,42740.27,56.28763,27.240772,9.0,6.200000000000003,0.8572329121606564,33.3,6,1,0.07738647923346301,-0.9970011699250151,0.7431448254773942,-0.6691306063588582
2023-06-28,33.3,49845.2,0.0,66,1000.3,36.4,30.5,4,16.0,0.0,42336.41,56.28763,27.240772,9.0,5.899999999999999,0.8493578117852874,34.4,6,2,0.06021327736579302,-0.9981855344718586,0.7986355100472927,-0.6018150231520484
2023-06-29,34.4,49829.73,0.0,66,998.7,37.7,30.8,21,21.7,0.0,39418.55,56.28763,27.240772,9.0,6.900000000000002,0.7910648923845263,34.2,6,3,0.04302223300453059,-0.99907411510223,0.10452846326765373,-0.9945218953682733
2023-06-30,34.2,49812.08,0.0,62,996.7,38.5,30.3,15,25.8,0.0,42525.62,56.28763,27.240772,9.0,8.2,0.8537210251007387,33.9,6,4,0.02581844022713308,-0.9996666485105112,-0.34202014332566866,-0.9396926207859084
2023-07-01,33.9,49792.28,0.0,62,997.3,37.4,29.7,2,19.6,0.0,42001.39,56.28763,27.240772,9.0,7.699999999999999,0.8435321700472442,33.5,7,5,0.008606996888688698,-0.9999629591162655,-0.39073112848927355,-0.9205048534524404
2023-07-02,33.5,49770.37,0.0,68,998.6,37.6,29.1,0,17.0,0.0,42567.4,56.28763,27.240772,9.0,8.5,0.8552759402833453,33.4,7,6,-0.008606996888688009,-0.9999629591162655,1.2246467991473532e-16,-1.0
2023-07-03,33.4,49746.39,0.0,71,998.7,37.4,29.4,6,18.1,0.0,42162.17,56.28763,27.240772,9.0,8.0,0.8475423040747279,34.1,7,0,-0.02581844022713239,-0.9996666485105112,0.48480962024633717,-0.8746197071393957
2023-07-04,34.1,49720.4,0.0,69,996.7,36.9,30.2,38,17.0,0.0,41769.51,56.28763,27.240772,9.0,6.699999999999999,0.8400879719390834,35.5,7,1,-0.04302223300453034,-0.99907411510223,0.37460659341591224,-0.9271838545667873
2023-07-05,35.5,49692.43,0.0,61,994.6,40.8,31.3,39,18.2,0.0,42069.18,56.28763,27.240772,9.0,9.499999999999996,0.8465913218572728,36.6,7,2,-0.060213277365792774,-0.9981855344718586,0.258819045102521,-0.9659258262890682
2023-07-06,36.6,49662.54,0.0,56,996.4,41.7,31.5,47,21.3,0.0,42093.15,56.28763,27.240772,9.0,10.200000000000003,0.8475835106299436,35.4,7,3,-0.07738647923346322,-0.9970011699250151,0.6018150231520482,-0.7986355100472929
2023-07-07,35.4,49630.77,0.0,55,998.6,38.9,32.3,41,19.0,0.0,41695.28,56.28763,27.240772,9.0,6.600000000000001,0.8401094724099586,37.0,7,4,-0.09453674981719933,-0.9955213724144752,0.8290375725550417,-0.5591929034707467
2023-07-08,37.0,49597.16,0.0,42,998.0,40.4,32.8,4,20.9,0.0,41850.27,56.28763,27.240772,9.0,7.600000000000001,0.8438037581184082,36.8,7,5,-0.11165900712169444,-0.9937465804361781,0.5735764363510459,-0.8191520442889919
2023-07-09,36.8,49561.76,0.0,43,997.7,41.8,32.3,0,24.2,0.0,41876.66,56.28763,27.240772,9.0,9.5,0.8449389206517283,34.5,7,6,-0.12874817745258066,-0.99167731989929,0.788010753606722,-0.6156614753256583
2023-07-10,34.5,49524.61,0.0,63,998.8,37.9,31.3,9,16.6,0.0,41616.37,56.28763,27.240772,9.0,6.599999999999998,0.8403169656459688,34.0,7,0,-0.14579919691987442,-0.9893142039703664,0.7313537016191706,-0.6819983600624984
2023-07-11,34.0,49485.78,0.0,68,1000.0,37.0,31.4,11,24.6,0.2,41201.66,56.28763,27.240772,9.0,5.600000000000001,0.8325959497859791,34.0,7,1,-0.16280701293851646,-0.9866579328916572,0.37460659341591224,-0.9271838545667873
2023-07-12,34.0,49445.29,0.0,66,998.9,37.6,30.2,44,16.8,0.0,41378.06,56.28763,27.240772,9.0,7.400000000000002,0.8368453294540288,34.6,7,2,-0.17976658572556214,-0.9837092937736098,0.12186934340514755,-0.992546151641322
2023-07-13,34.6,49403.2,0.0,66,998.1,38.4,30.2,15,16.2,0.0,41403.9,56.28763,27.240772,9.0,8.2,0.8380813388606407,34.8,7,3,-0.19667288979357622,-0.9804691603616321,0.13917310096006533,-0.9902680687415704
2023-07-14,34.8,49359.56,0.0,69,999.1,38.6,31.0,9,19.5,0.0,40984.3,56.28763,27.240772,9.0,7.600000000000001,0.8303214210175295,34.7,7,4,-0.2135209154397959,-0.9769384927771817,0.6427876096865395,-0.7660444431189779
2023-07-15,34.7,49314.4,0.0,67,999.1,38.3,31.9,14,17.7,0.0,40562.68,56.28763,27.240772,9.0,6.399999999999999,0.8225321609915156,35.1,7,5,-0.23030567023061196,-0.973118337233262,0.6691306063588583,-0.7431448254773941
2023-07-16,35.1,49267.79,0.0,63,998.3,39.2,31.6,49,17.0,0.0,40952.54,56.28763,27.240772,9.0,7.600000000000001,0.8312234017397574,34.8,7,6,-0.24702218048093527,-0.9690098257244063,0.48480962024633717,-0.8746197071393957
2023-07-17,34.8,49219.67,0.0,65,997.3,38.0,31.1,7,18.5,0.0,40608.85,56.28763,27.240772,9.0,6.899999999999999,0.8250532764644704,35.3,7,0,-0.2636654927280072,-0.9646141756912435,0.24192189559966773,-0.9702957262759965
2023-07-18,35.3,49169.62,0.0,63,996.6,38.5,30.8,15,17.9,0.0,41085.88,56.28763,27.240772,9.0,7.699999999999999,0.8355948246091793,35.3,7,1,-0.2802306751992161,-0.9599326896597445,0.3420201433256689,-0.9396926207859083
2023-07-19,35.3,49117.64,0.0,65,995.1,39.2,31.6,31,19.8,0.0,41023.84,56.28763,27.240772,9.0,7.600000000000001,0.8352160242226621,35.5,7,2,-0.2967128192734901,-0.9549667548552553,0.19080899537654497,-0.981627183447664
2023-07-20,35.5,49063.8,0.0,62,995.7,39.2,32.1,46,20.0,0.0,40081.26,56.28763,27.240772,9.0,7.100000000000001,0.8169212331698726,34.9,7,3,-0.3131070409358267,-0.9497178427914317,0.05233595624294381,-0.9986295347545738
2023-07-21,34.9,49008.18,0.0,60,998.8,38.1,32.0,65,18.0,0.0,39671.58,56.28763,27.240772,9.0,6.100000000000001,0.8094889465391288,34.5,7,4,-0.3294084822245302,-0.9441875088341994,0.7313537016191706,-0.6819983600624984
2023-07-22,34.5,48950.87,0.0,64,999.3,37.3,31.9,47,18.6,0.0,40424.73,56.28763,27.240772,9.0,5.399999999999999,0.8258225032568369,34.0,7,5,-0.3456123126707333,-0.9383773917408642,0.8480480961564261,-0.5299192642332048
2023-07-23,34.0,48891.94,0.0,62,999.6,37.2,31.3,57,14.2,0.0,40971.32,56.28763,27.240772,9.0,5.900000000000002,0.8379974286150232,33.8,7,6,-0.3617137307297674,-0.9322892131745134,0.8290375725550417,-0.5591929034707467
2023-07-24,33.8,48831.46,0.0,68,996.9,36.8,30.7,92,16.9,0.0,37056.32,56.28763,27.240772,9.0,6.099999999999998,0.7588616027454432,33.8,7,0,-0.37770796520396466,-0.9259247771938499,0.7071067811865476,-0.7071067811865475
2023-07-25,33.8,48769.52,0.0,71,997.9,36.1,31.7,78,18.0,0.3,39600.0,56.28763,27.240772,9.0,4.400000000000002,0.8119825661601755,33.1,7,1,-0.39359027665646645,-0.9192859697186105,0.7547095802227721,-0.6560590289905072
2023-07-26,33.1,48706.18,0.0,73,1000.5,35.5,31.4,53,18.4,0.9,34534.93,56.28763,27.240772,9.0,4.100000000000001,0.7090461621092026,33.3,7,2,-0.4093559588156211,-0.9123747579707274,0.7431448254773942,-0.6691306063588582
2023-07-27,33.3,48641.53,0.0,70,1000.6,35.4,31.3,30,15.6,0.5,39434.27,56.28763,27.240772,9.0,4.099999999999998,0.8107119574569303,33.1,7,3,-0.42500033996955394,-0.9051931898913975,0.838670567945424,-0.5446390350150271
2023-07-28,33.1,48575.63,0.0,71,999.3,35.6,31.1,54,15.9,0.8,33637.52,56.28763,27.240772,9.0,4.5,0.6924772771861116,33.5,7,4,-0.4405187843504952,-0.8977433935342336,0.6560590289905073,-0.754709580222772
2023-07-29,33.5,48508.57,0.0,72,998.1,35.8,30.9,45,18.3,0.3,35405.21,56.28763,27.240772,9.0,4.899999999999999,0.7298753601683167,34.8,7,5,-0.455906693508459,-0.8900275764346766,0.6819983600624985,-0.7313537016191705
2023-07-30,34.8,48440.41,0.0,62,997.7,37.9,31.0,42,17.6,0.0,34463.61,56.28763,27.240772,9.0,6.899999999999999,0.7114640441730364,35.0,7,6,-0.47115950767386394,-0.8820480249558535,0.10452846326765373,-0.9945218953682733
2023-07-31,35.0,48371.21,0.0,66,997.5,38.7,31.7,24,19.1,0.0,40446.91,56.28763,27.240772,9.0,7.0000000000000036,0.836177345987417,34.9,7,0,-0.4862727071086902,-0.8738071036110807,0.01745240643728344,-0.9998476951563913
2023-08-01,34.9,48301.07,0.0,68,996.9,39.7,31.5,10,24.2,0.0,40611.75,56.28763,27.240772,9.0,8.200000000000003,0.8408043548517662,35.1,8,1,-0.5012418134457756,-0.8653072543632061,0.13917310096006533,-0.9902680687415704
2023-08-02,35.1,48230.04,0.0,63,997.2,38.7,31.8,7,18.2,0.0,40775.12,56.28763,27.240772,9.0,6.900000000000002,0.8454299436616681,35.5,8,2,-0.5160623910158526,-0.8565509959010037,0.6156614753256584,-0.7880107536067219
2023-08-03,35.5,48158.18,0.0,54,996.4,38.9,31.7,19,17.4,0.0,40903.87,56.28763,27.240772,9.0,7.199999999999999,0.8493649469311341,35.2,8,3,-0.5307300481619331,-0.8475409228928312,0.7547095802227721,-0.6560590289905072
2023-08-04,35.2,48085.57,0.0,55,997.7,39.3,31.3,19,15.0,0.0,40938.27,56.28763,27.240772,9.0,7.9999999999999964,0.851362893275467,34.5,8,4,-0.5452404385406507,-0.8382797052177745,0.9455185755993168,-0.32556815445715664
2023-08-05,34.5,48012.27,0.0,57,1000.9,38.0,31.2,3,15.3,0.0,40622.56,56.28763,27.240772,9.0,6.800000000000001,0.8460870523305813,34.6,8,5,-0.5595892624101763,-0.828770087174504,0.9335804264972017,-0.35836794954530027
2023-08-06,34.6,47938.24,0.0,60,999.7,37.2,31.1,23,18.1,0.0,40006.31,56.28763,27.240772,9.0,6.100000000000001,0.8345385646198108,36.5,8,6,-0.5737722679043243,-0.8190148866680802,0.7431448254773942,-0.6691306063588582
2023-08-07,36.5,47862.89,0.0,59,996.8,40.9,31.7,21,22.2,0.0,40313.31,56.28763,27.240772,9.0,9.2,0.8422665242320303,36.1,8,0,-0.5877852522924734,-0.8090169943749472,-0.12186934340514731,-0.9925461516413221
2023-08-08,36.1,47786.2,0.0,63,997.0,41.2,32.1,9,20.5,0.0,40317.02,56.28763,27.240772,9.0,9.100000000000001,0.8436958787264942,35.2,8,1,-0.6016240632249227,-0.7987793728863648,-0.2588190451025208,-0.9659258262890683
2023-08-09,35.2,47708.24,0.0,65,1000.3,39.1,31.6,1,21.8,0.0,40631.97,56.28763,27.240772,9.0,7.5,0.8516761465105399,35.7,8,2,-0.6152845999633277,-0.7883050558305253,0.5446390350150273,-0.8386705679454239
2023-08-10,35.7,47629.1,0.0,60,1001.7,39.3,31.7,5,17.0,0.0,40634.14,56.28763,27.240772,9.0,7.599999999999998,0.8531368428124823,35.5,8,3,-0.6287628145958345,-0.7775971469736268,0.40673664307580043,-0.9135454576426008
2023-08-11,35.5,47548.86,0.0,62,1001.6,40.6,31.5,24,22.0,0.0,36820.54,56.28763,27.240772,9.0,9.100000000000001,0.7743727189253328,36.0,8,4,-0.6420547132365636,-0.7666588193001592,0.45399049973954686,-0.8910065241883678
2023-08-12,36.0,47467.6,0.0,57,1001.9,40.1,31.6,14,24.1,0.0,40638.3,56.28763,27.240772,9.0,8.5,0.8561271267138006,35.9,8,5,-0.655156357209085,-0.7554933140726804,-0.22495105434386498,-0.9743700647852352
2023-08-13,35.9,47385.38,0.0,62,1000.2,41.0,32.2,8,28.7,0.0,40487.44,56.28763,27.240772,9.0,8.799999999999997,0.8544289398966518,36.9,8,6,-0.6680638642135333,-0.7441039398713608,-0.34202014332566866,-0.9396926207859084
2023-08-14,36.9,47302.3,0.0,56,1000.3,41.7,32.9,8,23.8,0.0,40490.07,56.28763,27.240772,9.0,8.800000000000004,0.8559852269339968,38.2,8,0,-0.6807734094770159,-0.7324940716135792,-0.19080899537654472,-0.981627183447664
2023-08-15,38.2,47218.41,0.0,33,1000.8,44.2,32.9,63,24.2,0.0,40644.08,56.28763,27.240772,9.0,11.300000000000004,0.8607676539722536,35.1,8,1,-0.6932812268869771,-0.7206671495538615,0.766044443118978,-0.6427876096865394
2023-08-16,35.1,47133.8,0.0,41,1002.7,39.9,30.1,59,22.5,0.0,40193.74,56.28763,27.240772,9.0,9.799999999999997,0.8527583178101489,33.3,8,2,-0.7055836101071774,-0.70862667826446,0.7547095802227721,-0.6560590289905072
2023-08-17,33.3,47048.55,0.0,61,1004.0,37.3,29.7,4,19.1,0.0,40647.66,56.28763,27.240772,9.0,7.599999999999998,0.8639513863870406,34.2,8,3,-0.7176769136759615,-0.6963762255968726,0.4226182617406995,-0.9063077870366499
2023-08-18,34.2,46962.7,0.0,64,1003.1,38.8,29.8,2,23.5,0.0,40201.46,56.28763,27.240772,9.0,8.999999999999996,0.8560295724053345,34.9,8,4,-0.7295575540864876,-0.6839194216246105,-0.13917310096006552,-0.9902680687415703
2023-08-19,34.9,46876.34,0.0,67,1002.1,38.7,31.6,15,25.1,0.0,39288.53,56.28763,27.240772,9.0,7.100000000000001,0.838131347285219,34.5,8,5,-0.7412220108485957,-0.6712599575675315,-0.22495105434386498,-0.9743700647852352
2023-08-20,34.5,46789.53,0.0,68,1002.5,40.0,30.7,3,19.4,0.0,40356.86,56.28763,27.240772,9.0,9.3,0.8625190293640479,34.5,8,6,-0.7526668275320083,-0.6584015846980489,0.24192189559966773,-0.9702957262759965
2023-08-21,34.5,46702.34,0.0,65,1002.3,38.9,30.1,0,18.8,0.0,40507.0,56.28763,27.240772,9.0,8.799999999999997,0.8673441202303782,35.6,8,0,-0.7638886127905429,-0.64534811322955,0.20791169081775931,-0.9781476007338057
2023-08-22,35.6,46614.85,0.0,67,1001.6,41.4,30.4,3,21.8,0.0,40362.75,56.28763,27.240772,9.0,11.0,0.8658775047007553,36.0,8,1,-0.7748840413670406,-0.6321034111873488,-0.32556815445715676,-0.9455185755993167
2023-08-23,36.0,46527.1,0.0,66,999.8,41.1,31.5,2,24.7,0.0,40365.62,56.28763,27.240772,9.0,9.600000000000001,0.867572232096993,37.2,8,2,-0.7856498550787144,-0.6186714032625032,-0.374606593415912,-0.9271838545667874
2023-08-24,37.2,46439.16,0.0,58,997.9,44.1,30.7,12,20.1,0.0,40223.38,56.28763,27.240772,9.0,13.400000000000002,0.8661521870765965,37.2,8,3,-0.7961828637826154,-0.6050560696488494,-0.29237170472273677,-0.9563047559630354
2023-08-25,37.2,46351.11,0.0,48,997.0,43.1,31.7,17,22.6,0.0,40515.57,56.28763,27.240772,9.0,11.400000000000002,0.874101396924475,36.6,8,4,-0.8064799463209447,-0.5912614448635782,0.05233595624294381,-0.9986295347545738
2023-08-26,36.6,46262.88,0.0,50,998.3,42.7,31.5,7,21.1,0.0,40517.59,56.28763,27.240772,9.0,11.200000000000003,0.8758120981659594,33.8,8,5,-0.8165380514459157,-0.5772916165517278,0.6946583704589971,-0.7193398003386513
2023-08-27,33.8,46173.86,0.0,72,1000.5,37.3,30.4,2,18.0,0.0,40376.6,56.28763,27.240772,9.0,6.899999999999999,0.8744471439034986,33.1,8,6,-0.8263541987239094,-0.5631507242749187,0.7071067811865476,-0.7071067811865475
2023-08-28,33.1,46084.0,0.0,74,1000.5,36.2,29.8,26,16.4,0.6,39056.6,56.28763,27.240772,9.0,6.400000000000002,0.847508896797153,33.5,8,0,-0.8359254794186365,-0.5488429582847199,0.788010753606722,-0.6156614753256583
2023-08-29,33.5,45993.38,0.0,72,1000.6,36.8,29.6,1,16.4,0.0,40240.16,56.28763,27.240772,9.0,7.199999999999996,0.8749119982049592,32.8,8,1,-0.8452490573530634,-0.5343725582809785,0.838670567945424,-0.5446390350150271
2023-08-30,32.8,45902.06,0.0,68,1003.6,36.3,29.2,3,16.3,0.0,40384.18,56.28763,27.240772,9.0,7.099999999999998,0.8797901444946045,32.4,8,2,-0.8543221697498269,-0.5197438121555157,0.9396926207859084,-0.3420201433256687
2023-08-31,32.4,45810.11,0.0,70,1004.4,35.5,29.2,11,16.7,0.0,40246.41,56.28763,27.240772,9.0,6.300000000000001,0.8785486435199567,32.6,8,3,-0.8631421280499115,-0.5049610547215202,0.8480480961564261,-0.5299192642332048
2023-09-01,32.6,45717.59,0.0,72,1004.1,35.6,29.9,21,17.4,0.0,40110.0,56.28763,27.240772,9.0,5.700000000000003,0.8773428345632392,32.0,9,4,-0.8717063187093217,-0.4900286664290594,0.788010753606722,-0.6156614753256583
2023-09-02,32.0,45624.57,0.0,74,1004.3,34.6,28.8,26,17.9,0.9,38348.9,56.28763,27.240772,9.0,5.800000000000001,0.840531757340398,31.1,9,5,-0.8800122039735356,-0.4749510720670502,0.6691306063588583,-0.7431448254773941
2023-09-03,31.1,45531.11,0.0,76,1003.3,33.8,28.8,33,14.4,1.7,31083.69,56.28763,27.240772,9.0,4.9999999999999964,0.6826912412194651,31.7,9,6,-0.888057322629493,-0.4597327394521046,0.7986355100472927,-0.6018150231520484
2023-09-04,31.7,45437.29,0.0,73,1002.9,34.5,28.9,10,15.9,0.0,39983.59,56.28763,27.240772,9.0,5.600000000000001,0.8799730353636847,33.0,9,0,-0.8958392907349089,-0.4443781781046134,0.5591929034707469,-0.8290375725550416
2023-09-05,33.0,45343.14,0.0,71,1002.6,37.4,29.1,0,19.0,0.0,40261.24,56.28763,27.240772,9.0,8.299999999999997,0.887923509487874,32.8,9,1,-0.9033558023246842,-0.4288919379124841,0.15643446504023098,-0.9876883405951377
2023-09-06,32.8,45248.75,0.0,72,1003.2,37.2,28.7,2,18.0,0.0,40264.07,56.28763,27.240772,9.0,8.500000000000004,0.8898382828254924,32.2,9,2,-0.9106046300942162,-0.41327860778290443,0.8290375725550417,-0.5591929034707467
2023-09-07,32.2,45154.18,0.0,71,1004.1,34.9,29.1,8,16.3,0.0,37044.02,56.28763,27.240772,9.0,5.799999999999997,0.8203896073408928,32.4,9,3,-0.9175836260593934,-0.3975428142825566,0.8480480961564261,-0.5299192642332048
2023-09-08,32.4,45059.47,0.0,70,1003.6,35.3,28.7,37,15.5,0.1,39865.92,56.28763,27.240772,9.0,6.599999999999998,0.8847401001387721,33.2,9,4,-0.9242907221930934,-0.3816892202666586,0.9135454576426009,-0.40673664307580026
2023-09-09,33.2,44964.7,0.0,71,1002.1,36.8,30.1,11,18.7,0.0,40138.51,56.28763,27.240772,9.0,6.699999999999996,0.892667136664984,32.8,9,5,-0.9307239310379793,-0.3657225234972692,0.06975647374412552,-0.9975640502598242
2023-09-10,32.8,44869.91,0.0,71,1000.7,35.4,30.2,26,15.9,0.2,39039.15,56.28763,27.240772,9.0,5.199999999999999,0.8700518900082482,33.0,9,6,-0.9368813462954315,-0.34964745525122826,0.40673664307580043,-0.9135454576426008
2023-09-11,33.0,44775.18,0.0,69,1001.4,36.1,30.0,1,17.2,0.0,40145.3,56.28763,27.240772,9.0,6.100000000000001,0.896597177275446,33.7,9,0,-0.9427611433904206,-0.33346877891818705,0.6691306063588583,-0.7431448254773941
2023-09-12,33.7,44680.55,0.0,67,1002.0,37.1,29.7,2,17.6,0.0,40148.64,56.28763,27.240772,9.0,7.400000000000002,0.8985708546559967,34.4,9,1,-0.9483615800121716,-0.31719128858910595,0.39073112848927377,-0.9205048534524404
2023-09-13,34.4,44586.08,0.0,69,1000.5,39.8,30.3,3,19.3,0.0,40137.18,56.28763,27.240772,9.0,9.499999999999996,0.9002177361185374,33.2,9,2,-0.9536809966304455,-0.300819807635668,-0.29237170472273677,-0.9563047559630354
2023-09-14,33.2,44491.84,0.0,74,1001.1,36.5,30.2,11,16.6,0.0,39869.25,56.28763,27.240772,9.0,6.300000000000001,0.8961025212713163,32.3,9,3,-0.9587178169872964,-0.2843591872810036,0.6427876096865395,-0.7660444431189779
2023-09-15,32.3,44397.76,0.0,71,1002.5,35.0,29.8,20,17.3,0.1,39580.28,56.28763,27.240772,9.0,5.199999999999999,0.8914927239572447,31.9,9,4,-0.9634705485641486,-0.26781430516217486,0.8746197071393959,-0.484809620246337
2023-09-16,31.9,44303.21,0.0,70,1002.6,34.3,29.9,17,14.2,0.5,38543.06,56.28763,27.240772,9.0,4.399999999999999,0.8699834616949877,32.4,9,5,-0.9679377830240642,-0.25119006388481957,0.8571673007021123,-0.5150380749100543
2023-09-17,32.4,44208.14,0.0,70,1001.3,35.4,29.0,12,15.2,0.0,39321.44,56.28763,27.240772,9.0,6.399999999999999,0.8894615335546803,34.1,9,6,-0.9721181966290612,-0.23449138957041052,0.49999999999999994,-0.8660254037844387
2023-09-18,34.1,44112.62,0.0,64,1000.3,38.9,28.6,60,20.1,0.0,38552.75,56.28763,27.240772,9.0,10.299999999999997,0.8739619183807263,33.7,9,0,-0.9760105506323682,-0.21772323039653224,-0.4226182617406993,-0.90630778703665
2023-09-19,33.7,44016.7,0.0,70,1003.2,38.5,29.4,50,16.2,0.0,38657.73,56.28763,27.240772,9.0,9.100000000000001,0.8782514363866443,34.9,9,1,-0.9796136916454901,-0.20089055513063528,0.49999999999999994,-0.8660254037844387
2023-09-20,34.9,43920.45,0.0,60,1004.0,39.6,30.7,20,18.7,0.0,38560.75,56.28763,27.240772,9.0,8.900000000000002,0.8779680080691341,35.7,9,2,-0.9829265519799822,-0.18399835165767986,0.2249510543438652,-0.9743700647852351
2023-09-21,35.7,43823.93,0.0,56,1003.3,42.0,30.5,19,21.2,0.0,38812.84,56.28763,27.240772,9.0,11.5,0.8856540250954216,35.7,9,3,-0.9859481499638303,-0.1670516255021195,0.0871557427476582,-0.9961946980917455
2023-09-22,35.7,43727.2,0.0,45,1003.8,42.6,30.5,22,20.3,0.0,38960.65,56.28763,27.240772,9.0,12.100000000000001,0.89099347774383,35.0,9,4,-0.9886775902323404,-0.15005539834465262,-0.3090169943749473,-0.9510565162951536
2023-09-23,35.0,43630.32,0.0,35,1005.4,39.5,29.7,18,21.8,0.0,38665.67,56.28763,27.240772,9.0,9.8,0.8862110110583649,34.1,9,5,-0.9911140639934546,-0.13301470653419636,0.7547095802227721,-0.6560590289905072
2023-09-24,34.1,43533.36,0.0,37,1006.0,39.3,29.8,3,24.0,0.0,38665.16,56.28763,27.240772,9.0,9.499999999999996,0.8881731159735891,33.9,9,6,-0.9932568492674143,-0.11593459959550066,0.981627183447664,-0.1908089953765448
2023-09-25,33.9,43436.36,0.0,28,1005.3,39.4,29.2,0,20.9,0.0,38520.46,56.28763,27.240772,9.0,10.2,0.8868252312118234,33.6,9,0,-0.9951053111006974,-0.09882013873287211,1.0,6.123233995736766e-17
2023-09-26,33.6,43339.4,0.0,28,1006.5,40.0,28.2,0,20.9,0.0,38519.34,56.28763,27.240772,9.0,11.8,0.8887834164755395,32.2,9,1,-0.99665890175417,-0.08167639533042288,0.981627183447664,0.19080899537654492
2023-09-27,32.2,43242.54,0.0,43,1008.0,37.1,27.3,0,19.1,0.0,38117.95,56.28763,27.240772,9.0,9.8,0.8814919290124955,32.4,9,2,-0.9979171608653922,-0.06450844944931625,0.8571673007021123,-0.5150380749100543
2023-09-28,32.4,43145.83,0.0,52,1007.8,36.6,27.2,4,14.0,0.0,37842.78,56.28763,27.240772,9.0,9.400000000000002,0.8770900919045942,33.2,9,3,-0.9988797155850335,-0.04732138832243232,0.5877852522924732,-0.8090169943749473
2023-09-29,33.2,43049.33,0.0,51,1007.4,39.9,27.9,0,20.9,0.0,37728.29,56.28763,27.240772,9.0,12.0,0.8763966825964539,33.7,9,4,-0.9995462806873573,-0.03012030484690836,0.5591929034707469,-0.8290375725550416
2023-09-30,33.7,42953.11,0.0,30,1008.0,40.8,27.6,0,27.7,0.0,37848.2,56.28763,27.240772,9.0,13.199999999999996,0.8811515627157148,31.8,9,5,-0.9999166586547379,-0.012910296075008843,0.9563047559630354,0.29237170472273677
2023-10-01,31.8,42857.23,0.0,55,1007.1,36.3,26.7,0,16.0,0.0,37468.17,56.28763,27.240772,9.0,9.599999999999998,0.8742555223471045,32.3,10,6,-0.9999907397361901,0.004303538296243821,-0.3090169943749473,-0.9510565162951536
2023-10-02,32.3,42761.75,0.0,61,1007.4,36.8,27.3,1,23.1,0.0,37227.24,56.28763,27.240772,9.0,9.499999999999996,0.8705733511841774,32.1,10,0,-0.9997685019798909,0.021516097436222233,-0.43837114678907746,-0.8987940462991669
2023-10-03,32.1,42666.73,0.0,64,1008.6,36.9,27.3,1,21.3,0.0,37218.65,56.28763,27.240772,9.0,9.599999999999998,0.8723108145386347,33.0,10,1,-0.9992500112396835,0.03872228089217399,0.258819045102521,-0.9659258262890682
2023-10-04,33.0,42572.23,0.0,63,1008.9,38.5,27.2,1,17.9,0.0,36985.37,56.28763,27.240772,9.0,11.3,0.8687675040748394,32.9,10,2,-0.9984354211555643,0.05591699010060302,-0.2419218955996675,-0.9702957262759965
2023-10-05,32.9,42478.19,0.0,69,1007.2,39.2,27.3,5,25.6,0.0,36868.76,56.28763,27.240772,9.0,11.900000000000002,0.8679456445766639,34.3,10,3,-0.9973249731081555,0.07309512989807776,-0.35836794954530043,-0.9335804264972017
2023-10-06,34.3,42383.94,0.0,54,1005.1,42.3,27.9,7,17.0,0.0,36715.18,56.28763,27.240772,9.0,14.399999999999999,0.8662521700436533,33.9,10,4,-0.9959189961471792,0.0902516100310407,0.9271838545667874,0.37460659341591196
2023-10-07,33.9,42289.41,0.0,38,1007.6,40.8,27.7,0,21.3,0.0,36995.68,56.28763,27.240772,9.0,13.099999999999998,0.874821379631449,32.9,10,5,-0.994217906893952,0.10738134666416306,0.9876883405951378,0.15643446504023092
2023-10-08,32.9,42194.66,0.0,47,1009.3,39.0,27.0,0,16.4,0.0,36775.06,56.28763,27.240772,9.0,12.0,0.8715572065280297,31.7,10,6,-0.9922222094179324,0.12447926388678869,0.9702957262759965,-0.24192189559966779
2023-10-09,31.7,42099.78,0.0,68,1010.0,36.4,27.3,6,20.9,0.0,36443.88,56.28763,27.240772,9.0,9.099999999999998,0.8656548799067358,31.2,10,0,-0.989932495087353,0.141540295217043,0.03489949670250114,-0.9993908270190958
2023-10-10,31.2,42004.83,0.0,74,1010.1,35.7,27.0,12,18.7,0.0,35189.39,56.28763,27.240772,9.0,8.700000000000003,0.8377462782256231,31.6,10,1,-0.9873494423939864,0.15855938510313475,-0.34202014332566866,-0.9396926207859084
2023-10-11,31.6,41909.88,0.0,68,1010.0,37.0,27.1,8,17.9,0.0,36274.15,56.28763,27.240772,9.0,9.899999999999999,0.865527412629194,32.4,10,2,-0.9844738167520923,0.17553149042142777,-0.5150380749100542,-0.8571673007021123
2023-10-12,32.4,41815.0,0.0,57,1010.6,38.5,26.5,2,20.4,0.0,36261.69,56.28763,27.240772,9.0,12.0,0.8671933516680618,32.1,10,3,-0.9813064702716093,0.19245158197082995,-0.48480962024633695,-0.8746197071393959
2023-10-13,32.1,41720.25,0.0,61,1010.9,37.7,26.1,3,16.9,0.0,36181.97,56.28763,27.240772,9.0,11.600000000000001,0.8672519939357985,30.9,10,4,-0.9778483415056567,0.20931464596304888,0.788010753606722,-0.6156614753256583
2023-10-14,30.9,41625.72,0.0,71,1010.7,34.8,27.1,3,16.5,0.0,36086.5,56.28763,27.240772,9.0,7.699999999999996,0.8669279474325008,30.6,10,5,-0.9741004551724206,0.22611568550828803,0.7431448254773942,-0.6691306063588582
2023-10-15,30.6,41531.47,0.0,72,1008.5,34.7,26.7,21,18.5,0.0,34439.82,56.28763,27.240772,9.0,8.000000000000004,0.8292463522239882,30.6,10,6,-0.970063921851507,0.2428497220959358,0.8290375725550417,-0.5591929034707467
2023-10-16,30.6,41437.58,0.0,69,1008.9,34.6,26.4,6,21.3,0.0,36007.25,56.28763,27.240772,9.0,8.200000000000003,0.8689515652217141,30.5,10,0,-0.965739937654855,0.25951179706979943,0.5446390350150273,-0.8386705679454239
2023-10-17,30.5,41344.12,0.0,68,1010.2,34.2,26.5,2,18.8,0.0,36000.0,56.28763,27.240772,9.0,7.700000000000003,0.8707405067516251,30.0,10,1,-0.9611297838723007,0.27609697309746883,0.48480962024633717,-0.8746197071393957
2023-10-18,30.0,41251.17,0.0,75,1012.8,33.6,26.7,9,17.1,0.3,36000.0,56.28763,27.240772,9.0,6.900000000000002,0.8727025197103501,29.1,10,2,-0.9562348265919058,0.2926003356333479,0.20791169081775931,-0.9781476007338057
2023-10-19,29.1,41158.8,0.0,78,1013.6,31.7,26.5,17,14.6,1.8,36000.0,56.28763,27.240772,9.0,5.199999999999999,0.8746610688358261,29.3,10,3,-0.9510565162951536,0.30901699437494723,0.9998476951563913,0.0174524064372836
2023-10-20,29.3,41067.08,0.0,77,1013.0,32.8,26.4,10,16.6,0.0,36000.0,56.28763,27.240772,9.0,6.399999999999999,0.8766145535548181,28.6,10,4,-0.9455963874271428,0.3253420847119795,0.8746197071393959,-0.484809620246337
2023-10-21,28.6,40976.1,0.0,77,1013.6,31.9,26.3,22,16.7,0.4,36000.0,56.28763,27.240772,9.0,5.599999999999998,0.8785609172175977,28.4,10,5,-0.9398560579418953,0.341570769167856,0.7771459614569709,0.6293203910498375
2023-10-22,28.4,40885.94,0.0,76,1014.3,31.4,26.1,19,15.8,3.4,36000.0,56.28763,27.240772,9.0,5.299999999999997,0.8804982837620952,28.8,10,6,-0.9338372288229252,0.35769823883312546,0.8191520442889918,0.573576436351046
2023-10-23,28.8,40796.67,0.0,71,1013.6,32.5,25.5,11,13.1,0.0,36000.0,56.28763,27.240772,9.0,7.0,0.8824249626256261,28.7,10,0,-0.9275416835791965,0.3737197147904692,0.6427876096865393,0.766044443118978
2023-10-24,28.7,40708.38,0.0,69,1012.7,33.2,25.2,14,13.0,0.0,36000.0,56.28763,27.240772,9.0,8.000000000000004,0.884338801986225,28.9,10,1,-0.9209712877166347,0.38963044953078774,0.9702957262759965,0.24192189559966767
2023-10-25,28.9,40621.01,0.0,74,1014.0,32.7,24.8,19,16.2,0.0,34219.98,56.28763,27.240772,9.0,7.900000000000002,0.8424207079046041,27.1,10,2,-0.9141279881853337,0.4054257283599973,0.9925461516413221,-0.12186934340514737
2023-10-26,27.1,40533.8,0.0,73,1015.5,31.0,21.1,51,23.0,9.3,31464.58,56.28763,27.240772,9.0,9.899999999999999,0.7762553720598612,25.8,10,3,-0.9070138128026362,0.42110087079608916,-0.7313537016191705,-0.6819983600624986
2023-10-27,25.8,40446.71,0.0,69,1013.6,29.2,22.1,24,10.8,0.0,34048.6,56.28763,27.240772,9.0,7.099999999999998,0.8418138335602574,27.3,10,4,-0.8996308696522434,0.4366512319560638,-0.6560590289905074,0.7547095802227719
2023-10-28,27.3,40359.82,0.0,61,1012.7,31.0,23.3,4,12.6,0.0,36000.0,56.28763,27.240772,9.0,7.699999999999999,0.8919762278424433,28.1,10,5,-0.8919813464595487,0.45207220393230374,-0.891006524188368,0.45399049973954664
2023-10-29,28.1,40273.2,0.0,60,1013.0,32.1,23.4,25,12.1,0.0,36000.0,56.28763,27.240772,9.0,8.700000000000003,0.8938946992044338,28.6,10,6,-0.8840675099433637,0.46735921715800205,0.9510565162951535,0.30901699437494745
2023-10-30,28.6,40186.93,0.0,66,1013.3,32.7,23.4,41,14.5,0.0,35613.12,56.28763,27.240772,9.0,9.300000000000004,0.8861866283391143,28.8,10,0,-0.8758917051442433,0.48250774176121763,0.39073112848927377,-0.9205048534524404
2023-10-31,28.8,40101.1,0.0,65,1014.1,33.4,24.4,5,13.4,0.2,36000.0,56.28763,27.240772,9.0,9.0,0.8977309849355753,28.5,10,1,-0.8674563547295971,0.4975132889071803,0.7771459614569709,0.6293203910498375
2023-11-01,28.5,40015.8,0.0,68,1015.4,32.3,24.8,22,13.6,0.0,36000.0,56.28763,27.240772,9.0,7.4999999999999964,0.8996446403670549,29.2,11,2,-0.858763958275803,0.5123714121284235,0.9702957262759965,0.24192189559966767
2023-11-02,29.2,39931.11,0.0,51,1014.4,33.7,24.5,36,15.2,0.0,36000.0,56.28763,27.240772,9.0,9.200000000000003,0.9015526991360872,28.5,11,3,-0.8498170915275277,0.5270777086423724,-0.913545457642601,-0.4067366430758001
2023-11-03,28.5,39847.11,0.0,60,1011.8,34.1,23.5,16,15.9,0.0,36000.0,56.28763,27.240772,9.0,10.600000000000001,0.9034532240857618,28.2,11,4,-0.8406184056344783,0.5416278206559811,-0.6427876096865393,-0.766044443118978
2023-11-04,28.2,39763.91,0.0,63,1010.5,32.5,24.2,18,20.7,0.0,36000.0,56.28763,27.240772,9.0,8.3,0.9053435640509194,24.9,11,5,-0.8311706263658079,0.5560174366570446,0.9135454576426009,-0.40673664307580026
2023-11-05,24.9,39681.58,0.0,71,1012.1,28.5,20.4,30,29.9,10.6,36000.0,56.28763,27.240772,9.0,8.100000000000001,0.9072219402554031,25.2,11,6,-0.8214765533024145,0.5702422926917867,0.6427876096865393,0.766044443118978
2023-11-06,25.2,39600.22,0.0,61,1013.5,29.6,20.6,7,14.3,0.0,36000.0,56.28763,27.240772,9.0,9.0,0.9090858586139168,25.6,11,0,-0.8115390590073611,0.5842981736283683,0.754709580222772,0.6560590289905073
2023-11-07,25.6,39519.93,0.0,59,1013.2,29.0,21.8,9,12.5,0.3,36000.0,56.28763,27.240772,9.0,7.199999999999999,0.9109327875833788,26.1,11,1,-0.801361088174677,0.5981809144059158,0.9335804264972017,0.3583679495453004
2023-11-08,26.1,39440.79,0.0,57,1014.0,30.4,21.4,4,11.5,0.0,36000.0,56.28763,27.240772,9.0,9.0,0.9127606216812594,27.4,11,2,-0.7909456567567774,0.6118864012687242,0.8480480961564261,0.5299192642332049
2023-11-09,27.4,39362.91,0.0,38,1016.1,33.4,22.3,2,17.4,0.0,36000.0,56.28763,27.240772,9.0,11.099999999999998,0.9145665297611381,27.3,11,3,-0.780295851070776,0.6254105729852457,0.6293203910498374,0.7771459614569709
2023-11-10,27.3,39286.39,0.0,34,1017.2,33.1,21.6,0,15.5,0.0,36000.0,56.28763,27.240772,9.0,11.5,0.9163478751801832,26.7,11,4,-0.7694148268839381,0.6387494220515268,0.6427876096865393,0.766044443118978
2023-11-11,26.7,39211.31,0.0,32,1018.2,33.7,20.7,56,13.3,0.0,36000.0,56.28763,27.240772,9.0,13.000000000000004,0.9181024556435375,26.3,11,5,-0.7583058084785625,0.6518989958787125,0.6018150231520483,0.7986355100472928
2023-11-12,26.3,39137.79,0.0,41,1018.5,32.0,19.6,60,12.8,0.0,34259.63,56.28763,27.240772,9.0,12.399999999999999,0.875359339400615,25.8,11,6,-0.7469720876965551,0.6648553979642866,0.45399049973954675,0.8910065241883679
2023-11-13,25.8,39065.93,0.0,39,1016.7,31.9,18.7,49,12.8,0.0,32400.0,56.28763,27.240772,9.0,13.2,0.829367174927104,25.0,11,0,-0.7354170229639858,0.6776147890466887,0.03489949670250097,0.9993908270190958
2023-11-14,25.0,38995.68,0.0,43,1015.4,30.5,19.0,5,11.9,0.0,35998.77,56.28763,27.240772,9.0,11.5,0.9231476409694611,25.4,11,1,-0.7236440382959124,0.690173388242972,0.7193398003386512,0.6946583704589973
2023-11-15,25.4,38926.33,0.0,57,1015.7,29.3,20.2,46,17.6,2.2,35970.83,56.28763,27.240772,9.0,9.100000000000001,0.9240745274471033,22.2,11,2,-0.711656622281775,0.7025274741691566,0.8191520442889918,0.573576436351046
2023-11-16,22.2,38857.82,0.0,82,1017.0,24.1,20.2,88,19.2,25.1,294.98,56.28763,27.240772,9.0,3.900000000000002,0.00759126476987129,21.4,11,3,-0.6994583270516471,0.7146733860429608,0.4067366430758002,0.9135454576426009
2023-11-17,21.4,38790.22,0.0,87,1016.7,22.9,19.5,52,11.6,3.3,18931.59,56.28763,27.240772,9.0,3.3999999999999986,0.48805059625854147,22.2,11,4,-0.6870527672236675,0.7266075247685652,0.7313537016191705,0.6819983600624985
2023-11-18,22.2,38723.62,0.0,83,1016.1,25.9,19.3,6,11.5,0.0,35813.23,56.28763,27.240772,9.0,6.599999999999998,0.9248419956605297,23.0,11,5,-0.6744436188329457,0.7383263540031063,0.4383711467890774,0.898794046299167
2023-11-19,23.0,38658.11,0.0,73,1015.4,27.6,19.5,17,10.5,0.0,35742.05,56.28763,27.240772,9.0,8.100000000000001,0.9245679625827543,22.7,11,6,-0.661634618242279,0.749826401204568,-0.1736481776669304,0.984807753012208
2023-11-20,22.7,38593.76,0.0,76,1015.3,26.5,19.5,62,15.3,2.2,29859.08,56.28763,27.240772,9.0,7.0,0.7736763663348687,22.7,11,0,-0.6486295610349818,0.7611042586607742,0.766044443118978,0.6427876096865394
2023-11-21,22.7,38530.66,0.0,84,1015.9,25.5,20.0,37,19.7,8.1,32857.37,56.28763,27.240772,9.0,5.5,0.8527590754998746,23.6,11,1,-0.6354323008901775,0.7721565844991641,0.6156614753256583,0.7880107536067219
2023-11-22,23.6,38468.91,0.0,68,1015.8,29.3,20.0,1,17.2,0.0,35535.92,56.28763,27.240772,9.0,9.3,0.9237568727577671,23.6,11,2,-0.622046748440868,0.7829801036770624,-0.3255681544571567,0.9455185755993168
2023-11-23,23.6,38408.58,0.0,53,1014.1,27.6,19.8,26,21.9,0.0,35470.01,56.28763,27.240772,9.0,7.800000000000001,0.9234918343765898,22.2,11,3,-0.6084768701151264,0.7935716089521472,0.6427876096865393,0.766044443118978
2023-11-24,22.2,38349.76,0.0,61,1011.9,26.6,18.4,73,14.4,0.4,21984.36,56.28763,27.240772,9.0,8.200000000000003,0.5732593893677561,21.4,11,4,-0.594726686960764,0.8039279618328208,0.3090169943749474,0.9510565162951535
2023-11-25,21.4,38292.55,0.0,69,1014.4,25.5,17.3,3,12.9,0.0,35342.99,56.28763,27.240772,9.0,8.2,0.922973006498653,22.4,11,5,-0.5808002734538013,0.8140460935082175,0.17364817766693033,0.984807753012208
2023-11-26,22.4,38237.04,0.0,65,1015.7,27.3,18.0,92,12.3,0.0,33929.48,56.28763,27.240772,9.0,9.3,0.8873458824218612,22.9,11,6,-0.5667017562911184,0.8239230057575536,-0.5591929034707466,0.8290375725550418
2023-11-27,22.9,38183.3,0.0,67,1013.4,27.1,18.3,8,16.3,0.0,35223.06,56.28763,27.240772,9.0,8.8,0.9224729135512121,23.2,11,0,-0.5524353131676203,0.8335557718385695,-0.6946583704589976,0.7193398003386509
2023-11-28,23.2,38131.45,0.0,75,1013.1,27.0,19.1,26,17.2,0.0,35166.02,56.28763,27.240772,9.0,7.899999999999999,0.9222313864277387,24.0,11,1,-0.5380051715382992,0.8429415373547832,0.6819983600624985,0.7313537016191705
2023-11-29,24.0,38081.56,0.0,72,1014.5,27.3,20.4,26,19.7,0.0,35111.06,56.28763,27.240772,9.0,6.900000000000002,0.9219963677958571,23.8,11,2,-0.5234156073655503,0.8520775211013093,0.6946583704589973,0.7193398003386512
2023-11-30,23.8,38033.73,0.0,70,1016.1,27.2,19.9,7,15.1,0.2,35058.31,56.28763,27.240772,9.0,7.300000000000001,0.9217689140665403,23.5,11,3,-0.5086709438521042,0.8609610158889945,0.7313537016191705,0.6819983600624985
2023-12-01,23.5,37988.07,0.0,68,1016.5,28.0,18.8,1,11.1,0.0,35007.85,56.28763,27.240772,9.0,9.2,0.9215485282616358,23.6,12,4,-0.49377555015997737,0.8695893893466109,-0.8660254037844386,0.5000000000000001
2023-12-02,23.6,37944.64,0.0,64,1016.4,28.0,18.3,1,11.4,0.0,34959.81,56.28763,27.240772,9.0,9.7,0.9213372428885871,24.0,12,5,-0.4787338401157883,0.8779600847008883,0.6560590289905073,0.754709580222772
2023-12-03,24.0,37903.57,0.0,53,1017.8,29.7,18.8,0,11.9,0.0,34914.29,56.28763,27.240772,9.0,10.899999999999999,0.9211346055266034,24.4,12,6,-0.4635502709028512,0.8860706215341378,-0.034899496702500823,0.9993908270190958
2023-12-04,24.4,37864.83,0.0,40,1017.9,31.1,17.9,44,13.3,0.0,34871.45,56.28763,27.240772,9.0,13.200000000000003,0.9209456374160401,23.6,12,0,-0.4482293417404106,0.893918596519257,0.35836794954530027,0.9335804264972017
2023-12-05,23.6,37827.97,0.0,39,1016.5,30.0,18.5,20,13.3,0.0,33971.66,56.28763,27.240772,9.0,11.5,0.8980566496166726,23.0,12,1,-0.4327755925504317,0.9015016841318838,0.27563735581699916,0.9612616959383189
2023-12-06,23.0,37792.94,0.0,35,1016.4,29.6,16.3,0,13.8,0.0,34792.29,56.28763,27.240772,9.0,13.3,0.9206028956731072,22.2,12,2,-0.41719360261231697,0.9088176373395028,0.0697564737441253,0.9975640502598242
2023-12-07,22.2,37759.77,0.0,45,1016.0,27.6,16.1,0,15.0,0.0,34755.67,56.28763,27.240772,9.0,11.5,0.9204417823519582,22.4,12,3,-0.4014879892059737,0.9158642882672868,0.0697564737441253,0.9975640502598242
2023-12-08,22.4,37728.51,0.0,51,1016.4,27.2,17.2,12,13.2,0.0,34721.11,56.28763,27.240772,9.0,10.0,0.9202883972889467,24.0,12,4,-0.38566340624360745,0.9226395488404875,0.6018150231520483,0.7986355100472928
2023-12-09,24.0,37699.19,0.0,27,1017.4,30.0,17.4,55,19.2,0.0,34688.65,56.28763,27.240772,9.0,12.600000000000001,0.9201431118281321,22.1,12,5,-0.3697245428906732,0.9291414114031743,0.6691306063588582,0.7431448254773942
2023-12-10,22.1,37671.85,0.0,28,1016.4,28.6,15.1,9,15.8,0.0,34658.32,56.28763,27.240772,9.0,13.500000000000002,0.9200057868142923,22.5,12,6,-0.3536761221763721,0.935367949313148,-0.9563047559630354,0.2923717047227367
2023-12-11,22.5,37646.53,0.0,28,1015.9,28.8,15.8,63,10.8,0.0,34630.19,56.28763,27.240772,9.0,13.0,0.9198773432770564,22.5,12,0,-0.33752289959411347,0.941317317512847,-0.20791169081775987,0.9781476007338056
2023-12-12,22.5,37623.28,0.0,23,1013.9,29.1,16.6,71,12.5,0.0,34604.28,56.28763,27.240772,9.0,12.5,0.9197571290966656,21.5,12,1,-0.32126966169236515,0.9469877530760751,-0.5000000000000004,0.8660254037844384
2023-12-13,21.5,37602.12,0.0,48,1013.7,26.9,14.9,76,15.6,0.0,34458.8,56.28763,27.240772,9.0,11.999999999999998,0.9164057771210772,22.1,12,2,-0.3049212246562894,0.9523775757303973,-1.0,-1.8369701987210297e-16
2023-12-14,22.1,37583.1,0.0,54,1013.3,26.5,18.4,16,26.3,0.1,34559.32,56.28763,27.240772,9.0,8.100000000000001,0.9195441568151643,20.9,12,3,-0.2884824328806098,0.9574851883550389,-0.7313537016191705,-0.6819983600624986
2023-12-15,20.9,37566.24,0.0,42,1016.6,25.2,17.1,0,12.4,0.0,34540.37,56.28763,27.240772,9.0,8.099999999999998,0.9194524125917314,20.9,12,4,-0.27195815753410524,0.9623090774541487,0.45399049973954675,0.8910065241883679
2023-12-16,20.9,37551.6,0.0,35,1021.1,26.4,15.6,0,22.1,0.0,34523.82,56.28763,27.240772,9.0,10.799999999999999,0.9193701466781709,20.4,12,5,-0.2553532951161881,0.9668478136052773,0.7313537016191705,0.6819983600624985
2023-12-17,20.4,37539.2,0.0,31,1021.0,25.7,14.4,0,16.4,0.0,34509.71,56.28763,27.240772,9.0,11.299999999999999,0.919297960531924,20.6,12,6,-0.23867276600594997,0.9711000518829505,0.5446390350150271,0.838670567945424
2023-12-18,20.6,37529.07,0.0,32,1019.3,26.1,14.8,3,11.9,0.0,34498.09,56.28763,27.240772,9.0,11.3,0.9192364745515942,21.2,12,0,-0.22192151300416674,0.9750645322571945,-0.6691306063588581,0.7431448254773942
2023-12-19,21.2,37521.26,0.0,48,1019.3,26.1,16.4,78,14.4,0.0,33580.66,56.28763,27.240772,9.0,9.700000000000003,0.8949768744439819,21.0,12,1,-0.20510449986861926,0.9787400799669153,0.6427876096865393,0.766044443118978
2023-12-20,21.0,37515.79,0.0,51,1019.2,25.0,16.5,18,11.6,0.0,34005.87,56.28763,27.240772,9.0,8.5,0.9064415276874085,20.6,12,2,-0.1882267098432439,0.9821256058680006,0.5591929034707469,0.8290375725550417
2023-12-21,20.6,37512.7,0.0,50,1017.4,25.0,16.1,1,15.8,0.0,34021.24,56.28763,27.240772,9.0,8.899999999999999,0.9069259210880581,20.4,12,3,-0.1712931441814778,0.9852201067560606,-0.9455185755993168,-0.32556815445715664
2023-12-22,20.4,37512.02,0.0,50,1016.5,25.5,14.9,60,12.2,0.0,34014.41,56.28763,27.240772,9.0,10.6,0.9067602864361878,20.9,12,4,-0.154308820664281,0.9880226656636976,-0.1736481776669304,0.984807753012208
2023-12-23,20.9,37513.77,0.0,50,1016.8,25.1,15.3,70,17.2,0.0,32918.63,56.28763,27.240772,9.0,9.8,0.8775079124278898,21.5,12,5,-0.13727877211326517,0.9905324521322227,-0.798635510047293,0.6018150231520479
2023-12-24,21.5,37517.99,0.0,61,1019.1,26.2,17.2,55,18.0,0.0,33481.84,56.28763,27.240772,9.0,9.0,0.89242094259314,22.2,12,6,-0.12020804489935275,0.9927487224577402,-0.7313537016191705,-0.6819983600624986
2023-12-25,22.2,37524.71,0.0,63,1018.8,26.7,17.1,58,21.4,0.0,33350.18,56.28763,27.240772,9.0,9.599999999999998,0.8887525046829143,21.9,12,0,-0.10310169744743544,0.9946708199115211,-0.8386705679454242,-0.544639035015027
2023-12-26,21.9,37533.9,0.0,60,1018.3,27.2,16.6,0,13.6,0.0,33731.91,56.28763,27.240772,9.0,10.599999999999998,0.8987051705258446,24.1,12,1,-0.0859647987374467,0.9962981749346077,0.8090169943749475,0.5877852522924731
2023-12-27,24.1,37545.53,0.0,39,1018.6,30.2,17.6,0,12.0,0.0,33727.07,56.28763,27.240772,9.0,12.599999999999998,0.8982978799340428,22.4,12,2,-0.06880242680232064,0.9976303053065857,0.6691306063588582,0.7431448254773942
2023-12-28,22.4,37559.54,0.0,44,1016.7,27.8,17.3,25,12.6,0.0,33722.21,56.28763,27.240772,9.0,10.5,0.897833413295264,21.9,12,3,-0.05161966722325418,0.9986668162884759,0.9063077870366499,0.42261826174069944
2023-12-29,21.9,37575.89,0.0,70,1016.9,25.7,17.2,16,13.2,0.0,33466.75,56.28763,27.240772,9.0,8.5,0.8906442402295728,23.3,12,4,-0.034421611622745804,0.9994074007397048,0.9135454576426009,0.4067366430758002
2023-12-30,23.3,37594.54,0.0,47,1017.2,29.4,18.7,20,17.1,0.0,33463.57,56.28763,27.240772,9.0,10.7,0.890117820300501,23.4,12,5,-0.01721335615583528,0.9998518392091162,0.788010753606722,0.6156614753256583
2023-12-31,23.4,37615.45,0.0,32,1016.5,28.5,17.8,57,12.6,0.0,33089.21,56.28763,27.240772,9.0,10.7,0.8796707204087683,22.9,12,6,6.432490598706546e-16,1.0,0.6018150231520483,0.7986355100472928
2024-01-01,22.9,37638.57,0.0,55,1016.1,27.1,19.2,5,16.8,0.0,33334.27,56.28763,27.240772,9.0,7.900000000000002,0.885641245137634,21.8,1,0,0.017213356155834685,0.9998518392091162,0.8571673007021123,0.5150380749100542
2024-01-02,21.8,37663.86,0.0,60,1015.9,26.9,17.5,1,22.2,0.0,33331.9,56.28763,27.240772,9.0,9.399999999999999,0.8849836421439544,21.7,1,1,0.03442161162274574,0.9994074007397048,0.7193398003386512,0.6946583704589973
2024-01-03,21.7,37691.27,0.0,56,1013.7,25.8,17.0,11,17.6,0.0,33451.28,56.28763,27.240772,9.0,8.8,0.8875073723968442,21.0,1,2,0.051619667223253764,0.998666816288476,-0.8910065241883678,-0.4539904997395469
2024-01-04,21.0,37720.75,0.0,54,1013.9,25.3,17.5,3,18.8,0.0,33327.3,56.28763,27.240772,9.0,7.800000000000001,0.8835269712293632,21.3,1,3,0.06880242680231986,0.9976303053065857,0.374606593415912,0.9271838545667874
2024-01-05,21.3,37752.27,0.0,47,1015.8,25.6,15.9,1,14.6,0.0,33325.14,56.28763,27.240772,9.0,9.700000000000001,0.8827320847196739,21.1,1,4,0.08596479873744647,0.9962981749346078,-0.9998476951563913,-0.017452406437283498
2024-01-06,21.1,37785.75,0.0,53,1016.0,26.0,15.7,0,20.9,0.0,33323.08,56.28763,27.240772,9.0,10.3,0.8818954235392973,20.3,1,5,0.10310169744743485,0.9946708199115211,-0.9455185755993168,-0.32556815445715664
2024-01-07,20.3,37821.18,0.0,52,1018.4,24.9,15.0,7,18.1,0.0,33321.16,56.28763,27.240772,9.0,9.899999999999999,0.8810185192529689,20.3,1,6,0.1202080448993527,0.9927487224577402,0.5877852522924731,0.8090169943749475
2024-01-08,20.3,37858.5,0.0,31,1021.0,25.5,14.3,0,12.0,0.0,33438.84,56.28763,27.240772,9.0,11.2,0.8832584492254051,18.9,1,0,0.13727877211326478,0.9905324521322229,0.12186934340514748,0.992546151641322
2024-01-09,18.9,37897.64,0.0,27,1020.4,24.7,12.0,4,13.2,0.0,33556.16,56.28763,27.240772,9.0,12.7,0.8854419430866937,18.7,1,1,0.15430882066428117,0.9880226656636976,-0.1564344650402311,0.9876883405951377
2024-01-10,18.7,37938.59,0.0,41,1019.3,23.9,12.0,33,15.9,0.0,32771.23,56.28763,27.240772,9.0,11.899999999999999,0.8637967304530824,18.6,1,2,0.1712931441814776,0.9852201067560606,-0.6560590289905074,0.7547095802227719
2024-01-11,18.6,37981.27,0.0,54,1017.1,23.8,12.7,51,18.1,0.0,32958.34,56.28763,27.240772,9.0,11.100000000000001,0.8677524474563383,19.0,1,3,0.1882267098432442,0.9821256058680006,-0.891006524188368,0.45399049973954664
2024-01-12,19.0,38025.64,0.0,61,1015.9,23.7,13.2,47,18.9,0.0,32400.0,56.28763,27.240772,9.0,10.5,0.8520566649239829,20.3,1,4,0.2051044998686192,0.9787400799669153,-0.9986295347545738,0.052335956242943946
2024-01-13,20.3,38071.77,0.0,54,1016.1,25.7,13.9,75,22.9,0.0,33194.17,56.28763,27.240772,9.0,11.799999999999999,0.8718840757863372,21.0,1,5,0.2219215130041655,0.9750645322571948,-0.9335804264972016,-0.3583679495453007
2024-01-14,21.0,38120.15,0.0,56,1016.2,26.9,14.6,79,16.1,0.0,32955.25,56.28763,27.240772,9.0,12.299999999999999,0.864509977006911,21.7,1,6,0.2386727660059501,0.9711000518829505,0.766044443118978,-0.6427876096865394
2024-01-15,21.7,38170.8,0.0,63,1015.6,29.0,15.7,55,28.6,0.0,33145.22,56.28763,27.240772,9.0,13.3,0.8683396732580926,22.6,1,0,0.255353295116187,0.9668478136052775,-0.7431448254773944,-0.6691306063588581
2024-01-16,22.6,38223.62,0.0,63,1013.1,30.7,16.0,47,25.9,0.0,33191.75,56.28763,27.240772,9.0,14.7,0.8683570525240675,22.3,1,1,0.2719581575341055,0.9623090774541486,-0.4067366430758002,-0.9135454576426009
2024-01-17,22.3,38278.51,0.0,60,1012.5,28.0,17.3,22,17.3,0.0,33131.9,56.28763,27.240772,9.0,10.7,0.8655483194095068,22.0,1,2,0.288482432880609,0.9574851883550393,0.9781476007338056,0.20791169081775945
2024-01-18,22.0,38335.35,0.0,59,1014.3,27.1,15.9,30,15.6,0.0,33457.27,56.28763,27.240772,9.0,11.200000000000001,0.8727524334589354,20.7,1,3,0.30492122465628907,0.9523775757303974,-0.8386705679454242,-0.544639035015027
2024-01-19,20.7,38394.08,0.0,70,1016.6,24.7,17.2,15,15.4,3.3,33069.06,56.28763,27.240772,9.0,7.5,0.8613062222092571,22.0,1,4,0.3212696616923644,0.9469877530760753,0.981627183447664,0.19080899537654492
2024-01-20,22.0,38454.57,0.0,44,1018.7,27.8,16.4,62,18.1,0.0,33446.75,56.28763,27.240772,9.0,11.400000000000002,0.8697730854876287,20.8,1,5,0.3375228995941133,0.9413173175128471,0.788010753606722,0.6156614753256583
2024-01-21,20.8,38516.75,0.0,53,1017.4,25.8,15.3,2,17.9,0.0,33662.49,56.28763,27.240772,9.0,10.5,0.8739701558412898,20.7,1,6,0.3536761221763716,0.9353679493131483,-0.8910065241883678,-0.4539904997395469
2024-01-22,20.7,38580.52,0.0,54,1019.1,25.6,15.4,2,14.1,0.0,33639.5,56.28763,27.240772,9.0,10.200000000000001,0.8719296681330372,20.8,1,0,0.3697245428906731,0.9291414114031743,0.5299192642332049,0.848048096156426
2024-01-23,20.8,38645.78,0.0,48,1018.7,26.3,14.9,11,15.1,0.0,33514.08,56.28763,27.240772,9.0,11.4,0.867211892216951,20.3,1,1,0.38566340624360707,0.9226395488404876,-0.9702957262759965,-0.24192189559966779
2024-01-24,20.3,38712.43,0.0,62,1016.9,25.6,14.6,66,17.6,0.0,33171.55,56.28763,27.240772,9.0,11.000000000000002,0.8568707776804505,21.0,1,2,0.401487989205973,0.9158642882672872,-0.8290375725550418,-0.5591929034707466
2024-01-25,21.0,38780.4,0.0,70,1015.6,25.8,15.5,84,21.2,0.0,33184.03,56.28763,27.240772,9.0,10.3,0.8556907613124155,21.8,1,3,0.4171936026123168,0.9088176373395029,-0.9271838545667874,0.37460659341591196
2024-01-26,21.8,38849.59,0.0,72,1015.6,25.9,17.8,96,15.9,0.3,32683.82,56.28763,27.240772,9.0,8.099999999999998,0.8412912465742882,21.4,1,4,0.4327755925504312,0.901501684131884,0.8910065241883678,0.4539904997395468
2024-01-27,21.4,38919.91,0.0,79,1015.8,24.7,18.5,98,18.1,10.3,31487.05,56.28763,27.240772,9.0,6.199999999999999,0.8090216549832719,21.1,1,5,0.4482293417404106,0.893918596519257,-0.891006524188368,0.45399049973954664
2024-01-28,21.1,38991.27,0.0,68,1014.9,26.8,16.3,89,22.1,0.1,32596.21,56.28763,27.240772,9.0,10.5,0.8359873889719417,20.2,1,6,0.4635502709028509,0.886070621534138,-0.0348994967025009,-0.9993908270190958
2024-01-29,20.2,39063.59,0.0,60,1016.3,24.2,16.3,86,14.5,0.0,33432.0,56.28763,27.240772,9.0,7.899999999999999,0.8558353187712651,21.0,1,0,0.47873384011578846,0.8779600847008882,0.8660254037844386,0.5000000000000001
2024-01-30,21.0,39136.78,0.0,54,1016.1,25.6,15.1,48,15.9,0.0,32919.62,56.28763,27.240772,9.0,10.500000000000002,0.8411427818026931,22.1,1,1,0.49377555015997715,0.869589389346611,0.6946583704589973,0.7193398003386512
2024-01-31,22.1,39210.76,0.0,67,1015.5,26.3,18.0,27,14.0,0.0,33952.22,56.28763,27.240772,9.0,8.3,0.8658903831499313,21.5,1,2,0.5086709438521044,0.8609610158889943,0.9271838545667874,0.37460659341591196
2024-02-01,21.5,39285.45,0.0,52,1013.9,25.5,18.7,53,15.4,0.8,33558.64,56.28763,27.240772,9.0,6.800000000000001,0.8542256738818061,20.1,2,3,0.5234156073655503,0.8520775211013093,0.9271838545667874,0.37460659341591196
2024-02-02,20.1,39360.89,0.0,73,1011.8,24.3,16.0,74,28.8,7.2,24303.46,56.28763,27.240772,9.0,8.3,0.6174519935905921,18.0,2,4,0.5380051715382996,0.8429415373547828,-0.9396926207859084,-0.34202014332566855
2024-02-03,18.0,39437.87,0.0,45,1015.1,23.3,13.4,21,22.4,0.0,34574.5,56.28763,27.240772,9.0,9.9,0.8766827417403626,17.3,2,5,0.5524353131676196,0.8335557718385699,-0.9271838545667873,-0.3746065934159123
2024-02-04,17.3,39516.4,0.0,46,1017.6,22.3,12.1,6,16.3,0.0,35105.87,56.28763,27.240772,9.0,10.200000000000001,0.8883873530989665,17.8,2,6,0.5667017562911176,0.8239230057575542,0.6819983600624985,0.7313537016191705
2024-02-05,17.8,39596.39,0.0,38,1016.8,23.5,12.0,52,17.2,0.0,33133.21,56.28763,27.240772,9.0,11.5,0.8367735038471942,18.8,2,0,0.5808002734538009,0.8140460935082178,-0.7193398003386512,-0.6946583704589973
2024-02-06,18.8,39677.73,0.0,27,1016.9,24.7,12.2,0,22.3,0.0,35508.36,56.28763,27.240772,9.0,12.5,0.8949191397794177,18.3,2,1,0.5947266869607634,0.8039279618328213,-0.9998476951563913,0.01745240643728313
2024-02-07,18.3,39760.32,0.0,49,1020.2,23.7,11.5,0,13.0,0.0,35513.71,56.28763,27.240772,9.0,12.2,0.8931947730802972,19.1,2,2,0.6084768701151261,0.7935716089521474,0.9510565162951535,0.30901699437494745
2024-02-08,19.1,39844.07,0.0,57,1020.2,23.6,13.2,1,17.1,0.0,35380.95,56.28763,27.240772,9.0,10.400000000000002,0.8879853388471609,19.4,2,3,0.6220467484408675,0.7829801036770629,-0.9659258262890683,-0.25881904510252063
2024-02-09,19.4,39928.89,0.0,59,1019.0,23.9,13.3,0,17.4,0.0,35383.01,56.28763,27.240772,9.0,10.599999999999998,0.8861506042366818,19.9,2,4,0.6354323008901774,0.7721565844991642,-0.7431448254773944,-0.6691306063588581
2024-02-10,19.9,40014.66,0.0,51,1019.5,24.4,13.6,71,11.8,0.0,34158.43,56.28763,27.240772,9.0,10.799999999999999,0.8536478880490299,18.7,2,5,0.6486295610349814,0.7611042586607747,0.6819983600624985,0.7313537016191705
2024-02-11,18.7,40101.32,0.0,64,1019.8,21.9,15.4,94,13.4,1.3,243.37,56.28763,27.240772,9.0,6.499999999999998,0.006068877533208383,20.0,2,6,0.6616346182422783,0.7498264012045686,0.788010753606722,0.6156614753256583
2024-02-12,20.0,40188.75,0.0,58,1017.9,23.2,15.6,74,16.7,0.4,6847.1,56.28763,27.240772,9.0,7.6,0.17037354981182545,21.3,2,0,0.6744436188329455,0.7383263540031065,0.6156614753256583,0.7880107536067219
2024-02-13,21.3,40276.88,0.0,54,1018.6,28.0,14.8,0,15.8,0.0,36227.47,56.28763,27.240772,9.0,13.2,0.8994606831512273,22.0,2,1,0.6870527672236669,0.7266075247685656,0.39073112848927377,0.9205048534524404
2024-02-14,22.0,40365.6,0.0,67,1019.4,26.4,16.7,4,14.2,0.0,36230.8,56.28763,27.240772,9.0,9.7,0.8975662445250412,22.3,2,2,0.699458327051647,0.7146733860429609,-0.374606593415912,-0.9271838545667874
2024-02-15,22.3,40454.84,0.0,77,1019.1,25.8,18.8,50,17.4,0.4,34506.07,56.28763,27.240772,9.0,7.0,0.8529528234446114,23.0,2,3,0.7116566222817746,0.7025274741691571,0.5299192642332049,-0.848048096156426
2024-02-16,23.0,40544.51,0.0,82,1018.1,26.8,19.6,76,16.9,0.2,30602.76,56.28763,27.240772,9.0,7.199999999999999,0.7547941755862877,23.8,2,4,0.7236440382959124,0.6901733882429719,0.9986295347545738,-0.05233595624294384
2024-02-17,23.8,40634.52,0.0,73,1014.2,27.5,19.4,46,19.4,0.2,29636.36,56.28763,27.240772,9.0,8.100000000000001,0.7293394877065117,22.8,2,5,0.7354170229639855,0.6776147890466889,-0.374606593415912,-0.9271838545667874
2024-02-18,22.8,40724.79,0.0,59,1008.9,30.0,16.2,5,38.8,0.0,37108.87,56.28763,27.240772,9.0,13.8,0.911210837428505,20.7,2,6,0.7469720876965552,0.6648553979642865,-0.7193398003386512,-0.6946583704589973
2024-02-19,20.7,40815.24,0.0,63,1011.8,25.3,15.9,0,20.3,0.0,37702.03,56.28763,27.240772,9.0,9.4,0.9237243245415193,21.0,2,0,0.7583058084785624,0.6518989958787126,0.9925461516413221,-0.12186934340514737
2024-02-20,21.0,40905.79,0.0,54,1012.6,26.1,16.5,0,30.7,0.0,37903.36,56.28763,27.240772,9.0,9.600000000000001,0.9266013442106851,21.5,2,1,0.7694148268839378,0.6387494220515272,-0.13917310096006552,-0.9902680687415703
2024-02-21,21.5,40996.34,0.0,49,1014.8,27.2,15.9,8,20.4,0.0,37958.79,56.28763,27.240772,9.0,11.299999999999999,0.9259068004607242,21.9,2,2,0.7802958510707755,0.6254105729852463,0.5299192642332049,0.848048096156426
2024-02-22,21.9,41086.98,0.0,46,1016.9,27.4,16.5,0,19.3,0.0,38307.52,56.28763,27.240772,9.0,10.899999999999999,0.9323518058518779,21.0,2,3,0.7909456567567772,0.6118864012687243,0.9902680687415704,0.13917310096006547
2024-02-23,21.0,41178.45,0.0,66,1016.4,25.9,15.2,7,23.8,0.0,38331.56,56.28763,27.240772,9.0,10.7,0.930864566296206,22.4,2,4,0.8013610881746766,0.5981809144059165,-0.43837114678907746,-0.8987940462991669
2024-02-24,22.4,41270.84,0.0,66,1014.4,26.4,17.1,53,14.5,0.0,35324.16,56.28763,27.240772,9.0,9.299999999999997,0.8559108561880496,20.6,2,5,0.8115390590073611,0.5842981736283684,0.3583679495453002,-0.9335804264972017
2024-02-25,20.6,41364.05,0.0,78,1009.6,24.3,17.2,76,17.1,30.3,12436.85,56.28763,27.240772,9.0,7.100000000000001,0.3006680922201767,19.8,2,6,0.8214765533024142,0.5702422926917871,0.5446390350150271,0.838670567945424
2024-02-26,19.8,41458.0,0.0,78,1009.9,23.3,16.8,53,20.6,4.3,29711.92,56.28763,27.240772,9.0,6.5,0.716675189348256,19.6,2,0,0.8311706263658079,0.5560174366570446,0.7986355100472928,0.6018150231520484
2024-02-27,19.6,41552.63,0.0,71,1014.2,23.7,16.2,10,14.8,0.0,38605.44,56.28763,27.240772,9.0,7.5,0.9290733221940466,19.1,2,1,0.8406184056344782,0.5416278206559814,0.8571673007021123,0.5150380749100542
2024-02-28,19.1,41647.84,0.0,71,1013.7,23.1,15.8,32,12.9,0.0,27309.45,56.28763,27.240772,9.0,7.300000000000001,0.6557230819173336,19.1,2,2,0.8498170915275278,0.5270777086423722,0.766044443118978,0.6427876096865394
2024-02-29,19.1,41743.56,0.0,58,1010.6,24.6,12.3,3,32.6,0.0,38988.82,56.28763,27.240772,9.0,12.3,0.9340080242317618,13.7,2,3,0.8587639582758029,0.5123714121284237,-0.34202014332566866,-0.9396926207859084
2024-03-01,13.7,41839.73,0.0,50,1017.7,18.0,9.1,2,33.1,0.0,39088.11,56.28763,27.240772,9.0,8.9,0.9342342792365055,13.6,3,4,0.8674563547295969,0.49751328890718066,0.9063077870366499,0.42261826174069944
2024-03-02,13.6,41936.26,0.0,46,1019.2,18.3,8.4,4,16.9,0.0,39187.65,56.28763,27.240772,9.0,9.9,0.9344574361185285,16.0,3,5,0.8758917051442429,0.48250774176121847,0.766044443118978,0.6427876096865394
2024-03-03,16.0,42033.07,0.0,43,1016.7,21.0,8.7,4,17.3,0.0,39252.98,56.28763,27.240772,9.0,12.3,0.9338594587547377,18.6,3,6,0.8840675099433636,0.4673592171580022,0.8191520442889918,0.573576436351046
2024-03-04,18.6,42130.1,0.0,63,1015.6,22.2,13.1,75,15.2,5.7,24825.91,56.28763,27.240772,9.0,9.1,0.5892677681752476,18.7,3,0,0.8919813464595485,0.45207220393230435,0.788010753606722,0.6156614753256583
2024-03-05,18.7,42227.28,0.0,84,1014.3,21.5,16.1,75,15.0,5.5,23954.17,56.28763,27.240772,9.0,5.399999999999999,0.5672676525696185,19.4,3,1,0.8996308696522433,0.43665123195606403,0.9563047559630354,0.29237170472273677
2024-03-06,19.4,42324.53,0.0,82,1014.7,23.0,15.5,26,16.9,0.6,39360.73,56.28763,27.240772,9.0,7.5,0.9299744143644361,20.1,3,2,0.9070138128026359,0.4211008707960896,0.9335804264972017,0.3583679495453004
2024-03-07,20.1,42421.79,0.0,72,1014.9,24.3,15.5,34,14.8,0.0,39395.95,56.28763,27.240772,9.0,8.8,0.9286725053327546,20.7,3,3,0.9141279881853337,0.40542572835999735,0.5446390350150273,-0.8386705679454239
2024-03-08,20.7,42518.97,0.0,77,1014.7,24.4,16.2,40,13.3,0.0,38714.96,56.28763,27.240772,9.0,8.2,0.9105338158473735,20.6,3,4,0.9209712877166346,0.38963044953078796,0.898794046299167,0.43837114678907746
2024-03-09,20.6,42616.01,0.0,84,1014.4,22.9,17.7,53,21.9,17.1,28388.97,56.28763,27.240772,9.0,5.199999999999999,0.6661573901451591,20.4,3,5,0.9275416835791966,0.37371971479046906,0.9205048534524404,0.3907311284892737
2024-03-10,20.4,42712.84,0.0,82,1015.5,24.2,17.0,32,19.5,0.7,39499.75,56.28763,27.240772,9.0,7.199999999999999,0.9247746111005497,21.0,3,6,0.9338372288229252,0.35769823883312546,-0.275637355816999,-0.9612616959383189
2024-03-11,21.0,42809.39,0.0,81,1016.6,25.0,17.4,30,12.3,0.1,39187.29,56.28763,27.240772,9.0,7.600000000000001,0.9153900581157546,21.6,3,0,0.9398560579418954,0.3415707691678556,0.9925461516413221,-0.12186934340514737
2024-03-12,21.6,42905.6,0.0,76,1015.9,25.6,17.4,8,17.3,0.0,39567.59,56.28763,27.240772,9.0,8.200000000000003,0.9222010646628878,22.7,3,1,0.9455963874271426,0.3253420847119801,0.9271838545667874,0.37460659341591196
2024-03-13,22.7,43001.51,0.0,57,1018.5,27.9,17.8,0,21.1,0.0,39600.0,56.28763,27.240772,9.0,10.099999999999998,0.9208978940506972,22.5,3,2,0.9510565162951535,0.30901699437494745,0.8480480961564261,0.5299192642332049
2024-03-14,22.5,43097.84,0.0,60,1017.5,27.9,17.5,21,15.0,0.0,39600.0,56.28763,27.240772,9.0,10.399999999999999,0.9188395520517967,22.2,3,3,0.9562348265919056,0.29260033563334836,0.9612616959383189,0.27563735581699916
2024-03-15,22.2,43194.65,0.0,62,1016.0,27.2,17.3,93,13.3,0.0,15119.83,56.28763,27.240772,9.0,9.899999999999999,0.3500394146034289,23.5,3,4,0.9611297838723007,0.27609697309746883,0.8290375725550417,0.5591929034707468
2024-03-16,23.5,43291.87,0.0,69,1014.2,28.2,18.6,58,16.1,0.0,38306.31,56.28763,27.240772,9.0,9.599999999999998,0.8848384234730446,24.6,3,5,0.9657399376548549,0.2595117970697999,0.9945218953682733,0.10452846326765346
2024-03-17,24.6,43389.44,0.0,68,1013.5,29.9,19.7,63,18.2,0.0,32568.51,56.28763,27.240772,9.0,10.2,0.7506091343884594,25.3,3,6,0.9700639218515071,0.2428497220959356,0.9998476951563913,0.0174524064372836
2024-03-18,25.3,43487.3,0.0,67,1013.7,29.6,20.8,82,15.8,0.0,33450.36,56.28763,27.240772,9.0,8.8,0.769198363660195,26.1,3,0,0.9741004551724205,0.22611568550828828,0.9945218953682733,-0.10452846326765355
2024-03-19,26.1,43585.39,0.0,61,1013.5,29.5,22.1,94,12.6,0.0,26633.33,56.28763,27.240772,9.0,7.399999999999999,0.6110609541408257,26.9,3,1,0.9778483415056568,0.20931464596304847,0.9396926207859084,-0.3420201433256687
2024-03-20,26.9,43683.64,0.0,62,1012.1,31.1,22.0,18,17.0,0.0,39600.0,56.28763,27.240772,9.0,9.100000000000001,0.9065178634381201,25.4,3,2,0.9813064702716093,0.19245158197082998,0.2923717047227366,-0.9563047559630355
2024-03-21,25.4,43781.98,0.0,69,1011.5,30.9,20.1,3,27.2,0.0,39600.0,56.28763,27.240772,9.0,10.799999999999997,0.9044817068574788,26.5,3,3,0.9844738167520922,0.1755314904214282,1.2246467991473532e-16,-1.0
2024-03-22,26.5,43880.36,0.0,52,1009.3,32.8,19.6,66,23.8,0.0,39312.93,56.28763,27.240772,9.0,13.199999999999996,0.8959117473056283,26.8,3,4,0.9873494423939864,0.15855938510313475,-0.7986355100472928,-0.6018150231520483
2024-03-23,26.8,43978.71,0.0,51,1010.2,31.3,22.3,86,28.0,0.1,26518.33,56.28763,27.240772,9.0,9.0,0.6029810787992645,26.9,3,5,0.989932495087353,0.141540295217043,-0.587785252292473,-0.8090169943749475
2024-03-24,26.9,44076.97,0.0,58,1011.2,30.7,22.1,99,13.0,0.0,17978.57,56.28763,27.240772,9.0,8.599999999999998,0.40789033365950517,28.1,3,6,0.9922222094179323,0.12447926388678915,0.8191520442889917,-0.5735764363510462
2024-03-25,28.1,44175.08,0.0,49,1011.4,32.7,24.4,99,23.3,0.1,10835.34,56.28763,27.240772,9.0,8.300000000000004,0.24528172897479755,25.0,3,0,0.994217906893952,0.10738134666416309,-0.9063077870366502,-0.42261826174069916
2024-03-26,25.0,44272.96,0.0,61,1011.9,30.4,20.0,55,35.2,0.2,38985.43,56.28763,27.240772,9.0,10.399999999999999,0.8805697653827529,23.1,3,1,0.995918996147179,0.09025161003104117,-0.5150380749100542,-0.8571673007021123
2024-03-27,23.1,44370.57,0.0,63,1014.7,28.1,18.7,42,29.5,0.0,38990.45,56.28763,27.240772,9.0,9.400000000000002,0.8787457542240272,23.1,3,2,0.9973249731081555,0.07309512989807777,-0.6156614753256582,-0.788010753606722
2024-03-28,23.1,44467.82,0.0,68,1011.8,28.1,18.2,22,25.8,0.0,39600.0,56.28763,27.240772,9.0,9.900000000000002,0.8905316248918881,23.8,3,3,0.9984354211555643,0.055916990100603484,-0.34202014332566866,-0.9396926207859084
2024-03-29,23.8,44564.66,0.0,64,1010.8,27.3,19.7,15,16.3,0.1,39600.0,56.28763,27.240772,9.0,7.600000000000001,0.8885964798115815,26.9,3,4,0.9992500112396835,0.03872228089217446,0.9612616959383189,-0.27563735581699905
2024-03-30,26.9,44661.01,0.0,32,1014.2,33.3,21.4,45,20.8,0.0,39618.37,56.28763,27.240772,9.0,11.899999999999999,0.8870907756004622,25.7,3,5,0.9997685019798909,0.021516097436222254,0.9135454576426009,0.4067366430758002
2024-03-31,25.7,44756.82,0.0,44,1014.9,31.4,20.5,95,19.5,0.0,21533.79,56.28763,27.240772,9.0,10.899999999999999,0.4811286860862769,24.0,3,6,0.9999907397361901,0.004303538296244289,-0.6156614753256582,-0.788010753606722
2024-04-01,24.0,44852.01,0.0,72,1012.4,29.1,20.1,51,24.8,0.0,32182.93,56.28763,27.240772,9.0,9.0,0.7175359588121023,24.3,4,0,0.9999166586547379,-0.01291029607500882,-0.5299192642332048,-0.8480480961564261
2024-04-02,24.3,44946.64,0.0,74,1010.5,28.2,20.2,79,17.9,0.0,38538.15,56.28763,27.240772,9.0,8.0,0.8574200429665043,25.6,4,1,0.9995462806873573,-0.030120304846908114,0.0871557427476582,-0.9961946980917455
2024-04-03,25.6,45041.38,0.0,65,1010.0,31.1,20.7,54,20.2,0.0,39600.0,56.28763,27.240772,9.0,10.400000000000002,0.8791915345400164,25.2,4,2,0.9988797155850336,-0.04732138832243185,-0.5000000000000001,-0.8660254037844386
2024-04-04,25.2,45136.27,0.0,65,1011.2,29.7,20.7,40,21.1,0.0,34010.38,56.28763,27.240772,9.0,9.0,0.7535044433224101,25.7,4,3,0.9979171608653922,-0.06450844944931623,0.15643446504023098,-0.9876883405951377
2024-04-05,25.7,45231.25,0.0,65,1011.6,31.4,20.2,5,20.2,0.0,40039.14,56.28763,27.240772,9.0,11.2,0.885209672516236,26.0,4,4,0.9966589017541702,-0.08167639533042241,-0.374606593415912,-0.9271838545667874
2024-04-06,26.0,45326.29,0.0,69,1010.4,33.3,20.6,4,21.2,0.0,40030.27,56.28763,27.240772,9.0,12.699999999999996,0.8831578759258699,27.1,4,5,0.9951053111006976,-0.09882013873287143,-0.45399049973954664,-0.8910065241883679
2024-04-07,27.1,45421.29,0.0,55,1009.4,33.9,20.6,39,15.3,0.0,40152.38,56.28763,27.240772,9.0,13.299999999999997,0.8839991114299043,28.1,4,6,0.9932568492674143,-0.11593459959550041,0.10452846326765373,-0.9945218953682733
2024-04-08,28.1,45516.21,0.0,46,1009.2,33.4,22.1,87,24.9,0.0,37632.48,56.28763,27.240772,9.0,11.299999999999997,0.826792916194033,27.4,4,0,0.9911140639934547,-0.1330147065341959,-0.12186934340514731,-0.9925461516413221
2024-04-09,27.4,45610.98,0.0,56,1009.9,30.7,23.8,100,12.4,0.0,8540.55,56.28763,27.240772,9.0,6.899999999999999,0.18724767588856892,28.4,4,1,0.9886775902323405,-0.1500553983446526,0.9743700647852352,-0.22495105434386503
2024-04-10,28.4,45705.53,0.0,59,1008.1,34.4,23.8,74,20.0,0.0,37717.41,56.28763,27.240772,9.0,10.599999999999998,0.8252264003940005,30.1,4,2,0.9859481499638304,-0.16705162550211924,0.45399049973954686,-0.8910065241883678
2024-04-11,30.1,45799.8,0.0,49,1006.7,36.0,24.1,34,27.4,0.0,40532.45,56.28763,27.240772,9.0,11.899999999999999,0.8849918558596325,28.2,4,3,0.9829265519799822,-0.18399835165768005,-0.7071067811865475,-0.7071067811865477
2024-04-12,28.2,45893.72,0.0,52,1005.0,33.4,22.7,73,31.5,0.0,37584.22,56.28763,27.240772,9.0,10.7,0.818940369183409,26.7,4,4,0.9796136916454901,-0.20089055513063506,-0.32556815445715676,-0.9455185755993167
2024-04-13,26.7,45987.22,0.0,55,1004.5,32.9,22.2,47,33.2,0.0,39600.0,56.28763,27.240772,9.0,10.7,0.8611088037067689,25.8,4,5,0.9760105506323683,-0.21772323039653177,0.3255681544571566,-0.9455185755993168
2024-04-14,25.8,46080.25,0.0,61,1007.0,31.0,21.3,1,34.2,0.0,40945.52,56.28763,27.240772,9.0,9.7,0.8885698319779081,27.1,4,6,0.9721181966290613,-0.23449138957040985,-0.0348994967025009,-0.9993908270190958
2024-04-15,27.1,46172.71,0.0,57,1010.7,33.4,21.1,43,25.3,4.0,40943.74,56.28763,27.240772,9.0,12.299999999999997,0.8867519363710729,22.0,4,0,0.9679377830240642,-0.25119006388481935,0.9993908270190958,0.03489949670250108
2024-04-16,22.0,46264.56,0.0,81,1008.3,23.5,20.2,84,25.4,56.7,0.0,56.28763,27.240772,9.0,3.3000000000000007,0.0,22.0,4,1,0.9634705485641488,-0.2678143051621742,0.6018150231520483,0.7986355100472928
2024-04-17,22.0,46355.71,0.0,78,1007.3,25.5,18.7,32,22.7,5.5,38128.21,56.28763,27.240772,9.0,6.800000000000001,0.8225137744627361,22.6,4,2,0.9587178169872964,-0.2843591872810034,-0.8290375725550418,-0.5591929034707466
2024-04-18,22.6,46446.09,0.0,83,1009.0,27.0,18.7,34,20.7,0.5,40638.41,56.28763,27.240772,9.0,8.3,0.8749586886646434,24.0,4,3,0.9536809966304457,-0.30081980763566735,0.766044443118978,0.6427876096865394
2024-04-19,24.0,46535.63,0.0,80,1008.3,27.0,20.5,6,14.2,0.0,41382.77,56.28763,27.240772,9.0,6.5,0.8892706513267361,25.0,4,4,0.9483615800121715,-0.3171912885891061,0.7193398003386511,-0.6946583704589974
2024-04-20,25.0,46624.25,0.0,74,1008.4,28.1,21.2,20,14.1,0.6,36507.4,56.28763,27.240772,9.0,6.900000000000002,0.783013131578524,25.8,4,5,0.9427611433904207,-0.3334687789181868,0.39073112848927377,0.9205048534524404
2024-04-21,25.8,46711.87,0.0,67,1008.9,30.0,21.1,21,11.9,0.0,41230.35,56.28763,27.240772,9.0,8.899999999999999,0.8826525249363811,26.3,4,6,0.9368813462954315,-0.3496474552512284,0.4694715627858907,-0.882947592858927
2024-04-22,26.3,46798.54,0.0,66,1009.5,30.8,21.4,17,12.9,0.0,41228.76,56.28763,27.240772,9.0,9.400000000000002,0.8809838939419905,27.6,4,0,0.9307239310379795,-0.36572252349726897,0.9510565162951536,-0.30901699437494734
2024-04-23,27.6,46884.9,0.0,54,1006.4,32.6,22.6,13,16.9,0.0,41072.08,56.28763,27.240772,9.0,10.0,0.8760193580449143,26.4,4,1,0.9242907221930933,-0.3816892202666588,0.9612616959383189,0.27563735581699916
2024-04-24,26.4,46971.0,0.0,64,1004.6,29.9,21.5,27,16.8,0.0,42160.62,56.28763,27.240772,9.0,8.399999999999999,0.8975882991633136,25.7,4,2,0.9175836260593937,-0.39754281428255595,-0.4067366430758002,-0.9135454576426009
2024-04-25,25.7,47056.76,0.0,57,1006.7,30.3,20.7,23,23.2,5.1,33394.34,56.28763,27.240772,9.0,9.600000000000001,0.709660843627993,28.6,4,3,0.9106046300942162,-0.4132786077829042,0.29237170472273677,0.9563047559630354
2024-04-26,28.6,47142.13,0.0,41,1006.9,33.5,21.7,3,20.8,0.0,42327.04,56.28763,27.240772,9.0,11.8,0.8978601518429482,29.8,4,4,0.9033558023246845,-0.4288919379124835,0.6293203910498374,0.7771459614569709
2024-04-27,29.8,47227.04,0.0,38,1008.2,35.0,24.2,51,23.7,0.0,42490.95,56.28763,27.240772,9.0,10.8,0.8997165606821854,30.8,4,5,0.895839290734909,-0.4443781781046132,0.9902680687415704,0.13917310096006547
2024-04-28,30.8,47311.41,0.0,33,1010.3,36.6,24.2,36,25.5,0.0,42656.62,56.28763,27.240772,9.0,12.400000000000002,0.9016137967564273,31.4,4,6,0.8880573226294932,-0.45973273945210397,0.9510565162951535,0.30901699437494745
2024-04-29,31.4,47395.18,0.0,24,1011.1,36.9,25.8,15,24.4,0.0,41373.06,56.28763,27.240772,9.0,11.099999999999998,0.8729381342153357,31.4,4,0,0.8800122039735357,-0.47495107206704995,0.981627183447664,-0.1908089953765448
2024-04-30,31.4,47478.27,0.0,34,1009.7,36.4,25.3,18,17.3,0.0,41522.02,56.28763,27.240772,9.0,11.099999999999998,0.8745478721107572,31.7,4,1,0.8717063187093218,-0.4900286664290592,0.6691306063588583,-0.7431448254773941
2024-05-01,31.7,47560.62,0.0,50,1006.7,36.9,26.4,52,29.7,0.0,39327.84,56.28763,27.240772,9.0,10.5,0.8268992288157723,23.8,5,2,0.8631421280499114,-0.5049610547215204,0.5446390350150273,-0.8386705679454239
2024-05-02,23.8,47642.15,0.0,79,1007.4,27.6,21.7,72,19.5,19.3,0.0,56.28763,27.240772,9.0,5.900000000000002,0.0,25.0,5,3,0.854322169749827,-0.5197438121555155,-0.7771459614569708,0.6293203910498375
2024-05-03,25.0,47722.79,0.0,77,1006.9,29.2,21.1,6,29.2,0.0,42788.27,56.28763,27.240772,9.0,8.099999999999998,0.8966003454533986,26.8,5,4,0.8452490573530633,-0.5343725582809786,-0.9063077870366502,-0.42261826174069916
2024-05-04,26.8,47802.45,0.0,73,1008.3,31.2,21.4,24,18.9,0.0,41655.59,56.28763,27.240772,9.0,9.8,0.8714111933593361,28.0,5,5,0.8359254794186372,-0.548842958284719,-0.7986355100472928,-0.6018150231520483
2024-05-05,28.0,47881.06,0.0,69,1007.4,33.4,23.0,1,21.9,0.0,42511.09,56.28763,27.240772,9.0,10.399999999999999,0.8878477209986579,29.2,5,6,0.8263541987239096,-0.5631507242749186,-0.6018150231520484,-0.7986355100472928
2024-05-06,29.2,47958.54,0.0,61,1007.2,34.3,22.6,0,16.9,0.0,43200.0,56.28763,27.240772,9.0,11.699999999999996,0.9007780470381291,31.4,5,0,0.8165380514459161,-0.5772916165517272,0.7431448254773942,-0.6691306063588582
2024-05-07,31.4,48034.81,0.0,50,1006.4,37.7,23.8,3,32.8,0.0,43200.0,56.28763,27.240772,9.0,13.900000000000002,0.8993477854913968,34.2,5,1,0.8064799463209448,-0.5912614448635781,-0.7431448254773944,-0.6691306063588581
2024-05-08,34.2,48109.79,0.0,33,1005.0,41.3,25.7,8,33.4,0.0,43200.0,56.28763,27.240772,9.0,15.599999999999998,0.897946135287641,33.2,5,2,0.7961828637826158,-0.6050560696488488,-0.7880107536067221,-0.6156614753256581
2024-05-09,33.2,48183.39,0.0,34,1003.7,42.6,25.1,0,33.5,0.0,43200.0,56.28763,27.240772,9.0,17.5,0.8965745249555915,30.5,5,3,0.7856498550787147,-0.6186714032625031,-0.882947592858927,-0.46947156278589075
2024-05-10,30.5,48255.54,0.0,53,1006.4,36.4,24.9,0,24.9,0.0,43200.0,56.28763,27.240772,9.0,11.5,0.8952339980031309,34.0,5,4,0.7748840413670407,-0.6321034111873487,0.3090169943749475,-0.9510565162951535
2024-05-11,34.0,48326.14,0.0,30,1007.4,42.1,24.8,29,18.9,0.0,43200.0,56.28763,27.240772,9.0,17.3,0.8939261443185821,33.9,5,5,0.7638886127905428,-0.6453481132295501,0.9396926207859083,0.3420201433256688
2024-05-12,33.9,48395.22,0.0,28,1007.5,39.7,27.5,23,20.1,0.0,41466.66,56.28763,27.240772,9.0,12.200000000000003,0.8568337947425386,31.9,5,6,0.7526668275320085,-0.6584015846980488,0.9612616959383189,-0.27563735581699905
2024-05-13,31.9,48463.32,0.0,43,1006.5,37.8,26.5,0,18.9,0.0,43224.91,56.28763,27.240772,9.0,11.299999999999997,0.8919097989985004,33.6,5,0,0.7412220108485958,-0.6712599575675313,0.5735764363510459,-0.8191520442889919
2024-05-14,33.6,48530.5,0.0,35,1006.9,39.9,26.1,4,25.9,0.0,43200.0,56.28763,27.240772,9.0,13.799999999999997,0.8901618569765405,33.4,5,1,0.7295575540864875,-0.6839194216246106,-0.4067366430758002,-0.9135454576426009
2024-05-15,33.4,48596.7,0.0,42,1007.9,39.0,28.3,2,23.7,0.0,43200.0,56.28763,27.240772,9.0,10.7,0.8889492496404078,32.9,5,2,0.717676913675962,-0.6963762255968722,0.6156614753256584,-0.7880107536067219
2024-05-16,32.9,48661.83,0.0,47,1008.2,37.6,27.7,5,17.2,0.0,43200.0,56.28763,27.240772,9.0,9.900000000000002,0.8877594615738865,33.3,5,3,0.705583610107178,-0.7086266782644596,0.838670567945424,-0.5446390350150271
2024-05-17,33.3,48725.86,0.0,48,1006.8,38.5,27.4,8,17.4,0.0,43200.0,56.28763,27.240772,9.0,11.100000000000001,0.8865928687559337,33.4,5,4,0.6932812268869777,-0.7206671495538609,0.48480962024633717,-0.8746197071393957
2024-05-18,33.4,48788.7,0.0,48,1004.3,39.6,28.2,6,26.1,0.0,43200.0,56.28763,27.240772,9.0,11.400000000000002,0.8854509343352047,31.8,5,5,0.6807734094770161,-0.7324940716135789,0.03489949670250114,-0.9993908270190958
2024-05-19,31.8,48850.3,0.0,57,1002.9,37.8,25.5,1,27.2,0.0,43440.26,56.28763,27.240772,9.0,12.299999999999997,0.8892526760326958,31.2,5,6,0.6680638642135335,-0.7441039398713607,-0.5150380749100542,-0.8571673007021123
2024-05-20,31.2,48910.58,0.0,56,1004.4,37.6,25.1,5,19.7,0.0,43435.69,56.28763,27.240772,9.0,12.5,0.8880632779247353,31.7,5,0,0.6551563572090853,-0.7554933140726803,-0.5150380749100542,-0.8571673007021123
2024-05-21,31.7,48969.48,0.0,50,1004.2,37.1,25.3,15,18.4,0.0,43431.03,56.28763,27.240772,9.0,11.8,0.8868999629973607,32.0,5,1,0.6420547132365637,-0.766658819300159,-0.34202014332566866,-0.9396926207859084
2024-05-22,32.0,49026.94,0.0,55,1002.5,38.1,26.0,7,23.7,0.0,43295.92,56.28763,27.240772,9.0,12.100000000000001,0.8831046767348726,33.0,5,2,0.6287628145958344,-0.7775971469736269,-0.12186934340514731,-0.9925461516413221
2024-05-23,33.0,49082.88,0.0,49,1000.5,39.3,27.0,0,30.3,0.0,43421.45,56.28763,27.240772,9.0,12.299999999999997,0.8846557088744589,33.8,5,3,0.6152845999633276,-0.7883050558305255,0.4694715627858907,-0.882947592858927
2024-05-24,33.8,49137.22,0.0,45,999.9,39.3,28.1,0,23.7,0.0,43549.02,56.28763,27.240772,9.0,11.199999999999996,0.8862735824289611,35.2,5,4,0.6016240632249226,-0.7987793728863649,0.9975640502598242,0.06975647374412523
2024-05-25,35.2,49189.92,0.0,41,1000.3,43.3,27.7,0,17.4,0.0,43545.1,56.28763,27.240772,9.0,15.599999999999998,0.8852443752703806,35.1,5,5,0.5877852522924732,-0.8090169943749473,-0.34202014332566866,-0.9396926207859084
2024-05-26,35.1,49240.89,0.0,46,1001.6,43.2,28.8,0,15.5,0.0,43406.65,56.28763,27.240772,9.0,14.400000000000002,0.8815163576450386,34.7,5,6,0.5737722679043246,-0.8190148866680801,0.39073112848927377,-0.9205048534524404
2024-05-27,34.7,49290.05,0.0,48,1001.2,41.3,28.0,1,18.8,0.0,43537.1,56.28763,27.240772,9.0,13.299999999999997,0.8832837459081497,35.3,5,0,0.5595892624101765,-0.8287700871745038,0.40673664307580043,-0.9135454576426008
2024-05-28,35.3,49337.36,0.0,41,1000.3,42.2,28.4,0,22.3,0.0,43533.04,56.28763,27.240772,9.0,13.800000000000004,0.8823544672840217,34.9,5,1,0.545240438540651,-0.8382797052177744,0.03489949670250114,-0.9993908270190958
2024-05-29,34.9,49382.71,0.0,41,999.7,41.6,28.1,1,20.2,0.0,43528.97,56.28763,27.240772,9.0,13.5,0.8814617504790645,37.1,5,2,0.5307300481619334,-0.8475409228928311,0.5150380749100544,-0.8571673007021122
2024-05-30,37.1,49426.07,0.0,29,1001.2,44.0,28.8,0,19.2,0.0,43663.06,56.28763,27.240772,9.0,15.2,0.8834014114413709,38.3,5,3,0.5160623910158528,-0.8565509959010036,-0.275637355816999,-0.9612616959383189
2024-05-31,38.3,49467.33,0.0,27,1001.9,46.2,29.6,0,24.0,0.0,43659.86,56.28763,27.240772,9.0,16.6,0.8825998896645523,37.5,5,4,0.5012418134457758,-0.865307254363206,-0.0348994967025009,-0.9993908270190958
2024-06-01,37.5,49506.51,0.0,34,1001.2,44.6,31.9,0,24.5,0.0,43656.62,56.28763,27.240772,9.0,12.700000000000003,0.8818359444040794,36.3,6,5,0.48627270710868997,-0.8738071036110808,-0.1045284632676535,-0.9945218953682733
2024-06-02,36.3,49543.93,0.0,37,1000.4,42.4,30.5,0,15.7,0.0,43653.3,56.28763,27.240772,9.0,11.899999999999999,0.881102891918344,34.1,6,6,0.4711595076738638,-0.8820480249558537,0.8191520442889917,-0.5735764363510462
2024-06-03,34.1,49579.62,0.0,51,1001.6,38.8,29.6,0,13.8,0.0,43649.88,56.28763,27.240772,9.0,9.199999999999996,0.8803996480812074,33.9,6,0,0.4559066935084588,-0.8900275764346767,0.9563047559630355,-0.29237170472273666
2024-06-04,33.9,49613.57,0.0,61,1001.7,38.6,29.3,1,18.9,0.0,43646.38,56.28763,27.240772,9.0,9.3,0.8797266554291496,33.1,6,1,0.440518784350495,-0.8977433935342337,0.05233595624294381,-0.9986295347545738
2024-06-05,33.1,49645.73,0.0,59,1001.7,38.4,27.7,1,19.1,0.0,43785.77,56.28763,27.240772,9.0,10.7,0.8819644710632716,34.1,6,2,0.42500033996955416,-0.9051931898913974,-0.3090169943749473,-0.9510565162951536
2024-06-06,34.1,49676.08,0.0,46,1003.0,40.5,27.3,0,21.1,0.0,43639.19,56.28763,27.240772,9.0,13.2,0.8784749118690525,34.8,6,3,0.4093559588156213,-0.9123747579707273,-0.12186934340514731,-0.9925461516413221
2024-06-07,34.8,49704.58,0.0,43,1002.1,40.8,28.9,3,17.7,0.0,43635.53,56.28763,27.240772,9.0,11.899999999999999,0.8778975700026034,34.3,6,4,0.39359027665646673,-0.9192859697186104,0.8191520442889917,-0.5735764363510462
2024-06-08,34.3,49731.21,0.0,49,1002.0,38.7,29.8,10,20.5,1.1,43486.73,56.28763,27.240772,9.0,8.900000000000002,0.8744353897683166,35.3,6,5,0.3777079652039649,-0.9259247771938498,0.788010753606722,-0.6156614753256583
2024-06-09,35.3,49755.94,0.0,48,1002.4,39.8,30.9,8,18.3,0.0,43444.58,56.28763,27.240772,9.0,8.899999999999999,0.8731536375355384,35.2,6,6,0.36171373072976765,-0.9322892131745133,0.13917310096006533,-0.9902680687415704
2024-06-10,35.2,49778.73,0.0,52,1002.7,40.6,29.6,7,22.3,0.0,43445.07,56.28763,27.240772,9.0,11.0,0.8727637286045666,35.1,6,0,0.3456123126707335,-0.9383773917408641,-0.32556815445715676,-0.9455185755993167
2024-06-11,35.1,49799.56,0.0,51,1001.9,41.6,29.9,9,23.4,0.0,43594.04,56.28763,27.240772,9.0,11.700000000000003,0.8753900636873098,35.1,6,1,0.3294084822245304,-0.9441875088341993,-0.1045284632676535,-0.9945218953682733
2024-06-12,35.1,49818.4,0.0,54,1000.7,41.2,29.9,6,21.9,0.0,43469.78,56.28763,27.240772,9.0,11.300000000000004,0.8725647551908531,34.1,6,2,0.3131070409358269,-0.9497178427914316,-0.39073112848927355,-0.9205048534524404
2024-06-13,34.1,49835.22,0.0,60,999.1,39.6,29.8,6,20.5,0.0,43474.69,56.28763,27.240772,9.0,9.8,0.8723687785465781,34.8,6,3,0.29671281927349075,-0.9549667548552551,0.37460659341591224,-0.9271838545667873
2024-06-14,34.8,49850.01,0.0,50,997.7,40.1,29.4,0,18.6,0.0,43759.01,56.28763,27.240772,9.0,10.700000000000003,0.8778134648318024,34.3,6,4,0.28023067519921585,-0.9599326896597447,-0.5000000000000001,-0.8660254037844386
2024-06-15,34.3,49862.72,0.0,56,998.8,39.2,29.3,6,16.5,0.0,43488.09,56.28763,27.240772,9.0,9.900000000000002,0.8721563925914991,34.7,6,5,0.26366549272800704,-0.9646141756912435,0.05233595624294381,-0.9986295347545738
2024-06-16,34.7,49873.34,0.0,57,1000.3,38.8,29.9,4,17.9,0.0,43217.66,56.28763,27.240772,9.0,8.899999999999999,0.8665483402555354,37.6,6,6,0.24702218048093552,-0.9690098257244062,0.7431448254773942,-0.6691306063588582
2024-06-17,37.6,49881.84,0.0,44,999.9,43.3,30.1,20,19.7,0.0,43397.36,56.28763,27.240772,9.0,13.199999999999996,0.8700031915422527,38.6,6,0,0.23030567023061221,-0.9731183372332619,0.03489949670250114,-0.9993908270190958
2024-06-18,38.6,49888.18,0.0,41,999.0,44.5,33.5,57,23.3,0.0,36880.34,56.28763,27.240772,9.0,11.0,0.7392600812456978,38.9,6,1,0.21352091543979612,-0.9769384927771817,-0.2419218955996675,-0.9702957262759965
2024-06-19,38.9,49892.38,0.0,41,997.1,44.5,33.2,18,21.8,0.0,43288.8,56.28763,27.240772,9.0,11.299999999999997,0.8676435159036311,39.9,6,2,0.19667288979357647,-0.980469160361632,0.24192189559966773,-0.9702957262759965
2024-06-20,39.9,49894.36,0.0,26,996.0,46.6,31.3,6,21.3,0.0,43431.01,56.28763,27.240772,9.0,15.3,0.8704593064226097,40.4,6,3,0.1797665857255624,-0.9837092937736097,-0.3090169943749473,-0.9510565162951536
2024-06-21,40.4,49894.15,0.0,18,995.5,46.5,33.8,13,22.0,0.0,42596.93,56.28763,27.240772,9.0,12.700000000000003,0.8537459802401685,39.6,6,4,0.16280701293851715,-0.986657932891657,0.4694715627858907,-0.882947592858927
2024-06-22,39.6,49891.7,0.0,23,996.2,46.6,34.1,8,23.8,0.0,43195.8,56.28763,27.240772,9.0,12.5,0.865791303964387,36.3,6,5,0.1457991969198751,-0.9893142039703663,0.9876883405951378,-0.1564344650402308
2024-06-23,36.3,49887.03,0.0,47,998.2,41.4,32.3,13,21.1,0.0,42420.62,56.28763,27.240772,9.0,9.100000000000001,0.8503336438348806,37.5,6,6,0.12874817745258132,-0.99167731989929,0.7986355100472927,-0.6018150231520484
2024-06-24,37.5,49880.17,0.0,47,996.8,42.5,31.7,19,17.3,0.0,42394.28,56.28763,27.240772,9.0,10.8,0.8499225243217896,37.1,6,0,0.11165900712169512,-0.993746580436178,0.3255681544571566,-0.9455185755993168
2024-06-25,37.1,49871.16,0.0,55,994.1,42.0,32.0,24,19.8,0.0,42277.18,56.28763,27.240772,9.0,10.0,0.847728025576305,36.3,6,1,0.09453674981719912,-0.9955213724144752,0.0871557427476582,-0.9961946980917455
2024-06-26,36.3,49860.02,0.0,57,993.0,42.9,31.0,6,19.7,0.0,42618.0,56.28763,27.240772,9.0,11.899999999999999,0.8547529664047467,35.5,6,2,0.07738647923346301,-0.9970011699250151,0.03489949670250114,-0.9993908270190958
2024-06-27,35.5,49846.78,0.0,56,995.1,40.5,30.6,2,19.6,0.0,42884.75,56.28763,27.240772,9.0,9.899999999999999,0.8603313995407527,34.8,6,3,0.06021327736579302,-0.9981855344718586,-0.19080899537654472,-0.981627183447664
2024-06-28,34.8,49831.47,0.0,64,994.9,39.3,30.8,66,19.1,0.0,42366.97,56.28763,27.240772,9.0,8.499999999999996,0.8502051013144907,35.0,6,4,0.04302223300453059,-0.99907411510223,0.3583679495453002,-0.9335804264972017
2024-06-29,35.0,49814.12,0.0,63,994.8,39.4,30.3,63,20.0,0.0,42521.4,56.28763,27.240772,9.0,9.099999999999998,0.8536013483727104,35.6,6,5,0.02581844022713308,-0.9996666485105112,0.01745240643728344,-0.9998476951563913
2024-06-30,35.6,49794.77,0.0,56,995.3,42.2,30.6,15,25.4,0.0,42542.37,56.28763,27.240772,9.0,11.600000000000001,0.8543541821761603,35.4,6,6,0.008606996888688698,-0.9999629591162655,-0.45399049973954664,-0.8910065241883679
2024-07-01,35.4,49773.43,0.0,59,993.0,41.3,30.5,49,28.4,0.0,42427.7,56.28763,27.240772,9.0,10.799999999999997,0.8524166407659668,36.6,7,0,-0.008606996888688009,-0.9999629591162655,-0.6156614753256582,-0.788010753606722
2024-07-02,36.6,49750.16,0.0,49,991.4,42.8,31.0,15,24.7,0.0,40371.87,56.28763,27.240772,9.0,11.799999999999997,0.8114922645474909,37.0,7,1,-0.02581844022713239,-0.9996666485105112,-0.587785252292473,-0.8090169943749475
2024-07-03,37.0,49724.98,0.0,48,991.8,43.8,31.1,4,24.0,0.0,41643.45,56.28763,27.240772,9.0,12.699999999999996,0.8374754499649874,35.6,7,2,-0.04302223300453034,-0.99907411510223,-0.5000000000000001,-0.8660254037844386
2024-07-04,35.6,49697.93,0.0,62,994.3,41.7,30.3,12,22.1,0.0,42066.68,56.28763,27.240772,9.0,11.400000000000002,0.8464473268806165,35.7,7,3,-0.060213277365792774,-0.9981855344718586,-0.6018150231520484,-0.7986355100472928
2024-07-05,35.7,49669.04,0.0,58,993.9,40.6,31.2,34,23.6,0.0,42090.29,56.28763,27.240772,9.0,9.400000000000002,0.8474150094304218,36.0,7,4,-0.07738647923346322,-0.9970011699250151,-0.6427876096865393,-0.766044443118978
2024-07-06,36.0,49638.34,0.0,58,993.0,40.8,30.6,39,22.8,0.0,41962.33,56.28763,27.240772,9.0,10.199999999999996,0.8453612671173131,38.3,7,5,-0.09453674981719933,-0.9955213724144752,-0.587785252292473,-0.8090169943749475
2024-07-07,38.3,49605.87,0.0,43,993.4,44.5,32.5,41,22.7,0.0,39970.48,56.28763,27.240772,9.0,12.0,0.8057610923868486,37.4,7,6,-0.11165900712169444,-0.9937465804361781,-0.4067366430758002,-0.9135454576426009
2024-07-08,37.4,49571.66,0.0,50,995.8,44.1,33.1,21,22.7,0.0,42023.41,56.28763,27.240772,9.0,11.0,0.8477305379727046,34.9,7,0,-0.12874817745258066,-0.99167731989929,0.6691306063588583,-0.7431448254773941
2024-07-09,34.9,49535.75,0.0,57,999.3,37.6,32.5,30,13.3,0.0,41610.25,56.28763,27.240772,9.0,5.100000000000001,0.8400044412368844,34.6,7,1,-0.14579919691987442,-0.9893142039703664,0.9743700647852352,-0.22495105434386503
2024-07-10,34.6,49498.18,0.0,62,1000.6,37.1,32.2,32,17.1,0.0,40767.85,56.28763,27.240772,9.0,4.899999999999999,0.8236232120049666,35.1,7,2,-0.16280701293851646,-0.9866579328916572,0.8191520442889917,-0.5735764363510462
2024-07-11,35.1,49458.91,0.0,67,998.4,38.6,32.5,43,18.6,0.2,40491.01,56.28763,27.240772,9.0,6.100000000000001,0.8186797889399503,35.8,7,3,-0.17976658572556214,-0.9837092937736098,0.40673664307580043,-0.9135454576426008
2024-07-12,35.8,49417.57,0.0,58,994.7,41.1,31.5,82,23.3,0.0,41394.0,56.28763,27.240772,9.0,9.600000000000001,0.8376373018746167,35.8,7,4,-0.19667288979357622,-0.9804691603616321,-0.06975647374412527,-0.9975640502598242
2024-07-13,35.8,49374.18,0.0,56,993.9,40.5,31.3,47,17.8,0.0,41124.63,56.28763,27.240772,9.0,9.2,0.8329177314944775,36.0,7,5,-0.2135209154397959,-0.9769384927771817,-0.19080899537654472,-0.981627183447664
2024-07-14,36.0,49328.79,0.0,59,994.0,41.2,31.7,1,19.5,0.0,41297.8,56.28763,27.240772,9.0,9.500000000000004,0.8371946686711756,35.5,7,6,-0.23030567023061196,-0.973118337233262,0.20791169081775931,-0.9781476007338057
2024-07-15,35.5,49281.49,0.0,62,995.4,40.1,31.5,4,18.0,0.0,41175.22,56.28763,27.240772,9.0,8.600000000000001,0.8355108581335509,35.2,7,0,-0.24702218048093527,-0.9690098257244063,0.5591929034707469,-0.8290375725550416
2024-07-16,35.2,49232.34,0.0,61,997.2,38.7,31.8,30,14.0,0.0,40513.76,56.28763,27.240772,9.0,6.900000000000002,0.8229094940439557,36.0,7,1,-0.2636654927280072,-0.9646141756912435,0.8480480961564261,-0.5299192642332048
2024-07-17,36.0,49181.43,0.0,62,996.1,38.4,32.5,42,17.9,0.0,40534.79,56.28763,27.240772,9.0,5.899999999999999,0.8241889265928217,36.4,7,2,-0.2802306751992161,-0.9599326896597445,0.3420201433256689,-0.9396926207859083
2024-07-18,36.4,49128.83,0.0,60,995.2,40.7,33.0,45,18.7,0.0,40344.7,56.28763,27.240772,9.0,7.700000000000003,0.8212021332484408,36.5,7,3,-0.2967128192734901,-0.9549667548552553,-0.2419218955996675,-0.9702957262759965
2024-07-19,36.5,49074.59,0.0,57,993.0,39.8,32.7,5,15.8,0.0,41140.68,56.28763,27.240772,9.0,7.099999999999994,0.8383295713728837,35.8,7,4,-0.3131070409358267,-0.9497178427914317,0.2923717047227366,-0.9563047559630355
2024-07-20,35.8,49018.81,0.0,61,994.6,39.9,32.5,6,15.5,0.0,40860.65,56.28763,27.240772,9.0,7.399999999999999,0.8335708271987835,35.4,7,5,-0.3294084822245302,-0.9441875088341994,0.7431448254773942,-0.6691306063588582
2024-07-21,35.4,48961.54,0.0,60,995.3,39.0,32.1,25,16.0,0.0,40890.27,56.28763,27.240772,9.0,6.899999999999999,0.8351508142921974,35.3,7,6,-0.3456123126707333,-0.9383773917408642,0.8571673007021123,-0.5150380749100543
2024-07-22,35.3,48902.86,0.0,64,995.7,39.3,31.7,12,17.2,0.0,40762.44,56.28763,27.240772,9.0,7.599999999999998,0.8335389791108332,35.4,7,0,-0.3617137307297674,-0.9322892131745134,0.7547095802227721,-0.6560590289905072
2024-07-23,35.4,48842.84,0.0,68,994.8,39.1,32.2,35,20.5,0.0,40792.36,56.28763,27.240772,9.0,6.899999999999999,0.8351758415358321,35.6,7,1,-0.37770796520396466,-0.9259247771938499,0.03489949670250114,-0.9993908270190958
2024-07-24,35.6,48781.55,0.0,66,991.8,40.4,32.3,36,21.9,0.0,40823.04,56.28763,27.240772,9.0,8.100000000000001,0.8368540975020269,35.5,7,2,-0.39359027665646645,-0.9192859697186105,-0.5000000000000001,-0.8660254037844386
2024-07-25,35.5,48719.04,0.0,66,991.3,40.4,31.0,11,21.9,0.0,41016.95,56.28763,27.240772,9.0,9.399999999999999,0.8419080096816357,36.0,7,3,-0.4093559588156211,-0.9123747579707274,-0.46947156278589086,-0.8829475928589269
2024-07-26,36.0,48655.4,0.0,63,992.8,40.9,31.5,24,23.6,0.0,40915.34,56.28763,27.240772,9.0,9.399999999999999,0.8409208433185216,36.3,7,4,-0.42500033996955394,-0.9051931898913975,-0.374606593415912,-0.9271838545667874
2024-07-27,36.3,48590.68,0.0,61,994.0,42.1,32.5,70,29.7,0.0,39553.16,56.28763,27.240772,9.0,9.600000000000001,0.8140071305855362,36.1,7,5,-0.4405187843504952,-0.8977433935342336,-0.1045284632676535,-0.9945218953682733
2024-07-28,36.1,48524.96,0.0,63,992.3,40.8,32.7,55,20.9,0.0,40765.71,56.28763,27.240772,9.0,8.099999999999994,0.8400977558765633,35.8,7,6,-0.455906693508459,-0.8900275764346766,-0.19080899537654472,-0.981627183447664
2024-07-29,35.8,48458.3,0.0,62,992.8,39.8,32.7,38,19.1,0.0,40783.12,56.28763,27.240772,9.0,7.099999999999994,0.8416126855461293,34.8,7,0,-0.47115950767386394,-0.8820480249558535,-0.4067366430758002,-0.9135454576426009
2024-07-30,34.8,48390.75,0.0,61,996.3,37.7,32.3,28,14.8,0.0,40792.95,56.28763,27.240772,9.0,5.400000000000006,0.8429906542056074,34.7,7,1,-0.4862727071086902,-0.8738071036110807,0.8290375725550417,-0.5591929034707467
2024-07-31,34.7,48322.29,0.0,67,997.1,37.0,32.0,50,18.3,0.0,40611.05,56.28763,27.240772,9.0,5.0,0.8404206423164134,35.2,7,2,-0.5012418134457756,-0.8653072543632061,0.6156614753256584,-0.7880107536067219
2024-08-01,35.2,48252.35,0.0,67,995.5,37.8,32.2,40,19.9,0.2,37393.98,56.28763,27.240772,9.0,5.599999999999994,0.7749670223315549,36.2,8,3,-0.5160623910158526,-0.8565509959010037,0.49999999999999994,-0.8660254037844387
2024-08-02,36.2,48180.9,0.0,64,992.9,41.0,32.6,67,20.4,0.0,36419.87,56.28763,27.240772,9.0,8.399999999999999,0.7558984991978149,35.0,8,4,-0.5307300481619331,-0.8475409228928312,0.01745240643728344,-0.9998476951563913
2024-08-03,35.0,48108.04,0.0,67,994.6,37.4,32.7,69,16.9,0.2,37528.65,56.28763,27.240772,9.0,4.699999999999996,0.78009102012886,34.3,8,5,-0.5452404385406507,-0.8382797052177745,0.4694715627858907,-0.882947592858927
2024-08-04,34.3,48033.84,0.0,76,994.9,36.8,32.3,65,19.1,0.9,36328.0,56.28763,27.240772,9.0,4.5,0.7563001417334113,33.6,8,6,-0.5595892624101763,-0.828770087174504,0.2249510543438652,-0.9743700647852351
2024-08-05,33.6,47958.39,0.0,67,997.8,35.9,31.5,82,17.2,0.3,29615.85,56.28763,27.240772,9.0,4.399999999999999,0.6175321982243357,33.5,8,0,-0.5737722679043243,-0.8190148866680802,0.5735764363510459,-0.8191520442889919
2024-08-06,33.5,47881.76,0.0,72,997.8,36.4,31.6,92,21.5,3.1,24217.74,56.28763,27.240772,9.0,4.799999999999997,0.505782160054267,33.1,8,1,-0.5877852522924734,-0.8090169943749472,0.17364817766693028,-0.984807753012208
2024-08-07,33.1,47804.04,0.0,75,998.1,35.1,31.4,81,20.1,1.7,21172.25,56.28763,27.240772,9.0,3.700000000000003,0.44289666731096367,32.4,8,2,-0.6016240632249227,-0.7987793728863648,0.2756373558169992,-0.9612616959383189
2024-08-08,32.4,47725.3,0.0,73,999.8,35.1,30.5,37,18.4,0.1,28373.96,56.28763,27.240772,9.0,4.600000000000001,0.5945265928134553,32.5,8,3,-0.6152845999633277,-0.7883050558305253,0.6427876096865395,-0.7660444431189779
2024-08-09,32.5,47645.61,0.0,71,1002.0,35.9,30.2,40,15.0,0.1,40478.18,56.28763,27.240772,9.0,5.699999999999999,0.8495678825394407,32.4,8,4,-0.6287628145958345,-0.7775971469736268,0.8090169943749475,-0.587785252292473
2024-08-10,32.4,47565.07,0.0,70,1001.7,35.1,30.3,61,16.8,0.0,39708.86,56.28763,27.240772,9.0,4.800000000000001,0.8348323675335704,32.9,8,5,-0.6420547132365636,-0.7666588193001592,0.7193398003386511,-0.6946583704589974
2024-08-11,32.9,47483.73,0.0,68,998.7,35.3,30.0,12,16.3,0.0,39600.0,56.28763,27.240772,9.0,5.299999999999997,0.8339698671523909,33.5,8,6,-0.655156357209085,-0.7554933140726804,0.5446390350150273,-0.8386705679454239
2024-08-12,33.5,47401.67,0.0,71,997.9,36.2,30.5,42,18.9,0.0,40486.62,56.28763,27.240772,9.0,5.700000000000003,0.8541180089224706,33.1,8,0,-0.6680638642135333,-0.7441039398713608,0.777145961456971,-0.6293203910498373
2024-08-13,33.1,47318.96,0.0,70,1000.3,35.8,31.1,12,17.1,0.0,40032.42,56.28763,27.240772,9.0,4.699999999999996,0.846012253861877,32.9,8,1,-0.6807734094770159,-0.7324940716135792,0.8090169943749475,-0.587785252292473
2024-08-14,32.9,47235.67,0.0,67,1001.4,35.9,30.8,6,15.4,0.0,40340.38,56.28763,27.240772,9.0,5.099999999999998,0.8540236647431909,33.0,8,2,-0.6932812268869771,-0.7206671495538615,0.8480480961564261,-0.5299192642332048
2024-08-15,33.0,47151.86,0.0,69,999.5,35.7,30.4,31,16.3,0.0,40192.8,56.28763,27.240772,9.0,5.300000000000004,0.8524117606389229,32.8,8,3,-0.7055836101071774,-0.70862667826446,0.7431448254773942,-0.6691306063588582
2024-08-16,32.8,47067.62,0.0,73,997.1,35.3,30.8,51,16.1,0.1,39896.41,56.28763,27.240772,9.0,4.4999999999999964,0.8476402673430269,32.3,8,4,-0.7176769136759615,-0.6963762255968726,0.7431448254773942,-0.6691306063588582
2024-08-17,32.3,46983.01,0.0,68,999.5,35.0,30.7,72,13.8,0.0,28366.65,56.28763,27.240772,9.0,4.300000000000001,0.6037639989434479,32.2,8,5,-0.7295575540864876,-0.6839194216246105,0.838670567945424,-0.5446390350150271
2024-08-18,32.2,46898.08,0.0,68,1002.0,34.6,30.5,68,17.0,0.1,37427.08,56.28763,27.240772,9.0,4.100000000000001,0.7980514340885597,32.1,8,6,-0.7412220108485957,-0.6712599575675315,0.3255681544571566,-0.9455185755993168
2024-08-19,32.1,46812.9,0.0,69,1001.8,34.2,30.1,82,20.2,0.6,37138.63,56.28763,27.240772,9.0,4.100000000000001,0.7933417925400904,31.4,8,0,-0.7526668275320083,-0.6584015846980489,0.6819983600624985,-0.7313537016191705
2024-08-20,31.4,46727.43,0.0,75,1002.0,33.1,29.9,58,18.4,3.1,29582.37,56.28763,27.240772,9.0,3.200000000000003,0.633083608492913,31.8,8,1,-0.7638886127905429,-0.64534811322955,0.8571673007021123,-0.5150380749100543
2024-08-21,31.8,46641.05,0.0,68,1003.5,34.2,29.7,59,18.8,0.0,39922.23,56.28763,27.240772,9.0,4.5000000000000036,0.855946210473392,32.4,8,2,-0.7748840413670406,-0.6321034111873488,0.4383711467890773,-0.898794046299167
2024-08-22,32.4,46553.71,0.0,68,1002.8,35.4,29.7,31,16.2,0.0,37435.19,56.28763,27.240772,9.0,5.699999999999999,0.8041290371916654,33.1,8,3,-0.7856498550787144,-0.6186714032625032,0.45399049973954686,-0.8910065241883678
2024-08-23,33.1,46465.5,0.0,68,1002.5,36.3,30.3,4,18.8,0.0,40222.54,56.28763,27.240772,9.0,5.9999999999999964,0.8656431115558856,33.5,8,4,-0.7961828637826154,-0.6050560696488494,0.6560590289905073,-0.754709580222772
2024-08-24,33.5,46376.48,0.0,65,1002.4,36.4,30.4,2,17.7,0.0,40225.96,56.28763,27.240772,9.0,6.0,0.8673784642560194,33.9,8,5,-0.8064799463209447,-0.5912614448635782,0.6427876096865395,-0.7660444431189779
2024-08-25,33.9,46286.72,0.0,66,1000.9,37.9,30.0,3,17.8,0.0,40373.17,56.28763,27.240772,9.0,7.899999999999999,0.872240893284294,35.6,8,6,-0.8165380514459157,-0.5772916165517278,0.39073112848927377,-0.9205048534524404
2024-08-26,35.6,46196.29,0.0,61,999.0,41.9,30.6,2,24.9,0.0,40375.77,56.28763,27.240772,9.0,11.299999999999997,0.8740046008023588,36.1,8,0,-0.8263541987239094,-0.5631507242749187,-0.48480962024633695,-0.8746197071393959
2024-08-27,36.1,46105.27,0.0,60,997.9,43.0,30.4,6,22.9,0.0,40520.8,56.28763,27.240772,9.0,12.600000000000001,0.8788756686600037,36.6,8,1,-0.8359254794186365,-0.5488429582847199,-0.32556815445715676,-0.9455185755993167
2024-08-28,36.6,46013.7,0.0,61,997.9,44.0,30.7,3,22.4,0.0,40380.85,56.28763,27.240772,9.0,13.3,0.877583198047538,34.6,8,2,-0.8452490573530634,-0.5343725582809785,0.4383711467890773,-0.898794046299167
2024-08-29,34.6,45921.68,0.0,68,997.7,38.8,30.2,20,21.3,0.0,39881.68,56.28763,27.240772,9.0,8.599999999999998,0.8684717109652783,35.5,8,3,-0.8543221697498269,-0.5197438121555157,0.6691306063588583,-0.7431448254773941
2024-08-30,35.5,45829.25,0.0,51,998.2,40.6,30.7,17,23.2,0.0,40385.74,56.28763,27.240772,9.0,9.900000000000002,0.8812219270444094,34.0,8,4,-0.8631421280499115,-0.5049610547215202,0.8571673007021123,-0.5150380749100543
2024-08-31,34.0,45736.48,0.0,46,1001.1,39.4,29.7,0,24.1,0.0,40388.14,56.28763,27.240772,9.0,9.7,0.8830618359786323,32.2,8,5,-0.8717063187093217,-0.4900286664290594,0.8480480961564261,-0.5299192642332048
2024-09-01,32.2,45643.44,0.0,64,1003.3,35.9,29.4,59,18.1,0.0,40251.5,56.28763,27.240772,9.0,6.5,0.8818682378015329,32.3,9,6,-0.8800122039735356,-0.4749510720670502,0.7313537016191706,-0.6819983600624984
2024-09-02,32.3,45550.18,0.0,71,1003.0,35.7,29.0,29,19.1,0.5,39600.0,56.28763,27.240772,9.0,6.700000000000003,0.8693708784465836,32.0,9,0,-0.888057322629493,-0.4597327394521046,0.8829475928589269,-0.4694715627858909
2024-09-03,32.0,45456.77,0.0,72,1003.3,35.5,28.6,10,16.2,0.0,39844.73,56.28763,27.240772,9.0,6.899999999999999,0.8765411620755281,32.3,9,1,-0.8958392907349089,-0.4443781781046134,0.984807753012208,-0.1736481776669303
2024-09-04,32.3,45363.28,0.0,68,1003.3,35.5,29.0,6,15.6,0.0,40123.54,56.28763,27.240772,9.0,6.5,0.884493802035479,32.9,9,2,-0.9033558023246842,-0.4288919379124841,0.838670567945424,-0.5446390350150271
2024-09-05,32.9,45269.75,0.0,67,1000.8,36.4,29.3,12,18.6,0.0,40127.14,56.28763,27.240772,9.0,7.099999999999998,0.8864007422174852,32.9,9,3,-0.9106046300942162,-0.41327860778290443,0.2756373558169992,-0.9612616959383189
2024-09-06,32.9,45176.25,0.0,69,1001.5,36.7,29.5,4,18.1,0.0,40130.73,56.28763,27.240772,9.0,7.200000000000003,0.8883147671619491,32.3,9,4,-0.9175836260593934,-0.3975428142825566,0.05233595624294381,-0.9986295347545738
2024-09-07,32.3,45082.84,0.0,72,1003.2,35.6,29.0,7,17.6,0.0,40134.29,56.28763,27.240772,9.0,6.600000000000001,0.8902342887005344,31.8,9,5,-0.9242907221930934,-0.3816892202666586,0.8191520442889917,-0.5735764363510462
2024-09-08,31.8,44989.58,0.0,72,1004.6,35.0,28.7,24,16.3,0.2,39455.1,56.28763,27.240772,9.0,6.300000000000001,0.8769830703020566,33.3,9,6,-0.9307239310379793,-0.3657225234972692,0.838670567945424,-0.5446390350150271
2024-09-09,33.3,44896.4,0.0,71,1002.3,39.2,28.4,21,23.5,0.0,39690.46,56.28763,27.240772,9.0,10.800000000000004,0.884045491397974,34.2,9,0,-0.9368813462954315,-0.34964745525122826,-0.15643446504023073,-0.9876883405951378
2024-09-10,34.2,44802.69,0.0,66,1000.6,38.4,30.4,4,22.6,0.0,40144.73,56.28763,27.240772,9.0,8.0,0.8960339211775008,35.1,9,1,-0.9427611433904206,-0.33346877891818705,0.20791169081775931,-0.9781476007338057
2024-09-11,35.1,44708.39,0.0,44,1001.4,41.5,29.3,0,19.6,0.0,40279.91,56.28763,27.240772,9.0,12.2,0.9009474508028583,32.8,9,2,-0.9483615800121716,-0.31719128858910595,0.7313537016191706,-0.6819983600624984
2024-09-12,32.8,44613.57,0.0,47,1001.9,36.6,29.0,0,15.9,0.0,40413.54,56.28763,27.240772,9.0,7.600000000000001,0.9058575675517562,32.6,9,3,-0.9536809966304455,-0.300819807635668,0.9335804264972017,-0.35836794954530027
2024-09-13,32.6,44518.29,0.0,56,1001.0,36.6,28.6,0,14.7,0.0,40224.16,56.28763,27.240772,9.0,8.0,0.9035423418105233,32.6,9,4,-0.9587178169872964,-0.2843591872810036,0.788010753606722,-0.6156614753256583
2024-09-14,32.6,44422.61,0.0,68,1000.1,37.0,27.8,4,21.2,0.0,40025.62,56.28763,27.240772,9.0,9.2,0.9010190981574473,32.2,9,5,-0.9634705485641486,-0.26781430516217486,0.0871557427476582,-0.9961946980917455
2024-09-15,32.2,44326.59,0.0,72,1001.8,36.0,28.8,22,23.7,0.3,39704.01,56.28763,27.240772,9.0,7.199999999999999,0.8957154159613904,31.6,9,6,-0.9679377830240642,-0.25119006388481957,-0.1045284632676535,-0.9945218953682733
2024-09-16,31.6,44230.29,0.0,68,1004.8,34.6,27.6,18,15.1,1.6,39038.27,56.28763,27.240772,9.0,7.0,0.8826139281474301,32.0,9,0,-0.9721181966290612,-0.23449138957041052,0.2756373558169992,-0.9612616959383189
2024-09-17,32.0,44133.79,0.0,65,1006.1,36.3,28.3,4,15.2,0.0,39267.2,56.28763,27.240772,9.0,7.9999999999999964,0.8897309748381002,32.8,9,1,-0.9760105506323682,-0.21772323039653224,0.7547095802227721,-0.6560590289905072
2024-09-18,32.8,44037.11,0.0,54,1004.7,38.2,27.4,2,21.7,0.0,39418.36,56.28763,27.240772,9.0,10.800000000000004,0.8951168684775181,32.6,9,2,-0.9796136916454901,-0.20089055513063528,-0.5735764363510462,-0.8191520442889918
2024-09-19,32.6,43940.36,0.0,57,1005.2,37.8,27.2,1,18.2,0.0,39389.62,56.28763,27.240772,9.0,10.599999999999998,0.8964337115126049,33.3,9,3,-0.9829265519799822,-0.18399835165767986,-0.45399049973954664,-0.8910065241883679
2024-09-20,33.3,43843.55,0.0,50,1005.5,39.0,27.5,0,17.7,0.0,39260.7,56.28763,27.240772,9.0,11.5,0.8954726521917133,33.8,9,4,-0.9859481499638303,-0.1670516255021195,-0.6427876096865393,-0.766044443118978
2024-09-21,33.8,43746.78,0.0,44,1004.8,41.1,26.8,0,25.1,0.0,39084.61,56.28763,27.240772,9.0,14.3,0.8934282706064309,33.2,9,5,-0.9886775902323404,-0.15005539834465262,-0.29237170472273677,-0.9563047559630354
2024-09-22,33.2,43650.08,0.0,59,1004.7,38.2,28.1,0,19.1,0.0,38811.64,56.28763,27.240772,9.0,10.100000000000001,0.8891539259492766,32.1,9,6,-0.9911140639934546,-0.13301470653419636,0.7986355100472927,-0.6018150231520484
2024-09-23,32.1,43553.52,0.0,72,1005.0,35.7,27.3,1,16.2,0.0,38397.43,56.28763,27.240772,9.0,8.400000000000002,0.8816148499593145,32.3,9,0,-0.9932568492674143,-0.11593459959550066,0.8480480961564261,-0.5299192642332048
2024-09-24,32.3,43457.16,0.0,71,1003.3,35.8,28.3,16,18.4,0.0,36773.32,56.28763,27.240772,9.0,7.4999999999999964,0.8461970363456792,32.2,9,1,-0.9951053111006974,-0.09882013873287211,0.6819983600624985,-0.7313537016191705
2024-09-25,32.2,43361.07,0.0,73,1002.0,35.5,28.6,1,16.4,0.0,37994.34,56.28763,27.240772,9.0,6.899999999999999,0.876231605908249,31.8,9,2,-0.99665890175417,-0.08167639533042288,0.6691306063588583,-0.7431448254773941
2024-09-26,31.8,43265.29,0.0,76,1001.6,35.6,28.5,8,15.0,0.0,37997.55,56.28763,27.240772,9.0,7.100000000000001,0.8782455867047234,32.0,9,3,-0.9979171608653922,-0.06450844944931625,0.8290375725550417,-0.5591929034707467
2024-09-27,32.0,43169.89,0.0,73,1002.4,35.9,28.7,21,13.0,0.1,34454.93,56.28763,27.240772,9.0,7.199999999999999,0.7981241091881401,32.3,9,4,-0.9988797155850335,-0.04732138832243232,0.8910065241883679,-0.45399049973954675
2024-09-28,32.3,43074.93,0.0,72,1003.3,36.5,28.8,4,17.3,0.0,37472.66,56.28763,27.240772,9.0,7.699999999999999,0.8699412860334307,31.9,9,5,-0.9995462806873573,-0.03012030484690836,0.6293203910498374,-0.7771459614569709
2024-09-29,31.9,42980.34,0.0,68,1006.7,34.4,29.0,16,16.2,0.0,37343.91,56.28763,27.240772,9.0,5.399999999999999,0.868860274255625,31.7,9,6,-0.9999166586547379,-0.012910296075008843,0.8090169943749475,-0.587785252292473
2024-09-30,31.7,42885.46,0.0,62,1009.2,34.8,28.7,10,18.8,0.1,37101.71,56.28763,27.240772,9.0,6.099999999999998,0.8651349431718816,31.9,9,0,-0.9999907397361901,0.004303538296243821,0.03489949670250114,-0.9993908270190958
2024-10-01,31.9,42790.24,0.0,64,1007.7,34.7,28.4,6,17.5,0.0,37094.2,56.28763,27.240772,9.0,6.300000000000004,0.8668845979830915,33.2,10,1,-0.9997685019798909,0.021516097436222233,0.24192189559966773,-0.9702957262759965
2024-10-02,33.2,42694.74,0.0,59,1007.7,38.0,28.3,1,19.1,0.0,36973.46,56.28763,27.240772,9.0,9.7,0.8659956706610697,33.1,10,2,-0.9992500112396835,0.03872228089217399,-0.656059028990507,-0.7547095802227721
2024-10-03,33.1,42599.03,0.0,67,1005.9,39.7,28.8,7,24.6,0.0,36855.61,56.28763,27.240772,9.0,10.900000000000002,0.8651748643102907,32.3,10,3,-0.9984354211555643,0.05591699010060302,-0.5000000000000001,-0.8660254037844386
2024-10-04,32.3,42503.18,0.0,73,1004.3,36.9,28.4,19,21.0,0.0,36709.83,56.28763,27.240772,9.0,8.5,0.8636960810932265,31.7,10,4,-0.9973249731081555,0.07309512989807776,-0.5735764363510462,-0.8191520442889918
2024-10-05,31.7,42407.24,0.0,58,1005.6,35.7,28.1,7,17.5,0.0,34464.45,56.28763,27.240772,9.0,7.600000000000001,0.8127020291818094,31.9,10,5,-0.9959189961471792,0.0902516100310407,-0.587785252292473,-0.8090169943749475
2024-10-06,31.9,42311.3,0.0,48,1008.1,36.3,26.9,4,16.5,0.0,36763.34,56.28763,27.240772,9.0,9.399999999999999,0.8688775811662605,32.7,10,6,-0.994217906893952,0.10738134666416306,-0.7771459614569706,-0.6293203910498378
2024-10-07,32.7,42215.41,0.0,49,1011.4,39.4,28.4,16,20.7,0.1,36362.95,56.28763,27.240772,9.0,11.0,0.861366737880788,31.0,10,0,-0.9922222094179324,0.12447926388678869,0.9986295347545738,-0.05233595624294384
2024-10-08,31.0,42119.64,0.0,68,1012.4,35.0,28.0,15,14.8,1.6,36254.39,56.28763,27.240772,9.0,7.0,0.8607478601431541,31.1,10,1,-0.989932495087353,0.141540295217043,0.49999999999999994,-0.8660254037844387
2024-10-09,31.1,42024.05,0.0,67,1010.1,34.1,27.4,19,16.1,0.0,36149.62,56.28763,27.240772,9.0,6.700000000000003,0.8602126639388635,29.9,10,2,-0.9873494423939864,0.15855938510313475,0.2923717047227366,-0.9563047559630355
2024-10-10,29.9,41928.73,0.0,67,1009.3,34.3,27.3,14,11.5,3.8,35139.26,56.28763,27.240772,9.0,6.9999999999999964,0.8380711745860178,31.4,10,3,-0.9844738167520923,0.17553149042142777,-0.529919264233205,0.8480480961564258
2024-10-11,31.4,41833.74,0.0,48,1008.4,36.2,26.8,1,13.7,0.0,36368.16,56.28763,27.240772,9.0,9.400000000000002,0.8693499553231436,31.3,10,4,-0.9813064702716093,0.19245158197082995,-0.7771459614569706,-0.6293203910498378
2024-10-12,31.3,41739.14,0.0,51,1008.0,36.2,26.5,1,13.8,0.0,36273.69,56.28763,27.240772,9.0,9.700000000000003,0.8690569570911141,31.0,10,5,-0.9778483415056567,0.20931464596304888,-0.6018150231520484,-0.7986355100472928
2024-10-13,31.0,41645.0,0.0,62,1008.0,35.4,26.4,3,16.0,0.0,36000.0,56.28763,27.240772,9.0,9.0,0.8644495137471485,30.2,10,6,-0.9741004551724206,0.22611568550828803,0.37460659341591224,-0.9271838545667873
2024-10-14,30.2,41551.41,0.0,67,1009.1,35.0,25.7,1,14.8,0.0,36099.88,56.28763,27.240772,9.0,9.3,0.8688003608060472,29.8,10,0,-0.970063921851507,0.2428497220959358,0.5446390350150273,-0.8386705679454239
2024-10-15,29.8,41458.43,0.0,66,1010.8,33.6,26.4,5,14.4,0.0,36005.09,56.28763,27.240772,9.0,7.200000000000003,0.8684624574543705,29.9,10,1,-0.965739937654855,0.25951179706979943,0.9998476951563913,0.0174524064372836
2024-10-16,29.9,41366.13,0.0,61,1010.7,33.6,26.6,3,16.5,0.0,36016.25,56.28763,27.240772,9.0,7.0,0.8706700385073489,30.7,10,2,-0.9611297838723007,0.27609697309746883,-0.19080899537654472,-0.981627183447664
2024-10-17,30.7,41274.6,0.0,63,1009.1,35.1,26.2,2,15.9,0.0,36000.0,56.28763,27.240772,9.0,8.900000000000002,0.8722071201174573,30.8,10,3,-0.9562348265919058,0.2926003356333479,-0.5446390350150271,-0.838670567945424
2024-10-18,30.8,41183.89,0.0,63,1008.6,35.5,25.9,2,18.4,0.0,36000.0,56.28763,27.240772,9.0,9.600000000000001,0.8741282088700217,30.6,10,4,-0.9510565162951536,0.30901699437494723,-0.4226182617406993,-0.90630778703665
2024-10-19,30.6,41093.96,0.0,56,1009.9,36.1,25.0,1,17.6,0.0,36000.0,56.28763,27.240772,9.0,11.100000000000001,0.8760411505729796,30.6,10,5,-0.9455963874271428,0.3253420847119795,-0.2079116908177595,-0.9781476007338056
2024-10-20,30.6,41004.07,0.0,70,1009.6,35.4,25.8,10,14.9,0.0,36000.0,56.28763,27.240772,9.0,9.599999999999998,0.8779616267360777,30.5,10,6,-0.9398560579418953,0.341570769167856,0.2923717047227366,-0.9563047559630355
2024-10-21,30.5,40914.16,0.0,76,1009.2,34.0,27.3,20,20.6,0.0,36000.0,56.28763,27.240772,9.0,6.699999999999999,0.879890971732036,30.0,10,0,-0.9338372288229252,0.35769823883312546,-0.19080899537654472,-0.981627183447664
2024-10-22,30.0,40824.3,0.0,76,1010.6,33.0,27.1,36,13.9,2.6,36000.0,56.28763,27.240772,9.0,5.899999999999999,0.8818277349519771,29.1,10,1,-0.9275416835791965,0.3737197147904692,-0.39073112848927355,-0.9205048534524404
2024-10-23,29.1,40734.59,0.0,77,1012.4,31.7,26.3,19,13.1,1.5,36000.0,56.28763,27.240772,9.0,5.399999999999999,0.8837697887716558,29.2,10,2,-0.9209712877166347,0.38963044953078774,0.9993908270190958,0.03489949670250108
2024-10-24,29.2,40645.09,0.0,78,1012.5,33.0,25.7,6,15.9,0.0,36000.0,56.28763,27.240772,9.0,7.300000000000001,0.8857158392317498,30.6,10,3,-0.9141279881853337,0.4054257283599973,0.6819983600624985,-0.7313537016191705
2024-10-25,30.6,40555.89,0.0,63,1012.1,35.1,25.7,15,18.8,0.0,36000.0,56.28763,27.240772,9.0,9.400000000000002,0.8876639126893776,30.8,10,4,-0.9070138128026362,0.42110087079608916,-0.8191520442889916,-0.5735764363510464
2024-10-26,30.8,40467.06,0.0,64,1012.9,34.3,27.1,5,20.7,0.0,36000.0,56.28763,27.240772,9.0,7.199999999999996,0.8896124403403658,30.5,10,5,-0.8996308696522434,0.4366512319560638,0.777145961456971,-0.6293203910498373
2024-10-27,30.5,40378.7,0.0,68,1010.9,34.8,27.0,6,22.3,0.0,36000.0,56.28763,27.240772,9.0,7.799999999999997,0.8915591636184425,30.1,10,6,-0.8919813464595487,0.45207220393230374,-0.19080899537654472,-0.981627183447664
2024-10-28,30.1,40290.88,0.0,57,1009.0,35.3,25.7,13,23.2,0.0,36000.0,56.28763,27.240772,9.0,9.599999999999998,0.8935024501822746,29.9,10,0,-0.8840675099433637,0.46735921715800205,0.9743700647852352,0.22495105434386492
2024-10-29,29.9,40203.69,0.0,46,1009.3,34.7,25.5,7,17.5,0.0,36000.0,56.28763,27.240772,9.0,9.200000000000003,0.8954401946686983,30.0,10,1,-0.8758917051442433,0.48250774176121763,-0.7660444431189781,0.6427876096865393
2024-10-30,30.0,40117.21,0.0,37,1010.4,36.0,25.2,4,15.6,0.0,36000.0,56.28763,27.240772,9.0,10.8,0.8973704801505389,28.9,10,2,-0.8674563547295971,0.4975132889071803,0.6293203910498374,0.7771459614569709
2024-10-31,28.9,40031.55,0.0,55,1012.3,32.9,24.4,32,15.8,0.0,36000.0,56.28763,27.240772,9.0,8.5,0.8992906844726222,28.7,10,3,-0.858763958275803,0.5123714121284235,0.17364817766693028,-0.984807753012208
2024-11-01,28.7,39946.78,0.0,66,1014.6,32.4,24.8,1,15.2,0.0,36000.0,56.28763,27.240772,9.0,7.599999999999998,0.9011990453298113,29.3,11,4,-0.8498170915275277,0.5270777086423724,0.7071067811865476,-0.7071067811865475
2024-11-02,29.3,39862.99,0.0,61,1014.1,33.8,24.1,0,15.6,0.0,36000.0,56.28763,27.240772,9.0,9.699999999999996,0.9030933203956854,29.2,11,5,-0.8406184056344783,0.5416278206559811,-0.6946583704589973,-0.7193398003386511
2024-11-03,29.2,39780.28,0.0,64,1013.1,34.2,24.5,1,16.5,0.0,36000.0,56.28763,27.240772,9.0,9.700000000000003,0.9049710057344996,28.0,11,6,-0.8311706263658079,0.5560174366570446,-0.6156614753256582,-0.788010753606722
2024-11-04,28.0,39698.74,0.0,73,1012.2,32.9,23.3,11,15.0,0.0,35888.75,56.28763,27.240772,9.0,9.599999999999998,0.9040274326086924,27.4,11,0,-0.8214765533024145,0.5702422926917867,-0.46947156278589086,-0.8829475928589269
2024-11-05,27.4,39618.47,0.0,71,1013.1,32.3,22.9,7,14.2,0.0,36000.0,56.28763,27.240772,9.0,9.399999999999999,0.9086670939084724,27.4,11,1,-0.8115390590073611,0.5842981736283683,0.6819983600624985,-0.7313537016191705
2024-11-06,27.4,39539.56,0.0,60,1015.4,32.8,21.6,5,15.3,0.0,36000.0,56.28763,27.240772,9.0,11.199999999999996,0.9104805415133603,27.9,11,2,-0.801361088174677,0.5981809144059158,0.19080899537654497,-0.981627183447664
2024-11-07,27.9,39462.11,0.0,54,1015.0,33.4,22.3,0,16.9,0.0,36000.0,56.28763,27.240772,9.0,11.099999999999998,0.9122674889913388,28.1,11,3,-0.7909456567567774,0.6118864012687242,-0.7431448254773944,-0.6691306063588581
2024-11-08,28.1,39386.08,0.0,43,1013.4,34.0,21.0,10,14.9,0.0,36000.0,56.28763,27.240772,9.0,13.0,0.9140285095648005,27.7,11,4,-0.780295851070776,0.6254105729852457,-0.9902680687415703,-0.13917310096006583
2024-11-09,27.7,39310.72,0.0,52,1013.8,32.2,22.3,1,14.9,0.0,36000.0,56.28763,27.240772,9.0,9.900000000000002,0.9157807336014196,28.1,11,5,-0.7694148268839381,0.6387494220515268,0.13917310096006544,0.9902680687415704
2024-11-10,28.1,39235.97,0.0,36,1015.1,34.0,21.0,5,12.8,0.0,36000.0,56.28763,27.240772,9.0,13.0,0.9175254237374532,29.0,11,6,-0.7583058084785625,0.6518989958787125,0.4694715627858908,0.882947592858927
2024-11-11,29.0,39161.92,0.0,24,1014.6,35.4,22.3,7,15.3,0.0,36000.0,56.28763,27.240772,9.0,13.099999999999998,0.9192603427002558,27.8,11,0,-0.7469720876965551,0.6648553979642866,0.13917310096006544,0.9902680687415704
2024-11-12,27.8,39088.64,0.0,31,1013.0,33.2,22.4,0,14.0,0.0,36000.0,56.28763,27.240772,9.0,10.800000000000004,0.9209836924487523,26.8,11,1,-0.7354170229639858,0.6776147890466887,-0.06975647374412564,0.9975640502598242
2024-11-13,26.8,39016.23,0.0,60,1011.0,31.5,21.6,22,13.0,0.0,36000.0,56.28763,27.240772,9.0,9.899999999999999,0.9226929408607648,26.1,11,2,-0.7236440382959124,0.690173388242972,1.2246467991473532e-16,-1.0
2024-11-14,26.1,38944.77,0.0,74,1012.2,29.6,22.3,21,15.1,1.5,35069.36,56.28763,27.240772,9.0,7.300000000000001,0.900489590771752,25.5,11,3,-0.711656622281775,0.7025274741691566,0.8480480961564261,0.5299192642332049
2024-11-15,25.5,38874.34,0.0,68,1014.0,29.9,21.9,6,20.6,0.0,35953.29,56.28763,27.240772,9.0,8.0,0.9248591744580102,25.4,11,4,-0.6994583270516471,0.7146733860429608,0.8480480961564261,0.5299192642332049
2024-11-16,25.4,38805.05,0.0,57,1013.5,29.2,21.0,1,12.0,0.0,35901.79,56.28763,27.240772,9.0,8.2,0.9251834490613979,25.5,11,5,-0.6870527672236675,0.7266075247685652,-0.7431448254773946,0.6691306063588578
2024-11-17,25.5,38736.98,0.0,49,1013.3,30.2,20.4,0,15.6,0.0,35827.85,56.28763,27.240772,9.0,9.8,0.9249004439685281,25.5,11,6,-0.6744436188329457,0.7383263540031063,-0.9063077870366502,-0.42261826174069916
2024-11-18,25.5,38670.23,0.0,57,1014.8,29.9,20.8,0,12.2,0.0,35755.24,56.28763,27.240772,9.0,9.099999999999998,0.9246192743099794,25.5,11,0,-0.661634618242279,0.749826401204568,-0.9205048534524405,0.3907311284892735
2024-11-19,25.5,38604.88,0.0,64,1015.7,29.5,21.5,3,14.7,0.0,35684.07,56.28763,27.240772,9.0,8.0,0.9243409123406161,25.2,11,1,-0.6486295610349818,0.7611042586607742,0.4694715627858907,-0.882947592858927
2024-11-20,25.2,38541.04,0.0,61,1014.7,29.5,20.5,0,17.7,0.0,35614.44,56.28763,27.240772,9.0,9.0,0.924065359938393,25.7,11,2,-0.6354323008901775,0.7721565844991641,-0.8571673007021121,-0.5150380749100544
2024-11-21,25.7,38478.79,0.0,63,1014.2,30.3,20.9,0,18.4,0.0,35546.45,56.28763,27.240772,9.0,9.400000000000002,0.9237933417344983,25.8,11,3,-0.622046748440868,0.7829801036770624,-0.8191520442889916,-0.5735764363510464
2024-11-22,25.8,38418.23,0.0,71,1013.6,30.2,21.4,30,15.2,0.0,35480.24,56.28763,27.240772,9.0,8.8,0.9235261489142003,26.6,11,4,-0.6084768701151264,0.7935716089521472,0.4694715627858908,0.882947592858927
2024-11-23,26.6,38359.47,0.0,55,1014.1,33.6,21.8,52,17.3,0.0,34125.83,56.28763,27.240772,9.0,11.8,0.8896324688531932,25.4,11,5,-0.594726686960764,0.8039279618328208,0.6293203910498374,0.7771459614569709
2024-11-24,25.4,38302.59,0.0,64,1013.3,29.3,21.2,4,11.8,0.0,35353.54,56.28763,27.240772,9.0,8.100000000000001,0.9230065120922634,25.7,11,6,-0.5808002734538013,0.8140460935082175,-0.48480962024633695,-0.8746197071393959
2024-11-25,25.7,38247.72,0.0,72,1014.9,29.0,22.1,18,10.7,0.1,35293.28,56.28763,27.240772,9.0,6.899999999999999,0.9227551341622454,25.8,11,0,-0.5667017562911184,0.8239230057575536,0.9961946980917455,-0.08715574274765824
2024-11-26,25.8,38194.93,0.0,73,1015.4,29.6,22.1,13,11.3,0.2,35235.25,56.28763,27.240772,9.0,7.5,0.9225111814578532,25.6,11,1,-0.5524353131676203,0.8335557718385695,0.9993908270190958,0.03489949670250108
2024-11-27,25.6,38144.33,0.0,68,1013.2,30.1,21.0,2,18.1,0.0,35179.55,56.28763,27.240772,9.0,9.100000000000001,0.9222746866965549,26.3,11,2,-0.5380051715382992,0.8429415373547832,-0.7880107536067221,-0.6156614753256581
2024-11-28,26.3,38095.92,0.0,53,1012.7,31.0,21.4,50,18.1,0.0,33184.47,56.28763,27.240772,9.0,9.600000000000001,0.8710767452262606,24.7,11,3,-0.5234156073655503,0.8520775211013093,-0.8090169943749473,-0.5877852522924732
2024-11-29,24.7,38049.12,0.0,37,1013.8,30.2,19.5,8,20.4,0.0,35075.04,56.28763,27.240772,9.0,10.7,0.9218357743884746,22.7,11,4,-0.5086709438521042,0.8609610158889945,-0.8386705679454242,-0.544639035015027
2024-11-30,22.7,38003.9,0.0,46,1014.1,27.0,18.4,2,19.1,0.0,35025.41,56.28763,27.240772,9.0,8.600000000000001,0.9216267277832012,22.1,11,5,-0.49377555015997737,0.8695893893466109,0.7431448254773942,0.6691306063588582
2024-12-01,22.1,37960.3,0.0,22,1013.5,27.4,17.5,0,26.5,0.0,34977.51,56.28763,27.240772,9.0,9.899999999999999,0.9214234344828676,20.5,12,6,-0.4787338401157883,0.8779600847008883,0.788010753606722,0.6156614753256583
2024-12-02,20.5,37918.37,0.0,16,1015.0,25.8,15.8,0,23.7,0.0,34931.37,56.28763,27.240772,9.0,10.0,0.9212255168141458,20.0,12,0,-0.4635502709028512,0.8860706215341378,0.7986355100472928,0.6018150231520484
2024-12-03,20.0,37878.18,0.0,17,1017.6,26.3,13.9,0,17.1,0.0,34887.09,56.28763,27.240772,9.0,12.4,0.9210339567529379,20.4,12,1,-0.4482293417404106,0.893918596519257,0.7313537016191705,0.6819983600624985
2024-12-04,20.4,37839.79,0.0,20,1017.7,26.6,14.2,0,9.7,0.0,34844.71,56.28763,27.240772,9.0,12.400000000000002,0.9208483979430118,20.9,12,2,-0.4327755925504317,0.9015016841318838,-0.9998476951563913,0.01745240643728313
2024-12-05,20.9,37803.23,0.0,21,1017.8,26.8,14.9,0,7.5,0.0,34804.3,56.28763,27.240772,9.0,11.9,0.9206700062402076,21.2,12,3,-0.41719360261231697,0.9088176373395028,0.08715574274765817,0.9961946980917455
2024-12-06,21.2,37768.59,0.0,31,1017.7,26.7,15.7,0,12.2,0.0,34765.95,56.28763,27.240772,9.0,11.0,0.920499017834661,21.3,12,4,-0.4014879892059737,0.9158642882672868,0.01745240643728351,0.9998476951563913
2024-12-07,21.3,37735.9,0.0,27,1018.6,27.9,15.0,0,16.3,0.0,34729.7,56.28763,27.240772,9.0,12.899999999999999,0.9203358075466597,21.1,12,5,-0.38566340624360745,0.9226395488404875,0.6427876096865393,0.766044443118978
2024-12-08,21.1,37705.23,0.0,16,1020.6,26.7,16.2,0,23.3,0.0,34695.61,56.28763,27.240772,9.0,10.5,0.9201803038994855,20.4,12,6,-0.3697245428906732,0.9291414114031743,0.7071067811865476,0.7071067811865476
2024-12-09,20.4,37676.63,0.0,18,1018.3,26.5,13.8,60,9.2,0.0,34663.77,56.28763,27.240772,9.0,12.7,0.9200337185146336,20.7,12,0,-0.3536761221763721,0.935367949313148,0.4067366430758002,0.9135454576426009
2024-12-10,20.7,37650.16,0.0,33,1017.5,26.2,14.3,2,12.8,0.0,34634.23,56.28763,27.240772,9.0,11.899999999999999,0.9198959579454642,20.4,12,1,-0.33752289959411347,0.941317317512847,0.788010753606722,0.6156614753256583
2024-12-11,20.4,37625.87,0.0,22,1020.4,25.7,15.8,1,21.1,0.0,34607.05,56.28763,27.240772,9.0,9.899999999999999,0.9197674366067815,19.8,12,2,-0.32126966169236515,0.9469877530760751,0.7771459614569709,0.6293203910498375
2024-12-12,19.8,37603.82,0.0,32,1018.6,25.3,13.6,14,11.9,0.0,34582.3,56.28763,27.240772,9.0,11.700000000000001,0.9196485888933625,20.5,12,3,-0.3049212246562894,0.9523775757303973,0.7193398003386512,0.6946583704589973
2024-12-13,20.5,37584.05,0.0,49,1016.7,25.4,14.8,7,11.9,0.0,34560.05,56.28763,27.240772,9.0,10.599999999999998,0.9195403369248392,20.5,12,4,-0.2884824328806098,0.9574851883550389,0.7071067811865476,0.7071067811865476
2024-12-14,20.5,37566.64,0.0,63,1016.3,23.7,17.1,39,14.2,0.6,33912.11,56.28763,27.240772,9.0,6.599999999999998,0.9027187419476429,20.3,12,5,-0.27195815753410524,0.9623090774541487,0.7986355100472928,0.6018150231520484
2024-12-15,20.3,37551.61,0.0,49,1019.4,25.1,15.1,3,24.1,0.0,34482.7,56.28763,27.240772,9.0,10.000000000000002,0.9182748755645895,17.9,12,6,-0.2553532951161881,0.9668478136052773,0.9743700647852352,0.22495105434386492
2024-12-16,17.9,37539.04,0.0,21,1022.3,22.8,12.1,0,25.6,0.0,34508.84,56.28763,27.240772,9.0,10.700000000000001,0.9192787029183483,16.9,12,0,-0.23867276600594997,0.9711000518829505,0.8480480961564261,0.5299192642332049
2024-12-17,16.9,37528.97,0.0,31,1018.9,21.9,10.4,62,10.7,0.0,34497.15,56.28763,27.240772,9.0,11.499999999999998,0.9192138766398332,18.1,12,1,-0.22192151300416674,0.9750645322571945,0.0,1.0
2024-12-18,18.1,37521.43,0.0,21,1016.7,24.0,12.9,0,13.6,0.0,34382.18,56.28763,27.240772,9.0,11.1,0.9163344787232256,17.4,12,2,-0.20510449986861926,0.9787400799669153,0.7193398003386512,0.6946583704589973
2024-12-19,17.4,37516.3,0.0,30,1016.1,23.5,11.8,25,13.1,0.0,34482.57,56.28763,27.240772,9.0,11.7,0.9191356823567355,18.1,12,3,-0.1882267098432439,0.9821256058680006,0.13917310096006544,0.9902680687415704
2024-12-20,18.1,37513.54,0.0,26,1017.2,25.1,12.1,13,10.2,0.0,34415.43,56.28763,27.240772,9.0,13.000000000000002,0.9174135525466272,18.6,12,4,-0.1712931441814778,0.9852201067560606,0.5446390350150271,0.838670567945424
2024-12-21,18.6,37513.14,0.0,41,1014.4,23.7,12.1,6,17.0,0.0,34282.85,56.28763,27.240772,9.0,11.6,0.913889106590384,18.8,12,5,-0.154308820664281,0.9880226656636976,-0.981627183447664,-0.1908089953765446
2024-12-22,18.8,37515.08,0.0,43,1014.3,24.3,13.2,0,11.5,0.0,34142.5,56.28763,27.240772,9.0,11.100000000000001,0.9101006848446012,19.0,12,6,-0.13727877211326517,0.9905324521322227,0.7193398003386512,0.6946583704589973
2024-12-23,19.0,37519.34,0.0,37,1016.6,24.8,13.2,1,9.0,0.0,34004.18,56.28763,27.240772,9.0,11.600000000000001,0.9063107186853501,19.3,12,0,-0.12020804489935275,0.9927487224577402,0.17364817766693033,0.984807753012208
2024-12-24,19.3,37525.89,0.0,33,1017.9,25.6,12.7,2,12.2,0.0,34126.33,56.28763,27.240772,9.0,12.900000000000002,0.9094076116515825,19.9,12,1,-0.10310169744743544,0.9946708199115211,0.8480480961564261,0.5299192642332049
2024-12-25,19.9,37534.71,0.0,47,1018.4,24.7,15.0,2,12.7,0.0,33605.24,56.28763,27.240772,9.0,9.7,0.8953110334407806,20.2,12,2,-0.0859647987374467,0.9962981749346077,0.754709580222772,0.6560590289905073
2024-12-26,20.2,37545.79,0.0,46,1021.5,25.4,14.8,1,9.0,0.0,33728.32,56.28763,27.240772,9.0,10.599999999999998,0.89832495201193,20.0,12,3,-0.06880242680232064,0.9976303053065857,0.766044443118978,0.6427876096865394
2024-12-27,20.0,37559.08,0.0,28,1022.4,26.2,13.4,5,10.8,0.0,33723.16,56.28763,27.240772,9.0,12.799999999999999,0.8978697028787713,19.5,12,4,-0.05161966722325418,0.9986668162884759,0.6691306063588582,0.7431448254773942
2024-12-28,19.5,37574.57,0.0,27,1020.7,25.1,13.2,45,11.0,0.0,33718.04,56.28763,27.240772,9.0,11.900000000000002,0.897363296506121,19.8,12,5,-0.034421611622745804,0.9994074007397048,-0.9455185755993168,-0.32556815445715664
2024-12-29,19.8,37592.24,0.0,43,1018.8,24.9,14.5,88,16.2,0.0,32480.25,56.28763,27.240772,9.0,10.399999999999999,0.8640147541088268,21.3,12,6,-0.01721335615583528,0.9998518392091162,0.052335956242943835,0.9986295347545738
2024-12-30,21.3,37612.05,0.0,66,1017.8,25.0,16.3,95,10.2,0.0,32474.16,56.28763,27.240772,9.0,8.7,0.8633977674707972,21.4,12,0,6.432490598706546e-16,1.0,0.898794046299167,0.43837114678907746
2024-12-31,21.4,37633.99,0.0,74,1017.0,24.9,18.0,96,12.4,0.0,9097.33,56.28763,27.240772,9.0,6.899999999999999,0.24173174303335895,19.4,12,1,0.017213356155833904,0.9998518392091162,0.8910065241883678,0.4539904997395468
2025-01-01,19.4,37658.02,0.0,77,1015.0,23.8,12.9,44,19.1,1.3,32400.0,56.28763,27.240772,9.0,10.9,0.8603744965879779,16.8,1,2,0.017213356155834685,0.9998518392091162,-0.9205048534524403,-0.3907311284892738
2025-01-02,16.8,37684.11,0.0,53,1017.9,23.0,11.7,2,24.1,0.0,33572.89,56.28763,27.240772,9.0,11.3,0.8909030888615918,14.8,1,3,0.03442161162274574,0.9994074007397048,0.981627183447664,0.19080899537654492
2025-01-03,14.8,37712.24,0.0,39,1022.1,19.4,10.8,0,14.5,0.0,33448.41,56.28763,27.240772,9.0,8.599999999999998,0.8869377687456381,14.1,1,4,0.051619667223253764,0.998666816288476,0.8191520442889918,0.573576436351046
2025-01-04,14.1,37742.37,0.0,31,1021.6,19.4,9.0,0,14.1,0.0,33566.36,56.28763,27.240772,9.0,10.399999999999999,0.8893548550342758,15.1,1,5,0.06880242680231986,0.9976303053065857,0.8829475928589269,0.46947156278589086
2025-01-05,15.1,37774.48,0.0,30,1021.3,20.9,8.6,0,10.3,0.0,33563.54,56.28763,27.240772,9.0,12.299999999999999,0.8885242099957431,16.6,1,6,0.08596479873744647,0.9962981749346078,0.6427876096865393,0.766044443118978
2025-01-06,16.6,37808.54,0.0,32,1020.9,23.3,10.6,29,16.9,0.0,33561.02,56.28763,27.240772,9.0,12.700000000000001,0.8876571271993046,17.2,1,0,0.10310169744743485,0.9946708199115211,0.754709580222772,0.6560590289905073
2025-01-07,17.2,37844.58,0.0,33,1020.4,23.2,11.1,99,8.9,0.0,32400.0,56.28763,27.240772,9.0,12.1,0.8561331635864369,18.3,1,1,0.1202080448993527,0.9927487224577402,0.6293203910498374,0.7771459614569709
2025-01-08,18.3,37883.03,0.0,31,1017.5,24.3,12.2,54,14.9,0.0,32841.16,56.28763,27.240772,9.0,12.100000000000001,0.8669095370671249,18.6,1,2,0.13727877211326478,0.9905324521322229,0.6946583704589973,0.7193398003386512
2025-01-09,18.6,37923.88,0.0,26,1015.7,24.7,13.3,21,19.8,0.0,32840.42,56.28763,27.240772,9.0,11.399999999999999,0.8659562259979728,18.8,1,3,0.15430882066428117,0.9880226656636976,0.6293203910498374,0.7771459614569709
2025-01-10,18.8,37967.03,0.0,25,1018.8,24.2,12.7,0,8.4,0.0,33434.95,56.28763,27.240772,9.0,11.5,0.8806311686745052,19.4,1,4,0.1712931441814776,0.9852201067560606,-0.1736481776669304,0.984807753012208
2025-01-11,19.4,38012.39,0.0,25,1019.3,25.7,12.5,32,8.6,0.0,33433.83,56.28763,27.240772,9.0,13.2,0.8795508517091402,19.3,1,5,0.1882267098432442,0.9821256058680006,0.4067366430758002,0.9135454576426009
2025-01-12,19.3,38059.88,0.0,44,1018.6,24.6,13.6,71,10.0,0.0,33075.66,56.28763,27.240772,9.0,11.000000000000002,0.8690426769606211,19.5,1,6,0.2051044998686192,0.9787400799669153,0.9205048534524404,0.3907311284892737
2025-01-13,19.5,38109.4,0.0,52,1017.9,24.4,15.2,37,13.0,0.1,25479.65,56.28763,27.240772,9.0,9.2,0.6685922633261085,19.1,1,0,0.2219215130041655,0.9750645322571948,0.8660254037844386,0.5000000000000001
2025-01-14,19.1,38160.88,0.0,60,1019.1,23.9,15.1,5,16.9,0.0,33312.23,56.28763,27.240772,9.0,8.799999999999999,0.8729418713614572,19.5,1,1,0.2386727660059501,0.9711000518829505,0.8660254037844386,0.5000000000000001
2025-01-15,19.5,38214.21,0.0,43,1021.5,25.0,14.0,0,9.1,0.0,33498.96,56.28763,27.240772,9.0,11.0,0.876610035900258,19.2,1,2,0.255353295116187,0.9668478136052775,0.224951054343865,0.9743700647852352
2025-01-16,19.2,38269.32,0.0,51,1019.6,24.3,12.6,29,16.9,0.0,33582.33,56.28763,27.240772,9.0,11.700000000000001,0.8775261750143457,19.8,1,3,0.2719581575341055,0.9623090774541486,-0.9063077870366502,-0.42261826174069916
2025-01-17,19.8,38326.11,0.0,62,1015.1,24.0,15.1,24,23.6,0.2,33070.4,56.28763,27.240772,9.0,8.9,0.8628686814289267,18.5,1,4,0.288482432880609,0.9574851883550393,-0.8571673007021121,-0.5150380749100544
2025-01-18,18.5,38384.51,0.0,63,1012.4,23.6,14.4,27,21.7,1.5,33189.71,56.28763,27.240772,9.0,9.200000000000001,0.864664157494781,18.2,1,5,0.30492122465628907,0.9523775757303974,0.7193398003386512,0.6946583704589973
2025-01-19,18.2,38444.43,0.0,52,1014.8,22.9,13.8,3,15.1,0.0,33309.79,56.28763,27.240772,9.0,9.099999999999998,0.8664399498184783,17.2,1,6,0.3212696616923644,0.9469877530760753,0.9876883405951378,0.15643446504023092
2025-01-20,17.2,38505.77,0.0,46,1015.9,22.1,11.8,1,16.4,0.0,33662.92,56.28763,27.240772,9.0,10.3,0.8742305373973823,17.1,1,0,0.3375228995941133,0.9413173175128471,-0.7431448254773944,-0.6691306063588581
2025-01-21,17.1,38568.46,0.0,34,1015.8,22.8,11.9,0,19.0,0.0,33986.01,56.28763,27.240772,9.0,10.9,0.8811865965091684,17.2,1,1,0.3536761221763716,0.9353679493131483,-0.7771459614569706,-0.6293203910498378
2025-01-22,17.2,38632.43,0.0,29,1022.0,23.0,11.5,0,11.5,0.0,33986.84,56.28763,27.240772,9.0,11.5,0.8797489570291073,17.8,1,2,0.3697245428906731,0.9291414114031743,0.7313537016191705,0.6819983600624985
2025-01-23,17.8,38697.58,0.0,22,1022.3,23.0,12.8,10,15.9,0.0,34094.11,56.28763,27.240772,9.0,10.2,0.8810398479698214,17.2,1,3,0.38566340624360707,0.9226395488404876,0.766044443118978,0.6427876096865394
2025-01-24,17.2,38763.84,0.0,27,1019.2,24.3,10.6,0,12.9,0.0,34219.41,56.28763,27.240772,9.0,13.700000000000001,0.8827662584511753,17.5,1,4,0.401487989205973,0.9158642882672872,0.8829475928589269,0.46947156278589086
2025-01-25,17.5,38831.11,0.0,21,1018.0,23.8,10.4,0,12.0,0.0,34332.41,56.28763,27.240772,9.0,13.4,0.8841470151123675,18.4,1,5,0.4171936026123168,0.9088176373395029,-0.9510565162951535,-0.30901699437494756
2025-01-26,18.4,38899.34,0.0,24,1016.8,24.3,11.1,0,9.4,0.0,34335.29,56.28763,27.240772,9.0,13.200000000000001,0.8826702458190808,20.8,1,6,0.4327755925504312,0.901501684131884,-0.8386705679454243,0.5446390350150266
2025-01-27,20.8,38968.57,0.0,31,1013.9,27.5,13.5,18,15.5,0.0,34096.07,56.28763,27.240772,9.0,14.0,0.8749633358370604,20.6,1,0,0.4482293417404106,0.893918596519257,-0.5446390350150271,-0.838670567945424
2025-01-28,20.6,39039.53,0.0,52,1013.2,25.7,16.4,19,19.9,0.0,34085.18,56.28763,27.240772,9.0,9.3,0.8730940152199579,20.2,1,1,0.4635502709028509,0.886070621534138,0.9563047559630355,-0.29237170472273666
2025-01-29,20.2,39112.24,0.0,37,1017.8,24.9,15.6,1,31.3,0.0,34203.1,56.28763,27.240772,9.0,9.299999999999999,0.874485838704201,18.7,1,2,0.47873384011578846,0.8779600847008882,0.7986355100472928,0.6018150231520484
2025-01-30,18.7,39186.6,0.0,27,1017.8,24.1,13.4,9,16.8,0.0,33872.93,56.28763,27.240772,9.0,10.700000000000001,0.8644008411038467,18.6,1,3,0.49377555015997715,0.869589389346611,0.8571673007021123,0.5150380749100542
2025-01-31,18.6,39262.5,0.0,20,1017.4,23.8,13.7,3,23.2,0.0,33293.62,56.28763,27.240772,9.0,10.100000000000001,0.8479750397962433,17.8,1,4,0.5086709438521044,0.8609610158889943,0.766044443118978,0.6427876096865394
2025-02-01,17.8,39339.84,0.0,19,1017.4,23.4,11.3,0,14.7,0.0,35094.47,56.28763,27.240772,9.0,12.099999999999998,0.8920847161554293,16.1,2,5,0.5234156073655503,0.8520775211013093,0.6156614753256583,0.7880107536067219
2025-02-02,16.1,39418.52,0.0,45,1016.4,20.6,11.4,21,20.2,1.1,34465.14,56.28763,27.240772,9.0,9.200000000000001,0.874338762591797,16.2,2,6,0.5380051715382996,0.8429415373547828,0.8191520442889918,0.573576436351046
2025-02-03,16.2,39498.45,0.0,51,1017.0,21.6,10.7,0,15.0,0.0,34839.9,56.28763,27.240772,9.0,10.900000000000002,0.8820573971890037,17.5,2,0,0.5524353131676196,0.8335557718385699,0.5446390350150273,-0.8386705679454239
2025-02-04,17.5,39579.51,0.0,53,1018.5,22.7,10.9,1,14.7,0.0,35237.85,56.28763,27.240772,9.0,11.799999999999999,0.8903053625474392,17.9,2,1,0.5667017562911176,0.8239230057575542,0.788010753606722,-0.6156614753256583
2025-02-05,17.9,39661.62,0.0,55,1016.8,22.7,11.7,15,10.7,0.0,34842.13,56.28763,27.240772,9.0,11.0,0.8784847920987593,19.4,2,2,0.5808002734538009,0.8140460935082178,0.9510565162951535,0.30901699437494745
2025-02-06,19.4,39744.68,0.0,65,1015.6,23.9,14.2,96,14.7,2.5,28800.0,56.28763,27.240772,9.0,9.7,0.7246252831825543,18.8,2,3,0.5947266869607634,0.8039279618328213,0.788010753606722,0.6156614753256583
2025-02-07,18.8,39828.6,0.0,85,1015.1,21.4,16.8,73,15.5,5.9,15000.44,56.28763,27.240772,9.0,4.599999999999998,0.37662483742838065,18.7,2,4,0.6084768701151261,0.7935716089521474,0.6018150231520483,0.7986355100472928
2025-02-08,18.7,39913.28,0.0,85,1013.8,21.3,16.8,83,13.1,61.2,21714.98,56.28763,27.240772,9.0,4.5,0.5440540090917109,18.6,2,5,0.6220467484408675,0.7829801036770629,0.6691306063588582,0.7431448254773942
2025-02-09,18.6,39998.64,0.0,80,1012.7,22.5,14.8,62,15.8,0.0,33717.73,56.28763,27.240772,9.0,7.699999999999999,0.8429719110449756,17.7,2,6,0.6354323008901774,0.7721565844991642,-0.43837114678907746,-0.8987940462991669
2025-02-10,17.7,40084.59,0.0,72,1016.1,22.1,14.2,33,14.8,0.0,35658.23,56.28763,27.240772,9.0,7.900000000000002,0.8895745222790106,18.4,2,0,0.6486295610349814,0.7611042586607747,0.6819983600624985,0.7313537016191705
2025-02-11,18.4,40171.03,0.0,63,1018.3,22.9,13.3,72,6.9,0.4,34835.59,56.28763,27.240772,9.0,9.599999999999998,0.8671818970038856,20.6,2,1,0.6616346182422783,0.7498264012045686,0.3255681544571567,0.9455185755993168
2025-02-12,20.6,40257.89,0.0,62,1017.7,25.2,16.4,53,8.5,0.1,35802.3,56.28763,27.240772,9.0,8.8,0.8893238070847728,21.0,2,2,0.6744436188329455,0.7383263540031065,0.8571673007021123,0.5150380749100542
2025-02-13,21.0,40345.07,0.0,60,1016.8,24.2,16.5,96,7.4,0.0,11227.78,56.28763,27.240772,9.0,7.699999999999999,0.27829372956844545,21.6,2,3,0.6870527672236669,0.7266075247685656,0.573576436351046,0.8191520442889918
2025-02-14,21.6,40432.49,0.0,67,1015.3,26.6,17.4,48,15.9,0.0,23625.7,56.28763,27.240772,9.0,9.200000000000003,0.5843246359548967,20.4,2,4,0.699458327051647,0.7146733860429609,0.6946583704589971,-0.7193398003386513
2025-02-15,20.4,40520.07,0.0,71,1014.3,24.6,16.7,86,8.4,0.0,22436.32,56.28763,27.240772,9.0,7.900000000000002,0.5537088163964179,20.5,2,5,0.7116566222817746,0.7025274741691571,-0.8746197071393959,-0.48480962024633684
2025-02-16,20.5,40607.88,0.0,70,1014.3,23.4,17.7,95,7.5,0.2,18111.59,56.28763,27.240772,9.0,5.699999999999999,0.4460117100424844,20.7,2,6,0.7236440382959124,0.6901733882429719,0.9271838545667874,0.37460659341591196
2025-02-17,20.7,40696.69,0.0,75,1015.2,25.0,18.0,62,8.6,2.0,23143.45,56.28763,27.240772,9.0,7.0,0.5686813841617094,21.5,2,0,0.7354170229639855,0.6776147890466889,0.9945218953682733,-0.10452846326765355
2025-02-18,21.5,40786.55,0.0,63,1014.7,26.3,16.9,54,17.1,0.0,23929.79,56.28763,27.240772,9.0,9.400000000000002,0.5867078730610948,21.3,2,1,0.7469720876965552,0.6648553979642865,-0.6156614753256582,-0.788010753606722
2025-02-19,21.3,40877.39,0.0,54,1013.7,26.9,16.4,4,12.0,0.0,37884.23,56.28763,27.240772,9.0,10.5,0.9267771254475886,19.6,2,2,0.7583058084785624,0.6518989958787126,0.9063077870366499,0.42261826174069944
2025-02-20,19.6,40969.11,0.0,52,1013.1,24.6,15.8,55,11.8,4.0,30145.73,56.28763,27.240772,9.0,8.8,0.7358160819212328,21.7,2,3,0.7694148268839378,0.6387494220515272,0.788010753606722,0.6156614753256583
2025-02-21,21.7,41061.62,0.0,54,1014.1,26.7,15.5,2,16.5,0.0,38280.27,56.28763,27.240772,9.0,11.2,0.9322639973775997,21.6,2,4,0.7802958510707755,0.6254105729852463,0.3420201433256689,-0.9396926207859083
2025-02-22,21.6,41154.86,0.0,53,1015.3,27.5,16.3,33,17.0,0.0,37162.2,56.28763,27.240772,9.0,11.2,0.902984483485061,22.6,2,5,0.7909456567567772,0.6118864012687243,0.6427876096865395,-0.7660444431189779
2025-02-23,22.6,41248.72,0.0,54,1013.8,28.1,16.0,71,12.0,0.0,37365.58,56.28763,27.240772,9.0,12.100000000000001,0.9058603515454541,22.7,2,6,0.8013610881746766,0.5981809144059165,0.9396926207859083,0.3420201433256688
2025-02-24,22.7,41343.14,0.0,70,1013.2,25.5,18.5,90,10.9,5.3,6165.7,56.28763,27.240772,9.0,7.0,0.14913477786157509,21.3,2,0,0.8115390590073611,0.5842981736283684,0.01745240643728351,0.9998476951563913
2025-02-25,21.3,41438.04,0.0,51,1014.3,27.3,15.5,70,26.5,0.0,35508.68,56.28763,27.240772,9.0,11.8,0.8569102206571546,19.7,2,1,0.8214765533024142,0.5702422926917871,-0.9205048534524403,-0.3907311284892738
2025-02-26,19.7,41533.34,0.0,52,1017.2,23.7,14.0,98,13.2,0.0,25518.84,56.28763,27.240772,9.0,9.7,0.6144181999328733,19.7,2,2,0.8311706263658079,0.5560174366570446,0.15643446504023098,-0.9876883405951377
2025-02-27,19.7,41628.95,0.0,47,1015.1,22.8,15.3,80,13.9,0.0,2919.28,56.28763,27.240772,9.0,7.5,0.070126198234642,19.4,2,3,0.8406184056344782,0.5416278206559814,-0.848048096156426,-0.529919264233205
2025-02-28,19.4,41724.8,0.0,41,1013.6,25.7,13.0,40,20.3,0.0,37645.09,56.28763,27.240772,9.0,12.7,0.9022233779430936,19.4,2,4,0.8498170915275278,0.5270777086423722,-0.45399049973954664,-0.8910065241883679
2025-03-01,19.4,41820.82,0.0,57,1013.5,24.9,13.6,3,16.9,0.0,39068.77,56.28763,27.240772,9.0,11.299999999999999,0.934194260179499,20.2,3,5,0.8587639582758029,0.5123714121284237,-0.4067366430758002,-0.9135454576426009
2025-03-02,20.2,41916.94,0.0,46,1012.0,27.7,14.9,3,34.2,0.0,39168.02,56.28763,27.240772,9.0,12.799999999999999,0.9344198312185955,21.0,3,6,0.8674563547295969,0.49751328890718066,-0.6819983600624984,-0.7313537016191706
2025-03-03,21.0,42013.07,0.0,24,1017.6,26.7,14.6,1,19.0,0.0,39243.74,56.28763,27.240772,9.0,12.1,0.9340840838339116,21.7,3,0,0.8758917051442429,0.48250774176121847,0.8191520442889918,0.573576436351046
2025-03-04,21.7,42109.14,0.0,23,1019.4,27.1,14.7,60,18.0,0.0,30876.5,56.28763,27.240772,9.0,12.400000000000002,0.73324936106508,23.2,3,1,0.8840675099433636,0.4673592171580022,0.9205048534524404,0.3907311284892737
2025-03-05,23.2,42205.08,0.0,39,1019.0,27.8,18.7,61,9.1,0.0,22977.79,56.28763,27.240772,9.0,9.100000000000001,0.5444318551226535,24.4,3,2,0.8919813464595485,0.45207220393230435,0.9063077870366499,0.42261826174069944
2025-03-06,24.4,42300.82,0.0,37,1016.9,29.2,17.0,73,12.4,0.0,33553.96,56.28763,27.240772,9.0,12.2,0.7932224481700355,27.8,3,3,0.8996308696522433,0.43665123195606403,0.20791169081775931,-0.9781476007338057
2025-03-07,27.8,42396.28,0.0,35,1013.9,33.5,21.9,87,10.9,0.0,34297.78,56.28763,27.240772,9.0,11.600000000000001,0.8089808822849552,27.8,3,4,0.9070138128026359,0.4211008707960896,0.8746197071393959,-0.484809620246337
2025-03-08,27.8,42491.53,0.0,33,1009.7,33.2,22.2,78,12.5,0.0,39031.91,56.28763,27.240772,9.0,11.000000000000004,0.9185809501328854,25.6,3,5,0.9141279881853337,0.40542572835999735,0.6156614753256584,-0.7880107536067219
2025-03-09,25.6,42587.29,0.0,41,1011.6,31.3,21.5,99,20.8,1.8,0.0,56.28763,27.240772,9.0,9.8,0.0,26.3,3,6,0.9209712877166346,0.38963044953078796,-0.9998476951563913,-0.017452406437283498
2025-03-10,26.3,42683.61,0.0,46,1013.7,31.8,21.3,94,23.2,0.4,34220.74,56.28763,27.240772,9.0,10.5,0.8017302191637492,27.7,3,0,0.9275416835791966,0.37371971479046906,-0.6691306063588582,-0.7431448254773942
2025-03-11,27.7,42780.45,0.0,39,1013.7,33.6,22.1,47,20.2,0.0,39526.56,56.28763,27.240772,9.0,11.5,0.9239397902546608,26.6,3,1,0.9338372288229252,0.35769823883312546,-0.15643446504023073,-0.9876883405951378
2025-03-12,26.6,42877.72,0.0,47,1012.2,32.6,21.7,37,20.6,0.0,37791.04,56.28763,27.240772,9.0,10.900000000000002,0.8813677592931713,24.6,3,2,0.9398560579418954,0.3415707691678556,-0.45399049973954664,-0.8910065241883679
2025-03-13,24.6,42975.36,0.0,62,1011.1,30.5,20.0,8,29.1,0.0,39593.09,56.28763,27.240772,9.0,10.5,0.921297459753682,25.4,3,3,0.9455963874271426,0.3253420847119801,0.4383711467890773,-0.898794046299167
2025-03-14,25.4,43073.32,0.0,38,1012.9,30.5,20.0,0,17.1,0.0,39600.0,56.28763,27.240772,9.0,10.5,0.9193626124013659,25.6,3,4,0.9510565162951535,0.30901699437494745,-0.6156614753256582,-0.788010753606722
2025-03-15,25.6,43171.51,0.0,33,1014.5,30.7,20.5,0,16.4,0.0,39600.0,56.28763,27.240772,9.0,10.2,0.917271598792815,26.7,3,5,0.9562348265919056,0.29260033563334836,0.766044443118978,-0.6427876096865394
2025-03-16,26.7,43269.88,0.0,26,1015.0,32.3,20.1,58,16.8,0.0,39600.0,56.28763,27.240772,9.0,12.199999999999996,0.9151862681384835,25.1,3,6,0.9611297838723007,0.27609697309746883,-0.29237170472273677,-0.9563047559630354
2025-03-17,25.1,43368.36,0.0,34,1013.7,29.1,20.4,86,32.2,0.0,12323.95,56.28763,27.240772,9.0,8.700000000000003,0.2841691500439491,23.7,3,0,0.9657399376548549,0.2595117970697999,-0.9271838545667873,-0.3746065934159123
2025-03-18,23.7,43466.89,0.0,53,1012.2,30.1,17.8,0,23.8,0.0,39600.0,56.28763,27.240772,9.0,12.3,0.9110382638371414,23.8,3,1,0.9700639218515071,0.2428497220959356,-0.5000000000000001,-0.8660254037844386
2025-03-19,23.8,43565.41,0.0,71,1013.3,30.0,18.8,0,23.9,0.0,39600.0,56.28763,27.240772,9.0,11.2,0.9089780171929978,24.6,3,2,0.9741004551724205,0.22611568550828828,-0.1045284632676535,-0.9945218953682733
2025-03-20,24.6,43663.84,0.0,65,1015.2,31.2,19.0,2,14.7,0.0,39600.0,56.28763,27.240772,9.0,12.2,0.9069289370792858,25.9,3,3,0.9778483415056568,0.20931464596304847,0.3583679495453002,-0.9335804264972017
2025-03-21,25.9,43762.12,0.0,42,1015.7,33.0,18.9,9,15.2,0.0,39600.0,56.28763,27.240772,9.0,14.100000000000001,0.9048921761559997,27.5,3,4,0.9813064702716093,0.19245158197082998,0.7313537016191706,-0.6819983600624984
2025-03-22,27.5,43860.19,0.0,38,1013.1,33.9,19.9,47,23.7,0.0,39600.0,56.28763,27.240772,9.0,14.0,0.9028688658211467,27.2,3,5,0.9844738167520922,0.1755314904214282,-0.48480962024633695,-0.8746197071393959
2025-03-23,27.2,43957.98,0.0,47,1012.6,32.8,22.1,48,23.6,0.0,35076.8,56.28763,27.240772,9.0,10.699999999999996,0.7979620537613421,24.8,3,6,0.9873494423939864,0.15855938510313475,-0.5735764363510462,-0.8191520442889918
2025-03-24,24.8,44055.44,0.0,60,1011.8,31.8,18.4,6,34.9,0.0,39600.0,56.28763,27.240772,9.0,13.400000000000002,0.8988674270419271,22.7,3,0,0.989932495087353,0.141540295217043,-0.5591929034707467,-0.8290375725550417
2025-03-25,22.7,44152.48,0.0,54,1011.0,27.5,18.1,3,20.8,0.0,39600.0,56.28763,27.240772,9.0,9.399999999999999,0.8968918620199816,22.9,3,1,0.9922222094179323,0.12447926388678915,0.39073112848927377,-0.9205048534524404
2025-03-26,22.9,44249.05,0.0,45,1012.0,27.3,18.5,1,21.5,0.0,39600.0,56.28763,27.240772,9.0,8.8,0.8949344675196416,24.3,3,2,0.994217906893952,0.10738134666416309,-0.5150380749100542,-0.8571673007021123
2025-03-27,24.3,44345.07,0.0,32,1013.9,30.8,18.8,0,19.9,0.0,39600.0,56.28763,27.240772,9.0,12.0,0.8929966735873909,24.7,3,3,0.995918996147179,0.09025161003104117,0.8660254037844386,0.5000000000000001
2025-03-28,24.7,44440.61,0.0,30,1014.0,31.3,18.8,81,16.5,0.0,38494.87,56.28763,27.240772,9.0,12.5,0.8662093072079794,24.6,3,4,0.9973249731081555,0.07309512989807777,0.9986295347545738,0.052335956242943966
2025-03-29,24.6,44536.32,0.0,37,1012.9,30.0,18.2,0,15.3,0.0,39636.47,56.28763,27.240772,9.0,11.8,0.8899808066764385,25.9,3,5,0.9984354211555643,0.055916990100603484,0.45399049973954686,-0.8910065241883678
2025-03-30,25.9,44632.29,0.0,38,1012.9,32.4,18.3,2,15.3,0.0,39737.55,56.28763,27.240772,9.0,14.099999999999998,0.8903318651137999,26.8,3,6,0.9992500112396835,0.03872228089217446,0.01745240643728344,-0.9998476951563913
2025-03-31,26.8,44728.43,0.0,35,1012.2,33.4,19.6,19,17.0,0.0,39842.62,56.28763,27.240772,9.0,13.799999999999997,0.8907672368558432,26.7,3,0,0.9997685019798909,0.021516097436222254,-0.17364817766693047,-0.984807753012208
2025-04-01,26.7,44824.7,0.0,45,1010.7,33.6,19.9,3,17.2,0.0,39713.56,56.28763,27.240772,9.0,13.700000000000003,0.8859749200775465,27.7,4,1,0.9999907397361901,0.004303538296244289,0.19080899537654497,-0.981627183447664
2025-04-02,27.7,44921.03,0.0,47,1009.6,35.9,19.4,25,14.2,0.0,39943.02,56.28763,27.240772,9.0,16.5,0.8891830841812843,27.4,4,2,0.9999166586547379,-0.01291029607500882,-0.6293203910498376,-0.7771459614569708
2025-04-03,27.4,45017.36,0.0,55,1010.0,34.5,20.8,16,16.0,0.0,39933.83,56.28763,27.240772,9.0,13.7,0.8870762301476586,28.6,4,3,0.9995462806873573,-0.030120304846908114,0.06975647374412552,-0.9975640502598242
2025-04-04,28.6,45113.62,0.0,43,1010.8,35.5,21.5,13,20.5,0.0,39924.02,56.28763,27.240772,9.0,14.0,0.8849660036148728,29.9,4,4,0.9988797155850336,-0.04732138832243185,-0.12186934340514731,-0.9925461516413221
2025-04-05,29.9,45209.76,0.0,33,1011.0,37.6,22.4,17,24.0,0.0,40041.0,56.28763,27.240772,9.0,15.200000000000003,0.885671589497489,29.7,4,5,0.9979171608653922,-0.06450844944931623,-0.587785252292473,-0.8090169943749475
2025-04-06,29.7,45305.71,0.0,35,1010.2,38.5,22.2,31,26.1,0.0,40161.35,56.28763,27.240772,9.0,16.3,0.886452281621897,29.7,4,6,0.9966589017541702,-0.08167639533042241,-0.39073112848927355,-0.9205048534524404
2025-04-07,29.7,45401.41,0.0,42,1009.7,36.9,22.4,76,18.2,0.0,39861.84,56.28763,27.240772,9.0,14.5,0.8779868290434151,29.3,4,0,0.9951053111006976,-0.09882013873287143,0.05233595624294381,-0.9986295347545738
2025-04-08,29.3,45496.79,0.0,50,1008.6,36.9,23.0,23,21.9,0.0,37069.86,56.28763,27.240772,9.0,13.899999999999999,0.8147796800609449,29.5,4,1,0.9932568492674143,-0.11593459959550041,-0.29237170472273677,-0.9563047559630354
2025-04-09,29.5,45591.77,0.0,47,1008.1,36.8,22.8,0,14.4,0.0,40406.63,56.28763,27.240772,9.0,13.999999999999996,0.8862702632514596,29.4,4,2,0.9911140639934547,-0.1330147065341959,-0.754709580222772,-0.6560590289905073
2025-04-10,29.4,45686.31,0.0,51,1005.1,37.7,22.6,5,14.3,0.0,40537.54,56.28763,27.240772,9.0,15.100000000000001,0.8873016884051262,29.2,4,3,0.9886775902323405,-0.1500553983446526,-0.13917310096006552,-0.9902680687415703
2025-04-11,29.2,45780.33,0.0,54,1002.7,37.8,22.1,4,25.4,0.0,40671.3,56.28763,27.240772,9.0,15.699999999999996,0.8884011976322582,29.7,4,4,0.9859481499638304,-0.16705162550211924,-0.22495105434386498,-0.9743700647852352
2025-04-12,29.7,45873.76,0.0,46,1004.2,36.3,23.0,0,18.9,0.0,40807.79,56.28763,27.240772,9.0,13.299999999999997,0.8895671512428892,31.5,4,5,0.9829265519799822,-0.18399835165768005,0.8987940462991669,-0.4383711467890775
2025-04-13,31.5,45966.53,0.0,40,1007.9,37.7,24.9,0,14.8,0.0,40805.59,56.28763,27.240772,9.0,12.800000000000004,0.8877239591502774,31.8,4,6,0.9796136916454901,-0.20089055513063506,0.5150380749100544,-0.8571673007021122
2025-04-14,31.8,46058.57,0.0,37,1008.3,38.1,23.9,24,16.6,0.0,40945.74,56.28763,27.240772,9.0,14.200000000000003,0.888992862783191,32.1,4,0,0.9760105506323683,-0.21772323039653177,0.49999999999999994,-0.8660254037844387
2025-04-15,32.1,46149.81,0.0,39,1007.1,40.1,25.0,41,28.3,0.0,39645.55,56.28763,27.240772,9.0,15.100000000000001,0.8590620416422083,30.0,4,1,0.9721181966290613,-0.23449138957040985,1.2246467991473532e-16,-1.0
2025-04-16,30.0,46240.17,0.0,52,1006.8,37.2,23.7,1,24.9,0.0,41087.73,56.28763,27.240772,9.0,13.500000000000004,0.8885722089689551,27.6,4,2,0.9679377830240642,-0.25119006388481935,-0.052335956242943564,-0.9986295347545738
2025-04-17,27.6,46329.71,0.0,61,1006.1,35.4,22.4,0,24.5,0.0,41380.72,56.28763,27.240772,9.0,13.0,0.8931789126243183,26.8,4,3,0.9634705485641488,-0.2678143051621742,0.06975647374412552,-0.9975640502598242
2025-04-18,26.8,46419.05,0.0,65,1006.9,32.4,22.0,7,18.9,0.0,41381.9,56.28763,27.240772,9.0,10.399999999999999,0.8914852845975951,26.5,4,4,0.9587178169872964,-0.2843591872810034,0.3583679495453002,-0.9335804264972017
2025-04-19,26.5,46508.28,0.0,65,1008.4,30.7,21.8,1,16.8,0.0,41532.29,56.28763,27.240772,9.0,8.899999999999999,0.89300851375282,27.6,4,5,0.9536809966304457,-0.30081980763566735,0.6819983600624985,-0.7313537016191705
2025-04-20,27.6,46597.3,0.0,53,1009.1,34.0,22.0,28,17.7,0.0,41533.9,56.28763,27.240772,9.0,12.0,0.8913370517175888,27.8,4,6,0.9483615800121715,-0.3171912885891061,0.48480962024633717,-0.8746197071393957
2025-04-21,27.8,46686.07,0.0,53,1011.4,34.4,21.6,3,15.0,0.0,41535.12,56.28763,27.240772,9.0,12.799999999999997,0.8896683743137943,28.3,4,0,0.9427611433904207,-0.3334687789181868,-0.052335956242943564,-0.9986295347545738
2025-04-22,28.3,46774.51,0.0,51,1012.0,34.2,21.5,4,18.4,0.0,41689.35,56.28763,27.240772,9.0,12.700000000000003,0.8912835217301046,30.3,4,1,0.9368813462954315,-0.3496474552512284,0.05233595624294381,-0.9986295347545738
2025-04-23,30.3,46862.55,0.0,42,1008.8,37.7,22.1,1,27.7,0.0,42000.12,56.28763,27.240772,9.0,15.600000000000001,0.8962406015037594,31.2,4,2,0.9307239310379795,-0.36572252349726897,-0.5150380749100542,-0.8571673007021123
2025-04-24,31.2,46950.14,0.0,41,1006.1,38.3,24.4,1,20.5,0.0,42315.17,56.28763,27.240772,9.0,13.899999999999999,0.9012788886252522,31.7,4,3,0.9242907221930933,-0.3816892202666588,-0.48480962024633695,-0.8746197071393959
2025-04-25,31.7,47037.19,0.0,40,1006.6,39.0,23.5,8,17.1,0.0,42477.57,56.28763,27.240772,9.0,15.5,0.9030635120847992,33.7,4,4,0.9175836260593937,-0.39754281428255595,0.03489949670250114,-0.9993908270190958
2025-04-26,33.7,47123.63,0.0,26,1006.2,40.7,24.6,88,16.5,0.0,41296.52,56.28763,27.240772,9.0,16.1,0.8763442035344051,33.8,4,5,0.9106046300942162,-0.4132786077829042,-0.6018150231520484,-0.7986355100472928
2025-04-27,33.8,47209.4,0.0,29,1006.1,40.7,26.7,96,24.7,0.0,39652.73,56.28763,27.240772,9.0,14.000000000000004,0.8399329370845637,33.4,4,6,0.9033558023246845,-0.4288919379124835,-0.19080899537654472,-0.981627183447664
2025-04-28,33.4,47294.41,0.0,28,1004.5,43.2,26.8,31,30.4,0.0,39600.0,56.28763,27.240772,9.0,16.400000000000002,0.8373082569377649,32.9,4,0,0.895839290734909,-0.4443781781046132,-0.22495105434386498,-0.9743700647852352
2025-04-29,32.9,47378.61,0.0,32,1003.7,39.5,25.1,1,23.5,0.0,43139.45,56.28763,27.240772,9.0,14.399999999999999,0.9105258681079921,32.8,4,1,0.8880573226294932,-0.45973273945210397,1.2246467991473532e-16,-1.0
2025-04-30,32.8,47461.89,0.0,34,1004.9,39.8,26.6,13,23.2,0.0,43153.68,56.28763,27.240772,9.0,13.199999999999996,0.9092280143079006,31.9,4,2,0.8800122039735357,-0.47495107206704995,0.8660254037844387,-0.4999999999999998
2025-05-01,31.9,47544.2,0.0,45,1006.1,38.0,25.8,6,15.5,0.0,41493.35,56.28763,27.240772,9.0,12.2,0.8727321103310183,32.1,5,3,0.8717063187093218,-0.4900286664290592,0.6819983600624985,-0.7313537016191705
2025-05-02,32.1,47625.45,0.0,51,1005.8,39.0,24.9,1,15.4,0.0,43024.57,56.28763,27.240772,9.0,14.100000000000001,0.9033945086083177,32.6,5,4,0.8631421280499114,-0.5049610547215204,0.4226182617406995,-0.9063077870366499
2025-05-03,32.6,47705.56,0.0,50,1004.1,39.4,25.7,5,17.5,0.0,43200.0,56.28763,27.240772,9.0,13.7,0.9055548242175545,32.1,5,5,0.854322169749827,-0.5197438121555155,-0.12186934340514731,-0.9925461516413221
2025-05-04,32.1,47784.45,0.0,55,1002.9,38.1,26.1,13,19.2,0.0,43196.27,56.28763,27.240772,9.0,12.0,0.9039817346438015,32.5,5,6,0.8452490573530633,-0.5343725582809786,0.03489949670250114,-0.9993908270190958
2025-05-05,32.5,47862.03,0.0,52,1002.1,39.2,26.7,2,22.9,0.0,43200.0,56.28763,27.240772,9.0,12.500000000000004,0.9025943947634482,32.1,5,0,0.8359254794186372,-0.548842958284719,0.49999999999999994,-0.8660254037844387
2025-05-06,32.1,47938.22,0.0,52,1001.3,38.1,26.8,15,19.9,0.0,43200.0,56.28763,27.240772,9.0,11.3,0.9011598678465742,30.0,5,1,0.8263541987239096,-0.5631507242749186,0.8290375725550417,-0.5591929034707467
2025-05-07,30.0,48013.05,0.0,61,1001.5,37.5,23.8,6,24.5,0.0,43200.0,56.28763,27.240772,9.0,13.7,0.8997553790063326,28.5,5,2,0.8165380514459161,-0.5772916165517272,-0.2588190451025208,-0.9659258262890683
2025-05-08,28.5,48087.11,0.0,66,1003.4,34.3,23.1,13,16.3,0.0,40450.84,56.28763,27.240772,9.0,11.199999999999996,0.8411992319771348,30.3,5,3,0.8064799463209448,-0.5912614448635781,-0.275637355816999,-0.9612616959383189
2025-05-09,30.3,48160.43,0.0,55,1005.8,37.2,23.6,1,17.6,0.0,43200.0,56.28763,27.240772,9.0,13.600000000000001,0.8970019578313566,30.2,5,4,0.7961828637826158,-0.6050560696488488,-0.22495105434386498,-0.9743700647852352
2025-05-10,30.2,48232.96,0.0,58,1007.4,34.9,24.8,0,13.5,0.0,43200.0,56.28763,27.240772,9.0,10.099999999999998,0.8956530969693753,31.5,5,5,0.7856498550787147,-0.6186714032625031,0.4226182617406995,-0.9063077870366499
2025-05-11,31.5,48304.64,0.0,47,1005.6,36.9,24.5,6,15.9,0.0,43200.0,56.28763,27.240772,9.0,12.399999999999999,0.8943240235306588,33.1,5,6,0.7748840413670407,-0.6321034111873487,1.2246467991473532e-16,-1.0
2025-05-12,33.1,48375.38,0.0,35,1003.6,39.6,26.1,0,23.5,0.0,43232.38,56.28763,27.240772,9.0,13.5,0.8936855896532492,33.3,5,0,0.7638886127905428,-0.6453481132295501,-0.13917310096006552,-0.9902680687415703
2025-05-13,33.3,48445.13,0.0,30,1003.9,40.8,26.8,0,23.9,0.0,43226.25,56.28763,27.240772,9.0,13.999999999999996,0.8922723501825675,34.0,5,1,0.7526668275320085,-0.6584015846980488,-0.2588190451025208,-0.9659258262890683
2025-05-14,34.0,48513.82,0.0,29,1004.6,41.3,26.6,0,31.0,0.0,43220.0,56.28763,27.240772,9.0,14.699999999999996,0.8908801656929922,33.7,5,2,0.7412220108485958,-0.6712599575675313,-0.754709580222772,-0.6560590289905073
2025-05-15,33.7,48581.36,0.0,38,1004.9,42.5,27.1,0,30.7,0.0,43213.65,56.28763,27.240772,9.0,15.399999999999999,0.8895109152975544,32.7,5,3,0.7295575540864875,-0.6839194216246106,-0.7193398003386512,-0.6946583704589973
2025-05-16,32.7,48647.7,0.0,50,1003.6,40.8,25.8,0,25.6,0.0,43330.55,56.28763,27.240772,9.0,14.999999999999996,0.8907008964452586,32.2,5,4,0.717676913675962,-0.6963762255968722,-0.6293203910498376,-0.7771459614569708
2025-05-17,32.2,48712.77,0.0,59,1002.6,40.1,25.2,0,19.7,0.0,43200.66,56.28763,27.240772,9.0,14.900000000000002,0.8868446610611551,32.0,5,5,0.705583610107178,-0.7086266782644596,-0.4067366430758002,-0.9135454576426009
2025-05-18,32.0,48776.48,0.0,64,1003.3,38.7,26.4,0,19.0,0.0,43200.0,56.28763,27.240772,9.0,12.300000000000004,0.8856727668745263,34.2,5,6,0.6932812268869777,-0.7206671495538609,-0.13917310096006552,-0.9902680687415703
2023-01-01,3.7,36381.14,0.0,66,1031.5,8.6,-0.9,13,18.4,0.0,32400.0,54.368233,31.880491,1217.0,9.5,0.8905713234934365,3.7,1,6,0.017213356155834685,0.9998518392091162,-0.9781476007338056,0.20791169081775943
2023-01-02,3.7,36412.61,0.0,61,1033.8,8.7,-1.5,67,9.0,0.0,31666.38,54.368233,31.880491,1217.0,10.2,0.8696542214359256,4.1,1,0,0.03442161162274574,0.9994074007397048,0.9975640502598242,-0.06975647374412533
2023-01-03,4.1,36446.9,0.0,52,1032.6,11.0,-2.2,0,11.5,0.0,32400.0,54.368233,31.880491,1217.0,13.2,0.8889644935508918,5.9,1,1,0.051619667223253764,0.998666816288476,0.8191520442889917,-0.5735764363510462
2023-01-04,5.9,36483.94,0.0,53,1024.3,12.9,-2.1,86,15.0,0.5,26532.31,54.368233,31.880491,1217.0,15.0,0.7272325850771599,6.9,1,2,0.06880242680231986,0.9976303053065857,0.6156614753256584,-0.7880107536067219
2023-01-05,6.9,36523.65,0.0,75,1017.4,14.1,2.2,60,20.6,2.1,14292.43,54.368233,31.880491,1217.0,11.899999999999999,0.39131987082342534,4.9,1,3,0.08596479873744647,0.9962981749346078,-0.22495105434386498,-0.9743700647852352
2023-01-06,4.9,36565.95,0.0,83,1020.7,11.6,-0.7,35,12.3,0.0,27048.65,54.368233,31.880491,1217.0,12.299999999999999,0.7397223373110777,6.4,1,4,0.10310169744743485,0.9946708199115211,-0.8829475928589271,0.4694715627858904
2023-01-07,6.4,36610.76,0.0,62,1017.8,13.2,0.6,0,11.7,0.0,32400.0,54.368233,31.880491,1217.0,12.6,0.88498572550802,6.4,1,5,0.1202080448993527,0.9927487224577402,-0.9902680687415704,0.13917310096006547
2023-01-08,6.4,36658.0,0.0,49,1018.7,12.2,1.0,5,9.8,0.0,32400.0,54.368233,31.880491,1217.0,11.2,0.8838452725189591,7.0,1,6,0.13727877211326478,0.9905324521322229,0.7986355100472927,-0.6018150231520484
2023-01-09,7.0,36707.59,0.0,46,1019.8,12.1,2.0,66,17.5,1.4,27287.9,54.368233,31.880491,1217.0,10.1,0.743385768447343,0.5,1,0,0.15430882066428117,0.9880226656636976,-0.8090169943749476,0.5877852522924729
2023-01-10,0.5,36759.47,7.91,96,1026.6,2.7,-1.1,100,29.6,14.8,0.0,54.368233,31.880491,1217.0,3.8000000000000003,0.0,-0.2,1,1,0.1712931441814776,0.9852201067560606,-0.8829475928589271,0.4694715627858904
2023-01-11,-0.2,36813.54,0.0,63,1035.6,3.0,-4.6,87,20.5,0.0,21885.45,54.368233,31.880491,1217.0,7.6,0.5944945799833431,-1.9,1,2,0.1882267098432442,0.9821256058680006,-0.898794046299167,0.4383711467890774
2023-01-12,-1.9,36869.73,0.0,61,1035.9,2.2,-5.2,0,10.1,0.0,32400.0,54.368233,31.880491,1217.0,7.4,0.8787696573856114,-1.4,1,3,0.2051044998686192,0.9787400799669153,-0.9702957262759966,0.24192189559966742
2023-01-13,-1.4,36927.95,0.0,66,1033.2,3.5,-5.0,0,8.7,0.0,32428.84,54.368233,31.880491,1217.0,8.5,0.8781651838241766,0.7,1,4,0.2219215130041655,0.9750645322571948,0.4383711467890773,-0.898794046299167
2023-01-14,0.7,36988.14,0.0,67,1029.5,6.9,-5.3,76,15.0,0.0,32400.0,54.368233,31.880491,1217.0,12.2,0.8759564552313255,2.6,1,5,0.2386727660059501,0.9711000518829505,0.8090169943749475,-0.587785252292473
2023-01-15,2.6,37050.22,0.07,77,1024.6,12.2,-2.8,16,19.2,0.1,32418.28,54.368233,31.880491,1217.0,15.0,0.8749821188646113,3.4,1,6,0.255353295116187,0.9668478136052775,-0.9659258262890684,0.2588190451025203
2023-01-16,3.4,37114.1,0.0,71,1023.9,11.4,-2.8,28,16.1,0.0,32411.89,54.368233,31.880491,1217.0,14.2,0.873303946478562,1.5,1,0,0.2719581575341055,0.9623090774541486,-0.8660254037844386,0.5000000000000001
2023-01-17,1.5,37179.71,13.86,85,1023.2,5.0,-0.5,100,29.1,21.6,0.0,54.368233,31.880491,1217.0,5.5,0.0,-1.3,1,1,0.288482432880609,0.9574851883550393,-0.8386705679454243,0.5446390350150266
2023-01-18,-1.3,37247.12,0.77,88,1026.0,3.0,-5.7,28,25.6,1.1,32567.73,54.368233,31.880491,1217.0,8.7,0.8743690787368258,-0.0,1,2,0.30492122465628907,0.9523775757303974,-0.9563047559630353,-0.2923717047227371
2023-01-19,-0.0,37317.07,0.0,76,1027.9,5.8,-6.9,0,10.6,0.0,32565.76,54.368233,31.880491,1217.0,12.7,0.8726773029072218,1.6,1,3,0.3212696616923644,0.9469877530760753,-0.1045284632676535,-0.9945218953682733
2023-01-20,1.6,37389.57,0.0,67,1028.9,6.4,-2.9,1,10.2,0.0,32654.7,54.368233,31.880491,1217.0,9.3,0.8733638819595947,2.3,1,4,0.3375228995941133,0.9413173175128471,-0.35836794954530043,-0.9335804264972017
2023-01-21,2.3,37464.48,0.0,56,1027.3,7.6,-2.7,0,9.4,0.0,32749.02,54.368233,31.880491,1217.0,10.3,0.8741351808432947,1.2,1,5,0.3536761221763716,0.9353679493131483,-0.17364817766693047,-0.984807753012208
2023-01-22,1.2,37541.69,0.0,65,1029.5,5.9,-2.5,21,12.2,0.0,32400.0,54.368233,31.880491,1217.0,8.4,0.8630405290758087,0.7,1,6,0.3697245428906731,0.9291414114031743,-0.8660254037844386,0.5000000000000001
2023-01-23,0.7,37621.06,0.0,61,1029.9,5.2,-3.1,8,11.0,0.0,32448.24,54.368233,31.880491,1217.0,8.3,0.8625020134998855,-0.2,1,0,0.38566340624360707,0.9226395488404876,-0.9902680687415703,-0.13917310096006583
2023-01-24,-0.2,37702.46,0.0,57,1029.5,4.8,-5.8,5,11.6,0.0,32978.01,54.368233,31.880491,1217.0,10.6,0.8746912005211331,-0.7,1,1,0.401487989205973,0.9158642882672872,-0.981627183447664,-0.1908089953765446
2023-01-25,-0.7,37785.79,0.0,61,1027.3,5.2,-5.5,6,11.2,0.0,33085.45,54.368233,31.880491,1217.0,10.7,0.8756056178791021,1.6,1,2,0.4171936026123168,0.9088176373395029,0.4383711467890773,-0.898794046299167
2023-01-26,1.6,37870.92,0.0,64,1024.7,7.8,-4.1,24,10.3,0.0,33075.11,54.368233,31.880491,1217.0,11.899999999999999,0.8733643122480257,1.1,1,3,0.4327755925504312,0.901501684131884,0.03489949670250114,-0.9993908270190958
2023-01-27,1.1,37957.71,0.56,79,1025.0,6.0,-2.1,49,18.2,0.8,32519.44,54.368233,31.880491,1217.0,8.1,0.856728185130241,1.3,1,4,0.4482293417404106,0.893918596519257,-0.7880107536067218,0.6156614753256585
2023-01-28,1.3,38046.06,0.0,70,1022.7,6.3,-3.0,17,20.9,0.0,33201.19,54.368233,31.880491,1217.0,9.3,0.8726577732359146,6.0,1,5,0.4635502709028509,0.886070621534138,0.9455185755993168,-0.32556815445715664
2023-01-29,6.0,38135.85,0.0,44,1013.4,13.8,-1.0,35,22.7,0.0,33203.04,54.368233,31.880491,1217.0,14.8,0.870651630945685,9.0,1,6,0.47873384011578846,0.8779600847008882,0.766044443118978,-0.6427876096865394
2023-01-30,9.0,38226.96,0.0,55,1013.2,15.9,3.0,64,16.9,1.0,18528.72,54.368233,31.880491,1217.0,12.9,0.48470294263525016,11.8,1,0,0.49377555015997715,0.869589389346611,0.7431448254773942,-0.6691306063588582
2023-01-31,11.8,38319.29,0.0,44,1008.3,18.0,5.1,84,32.9,0.9,30364.88,54.368233,31.880491,1217.0,12.9,0.792417604814703,10.5,1,1,0.5086709438521044,0.8609610158889943,0.6819983600624985,-0.7313537016191705
2023-02-01,10.5,38412.71,0.0,59,1010.1,14.8,4.3,82,28.7,1.8,21871.09,54.368233,31.880491,1217.0,10.5,0.5693711794872062,8.7,2,2,0.5234156073655503,0.8520775211013093,-0.017452406437283637,-0.9998476951563913
2023-02-02,8.7,38507.12,0.0,68,1014.3,15.2,3.5,10,12.1,0.0,33717.09,54.368233,31.880491,1217.0,11.7,0.8756066410575497,7.8,2,3,0.5380051715382996,0.8429415373547828,-0.9455185755993168,-0.32556815445715664
2023-02-03,7.8,38602.43,0.0,45,1018.6,14.6,2.5,11,14.8,0.0,34355.21,54.368233,31.880491,1217.0,12.1,0.8899753202065258,4.6,2,4,0.5524353131676196,0.8335557718385699,-0.9986295347545738,-0.052335956242944306
2023-02-04,4.6,38698.5,0.0,57,1018.1,11.0,-1.4,30,12.9,0.0,34235.91,54.368233,31.880491,1217.0,12.4,0.8846831272529944,6.5,2,5,0.5667017562911176,0.8239230057575542,-0.8480480961564261,0.5299192642332047
2023-02-05,6.5,38795.25,0.0,40,1016.3,14.1,-0.6,15,12.7,0.0,34738.27,54.368233,31.880491,1217.0,14.7,0.8954258575469934,9.2,2,6,0.5808002734538009,0.8140460935082178,0.7313537016191706,-0.6819983600624984
2023-02-06,9.2,38892.56,0.0,35,1014.4,16.8,1.0,99,17.5,1.0,21837.04,54.368233,31.880491,1217.0,15.8,0.5614708828629436,12.2,2,0,0.5947266869607634,0.8039279618328213,0.8290375725550417,-0.5591929034707467
2023-02-07,12.2,38990.52,0.0,49,1008.5,18.7,6.4,69,17.4,0.0,30707.05,54.368233,31.880491,1217.0,12.299999999999999,0.7875516920523246,10.9,2,1,0.6084768701151261,0.7935716089521474,0.3420201433256689,-0.9396926207859083
2023-02-08,10.9,39090.07,0.0,35,1009.6,19.0,3.8,4,26.5,0.0,35095.14,54.368233,31.880491,1217.0,15.2,0.8978019225854545,6.5,2,2,0.6220467484408675,0.7829801036770629,-0.7313537016191703,0.6819983600624986
2023-02-09,6.5,39191.25,0.0,36,1017.3,12.2,1.5,5,29.5,0.0,35258.26,54.368233,31.880491,1217.0,10.7,0.8996462220521163,2.1,2,3,0.6354323008901774,0.7721565844991642,-0.6560590289905074,0.7547095802227719
2023-02-10,2.1,39293.95,0.0,55,1027.7,5.4,0.2,68,22.2,0.0,26039.68,54.368233,31.880491,1217.0,5.2,0.6626892944079178,3.7,2,4,0.6486295610349814,0.7611042586607747,-0.9205048534524405,0.3907311284892735
2023-02-11,3.7,39398.05,0.0,45,1026.5,9.9,-2.3,23,11.9,0.0,35371.0,54.368233,31.880491,1217.0,12.2,0.8977855503000782,4.2,2,5,0.6616346182422783,0.7498264012045686,-0.6018150231520484,-0.7986355100472928
2023-02-12,4.2,39503.45,0.0,55,1019.5,10.4,-0.2,93,25.6,0.3,25200.0,54.368233,31.880491,1217.0,10.6,0.6379189665712742,7.6,2,6,0.6744436188329455,0.7383263540031065,-0.9781476007338056,0.20791169081775943
2023-02-13,7.6,39610.02,0.0,65,1018.8,16.1,-2.7,99,16.0,0.9,19523.87,54.368233,31.880491,1217.0,18.8,0.49290230098343807,6.3,2,0,0.6870527672236669,0.7266075247685656,-0.9986295347545738,-0.052335956242944306
2023-02-14,6.3,39717.64,0.0,84,1018.0,9.4,2.8,100,22.3,1.7,1973.26,54.368233,31.880491,1217.0,6.6000000000000005,0.04968220669707465,15.3,2,1,0.699458327051647,0.7146733860429609,-0.9986295347545738,0.052335956242943946
2023-02-15,15.3,39826.23,0.0,38,1008.3,22.2,5.6,98,23.0,0.0,32005.53,54.368233,31.880491,1217.0,16.6,0.8036294170952158,8.8,2,2,0.7116566222817746,0.7025274741691571,-0.2588190451025208,-0.9659258262890683
2023-02-16,8.8,39935.66,0.0,77,1016.1,12.5,4.4,100,20.1,10.0,103.59,54.368233,31.880491,1217.0,8.1,0.0025939223240582475,6.1,2,3,0.7236440382959124,0.6901733882429719,-1.0,-1.8369701987210297e-16
2023-02-17,6.1,40045.84,0.0,76,1023.7,11.4,2.2,56,17.7,0.0,34036.2,54.368233,31.880491,1217.0,9.2,0.8499309790979538,5.6,2,4,0.7354170229639855,0.6776147890466889,-0.9816271834476639,0.1908089953765451
2023-02-18,5.6,40156.64,0.0,67,1023.9,11.4,0.3,50,15.3,0.0,35198.48,54.368233,31.880491,1217.0,11.1,0.8765295104371283,7.9,2,5,0.7469720876965552,0.6648553979642865,-0.9945218953682734,0.10452846326765299
2023-02-19,7.9,40268.0,0.0,45,1020.7,15.1,1.2,11,15.4,0.0,36684.55,54.368233,31.880491,1217.0,13.9,0.9110099831131421,10.2,2,6,0.7583058084785624,0.6518989958787126,-0.19080899537654472,-0.981627183447664
2023-02-20,10.2,40379.77,0.0,32,1017.7,18.0,2.7,0,16.5,0.0,37139.43,54.368233,31.880491,1217.0,15.3,0.9197533814580916,12.3,2,0,0.7694148268839378,0.6387494220515272,0.5877852522924732,-0.8090169943749473
2023-02-21,12.3,40491.89,0.0,28,1013.7,20.8,2.0,0,30.5,0.0,37470.88,54.368233,31.880491,1217.0,18.8,0.9253922205162564,13.0,2,1,0.7802958510707755,0.6254105729852463,-0.9945218953682734,-0.10452846326765336
2023-02-22,13.0,40604.25,0.0,30,1013.8,20.6,5.3,7,20.0,0.0,37536.71,54.368233,31.880491,1217.0,15.3,0.924452735858931,15.3,2,2,0.7909456567567772,0.6118864012687243,0.7071067811865476,-0.7071067811865475
2023-02-23,15.3,40716.74,0.0,29,1011.9,22.2,5.2,77,19.0,0.0,34537.24,54.368233,31.880491,1217.0,17.0,0.848231955701758,14.0,2,3,0.8013610881746766,0.5981809144059165,-0.13917310096006552,-0.9902680687415703
2023-02-24,14.0,40829.28,0.0,45,1013.9,20.5,8.1,51,18.0,0.5,30089.31,54.368233,31.880491,1217.0,12.4,0.7369542152102609,11.5,2,4,0.8115390590073611,0.5842981736283684,-0.754709580222772,-0.6560590289905073
2023-02-25,11.5,40941.78,0.0,53,1020.7,17.9,6.3,38,20.1,0.0,37864.77,54.368233,31.880491,1217.0,11.599999999999998,0.9248442544510765,13.3,2,5,0.8214765533024142,0.5702422926917871,-0.891006524188368,0.45399049973954664
2023-02-26,13.3,41054.12,0.0,42,1022.4,19.9,5.9,87,17.6,0.0,29271.78,54.368233,31.880491,1217.0,13.999999999999998,0.7130046874710747,13.7,2,6,0.8311706263658079,0.5560174366570446,-0.5877852522924734,0.8090169943749473
2023-02-27,13.7,41166.41,0.0,42,1022.6,18.4,8.6,56,16.8,0.1,36099.28,54.368233,31.880491,1217.0,9.799999999999999,0.8769110544251976,11.8,2,0,0.8406184056344782,0.5416278206559814,-0.8386705679454243,0.5446390350150266
2023-02-28,11.8,41279.54,0.0,48,1021.7,15.9,7.6,68,15.7,0.0,21030.29,54.368233,31.880491,1217.0,8.3,0.5094603767386943,12.1,2,1,0.8498170915275278,0.5270777086423722,-0.017452406437283637,-0.9998476951563913
2023-03-01,12.1,41393.59,0.0,36,1020.0,18.6,6.3,0,14.7,0.0,38503.7,54.368233,31.880491,1217.0,12.3,0.930185084212314,13.5,3,2,0.8587639582758029,0.5123714121284237,0.9396926207859084,-0.3420201433256687
2023-03-02,13.5,41508.46,0.0,34,1017.2,20.5,5.8,15,16.3,0.0,38622.06,54.368233,31.880491,1217.0,14.7,0.9304623683942984,15.0,3,3,0.8674563547295969,0.49751328890718066,0.6819983600624985,-0.7313537016191705
2023-03-03,15.0,41624.08,0.0,26,1018.7,21.1,6.8,0,12.2,0.0,38741.05,54.368233,31.880491,1217.0,14.3,0.9307364871487851,15.9,3,4,0.8758917051442429,0.48250774176121847,0.777145961456971,-0.6293203910498373
2023-03-04,15.9,41740.36,0.0,19,1018.0,22.8,7.8,17,15.5,0.0,38860.55,54.368233,31.880491,1217.0,15.0,0.9310065845143646,18.0,3,5,0.8840675099433636,0.4673592171580022,0.766044443118978,-0.6427876096865394
2023-03-05,18.0,41857.2,0.0,20,1017.4,25.9,10.4,10,27.0,0.0,38980.5,54.368233,31.880491,1217.0,15.499999999999998,0.9312734726642012,17.7,3,6,0.8919813464595485,0.45207220393230435,0.788010753606722,0.6156614753256583
2023-03-06,17.7,41974.52,0.0,18,1016.9,24.8,9.6,28,13.0,0.0,39100.78,54.368233,31.880491,1217.0,15.200000000000001,0.9315360842720775,18.8,3,0,0.8996308696522433,0.43665123195606403,0.8746197071393959,-0.484809620246337
2023-03-07,18.8,42092.23,0.0,28,1014.7,26.0,10.3,76,25.3,0.0,32033.1,54.368233,31.880491,1217.0,15.7,0.7610216897512913,17.1,3,1,0.9070138128026359,0.4211008707960896,-0.7986355100472928,-0.6018150231520483
2023-03-08,17.1,42210.25,0.0,49,1017.1,24.9,12.8,94,27.5,0.9,21153.57,54.368233,31.880491,1217.0,12.099999999999998,0.5011477070142916,17.5,3,2,0.9141279881853337,0.40542572835999735,0.258819045102521,-0.9659258262890682
2023-03-09,17.5,42328.51,0.0,58,1014.3,23.5,11.8,93,22.2,0.4,34743.59,54.368233,31.880491,1217.0,11.7,0.8208082448449047,14.4,3,3,0.9209712877166346,0.38963044953078796,0.788010753606722,-0.6156614753256583
2023-03-10,14.4,42446.91,0.0,66,1015.0,20.6,10.2,98,24.3,8.0,7237.2,54.368233,31.880491,1217.0,10.400000000000002,0.17050004346606146,13.6,3,4,0.9275416835791966,0.37371971479046906,0.6946583704589971,-0.7193398003386513
2023-03-11,13.6,42565.37,0.0,59,1017.2,19.2,9.4,7,14.0,0.0,39485.32,54.368233,31.880491,1217.0,9.799999999999999,0.9276395342035085,15.9,3,5,0.9338372288229252,0.35769823883312546,-0.5446390350150271,-0.838670567945424
2023-03-12,15.9,42683.81,0.0,41,1015.4,24.0,8.4,21,18.0,0.0,39561.85,54.368233,31.880491,1217.0,15.6,0.9268584505460032,17.1,3,6,0.9398560579418954,0.3415707691678556,0.788010753606722,-0.6156614753256583
2023-03-13,17.1,42802.15,0.0,42,1013.7,24.0,9.9,100,16.7,3.7,18430.1,54.368233,31.880491,1217.0,14.1,0.43058818307024294,14.4,3,0,0.9455963874271426,0.3253420847119801,0.5591929034707469,-0.8290375725550416
2023-03-14,14.4,42920.31,0.0,71,1015.7,19.0,10.5,65,16.5,1.5,28630.53,54.368233,31.880491,1217.0,8.5,0.6670625165568469,14.7,3,1,0.9510565162951535,0.30901699437494745,0.5591929034707469,0.8290375725550417
2023-03-15,14.7,43038.21,0.0,69,1013.1,20.8,9.4,21,18.7,0.5,38462.07,54.368233,31.880491,1217.0,11.4,0.8936726225370433,17.3,3,2,0.9562348265919056,0.29260033563334836,0.766044443118978,-0.6427876096865394
2023-03-16,17.3,43155.76,0.0,47,1007.7,24.5,11.0,14,18.6,0.0,38606.51,54.368233,31.880491,1217.0,13.5,0.8945853346111852,15.6,3,3,0.9611297838723007,0.27609697309746883,-0.9975640502598242,-0.06975647374412558
2023-03-17,15.6,43272.88,0.0,38,1010.5,22.2,8.3,0,15.8,0.0,39600.0,54.368233,31.880491,1217.0,13.899999999999999,0.915122820574919,16.5,3,4,0.9657399376548549,0.2595117970697999,-0.9975640502598243,0.06975647374412522
2023-03-18,16.5,43389.49,0.0,27,1011.3,24.0,8.2,0,17.0,0.0,39600.0,54.368233,31.880491,1217.0,15.8,0.9126634122687315,17.4,3,5,0.9700639218515071,0.2428497220959356,-0.9205048534524405,0.3907311284892735
2023-03-19,17.4,43505.67,0.0,23,1009.2,24.4,9.1,5,18.4,0.0,39600.0,54.368233,31.880491,1217.0,15.299999999999999,0.9102261843111484,18.0,3,6,0.9741004551724205,0.22611568550828828,-0.9781476007338056,0.20791169081775943
2023-03-20,18.0,43622.25,0.0,20,1004.3,25.0,10.2,18,22.7,0.0,39600.0,54.368233,31.880491,1217.0,14.8,0.907793614497189,17.9,3,0,0.9778483415056568,0.20931464596304847,0.374606593415912,0.9271838545667874
2023-03-21,17.9,43739.3,0.0,21,1001.0,24.0,10.9,47,24.2,0.0,36000.0,54.368233,31.880491,1217.0,13.1,0.8230584394354733,12.5,3,1,0.9813064702716093,0.19245158197082998,-0.17364817766693047,-0.984807753012208
2023-03-22,12.5,43856.76,0.0,35,1005.2,18.0,7.7,50,33.2,1.2,38269.62,54.368233,31.880491,1217.0,10.3,0.8726048162244544,9.2,3,2,0.9844738167520922,0.1755314904214282,-0.891006524188368,0.45399049973954664
2023-03-23,9.2,43974.54,0.0,58,1014.7,13.2,5.4,44,27.0,0.2,31539.95,54.368233,31.880491,1217.0,7.799999999999999,0.7172320620067885,12.7,3,3,0.9873494423939864,0.15855938510313475,-0.8090169943749476,0.5877852522924729
2023-03-24,12.7,44092.58,0.0,42,1014.4,19.0,4.2,6,16.1,0.0,39600.0,54.368233,31.880491,1217.0,14.8,0.8981102942944141,15.9,3,4,0.989932495087353,0.141540295217043,-0.7313537016191703,0.6819983600624986
2023-03-25,15.9,44210.79,0.0,32,1012.9,22.4,7.4,18,14.5,0.0,39600.0,54.368233,31.880491,1217.0,14.999999999999998,0.8957089434502301,19.2,3,5,0.9922222094179323,0.12447926388678915,-0.7660444431189781,0.6427876096865393
2023-03-26,19.2,44329.11,0.0,27,1009.2,26.4,10.3,74,20.1,0.5,36899.98,54.368233,31.880491,1217.0,16.099999999999998,0.8324096739140489,16.8,3,6,0.994217906893952,0.10738134666416309,0.6156614753256584,-0.7880107536067219
2023-03-27,16.8,44447.46,0.0,45,1008.2,21.2,10.6,28,17.7,0.0,39600.0,54.368233,31.880491,1217.0,10.6,0.8909395497515493,16.6,3,0,0.995918996147179,0.09025161003104117,-0.2079116908177595,-0.9781476007338056
2023-03-28,16.6,44565.76,0.0,37,1009.3,22.0,11.4,11,20.3,0.1,39600.0,54.368233,31.880491,1217.0,10.6,0.888574546916736,18.1,3,1,0.9973249731081555,0.07309512989807777,-0.7313537016191703,0.6819983600624986
2023-03-29,18.1,44683.94,0.0,31,1010.2,23.4,9.9,1,10.1,0.0,39600.0,54.368233,31.880491,1217.0,13.499999999999998,0.8862244466356368,19.9,3,2,0.9984354211555643,0.055916990100603484,-0.34202014332566866,-0.9396926207859084
2023-03-30,19.9,44801.92,0.0,19,1008.9,26.4,11.8,8,16.9,0.0,39617.83,54.368233,31.880491,1217.0,14.599999999999998,0.8842886644143824,21.1,3,3,0.9992500112396835,0.03872228089217446,0.9335804264972017,0.3583679495453004
2023-03-31,21.1,44919.62,0.0,19,1004.0,27.9,14.8,27,24.2,0.0,39604.21,54.368233,31.880491,1217.0,13.099999999999998,0.8816684112643873,18.4,3,4,0.9997685019798909,0.021516097436222254,-0.17364817766693047,-0.984807753012208
2023-04-01,18.4,45036.98,0.0,20,1006.0,25.6,10.2,0,32.5,0.0,39694.48,54.368233,31.880491,1217.0,15.400000000000002,0.881375260952222,14.0,4,5,0.9999907397361901,0.004303538296244289,-0.9975640502598243,0.06975647374412522
2023-04-02,14.0,45153.9,0.0,11,1007.7,21.1,7.2,0,35.4,0.0,39790.44,54.368233,31.880491,1217.0,13.900000000000002,0.881218233640948,14.3,4,6,0.9999166586547379,-0.01291029607500882,-0.8480480961564261,0.5299192642332047
2023-04-03,14.3,45270.3,0.0,15,1010.8,20.2,7.8,0,14.8,0.0,39891.75,54.368233,31.880491,1217.0,12.399999999999999,0.8811903168302396,15.7,4,0,0.9995462806873573,-0.030120304846908114,-0.7313537016191703,0.6819983600624986
2023-04-04,15.7,45386.12,0.0,20,1013.7,21.9,7.5,1,25.1,0.0,39884.05,54.368233,31.880491,1217.0,14.399999999999999,0.8787719681700044,18.4,4,1,0.9988797155850336,-0.04732138832243185,-0.7880107536067218,0.6156614753256585
2023-04-05,18.4,45501.27,0.0,19,1011.6,24.7,10.2,4,15.6,0.0,39992.33,54.368233,31.880491,1217.0,14.5,0.8789277749829841,20.4,4,2,0.9979171608653922,-0.06450844944931623,0.8746197071393959,-0.484809620246337
2023-04-06,20.4,45615.67,0.0,14,1009.4,26.1,11.1,6,19.0,0.0,40105.22,54.368233,31.880491,1217.0,15.000000000000002,0.8791983105805528,20.9,4,3,0.9966589017541702,-0.08167639533042241,-0.8480480961564261,0.5299192642332047
2023-04-07,20.9,45729.23,0.0,15,1012.4,27.0,13.4,32,23.5,0.0,40100.28,54.368233,31.880491,1217.0,13.6,0.8769069586345538,20.7,4,4,0.9951053111006976,-0.09882013873287143,-0.7431448254773946,0.6691306063588578
2023-04-08,20.7,45842.01,0.0,17,1015.0,27.0,12.8,10,23.3,0.0,40219.14,54.368233,31.880491,1217.0,14.2,0.8773424201949259,21.1,4,5,0.9932568492674143,-0.11593459959550041,-0.6691306063588581,0.7431448254773942
2023-04-09,21.1,45954.8,0.0,14,1017.4,27.5,12.4,9,23.9,0.0,40341.95,54.368233,31.880491,1217.0,15.1,0.8778615073942221,22.2,4,6,0.9911140639934547,-0.1330147065341959,-0.7431448254773946,0.6691306063588578
2023-04-10,22.2,46067.7,0.0,15,1015.2,29.0,14.6,1,19.8,0.0,40339.19,54.368233,31.880491,1217.0,14.4,0.8756501844025207,24.2,4,0,0.9886775902323405,-0.1500553983446526,0.838670567945424,-0.5446390350150271
2023-04-11,24.2,46180.61,0.0,15,1011.8,31.0,16.3,76,23.9,0.0,36949.53,54.368233,31.880491,1217.0,14.7,0.8001091800216584,24.4,4,1,0.9859481499638304,-0.16705162550211924,0.5446390350150273,-0.8386705679454239
2023-04-12,24.4,46293.47,0.0,18,1009.5,31.0,16.0,91,23.1,0.0,33441.63,54.368233,31.880491,1217.0,15.0,0.7223833080561901,23.1,4,2,0.9829265519799822,-0.18399835165768005,0.3583679495453002,-0.9335804264972017
2023-04-13,23.1,46406.18,0.0,28,1008.2,27.8,18.2,72,25.5,0.0,15918.58,54.368233,31.880491,1217.0,9.600000000000001,0.34302715715880944,21.2,4,3,0.9796136916454901,-0.20089055513063506,0.2756373558169992,-0.9612616959383189
2023-04-14,21.2,46518.7,0.0,24,1012.1,28.5,13.4,0,38.2,0.0,40812.2,54.368233,31.880491,1217.0,15.1,0.8773289021404296,18.9,4,4,0.9760105506323683,-0.21772323039653177,-0.4694715627858908,0.882947592858927
2023-04-15,18.9,46630.91,0.0,19,1014.0,25.0,12.2,38,22.3,0.0,41085.04,54.368233,31.880491,1217.0,12.8,0.8810688017883417,18.4,4,5,0.9721181966290613,-0.23449138957040985,-0.8829475928589271,0.4694715627858904
2023-04-16,18.4,46742.76,0.0,20,1010.9,23.1,11.9,90,24.5,0.0,23934.9,54.368233,31.880491,1217.0,11.200000000000001,0.5120557707760517,18.3,4,6,0.9679377830240642,-0.25119006388481935,-0.9396926207859083,0.342020143325669
2023-04-17,18.3,46854.16,0.0,23,1013.9,23.5,12.6,23,31.8,0.0,41075.55,54.368233,31.880491,1217.0,10.9,0.8766681549727922,18.4,4,0,0.9634705485641488,-0.2678143051621742,-0.9271838545667874,0.37460659341591196
2023-04-18,18.4,46965.02,0.0,23,1016.7,24.6,10.4,11,21.7,0.0,41476.98,54.368233,31.880491,1217.0,14.200000000000001,0.883146222443853,20.6,4,1,0.9587178169872964,-0.2843591872810034,-0.8571673007021123,0.5150380749100542
2023-04-19,20.6,47075.25,0.0,21,1013.3,27.3,11.9,2,20.3,0.0,41474.95,54.368233,31.880491,1217.0,15.4,0.8810351511675455,22.9,4,2,0.9536809966304457,-0.30081980763566735,0.984807753012208,0.17364817766693041
2023-04-20,22.9,47184.8,0.0,17,1007.4,29.0,14.4,21,17.6,0.0,41614.27,54.368233,31.880491,1217.0,14.6,0.8819422780217356,23.6,4,3,0.9483615800121715,-0.3171912885891061,0.838670567945424,-0.5446390350150271
2023-04-21,23.6,47293.55,0.0,21,1005.8,29.6,15.6,18,28.2,0.0,40674.75,54.368233,31.880491,1217.0,14.000000000000002,0.8600485689909089,23.8,4,4,0.9427611433904207,-0.3334687789181868,0.6156614753256584,-0.7880107536067219
2023-04-22,23.8,47401.42,0.0,23,1008.2,29.1,15.8,39,20.1,0.0,41777.02,54.368233,31.880491,1217.0,13.3,0.8813453267855689,23.3,4,5,0.9368813462954315,-0.3496474552512284,-0.5000000000000001,-0.8660254037844386
2023-04-23,23.3,47508.33,0.0,26,1010.4,28.4,18.1,67,25.2,0.0,39298.25,54.368233,31.880491,1217.0,10.299999999999997,0.8271865165540443,22.9,4,6,0.9307239310379795,-0.36572252349726897,-0.2588190451025208,-0.9659258262890683
2023-04-24,22.9,47614.17,0.0,30,1010.3,27.8,17.6,74,32.1,0.0,36493.79,54.368233,31.880491,1217.0,10.2,0.7664480972786043,22.8,4,0,0.9242907221930933,-0.3816892202666588,0.9612616959383189,-0.27563735581699905
2023-04-25,22.8,47718.86,0.0,33,1007.8,29.5,17.0,51,29.3,0.4,41138.92,54.368233,31.880491,1217.0,12.5,0.8621102851157801,21.0,4,1,0.9175836260593937,-0.39754281428255595,0.6018150231520482,-0.7986355100472929
2023-04-26,21.0,47822.3,0.0,43,1008.9,28.2,14.5,80,24.3,1.5,32226.74,54.368233,31.880491,1217.0,13.7,0.6738851958186871,16.7,4,2,0.9106046300942162,-0.4132786077829042,-0.3907311284892739,0.9205048534524403
2023-04-27,16.7,47924.4,0.0,63,1011.6,19.5,14.4,100,13.9,5.0,5275.94,54.368233,31.880491,1217.0,5.1,0.11008880653696237,17.5,4,3,0.9033558023246845,-0.4288919379124835,-0.8290375725550416,0.559192903470747
2023-04-28,17.5,48025.19,0.0,64,1010.3,24.0,13.1,77,29.5,4.7,24083.24,54.368233,31.880491,1217.0,10.9,0.5014709988653872,19.9,4,4,0.895839290734909,-0.4443781781046132,0.7313537016191706,-0.6819983600624984
2023-04-29,19.9,48125.44,0.0,49,1008.5,26.0,12.9,14,18.9,0.0,42871.42,54.368233,31.880491,1217.0,13.1,0.8908265565987552,22.4,4,5,0.8880573226294932,-0.45973273945210397,0.8910065241883679,-0.45399049973954675
2023-04-30,22.4,48225.21,0.0,33,1006.3,29.4,13.9,12,16.5,0.0,43517.56,54.368233,31.880491,1217.0,15.499999999999998,0.9023819699281765,22.9,4,6,0.8800122039735357,-0.47495107206704995,0.9998476951563913,-0.017452406437283477
2023-05-01,22.9,48324.41,0.0,21,1007.4,28.1,17.3,1,22.5,0.0,43837.76,54.368233,31.880491,1217.0,10.8,0.9071556176267853,23.9,5,0,0.8717063187093218,-0.4900286664290592,-0.8090169943749476,0.5877852522924729
2023-05-02,23.9,48422.97,0.0,17,1008.1,29.9,15.6,0,22.6,0.0,44025.95,54.368233,31.880491,1217.0,14.299999999999999,0.9091955739187414,22.6,5,1,0.8631421280499114,-0.5049610547215204,-0.6946583704589976,0.7193398003386509
2023-05-03,22.6,48520.8,0.0,12,1009.7,29.2,16.6,0,24.5,0.0,44215.66,54.368233,31.880491,1217.0,12.599999999999998,0.9112722791050436,21.7,5,2,0.854322169749827,-0.5197438121555155,-0.7547095802227722,0.656059028990507
2023-05-04,21.7,48617.82,0.0,18,1010.2,28.3,15.3,1,40.6,0.0,44225.63,54.368233,31.880491,1217.0,13.0,0.9096588452546823,18.2,5,3,0.8452490573530633,-0.5343725582809786,-0.8191520442889918,0.573576436351046
2023-05-05,18.2,48713.94,0.0,15,1014.4,24.1,12.9,0,32.7,0.0,44366.15,54.368233,31.880491,1217.0,11.200000000000001,0.9107485454882114,21.8,5,4,0.8359254794186372,-0.548842958284719,-0.7771459614569708,0.6293203910498375
2023-05-06,21.8,48809.07,0.0,10,1012.2,29.4,11.9,0,17.1,0.0,44367.57,54.368233,31.880491,1217.0,17.5,0.9090025685799791,25.0,5,5,0.8263541987239096,-0.5631507242749186,0.7193398003386511,-0.6946583704589974
2023-05-07,25.0,48903.13,0.0,9,1011.0,32.4,14.6,0,20.4,0.0,44368.76,54.368233,31.880491,1217.0,17.799999999999997,0.9072785320694198,27.2,5,6,0.8165380514459161,-0.5772916165517272,0.8829475928589269,-0.4694715627858909
2023-05-08,27.2,48996.02,0.0,10,1008.0,34.3,17.8,30,24.8,0.0,43650.43,54.368233,31.880491,1217.0,16.499999999999996,0.8908974647328498,27.5,5,0,0.8064799463209448,-0.5912614448635781,0.9702957262759965,0.24192189559966767
2023-05-09,27.5,49087.65,0.0,16,1010.1,33.0,21.9,81,26.0,0.0,33759.0,54.368233,31.880491,1217.0,11.100000000000001,0.6877289908968957,23.6,5,1,0.7961828637826158,-0.6050560696488488,-0.9510565162951536,0.30901699437494723
2023-05-10,23.6,49177.93,0.0,36,1012.0,30.9,17.7,64,27.0,0.5,21074.38,54.368233,31.880491,1217.0,13.2,0.42853328718797234,25.4,5,2,0.7856498550787147,-0.6186714032625031,0.3583679495453002,-0.9335804264972017
2023-05-11,25.4,49266.77,0.0,25,1012.3,32.3,16.2,16,17.7,0.0,43928.91,54.368233,31.880491,1217.0,16.099999999999998,0.8916539484930717,26.0,5,3,0.7748840413670407,-0.6321034111873487,-0.7313537016191703,0.6819983600624986
2023-05-12,26.0,49354.05,0.0,16,1012.4,32.8,17.9,10,21.4,0.0,42775.45,54.368233,31.880491,1217.0,14.899999999999999,0.8667059744843634,28.2,5,4,0.7638886127905428,-0.6453481132295501,-0.6560590289905074,0.7547095802227719
2023-05-13,28.2,49439.7,0.0,10,1009.8,34.8,18.8,15,16.3,0.0,44371.11,54.368233,31.880491,1217.0,15.999999999999996,0.8974793536368546,28.4,5,5,0.7526668275320085,-0.6584015846980488,0.8090169943749475,0.5877852522924731
2023-05-14,28.4,49523.59,0.0,9,1004.3,35.1,20.9,20,32.7,0.0,44646.61,54.368233,31.880491,1217.0,14.200000000000003,0.9015220827084629,25.9,5,6,0.7412220108485958,-0.6712599575675313,-0.9998476951563913,-0.017452406437283498
2023-05-15,25.9,49605.64,0.0,13,1004.2,33.3,17.8,24,39.5,0.0,45129.8,54.368233,31.880491,1217.0,15.499999999999996,0.9097715501705049,22.1,5,0,0.7295575540864875,-0.6839194216246106,-0.7313537016191703,0.6819983600624986
2023-05-16,22.1,49685.75,0.0,25,1008.4,28.8,16.5,8,28.7,0.0,44828.5,54.368233,31.880491,1217.0,12.3,0.902240582058236,22.2,5,1,0.717676913675962,-0.6963762255968722,-0.891006524188368,0.45399049973954664
2023-05-17,22.2,49763.8,0.0,19,1010.5,28.9,13.8,16,20.8,0.0,45138.81,54.368233,31.880491,1217.0,15.099999999999998,0.9070611569052202,26.5,5,2,0.705583610107178,-0.7086266782644596,0.03489949670250097,0.9993908270190958
2023-05-18,26.5,49839.82,0.0,11,1010.1,32.8,18.6,48,22.1,0.0,44367.7,54.368233,31.880491,1217.0,14.199999999999996,0.8902058635043224,27.2,5,3,0.6932812268869777,-0.7206671495538609,-0.40673664307580015,0.913545457642601
2023-05-19,27.2,49914.42,0.0,19,1010.0,34.0,20.2,94,25.5,0.0,33675.53,54.368233,31.880491,1217.0,13.8,0.6746653572254271,25.0,5,4,0.6807734094770161,-0.7324940716135789,0.8829475928589269,-0.4694715627858909
2023-05-20,25.0,49987.65,0.0,36,1009.2,29.9,19.0,67,16.6,0.1,44236.46,54.368233,31.880491,1217.0,10.899999999999999,0.8849477821021792,25.3,5,5,0.6680638642135335,-0.7441039398713607,-0.7431448254773944,-0.6691306063588581
2023-05-21,25.3,50059.45,0.0,35,1010.2,30.8,20.8,83,19.9,0.0,33496.67,54.368233,31.880491,1217.0,10.0,0.6691377951615529,26.9,5,6,0.6551563572090853,-0.7554933140726803,0.9563047559630354,0.29237170472273677
2023-05-22,26.9,50129.74,0.0,23,1010.3,32.6,19.5,64,16.2,0.0,43200.0,54.368233,31.880491,1217.0,13.100000000000001,0.861763895045137,28.2,5,0,0.6420547132365637,-0.766658819300159,0.8571673007021123,0.5150380749100542
2023-05-23,28.2,50198.45,0.0,17,1011.7,33.6,20.2,7,18.9,0.0,45319.99,54.368233,31.880491,1217.0,13.400000000000002,0.9028165212272491,28.8,5,1,0.6287628145958344,-0.7775971469736269,-0.891006524188368,0.45399049973954664
2023-05-24,28.8,50265.51,0.0,17,1011.2,35.0,21.2,44,28.8,0.0,43200.0,54.368233,31.880491,1217.0,13.8,0.8594362217751297,29.4,5,2,0.6152845999633276,-0.7883050558305255,-0.961261695938319,-0.2756373558169989
2023-05-25,29.4,50330.84,0.0,18,1009.4,35.1,23.1,86,29.5,0.0,34239.59,54.368233,31.880491,1217.0,12.0,0.6802904541231579,29.1,5,3,0.6016240632249226,-0.7987793728863649,1.2246467991473532e-16,-1.0
2023-05-26,29.1,50394.37,0.0,22,1007.6,34.9,22.9,77,27.0,0.0,41735.66,54.368233,31.880491,1217.0,12.0,0.8281810051400583,27.0,5,4,0.5877852522924732,-0.8090169943749473,0.7193398003386511,-0.6946583704589974
2023-05-27,27.0,50456.01,0.0,26,1008.4,32.4,21.6,24,33.7,0.0,42844.36,54.368233,31.880491,1217.0,10.799999999999997,0.8491428474031141,28.8,5,5,0.5737722679043246,-0.8190148866680801,-0.7771459614569708,0.6293203910498375
2023-05-28,28.8,50515.71,0.0,18,1008.8,34.5,21.6,29,16.2,0.0,45665.12,54.368233,31.880491,1217.0,12.899999999999999,0.9039785840879996,31.2,5,6,0.5595892624101765,-0.8287700871745038,-0.8090169943749476,0.5877852522924729
2023-05-29,31.2,50573.38,0.0,13,1008.6,36.9,23.8,7,22.5,0.0,45669.32,54.368233,31.880491,1217.0,13.099999999999998,0.9030308039525933,32.4,5,0,0.545240438540651,-0.8382797052177744,0.7547095802227721,-0.6560590289905072
2023-05-30,32.4,50628.93,0.0,13,1007.1,37.6,25.1,94,20.9,0.0,43677.69,54.368233,31.880491,1217.0,12.5,0.862702213931837,31.6,5,1,0.5307300481619334,-0.8475409228928311,0.6819983600624985,-0.7313537016191705
2023-05-31,31.6,50682.3,0.0,17,1005.6,37.7,25.2,67,38.0,0.2,37303.38,54.368233,31.880491,1217.0,12.500000000000004,0.7360238189663846,30.3,5,2,0.5160623910158528,-0.8565509959010036,-0.7660444431189781,0.6427876096865393
2023-06-01,30.3,50733.42,0.0,22,1005.6,35.7,24.6,25,18.2,0.0,44001.41,54.368233,31.880491,1217.0,11.100000000000001,0.8673062056529997,30.0,6,3,0.5012418134457758,-0.865307254363206,-0.8746197071393956,0.4848096202463373
2023-06-02,30.0,50782.2,0.0,17,1007.4,36.2,24.4,11,27.5,0.0,45851.96,54.368233,31.880491,1217.0,11.800000000000004,0.9029140131778458,30.7,6,4,0.48627270710868997,-0.8738071036110808,-0.8090169943749476,0.5877852522924729
2023-06-03,30.7,50828.55,0.0,16,1007.2,36.8,22.0,15,18.2,0.0,44839.39,54.368233,31.880491,1217.0,14.799999999999997,0.8821693713474021,31.2,6,5,0.4711595076738638,-0.8820480249558537,-0.6156614753256582,0.788010753606722
2023-06-04,31.2,50872.42,0.0,15,1006.5,37.0,23.8,61,17.1,0.0,43988.27,54.368233,31.880491,1217.0,13.2,0.8646781497715265,31.6,6,6,0.4559066935084588,-0.8900275764346767,-0.6560590289905074,0.7547095802227719
2023-06-05,31.6,50913.72,0.0,15,1005.9,37.9,23.9,41,16.4,0.0,43813.29,54.368233,31.880491,1217.0,14.0,0.8605399487603734,31.6,6,0,0.440518784350495,-0.8977433935342337,-0.017452406437283637,-0.9998476951563913
2023-06-06,31.6,50952.37,0.0,16,1006.0,37.5,24.1,40,24.0,0.0,45864.55,54.368233,31.880491,1217.0,13.399999999999999,0.9001455673210098,29.5,6,1,0.42500033996955416,-0.9051931898913974,-0.7313537016191703,0.6819983600624986
2023-06-07,29.5,50988.35,0.0,24,1007.4,34.8,23.4,70,27.7,0.1,35607.09,54.368233,31.880491,1217.0,11.399999999999999,0.6983377575465768,26.8,6,2,0.4093559588156213,-0.9123747579707273,-0.7071067811865477,0.7071067811865474
2023-06-08,26.8,51021.98,0.0,34,1009.8,32.0,21.1,80,39.0,0.4,41182.11,54.368233,31.880491,1217.0,10.899999999999999,0.8071444894925677,25.8,6,3,0.39359027665646673,-0.9192859697186104,-0.6427876096865396,0.7660444431189778
2023-06-09,25.8,51053.29,0.0,38,1009.4,31.2,19.4,10,23.3,0.1,45956.96,54.368233,31.880491,1217.0,11.8,0.9001762667988684,28.4,6,4,0.3777079652039649,-0.9259247771938498,-0.7880107536067218,0.6156614753256585
2023-06-10,28.4,51082.26,0.0,27,1005.5,33.8,21.7,14,18.6,0.0,46090.48,54.368233,31.880491,1217.0,12.099999999999998,0.9022795780766161,30.1,6,5,0.36171373072976765,-0.9322892131745133,-0.7771459614569708,0.6293203910498375
2023-06-11,30.1,51108.87,0.0,24,1004.0,36.6,23.5,21,27.6,0.0,45723.92,54.368233,31.880491,1217.0,13.100000000000001,0.8946376626992535,30.6,6,6,0.3456123126707335,-0.9383773917408641,-0.6946583704589976,0.7193398003386509
2023-06-12,30.6,51133.08,0.0,20,1003.2,36.5,22.5,5,19.5,0.0,46519.35,54.368233,31.880491,1217.0,14.0,0.9097701527074058,32.4,6,0,0.3294084822245304,-0.9441875088341993,-0.10452846326765342,0.9945218953682733
2023-06-13,32.4,51154.91,0.0,14,1001.1,38.0,26.2,10,25.9,0.0,45992.71,54.368233,31.880491,1217.0,11.8,0.8990869107188342,33.6,6,1,0.3131070409358269,-0.9497178427914316,0.8290375725550417,-0.5591929034707467
2023-06-14,33.6,51174.3,0.0,11,999.2,40.1,26.0,12,21.8,0.0,44822.22,54.368233,31.880491,1217.0,14.100000000000001,0.875873631881628,33.3,6,2,0.29671281927349075,-0.9549667548552551,0.9993908270190958,0.03489949670250108
2023-06-15,33.3,51191.26,0.0,11,997.9,39.7,26.6,13,22.5,0.0,46582.51,54.368233,31.880491,1217.0,13.100000000000001,0.9099699831572812,34.0,6,3,0.28023067519921585,-0.9599326896597447,-0.7313537016191703,0.6819983600624986
2023-06-16,34.0,51205.76,0.0,10,995.6,40.4,25.1,14,24.2,0.0,43212.75,54.368233,31.880491,1217.0,15.299999999999997,0.8439040842280243,33.1,6,4,0.26366549272800704,-0.9646141756912435,-0.8571673007021123,0.5150380749100542
2023-06-17,33.1,51217.79,0.0,11,997.9,40.2,26.8,0,20.7,0.0,46800.0,54.368233,31.880491,1217.0,13.400000000000002,0.9137450093024319,33.5,6,5,0.24702218048093552,-0.9690098257244062,-0.8571673007021123,0.5150380749100542
2023-06-18,33.5,51227.32,0.0,13,1000.6,39.7,26.2,0,20.6,0.0,46800.0,54.368233,31.880491,1217.0,13.500000000000004,0.9135750220780631,34.8,6,6,0.23030567023061221,-0.9731183372332619,-0.6427876096865396,0.7660444431189778
2023-06-19,34.8,51234.36,0.0,12,1000.1,41.5,25.5,29,15.9,0.0,43460.23,54.368233,31.880491,1217.0,16.0,0.8482633529529793,34.9,6,0,0.21352091543979612,-0.9769384927771817,-0.9998476951563913,0.01745240643728313
2023-06-20,34.9,51238.88,0.0,10,999.3,40.9,26.8,39,21.6,0.0,45817.25,54.368233,31.880491,1217.0,14.099999999999998,0.8941891391849315,35.2,6,1,0.19667288979357647,-0.980469160361632,-0.8480480961564261,0.5299192642332047
2023-06-21,35.2,51240.88,0.0,9,999.3,42.0,27.9,18,24.7,0.0,43599.42,54.368233,31.880491,1217.0,14.100000000000001,0.8508718039190584,34.2,6,2,0.1797665857255624,-0.9837092937736097,-0.8480480961564261,0.5299192642332047
2023-06-22,34.2,51240.33,0.0,15,1001.2,40.5,28.0,14,27.5,0.0,46564.76,54.368233,31.880491,1217.0,12.5,0.908752148942054,34.4,6,3,0.16280701293851715,-0.986657932891657,-0.8290375725550416,0.559192903470747
2023-06-23,34.4,51237.24,0.0,16,1001.2,41.2,26.5,36,30.6,0.0,41264.69,54.368233,31.880491,1217.0,14.700000000000003,0.8053651992183811,32.8,6,4,0.1457991969198751,-0.9893142039703663,-0.9135454576426011,0.40673664307579976
2023-06-24,32.8,51231.58,0.0,18,1001.1,39.0,26.8,29,32.8,0.0,40769.39,54.368233,31.880491,1217.0,12.2,0.7957863099283684,30.6,6,5,0.12874817745258132,-0.99167731989929,-0.8090169943749476,0.5877852522924729
2023-06-25,30.6,51223.36,0.0,21,1001.7,36.0,25.0,0,35.0,0.0,46800.0,54.368233,31.880491,1217.0,11.0,0.913645649172565,30.5,6,6,0.11165900712169512,-0.993746580436178,-0.8480480961564261,0.5299192642332047
2023-06-26,30.5,51212.56,0.0,20,1001.9,36.2,23.8,0,26.2,0.0,46800.0,54.368233,31.880491,1217.0,12.400000000000002,0.913838324036135,33.4,6,0,0.09453674981719912,-0.9955213724144752,-0.9205048534524405,0.3907311284892735
2023-06-27,33.4,51199.16,0.0,13,999.9,40.0,24.6,0,24.9,0.0,46800.0,54.368233,31.880491,1217.0,15.399999999999999,0.9140774965839282,36.1,6,1,0.07738647923346301,-0.9970011699250151,0.9271838545667874,-0.37460659341591207
2023-06-28,36.1,51183.0,0.0,10,999.4,42.8,27.9,0,24.6,0.0,46800.0,54.368233,31.880491,1217.0,14.899999999999999,0.9143660981185159,35.4,6,2,0.06021327736579302,-0.9981855344718586,0.8987940462991669,-0.4383711467890775
2023-06-29,35.4,51164.11,0.0,10,998.5,42.7,27.2,0,20.9,0.0,46800.0,54.368233,31.880491,1217.0,15.500000000000004,0.91470368584541,35.2,6,3,0.04302223300453059,-0.99907411510223,-0.8191520442889918,0.573576436351046
2023-06-30,35.2,51142.53,0.0,9,995.9,42.5,26.7,0,16.7,0.0,46800.0,54.368233,31.880491,1217.0,15.8,0.9150896523891172,34.7,6,4,0.02581844022713308,-0.9996666485105112,-0.8191520442889918,0.573576436351046
2023-07-01,34.7,51118.33,0.0,10,996.8,41.8,25.6,7,26.2,0.0,46800.0,54.368233,31.880491,1217.0,16.199999999999996,0.9155228662595198,33.5,7,5,0.008606996888688698,-0.9999629591162655,-0.8480480961564261,0.5299192642332047
2023-07-02,33.5,51091.56,0.0,17,1001.1,40.8,27.0,0,22.9,0.0,46800.0,54.368233,31.880491,1217.0,13.799999999999997,0.9160025648071815,33.7,7,6,-0.008606996888688009,-0.9999629591162655,-0.8386705679454243,0.5446390350150266
2023-07-03,33.7,51062.27,0.0,18,1001.9,40.7,24.6,0,23.4,0.0,46800.0,54.368233,31.880491,1217.0,16.1,0.9165279961114146,33.5,7,0,-0.02581844022713239,-0.9996666485105112,-0.8660254037844386,0.5000000000000001
2023-07-04,33.5,51030.51,0.0,16,1002.4,39.0,26.8,0,23.7,0.0,46800.0,54.368233,31.880491,1217.0,12.2,0.9170984181815937,32.8,7,1,-0.04302223300453034,-0.99907411510223,-0.945518575599317,0.3255681544571563
2023-07-05,32.8,50996.35,0.0,13,1002.5,39.0,26.6,0,26.4,0.0,46800.0,54.368233,31.880491,1217.0,12.399999999999999,0.9177127382646013,30.8,7,2,-0.060213277365792774,-0.9981855344718586,-0.17364817766693047,-0.984807753012208
2023-07-06,30.8,50959.84,0.0,15,1005.1,36.4,24.2,0,19.7,0.0,46800.0,54.368233,31.880491,1217.0,12.2,0.9183702303617909,30.4,7,3,-0.07738647923346322,-0.9970011699250151,-0.9455185755993168,-0.32556815445715664
2023-07-07,30.4,50921.04,0.0,16,1007.1,36.2,23.8,0,21.9,0.0,46800.0,54.368233,31.880491,1217.0,12.400000000000002,0.9190699954282159,31.2,7,4,-0.09453674981719933,-0.9955213724144752,-0.8386705679454243,0.5446390350150266
2023-07-08,31.2,50880.0,0.0,15,1005.1,37.2,23.6,0,21.1,0.0,46800.0,54.368233,31.880491,1217.0,13.600000000000001,0.9198113207547169,33.5,7,5,-0.11165900712169444,-0.9937465804361781,-0.8660254037844386,0.5000000000000001
2023-07-09,33.5,50836.77,0.0,11,1000.5,39.8,24.8,0,30.4,0.0,46800.0,54.368233,31.880491,1217.0,14.999999999999996,0.92059349954767,35.1,7,6,-0.12874817745258066,-0.99167731989929,0.8910065241883679,-0.45399049973954675
2023-07-10,35.1,50791.43,0.0,10,998.3,42.2,26.7,0,24.7,0.0,46800.0,54.368233,31.880491,1217.0,15.500000000000004,0.9214152860039577,35.3,7,0,-0.14579919691987442,-0.9893142039703664,0.9702957262759965,-0.24192189559966779
2023-07-11,35.3,50744.04,0.0,10,1000.6,42.0,26.6,0,20.7,0.0,46800.0,54.368233,31.880491,1217.0,15.399999999999999,0.9222757983006477,35.6,7,1,-0.16280701293851646,-0.9866579328916572,0.9902680687415704,-0.13917310096006535
2023-07-12,35.6,50694.62,0.0,7,1003.3,42.2,28.9,0,28.3,0.0,46800.0,54.368233,31.880491,1217.0,13.300000000000004,0.923174885224507,33.9,7,2,-0.17976658572556214,-0.9837092937736098,0.9205048534524403,-0.3907311284892738
2023-07-13,33.9,50643.27,0.0,10,1005.4,40.2,26.7,0,24.1,0.0,46800.0,54.368233,31.880491,1217.0,13.500000000000004,0.9241109430729888,32.5,7,3,-0.19667288979357622,-0.9804691603616321,0.573576436351046,0.8191520442889918
2023-07-14,32.5,50590.02,0.0,13,1006.0,38.2,26.3,0,22.9,0.0,46783.66,54.368233,31.880491,1217.0,11.900000000000002,0.9247606543741237,33.1,7,4,-0.2135209154397959,-0.9769384927771817,-0.40673664307580015,0.913545457642601
2023-07-15,33.1,50534.94,0.0,11,1004.0,38.9,25.4,0,24.5,0.0,46800.0,54.368233,31.880491,1217.0,13.5,0.9260919276840934,34.8,7,5,-0.23030567023061196,-0.973118337233262,-0.7071067811865475,-0.7071067811865477
2023-07-16,34.8,50478.09,0.0,10,1001.5,40.8,25.8,0,26.4,0.0,46681.96,54.368233,31.880491,1217.0,14.999999999999996,0.9247964810078987,35.7,7,6,-0.24702218048093527,-0.9690098257244063,0.9271838545667874,-0.37460659341591207
2023-07-17,35.7,50419.41,0.0,9,998.7,42.5,27.5,30,24.4,0.0,42759.64,54.368233,31.880491,1217.0,15.0,0.8480789442002593,33.4,7,0,-0.2636654927280072,-0.9646141756912435,0.9876883405951378,-0.1564344650402308
2023-07-18,33.4,50358.39,0.0,22,999.9,39.5,25.7,29,27.1,0.0,41366.89,54.368233,31.880491,1217.0,13.8,0.8214498120372792,32.8,7,1,-0.2802306751992161,-0.9599326896597445,-0.8480480961564261,0.5299192642332047
2023-07-19,32.8,50295.03,0.0,22,1000.7,37.6,27.0,19,32.8,0.0,41853.27,54.368233,31.880491,1217.0,10.600000000000001,0.8321551851147121,33.7,7,2,-0.2967128192734901,-0.9549667548552553,-0.9271838545667874,0.37460659341591196
2023-07-20,33.7,50229.42,0.0,19,1001.7,40.2,27.1,23,26.6,0.0,43033.51,54.368233,31.880491,1217.0,13.100000000000001,0.8567391381385651,35.1,7,3,-0.3131070409358267,-0.9497178427914317,-0.945518575599317,0.3255681544571563
2023-07-21,35.1,50161.66,0.0,14,1002.7,41.3,27.5,23,20.9,0.0,42145.65,54.368233,31.880491,1217.0,13.799999999999997,0.8401964767513674,35.8,7,4,-0.3294084822245302,-0.9441875088341994,-0.9612616959383188,0.2756373558169994
2023-07-22,35.8,50091.83,0.0,11,1003.2,42.3,30.1,15,28.6,0.0,44015.78,54.368233,31.880491,1217.0,12.199999999999996,0.878701776317615,34.3,7,5,-0.3456123126707333,-0.9383773917408642,0.7313537016191706,-0.6819983600624984
2023-07-23,34.3,50020.05,0.0,12,1003.8,40.8,28.4,25,18.2,0.0,41699.56,54.368233,31.880491,1217.0,12.399999999999999,0.8336569035816637,33.9,7,6,-0.3617137307297674,-0.9322892131745134,0.5877852522924732,-0.8090169943749473
2023-07-24,33.9,49946.41,0.0,12,1000.8,39.5,28.3,3,15.9,0.0,46611.33,54.368233,31.880491,1217.0,11.2,0.9332268325190939,34.4,7,0,-0.37770796520396466,-0.9259247771938499,-0.9902680687415704,0.13917310096006547
2023-07-25,34.4,49870.99,0.0,10,999.9,39.7,28.2,30,15.9,0.0,35268.18,54.368233,31.880491,1217.0,11.500000000000004,0.7071882872186817,35.2,7,1,-0.39359027665646645,-0.9192859697186105,0.0871557427476582,-0.9961946980917455
2023-07-26,35.2,49793.89,0.0,9,1000.7,40.9,28.2,16,21.6,0.0,46078.99,54.368233,31.880491,1217.0,12.7,0.9253944610473293,35.5,7,2,-0.4093559588156211,-0.9123747579707274,0.48480962024633717,-0.8746197071393957
2023-07-27,35.5,49715.21,0.0,10,1000.8,41.3,29.8,33,18.6,0.0,41862.84,54.368233,31.880491,1217.0,11.499999999999996,0.8420529652796397,35.5,7,3,-0.42500033996955394,-0.9051931898913975,1.0,6.123233995736766e-17
2023-07-28,35.5,49635.03,0.0,12,998.8,41.4,28.1,10,28.5,0.0,45789.75,54.368233,31.880491,1217.0,13.299999999999997,0.92252890750746,34.8,7,4,-0.4405187843504952,-0.8977433935342336,-0.8660254037844386,0.5000000000000001
2023-07-29,34.8,49553.45,0.0,15,999.6,41.5,28.6,18,34.2,0.0,41690.02,54.368233,31.880491,1217.0,12.899999999999999,0.8413141769140191,32.8,7,5,-0.455906693508459,-0.8900275764346766,-0.9848077530122081,0.17364817766692997
2023-07-30,32.8,49470.54,0.0,19,1002.3,38.2,27.4,9,22.3,0.0,45265.67,54.368233,31.880491,1217.0,10.800000000000004,0.9150025449489736,32.8,7,6,-0.47115950767386394,-0.8820480249558535,-0.9659258262890684,0.2588190451025203
2023-07-31,32.8,49386.41,0.0,13,1002.5,39.2,26.9,2,17.5,0.0,45415.68,54.368233,31.880491,1217.0,12.300000000000004,0.9195987317158708,31.6,7,0,-0.4862727071086902,-0.8738071036110807,-0.9205048534524405,0.3907311284892735
2023-08-01,31.6,49301.12,0.0,11,1003.9,38.3,24.0,0,22.2,0.0,45918.59,54.368233,31.880491,1217.0,14.299999999999997,0.931390402489842,33.0,8,1,-0.5012418134457756,-0.8653072543632061,-0.7313537016191703,0.6819983600624986
2023-08-02,33.0,49214.78,0.0,12,1003.9,39.5,25.1,0,25.2,0.0,45553.91,54.368233,31.880491,1217.0,14.399999999999999,0.9256144190830479,32.9,8,2,-0.5160623910158526,-0.8565509959010037,-0.45399049973954697,0.8910065241883678
2023-08-03,32.9,49127.45,0.0,13,1003.1,39.8,25.0,2,27.4,0.0,45214.89,54.368233,31.880491,1217.0,14.799999999999997,0.9203589846409697,32.7,8,3,-0.5307300481619331,-0.8475409228928312,0.9993908270190958,0.03489949670250108
2023-08-04,32.7,49039.23,0.0,10,1003.9,39.3,24.3,0,26.3,0.0,45200.1,54.368233,31.880491,1217.0,14.999999999999996,0.9217130856255287,31.8,8,4,-0.5452404385406507,-0.8382797052177745,0.8191520442889918,0.573576436351046
2023-08-05,31.8,48950.19,0.0,12,1006.3,38.7,24.5,0,32.6,0.0,45027.54,54.368233,31.880491,1217.0,14.200000000000003,0.9198644581359132,32.5,8,5,-0.5595892624101763,-0.828770087174504,-0.8829475928589271,0.4694715627858904
2023-08-06,32.5,48860.27,0.0,14,1005.6,38.2,25.2,0,23.0,0.0,44384.35,54.368233,31.880491,1217.0,13.000000000000004,0.9083934656930877,32.8,8,6,-0.5737722679043243,-0.8190148866680802,0.7771459614569709,0.6293203910498375
2023-08-07,32.8,48768.77,0.0,16,1002.6,38.3,26.6,10,27.0,0.0,43749.97,54.368233,31.880491,1217.0,11.699999999999996,0.8970898794453911,32.2,8,0,-0.5877852522924734,-0.8090169943749472,-0.6018150231520483,0.7986355100472928
2023-08-08,32.2,48675.66,0.0,18,1003.4,37.7,25.3,42,19.7,0.0,41664.62,54.368233,31.880491,1217.0,12.400000000000002,0.8559641512821808,31.1,8,1,-0.6016240632249227,-0.7987793728863648,-0.7880107536067218,0.6156614753256585
2023-08-09,31.1,48581.04,0.0,21,1008.1,36.2,25.5,7,28.5,0.0,42801.57,54.368233,31.880491,1217.0,10.700000000000003,0.8810344529470756,30.6,8,2,-0.6152845999633277,-0.7883050558305253,-0.8290375725550416,0.559192903470747
2023-08-10,30.6,48484.99,0.0,17,1010.6,37.2,24.2,0,24.5,0.0,43716.39,54.368233,31.880491,1217.0,13.000000000000004,0.9016479120651567,30.3,8,3,-0.6287628145958345,-0.7775971469736268,-0.6691306063588581,0.7431448254773942
2023-08-11,30.3,48387.64,0.0,14,1010.5,37.0,23.1,0,24.9,0.0,43863.09,54.368233,31.880491,1217.0,13.899999999999999,0.9064936830975844,30.4,8,4,-0.6420547132365636,-0.7666588193001592,-0.5877852522924734,0.8090169943749473
2023-08-12,30.4,48289.05,0.0,16,1010.2,36.8,23.0,0,31.8,0.0,42812.61,54.368233,31.880491,1217.0,13.799999999999997,0.8865904382049347,28.9,8,5,-0.655156357209085,-0.7554933140726804,-0.6018150231520483,0.7986355100472928
2023-08-13,28.9,48189.34,0.0,15,1010.5,35.0,23.0,0,34.1,0.0,43386.64,54.368233,31.880491,1217.0,12.0,0.9003368794841349,27.4,8,6,-0.6680638642135333,-0.7441039398713608,-0.6946583704589976,0.7193398003386509
2023-08-14,27.4,48088.58,0.0,14,1012.4,33.7,21.1,0,32.2,0.0,43233.53,54.368233,31.880491,1217.0,12.600000000000001,0.8990394393013892,26.1,8,0,-0.6807734094770159,-0.7324940716135792,-0.7431448254773946,0.6691306063588578
2023-08-15,26.1,47986.88,0.0,11,1012.1,32.9,19.8,0,32.3,0.0,43519.92,54.368233,31.880491,1217.0,13.099999999999998,0.9069128895231363,26.1,8,1,-0.6932812268869771,-0.7206671495538615,-0.8571673007021123,0.5150380749100542
2023-08-16,26.1,47884.31,0.0,9,1011.2,33.2,18.4,0,24.9,0.0,43367.63,54.368233,31.880491,1217.0,14.800000000000004,0.9056751574785143,27.0,8,2,-0.7055836101071774,-0.70862667826446,-0.7771459614569708,0.6293203910498375
2023-08-17,27.0,47780.98,0.0,8,1011.1,33.8,18.0,0,18.7,0.0,43218.07,54.368233,31.880491,1217.0,15.799999999999997,0.9045036330355718,28.0,8,3,-0.7176769136759615,-0.6963762255968726,-0.6560590289905074,0.7547095802227719
2023-08-18,28.0,47676.95,0.0,9,1009.8,34.3,21.2,0,23.3,0.0,42922.29,54.368233,31.880491,1217.0,13.099999999999998,0.900273402556162,29.2,8,4,-0.7295575540864876,-0.6839194216246105,-0.9205048534524405,0.3907311284892735
2023-08-19,29.2,47572.31,0.0,11,1008.3,35.3,20.6,1,21.0,0.0,42348.58,54.368233,31.880491,1217.0,14.699999999999996,0.890193896407385,30.7,8,5,-0.7412220108485957,-0.6712599575675315,-0.9945218953682734,-0.10452846326765336
2023-08-20,30.7,47467.15,0.0,11,1007.5,36.7,23.0,3,19.0,0.0,42213.09,54.368233,31.880491,1217.0,13.700000000000003,0.8893116608012066,30.8,8,6,-0.7526668275320083,-0.6584015846980489,0.8290375725550417,-0.5591929034707467
2023-08-21,30.8,47361.55,0.0,12,1007.8,37.3,22.9,5,19.8,0.0,41542.84,54.368233,31.880491,1217.0,14.399999999999999,0.8771427455393668,31.5,8,0,-0.7638886127905429,-0.64534811322955,0.9925461516413221,-0.12186934340514737
2023-08-22,31.5,47255.59,0.0,13,1008.8,38.2,22.8,0,23.6,0.0,41935.81,54.368233,31.880491,1217.0,15.400000000000002,0.8874253818437142,32.0,8,1,-0.7748840413670406,-0.6321034111873488,-0.4848096202463369,0.8746197071393959
2023-08-23,32.0,47149.34,0.0,14,1007.7,38.0,24.0,0,24.2,0.0,41665.57,54.368233,31.880491,1217.0,14.0,0.8836935999528308,32.5,8,2,-0.7856498550787144,-0.6186714032625032,0.3583679495453002,-0.9335804264972017
2023-08-24,32.5,47042.88,0.0,13,1005.1,38.8,24.2,1,23.2,0.0,41811.09,54.368233,31.880491,1217.0,14.599999999999998,0.8887867834622369,32.6,8,3,-0.7961828637826154,-0.6050560696488494,0.9455185755993168,-0.32556815445715664
2023-08-25,32.6,46936.3,0.0,12,1003.4,38.3,26.1,4,23.5,0.0,41548.2,54.368233,31.880491,1217.0,12.199999999999996,0.8852039892364757,33.1,8,4,-0.8064799463209447,-0.5912614448635782,0.8191520442889917,-0.5735764363510462
2023-08-26,33.1,46829.51,0.0,13,1000.9,41.4,24.9,0,37.6,0.0,41551.37,54.368233,31.880491,1217.0,16.5,0.8872903004964178,28.4,8,5,-0.8165380514459157,-0.5772916165517278,0.8746197071393957,0.4848096202463371
2023-08-27,28.4,46721.79,0.0,29,1006.6,34.5,22.6,3,40.3,0.0,41181.0,54.368233,31.880491,1217.0,11.899999999999999,0.8814088672544438,29.2,8,6,-0.8263541987239094,-0.5631507242749187,-0.9816271834476639,0.1908089953765451
2023-08-28,29.2,46613.05,0.0,22,1005.1,36.0,22.2,0,22.0,0.0,41050.0,54.368233,31.880491,1217.0,13.8,0.8806546664507042,31.7,8,0,-0.8359254794186365,-0.5488429582847199,-0.5150380749100545,0.8571673007021121
2023-08-29,31.7,46503.42,0.0,16,1000.6,39.1,22.3,1,28.6,0.0,41195.84,54.368233,31.880491,1217.0,16.8,0.8858668889298894,32.3,8,1,-0.8452490573530634,-0.5343725582809785,0.6293203910498374,0.7771459614569709
2023-08-30,32.3,46392.94,0.0,14,1003.7,38.6,26.1,20,25.8,0.0,40870.71,54.368233,31.880491,1217.0,12.5,0.8809683111266499,31.0,8,2,-0.8543221697498269,-0.5197438121555157,-0.6293203910498378,0.7771459614569706
2023-08-31,31.0,46281.71,0.0,17,1006.8,37.0,25.0,0,22.0,0.0,40868.91,54.368233,31.880491,1217.0,12.0,0.8830466722167354,30.5,8,3,-0.8631421280499115,-0.5049610547215202,-0.8090169943749476,0.5877852522924729
2023-09-01,30.5,46169.82,0.0,20,1007.6,36.5,24.3,6,23.4,0.0,40732.35,54.368233,31.880491,1217.0,12.2,0.8822289105740503,30.9,9,4,-0.8717063187093217,-0.4900286664290594,-0.9271838545667874,0.37460659341591196
2023-09-02,30.9,46057.34,0.0,17,1008.2,36.8,24.5,18,18.6,0.0,40063.98,54.368233,31.880491,1217.0,12.299999999999997,0.8698717728813693,31.5,9,5,-0.8800122039735356,-0.4749510720670502,-0.8191520442889918,0.573576436351046
2023-09-03,31.5,45944.33,0.0,16,1007.7,38.1,24.3,10,19.2,0.0,40597.62,54.368233,31.880491,1217.0,13.8,0.8836263364815636,32.1,9,6,-0.888057322629493,-0.4597327394521046,0.9396926207859083,0.3420201433256688
2023-09-04,32.1,45830.88,0.0,13,1007.9,37.4,25.0,1,19.8,0.0,40597.25,54.368233,31.880491,1217.0,12.399999999999999,0.8858055965759332,31.8,9,0,-0.8958392907349089,-0.4443781781046134,0.4694715627858907,-0.882947592858927
2023-09-05,31.8,45717.07,0.0,13,1008.3,38.2,24.8,11,21.3,0.0,40276.17,54.368233,31.880491,1217.0,13.400000000000002,0.8809875611013567,31.9,9,1,-0.9033558023246842,-0.4288919379124841,0.8910065241883679,-0.45399049973954675
2023-09-06,31.9,45602.97,0.0,13,1007.2,38.5,24.1,15,17.0,0.0,40595.93,54.368233,31.880491,1217.0,14.399999999999999,0.8902036424382008,32.1,9,2,-0.9106046300942162,-0.41327860778290443,0.984807753012208,-0.1736481776669303
2023-09-07,32.1,45488.65,0.0,13,1006.2,38.2,25.1,12,17.1,0.0,40467.14,54.368233,31.880491,1217.0,13.100000000000001,0.8896096059126837,32.8,9,3,-0.9175836260593934,-0.3975428142825566,0.9781476007338057,-0.20791169081775934
2023-09-08,32.8,45374.18,0.0,12,1005.1,39.2,25.1,14,25.2,0.0,40340.49,54.368233,31.880491,1217.0,14.100000000000001,0.8890626783778792,32.6,9,4,-0.9242907221930934,-0.3816892202666586,0.9335804264972017,-0.35836794954530027
2023-09-09,32.6,45259.64,0.0,11,1003.4,40.1,25.0,0,18.2,0.0,40466.9,54.368233,31.880491,1217.0,15.100000000000001,0.894105653513815,31.4,9,5,-0.9307239310379793,-0.3657225234972692,0.052335956242943835,0.9986295347545738
2023-09-10,31.4,45145.09,0.0,12,1002.9,38.2,24.1,0,20.2,0.0,40466.46,54.368233,31.880491,1217.0,14.100000000000001,0.8963645880426864,31.7,9,6,-0.9368813462954315,-0.34964745525122826,-0.798635510047293,0.6018150231520479
2023-09-11,31.7,45030.61,0.0,11,1004.2,39.2,25.0,0,21.3,0.0,40342.75,54.368233,31.880491,1217.0,14.200000000000003,0.8958961470875033,31.2,9,0,-0.9427611433904206,-0.33346877891818705,0.7193398003386512,0.6946583704589973
2023-09-12,31.2,44916.26,0.0,12,1005.8,38.6,23.0,0,20.6,0.0,40343.06,54.368233,31.880491,1217.0,15.600000000000001,0.8981838648186646,31.1,9,1,-0.9483615800121716,-0.31719128858910595,-0.7071067811865477,0.7071067811865474
2023-09-13,31.1,44802.12,0.0,13,1006.6,37.8,23.5,0,18.7,0.0,40222.64,54.368233,31.880491,1217.0,14.299999999999997,0.8977843012786001,31.4,9,2,-0.9536809966304455,-0.300819807635668,-0.6946583704589976,0.7193398003386509
2023-09-14,31.4,44688.24,0.0,12,1005.0,38.5,22.8,5,22.5,0.0,40223.77,54.368233,31.880491,1217.0,15.7,0.9000974305544367,31.0,9,3,-0.9587178169872964,-0.2843591872810036,0.7986355100472927,-0.6018150231520484
2023-09-15,31.0,44574.57,0.0,14,1005.3,37.5,23.8,1,30.1,0.0,40224.65,54.368233,31.880491,1217.0,13.7,0.9024125190663645,27.0,9,4,-0.9634705485641486,-0.26781430516217486,-0.7193398003386511,0.6946583704589973
2023-09-16,27.0,44460.34,0.0,22,1008.0,32.4,22.3,0,27.8,0.0,40108.71,54.368233,31.880491,1217.0,10.099999999999998,0.9021233305908143,26.8,9,5,-0.9679377830240642,-0.25119006388481957,-0.8746197071393956,0.4848096202463373
2023-09-17,26.8,44345.48,0.0,22,1007.7,32.8,20.9,0,20.9,0.0,39995.23,54.368233,31.880491,1217.0,11.899999999999999,0.9019009378182399,27.3,9,6,-0.9721181966290612,-0.23449138957041052,-0.7880107536067218,0.6156614753256585
2023-09-18,27.3,44230.08,0.0,20,1006.2,35.0,19.0,0,15.2,0.0,39998.08,54.368233,31.880491,1217.0,16.0,0.9043185090327669,26.3,9,0,-0.9760105506323682,-0.21772323039653224,-0.6156614753256582,0.788010753606722
2023-09-19,26.3,44114.2,0.0,18,1010.5,33.0,20.5,3,27.5,0.0,40000.69,54.368233,31.880491,1217.0,12.5,0.9067531543131238,24.8,9,1,-0.9796136916454901,-0.20089055513063528,-0.9135454576426011,0.40673664307579976
2023-09-20,24.8,43997.92,0.0,24,1014.3,30.8,18.6,0,24.0,0.0,39835.48,54.368233,31.880491,1217.0,12.2,0.9053946186547002,25.5,9,2,-0.9829265519799822,-0.18399835165767986,-0.8746197071393956,0.4848096202463373
2023-09-21,25.5,43881.31,0.0,20,1013.5,31.8,18.3,0,22.7,0.0,39759.04,54.368233,31.880491,1217.0,13.5,0.906058638632256,25.2,9,3,-0.9859481499638303,-0.1670516255021195,-0.8571673007021123,0.5150380749100542
2023-09-22,25.2,43764.45,0.0,18,1015.1,31.9,18.8,0,18.1,0.0,39574.09,54.368233,31.880491,1217.0,13.099999999999998,0.9042519670645923,24.5,9,4,-0.9886775902323404,-0.15005539834465262,-0.898794046299167,0.4383711467890774
2023-09-23,24.5,43647.41,0.0,17,1016.1,31.3,17.5,0,16.0,0.0,39498.25,54.368233,31.880491,1217.0,13.8,0.9049391475920334,23.6,9,5,-0.9911140639934546,-0.13301470653419636,-0.9612616959383188,0.2756373558169994
2023-09-24,23.6,43530.26,0.0,17,1015.2,29.6,17.0,0,19.1,0.0,39422.1,54.368233,31.880491,1217.0,12.600000000000001,0.9056251903848035,23.1,9,6,-0.9932568492674143,-0.11593459959550066,-0.8191520442889918,0.573576436351046
2023-09-25,23.1,43413.08,0.0,16,1013.2,30.0,16.1,0,15.7,0.0,39345.75,54.368233,31.880491,1217.0,13.899999999999999,0.9063109551314948,23.9,9,0,-0.9951053111006974,-0.09882013873287211,-0.7431448254773946,0.6691306063588578
2023-09-26,23.9,43295.93,0.0,14,1012.1,31.6,15.2,2,17.1,0.0,39167.65,54.368233,31.880491,1217.0,16.400000000000002,0.9046496980201142,22.9,9,1,-0.99665890175417,-0.08167639533042288,0.8746197071393959,-0.484809620246337
2023-09-27,22.9,43178.89,0.0,17,1015.2,29.2,17.5,5,26.8,0.0,38992.91,54.368233,31.880491,1217.0,11.7,0.9030549418940599,21.6,9,2,-0.9979171608653922,-0.06450844944931625,-0.9271838545667874,0.37460659341591196
2023-09-28,21.6,43062.04,0.0,28,1017.0,27.8,15.5,0,26.4,0.0,38919.88,54.368233,31.880491,1217.0,12.3,0.9038094804612136,21.5,9,3,-0.9988797155850335,-0.04732138832243232,-0.8386705679454243,0.5446390350150266
2023-09-29,21.5,42945.44,0.0,24,1016.3,27.6,15.4,0,17.7,0.0,38847.07,54.368233,31.880491,1217.0,12.200000000000001,0.9045679820721362,22.3,9,4,-0.9995462806873573,-0.03012030484690836,-0.6293203910498378,0.7771459614569706
2023-09-30,22.3,42829.17,0.0,23,1013.8,29.0,15.1,0,13.8,0.0,38774.54,54.368233,31.880491,1217.0,13.9,0.9053301756723281,24.2,9,5,-0.9999166586547379,-0.012910296075008843,0.9876883405951378,-0.1564344650402308
2023-10-01,24.2,42713.3,0.0,19,1009.8,31.6,16.1,1,17.3,0.0,38702.39,54.368233,31.880491,1217.0,15.5,0.9060969299960433,25.6,10,6,-0.9999907397361901,0.004303538296243821,0.9510565162951536,-0.30901699437494734
2023-10-02,25.6,42597.91,0.0,16,1010.6,32.5,18.5,8,23.5,0.0,38586.97,54.368233,31.880491,1217.0,14.0,0.9058418593776079,27.3,10,0,-0.9997685019798909,0.021516097436222233,-0.8746197071393956,0.4848096202463373
2023-10-03,27.3,42483.06,0.0,19,1012.6,34.7,20.4,7,30.3,0.0,37047.39,54.368233,31.880491,1217.0,14.300000000000004,0.8720508833403244,26.8,10,1,-0.9992500112396835,0.03872228089217399,-0.891006524188368,0.45399049973954664
2023-10-04,26.8,42368.84,0.0,25,1014.6,34.0,19.8,8,21.4,0.0,37142.57,54.368233,31.880491,1217.0,14.2,0.8766482632047515,25.8,10,2,-0.9984354211555643,0.05591699010060302,-0.891006524188368,0.45399049973954664
2023-10-05,25.8,42255.17,0.0,28,1014.1,35.6,18.3,7,41.4,0.0,37964.69,54.368233,31.880491,1217.0,17.3,0.8984626023277152,20.9,10,3,-0.9973249731081555,0.07309512989807776,-0.9335804264972017,0.3583679495453004
2023-10-06,20.9,42141.23,0.0,29,1017.2,26.9,16.0,0,22.2,0.0,37817.81,54.368233,31.880491,1217.0,10.899999999999999,0.8974064117255238,21.7,10,4,-0.9959189961471792,0.0902516100310407,-0.7193398003386511,0.6946583704589973
2023-10-07,21.7,42026.94,0.0,24,1015.5,29.2,14.1,0,13.8,0.0,37805.97,54.368233,31.880491,1217.0,15.1,0.8995651360770021,23.4,10,5,-0.994217906893952,0.10738134666416306,-0.6819983600624983,0.7313537016191707
2023-10-08,23.4,41912.39,0.0,19,1014.8,30.7,14.6,1,13.9,0.0,37532.51,54.368233,31.880491,1217.0,16.1,0.8954991590792126,24.8,10,6,-0.9922222094179324,0.12447926388678869,0.9945218953682733,-0.10452846326765355
2023-10-09,24.8,41797.66,0.0,17,1012.8,32.8,16.2,5,15.3,0.0,37394.41,54.368233,31.880491,1217.0,16.599999999999998,0.894653193504134,25.0,10,0,-0.989932495087353,0.141540295217043,0.7431448254773942,-0.6691306063588582
2023-10-10,25.0,41682.82,0.0,17,1014.1,32.5,17.9,0,12.5,0.0,37134.54,54.368233,31.880491,1217.0,14.600000000000001,0.8908835822528323,25.8,10,1,-0.9873494423939864,0.15855938510313475,-0.898794046299167,0.4383711467890774
2023-10-11,25.8,41567.98,0.0,17,1014.2,33.4,17.5,2,22.9,0.0,36883.28,54.368233,31.880491,1217.0,15.899999999999999,0.8873002729504776,24.7,10,2,-0.9844738167520923,0.17553149042142777,-0.6293203910498378,0.7771459614569706
2023-10-12,24.7,41453.21,0.0,28,1017.6,33.5,16.3,20,33.9,0.0,36401.53,54.368233,31.880491,1217.0,17.2,0.8781353723873253,20.8,10,3,-0.9813064702716093,0.19245158197082995,-0.798635510047293,0.6018150231520479
2023-10-13,20.8,41338.6,0.0,38,1019.5,27.5,13.8,16,16.9,0.0,36525.46,54.368233,31.880491,1217.0,13.7,0.8835679002191656,24.0,10,4,-0.9778483415056567,0.20931464596304888,-0.6819983600624983,0.7313537016191707
2023-10-14,24.0,41224.23,0.0,27,1014.6,31.0,16.3,31,31.4,0.0,36000.0,54.368233,31.880491,1217.0,14.7,0.8732728300807558,20.9,10,5,-0.9741004551724206,0.22611568550828803,-0.8090169943749476,0.5877852522924729
2023-10-15,20.9,41110.18,0.0,29,1015.4,27.0,15.8,0,19.5,0.0,36529.87,54.368233,31.880491,1217.0,11.2,0.8885845306442346,22.9,10,6,-0.970063921851507,0.2428497220959358,-0.7660444431189781,0.6427876096865393
2023-10-16,22.9,40996.55,0.0,22,1010.8,30.2,13.9,11,17.4,0.0,36313.54,54.368233,31.880491,1217.0,16.299999999999997,0.8857706319190273,22.8,10,0,-0.965739937654855,0.25951179706979943,0.6819983600624985,-0.7313537016191705
2023-10-17,22.8,40883.43,0.0,22,1010.5,30.3,16.5,18,34.9,0.0,36000.0,54.368233,31.880491,1217.0,13.8,0.8805523411318473,20.4,10,1,-0.9611297838723007,0.27609697309746883,-0.9902680687415704,0.13917310096006547
2023-10-18,20.4,40770.9,0.0,26,1015.6,26.9,15.7,0,17.5,0.0,36322.14,54.368233,31.880491,1217.0,11.2,0.8908839392802219,19.4,10,2,-0.9562348265919058,0.2926003356333479,-0.9396926207859083,0.342020143325669
2023-10-19,19.4,40659.06,0.0,32,1017.0,27.1,14.2,34,34.6,0.8,25067.63,54.368233,31.880491,1217.0,12.900000000000002,0.6165324530375272,21.7,10,3,-0.9510565162951536,0.30901699437494723,0.5299192642332049,-0.848048096156426
2023-10-20,21.7,40548.0,0.0,29,1016.7,28.2,14.6,12,14.7,0.0,36000.0,54.368233,31.880491,1217.0,13.6,0.8878366380585972,21.5,10,4,-0.9455963874271428,0.3253420847119795,0.5446390350150273,-0.8386705679454239
2023-10-21,21.5,40437.81,0.0,28,1016.0,28.0,14.8,36,20.8,0.0,35766.71,54.368233,31.880491,1217.0,13.2,0.8844868206265374,21.8,10,5,-0.9398560579418953,0.341570769167856,0.5150380749100544,-0.8571673007021122
2023-10-22,21.8,40328.6,0.0,19,1017.3,27.5,16.4,32,16.8,0.0,36058.31,54.368233,31.880491,1217.0,11.100000000000001,0.8941126148688524,20.1,10,6,-0.9338372288229252,0.35769823883312546,-0.6946583704589976,0.7193398003386509
2023-10-23,20.1,40220.45,0.0,25,1018.5,26.8,13.2,8,14.8,0.0,36000.0,54.368233,31.880491,1217.0,13.600000000000001,0.895067061656446,21.6,10,0,-0.9275416835791965,0.3737197147904692,0.01745240643728351,0.9998476951563913
2023-10-24,21.6,40113.46,0.0,22,1013.3,29.4,13.2,15,22.6,0.0,36000.0,54.368233,31.880491,1217.0,16.2,0.897454370677573,21.5,10,1,-0.9209712877166347,0.38963044953078774,0.90630778703665,-0.42261826174069933
2023-10-25,21.5,40007.57,0.0,29,1015.7,27.5,16.1,57,28.8,0.0,32400.0,54.368233,31.880491,1217.0,11.399999999999999,0.8098467365051164,19.5,10,2,-0.9141279881853337,0.4054257283599973,-0.7431448254773946,0.6691306063588578
2023-10-26,19.5,39901.88,0.0,40,1018.1,23.5,14.6,58,18.6,0.0,30896.04,54.368233,31.880491,1217.0,8.9,0.7743003587800876,19.9,10,3,-0.9070138128026362,0.42110087079608916,-0.8090169943749476,0.5877852522924729
2023-10-27,19.9,39796.29,0.0,35,1016.3,25.6,13.1,0,14.9,0.0,36000.0,54.368233,31.880491,1217.0,12.500000000000002,0.9046069369782962,20.6,10,4,-0.8996308696522434,0.4366512319560638,0.24192189559966773,0.9702957262759965
2023-10-28,20.6,39690.92,0.0,30,1014.9,27.5,13.2,3,13.1,0.0,36000.0,54.368233,31.880491,1217.0,14.3,0.9070084543265815,21.1,10,5,-0.8919813464595487,0.45207220393230374,0.984807753012208,-0.1736481776669303
2023-10-29,21.1,39585.86,0.0,26,1015.9,28.1,14.1,10,14.8,0.0,35954.34,54.368233,31.880491,1217.0,14.000000000000002,0.9082621926112,21.5,10,6,-0.8840675099433637,0.46735921715800205,0.766044443118978,0.6427876096865394
2023-10-30,21.5,39481.21,0.0,23,1017.3,28.0,14.1,73,15.1,0.0,35902.44,54.368233,31.880491,1217.0,13.9,0.9093551084173966,19.1,10,0,-0.8758917051442433,0.48250774176121763,-0.40673664307580015,0.913545457642601
2023-10-31,19.1,39377.08,0.0,34,1021.5,24.4,13.9,51,25.4,0.0,35850.05,54.368233,31.880491,1217.0,10.499999999999998,0.9104293665248921,16.1,10,1,-0.8674563547295971,0.4975132889071803,-0.9135454576426011,0.40673664307579976
2023-11-01,16.1,39273.56,0.0,48,1022.7,20.4,12.6,60,21.7,0.5,24339.79,54.368233,31.880491,1217.0,7.799999999999999,0.6197500303002835,19.1,11,2,-0.858763958275803,0.5123714121284235,-0.6427876096865396,0.7660444431189778
2023-11-02,19.1,39170.77,0.0,44,1018.0,26.0,11.1,59,21.9,0.0,35743.97,54.368233,31.880491,1217.0,14.9,0.9125163993457367,15.2,11,3,-0.8498170915275277,0.5270777086423724,0.5150380749100544,-0.8571673007021122
2023-11-03,15.2,39068.79,0.0,63,1017.2,19.7,11.6,45,20.3,1.9,23612.95,54.368233,31.880491,1217.0,8.1,0.6043941980286567,15.7,11,4,-0.8406184056344783,0.5416278206559811,-0.9876883405951377,-0.15643446504023104
2023-11-04,15.7,38967.76,0.0,66,1014.7,22.8,10.6,26,23.2,1.8,35636.39,54.368233,31.880491,1217.0,12.200000000000001,0.9145095843333052,12.9,11,5,-0.8311706263658079,0.5560174366570446,0.766044443118978,-0.6427876096865394
2023-11-05,12.9,38867.77,0.0,78,1017.5,17.4,9.5,36,12.5,4.7,34714.99,54.368233,31.880491,1217.0,7.899999999999999,0.8931562062860823,13.9,11,6,-0.8214765533024145,0.5702422926917867,-0.8480480961564261,0.5299192642332047
2023-11-06,13.9,38768.94,0.0,66,1016.9,19.8,9.1,21,14.0,0.0,35527.67,54.368233,31.880491,1217.0,10.700000000000001,0.9163951864559619,15.7,11,0,-0.8115390590073611,0.5842981736283683,0.8571673007021123,-0.5150380749100543
2023-11-07,15.7,38671.38,0.0,51,1015.6,22.1,9.2,6,14.0,0.0,35472.99,54.368233,31.880491,1217.0,12.900000000000002,0.9172930989274238,15.3,11,1,-0.801361088174677,0.5981809144059158,0.9993908270190958,0.03489949670250108
2023-11-08,15.3,38575.21,0.0,43,1020.4,20.6,11.0,0,17.2,0.0,35418.15,54.368233,31.880491,1217.0,9.600000000000001,0.9181583198121281,14.5,11,2,-0.7909456567567774,0.6118864012687242,-0.8571673007021123,0.5150380749100542
2023-11-09,14.5,38480.54,0.0,45,1022.0,21.0,8.4,0,15.0,0.0,35363.2,54.368233,31.880491,1217.0,12.6,0.918989182584236,16.4,11,3,-0.780295851070776,0.6254105729852457,0.8480480961564261,-0.5299192642332048
2023-11-10,16.4,38387.49,0.0,35,1020.3,25.0,8.4,5,16.1,0.0,35308.2,54.368233,31.880491,1217.0,16.6,0.9197840233888697,16.8,11,4,-0.7694148268839381,0.6387494220515268,0.8290375725550417,-0.5591929034707467
2023-11-11,16.8,38296.2,0.0,32,1022.9,24.0,8.9,23,15.0,0.0,35253.18,54.368233,31.880491,1217.0,15.1,0.9205398969088318,16.5,11,5,-0.7583058084785625,0.6518989958787125,0.01745240643728351,0.9998476951563913
2023-11-12,16.5,38206.77,0.0,30,1022.9,23.9,8.1,9,13.9,0.0,35171.87,54.368233,31.880491,1217.0,15.799999999999999,0.9205664336451369,16.9,11,6,-0.7469720876965551,0.6648553979642866,0.8480480961564261,-0.5299192642332048
2023-11-13,16.9,38119.33,0.0,29,1020.7,24.5,8.3,94,13.0,0.0,28831.01,54.368233,31.880491,1217.0,16.2,0.756335696351431,16.9,11,0,-0.7354170229639858,0.6776147890466887,0.838670567945424,-0.5446390350150271
2023-11-14,16.9,38033.85,0.0,27,1017.0,24.2,10.6,52,14.1,0.0,31954.9,54.368233,31.880491,1217.0,13.6,0.8401700064547766,17.2,11,1,-0.7236440382959124,0.690173388242972,0.5299192642332049,-0.848048096156426
2023-11-15,17.2,37949.43,0.0,20,1014.4,25.5,7.3,49,15.6,0.0,34894.09,54.368233,31.880491,1217.0,18.2,0.9194891728281557,16.0,11,2,-0.711656622281775,0.7025274741691566,0.7193398003386511,-0.6946583704589974
2023-11-16,16.0,37866.02,0.0,40,1014.6,20.9,11.4,70,15.3,0.0,23533.75,54.368233,31.880491,1217.0,9.499999999999998,0.6215004904133047,15.1,11,3,-0.6994583270516471,0.7146733860429608,0.6819983600624985,-0.7313537016191705
2023-11-17,15.1,37783.71,0.0,58,1015.1,20.6,10.3,31,13.5,2.0,28593.09,54.368233,31.880491,1217.0,10.3,0.7567570786457973,15.0,11,4,-0.6870527672236675,0.7266075247685652,0.6946583704589971,-0.7193398003386513
2023-11-18,15.0,37702.6,0.0,42,1016.9,22.2,8.6,0,15.2,0.0,34626.95,54.368233,31.880491,1217.0,13.6,0.9184233978558507,15.7,11,5,-0.6744436188329457,0.7383263540031063,0.7986355100472927,-0.6018150231520484
2023-11-19,15.7,37622.79,0.0,33,1014.6,23.9,7.7,32,19.0,0.0,34540.33,54.368233,31.880491,1217.0,16.2,0.9180693404184007,18.0,11,6,-0.661634618242279,0.749826401204568,0.8090169943749475,-0.587785252292473
2023-11-20,18.0,37544.39,0.0,39,1008.4,23.0,11.4,70,46.4,0.0,19104.85,54.368233,31.880491,1217.0,11.6,0.5088603117536334,16.9,11,0,-0.6486295610349818,0.7611042586607742,0.6946583704589971,-0.7193398003386513
2023-11-21,16.9,37467.49,0.0,38,1011.0,22.5,12.0,1,21.6,0.0,34371.44,54.368233,31.880491,1217.0,10.5,0.9173670293900126,11.3,11,1,-0.6354323008901775,0.7721565844991641,0.9335804264972017,0.3583679495453004
2023-11-22,11.3,37392.21,0.0,35,1022.8,16.7,5.5,0,16.5,0.0,34289.4,54.368233,31.880491,1217.0,11.2,0.9170198819486733,11.9,11,2,-0.622046748440868,0.7829801036770624,-0.9876883405951378,0.15643446504023067
2023-11-23,11.9,37318.65,0.0,26,1017.6,18.8,2.8,84,16.2,0.0,28877.45,54.368233,31.880491,1217.0,16.0,0.7738074662400704,11.3,11,3,-0.6084768701151264,0.7935716089521472,0.6018150231520482,-0.7986355100472929
2023-11-24,11.3,37246.93,0.0,33,1013.6,18.2,6.6,48,30.3,1.9,27130.07,54.368233,31.880491,1217.0,11.6,0.72838405742433,12.1,11,4,-0.594726686960764,0.8039279618328208,-0.8571673007021123,0.5150380749100542
2023-11-25,12.1,37177.14,0.0,29,1016.7,19.5,5.2,23,19.2,0.0,34054.39,54.368233,31.880491,1217.0,14.3,0.9160034903168991,14.3,11,5,-0.5808002734538013,0.8140460935082175,0.8191520442889917,-0.5735764363510462
2023-11-26,14.3,37109.41,0.0,23,1013.7,23.1,6.8,42,23.0,0.0,30622.72,54.368233,31.880491,1217.0,16.3,0.8252009395999559,15.0,11,6,-0.5667017562911184,0.8239230057575536,0.6560590289905073,-0.754709580222772
2023-11-27,15.0,37043.85,0.0,25,1012.2,22.4,7.9,0,18.2,0.0,33845.67,54.368233,31.880491,1217.0,14.499999999999998,0.9136650213193283,15.1,11,0,-0.5524353131676203,0.8335557718385695,0.8480480961564261,-0.5299192642332048
2023-11-28,15.1,36980.56,0.0,32,1012.9,22.6,8.4,0,20.4,0.0,33684.35,54.368233,31.880491,1217.0,14.200000000000001,0.9108664119742914,12.0,11,1,-0.5380051715382992,0.8429415373547832,0.15643446504023098,-0.9876883405951377
2023-11-29,12.0,36919.66,0.0,45,1019.4,17.5,6.8,17,14.3,0.0,33401.55,54.368233,31.880491,1217.0,10.7,0.9047090357820197,12.2,11,2,-0.5234156073655503,0.8520775211013093,-0.8571673007021123,0.5150380749100542
2023-11-30,12.2,36861.28,0.0,37,1019.6,18.9,4.7,3,10.7,0.0,33376.7,54.368233,31.880491,1217.0,14.2,0.9054677428456093,12.6,11,3,-0.5086709438521042,0.8609610158889945,0.788010753606722,-0.6156614753256583
2023-12-01,12.6,36805.5,0.0,30,1019.3,21.1,5.6,3,13.6,0.0,33230.66,54.368233,31.880491,1217.0,15.500000000000002,0.9028721250900003,11.6,12,4,-0.49377555015997737,0.8695893893466109,0.15643446504023087,0.9876883405951378
2023-12-02,11.6,36752.47,0.0,34,1021.6,17.5,6.1,0,12.1,0.0,33090.01,54.368233,31.880491,1217.0,11.4,0.900347922194073,12.2,12,5,-0.4787338401157883,0.8779600847008883,-0.2588190451025207,0.9659258262890683
2023-12-03,12.2,36702.29,0.0,30,1022.4,20.6,4.9,0,13.6,0.0,33072.74,54.368233,31.880491,1217.0,15.700000000000001,0.9011083504598758,12.3,12,6,-0.4635502709028512,0.8860706215341378,0.7986355100472927,-0.6018150231520484
2023-12-04,12.3,36654.98,0.0,25,1022.5,20.4,4.1,0,12.2,0.0,33056.79,54.368233,31.880491,1217.0,16.299999999999997,0.9018362579927748,11.9,12,0,-0.4482293417404106,0.893918596519257,0.7431448254773942,-0.6691306063588582
2023-12-05,11.9,36609.94,0.0,26,1021.0,19.8,4.6,0,13.8,0.0,32928.77,54.368233,31.880491,1217.0,15.200000000000001,0.8994488928416707,11.6,12,1,-0.4327755925504317,0.9015016841318838,0.7431448254773942,-0.6691306063588582
2023-12-06,11.6,36567.12,0.0,25,1019.8,19.6,3.9,64,11.5,0.0,32806.53,54.368233,31.880491,1217.0,15.700000000000001,0.8971592512617892,12.9,12,2,-0.41719360261231697,0.9088176373395028,0.19080899537654497,-0.981627183447664
2023-12-07,12.9,36526.58,0.0,22,1017.7,20.2,6.2,12,14.5,0.0,32145.3,54.368233,31.880491,1217.0,14.0,0.880052279737112,12.4,12,3,-0.4014879892059737,0.9158642882672868,0.03489949670250114,-0.9993908270190958
2023-12-08,12.4,36488.36,0.0,29,1020.1,19.2,6.8,7,12.1,0.0,32579.78,54.368233,31.880491,1217.0,12.399999999999999,0.8928814558944277,11.5,12,4,-0.38566340624360745,0.9226395488404875,0.6156614753256584,-0.7880107536067219
2023-12-09,11.5,36452.52,0.0,33,1020.2,20.5,3.8,29,10.0,0.0,32371.19,54.368233,31.880491,1217.0,16.7,0.8880370959264271,12.1,12,5,-0.3697245428906732,0.9291414114031743,-0.15643446504023073,-0.9876883405951378
2023-12-10,12.1,36419.09,0.0,32,1020.0,19.6,5.3,40,16.1,0.0,32377.24,54.368233,31.880491,1217.0,14.3,0.8890183692124104,12.5,12,6,-0.3536761221763721,0.935367949313148,0.5446390350150273,-0.8386705679454239
2023-12-11,12.5,36388.14,0.0,29,1020.2,19.7,5.9,83,15.6,0.0,31921.84,54.368233,31.880491,1217.0,13.799999999999999,0.8772594587137458,10.2,12,0,-0.33752289959411347,0.941317317512847,0.8191520442889917,-0.5735764363510462
2023-12-12,10.2,36359.7,0.0,33,1018.0,16.9,3.6,97,12.8,0.0,31499.98,54.368233,31.880491,1217.0,13.299999999999999,0.8663432316548267,9.5,12,1,-0.32126966169236515,0.9469877530760751,-0.7431448254773944,-0.6691306063588581
2023-12-13,9.5,36333.82,0.0,36,1011.5,16.2,2.8,43,18.1,0.3,32024.88,54.368233,31.880491,1217.0,13.399999999999999,0.8814069095955229,8.8,12,2,-0.3049212246562894,0.9523775757303973,-0.9902680687415703,-0.13917310096006583
2023-12-14,8.8,36310.55,0.0,61,1013.4,15.3,3.8,27,34.6,0.0,32230.13,54.368233,31.880491,1217.0,11.5,0.8876243956646208,6.8,12,3,-0.2884824328806098,0.9574851883550389,-0.8660254037844386,0.5000000000000001
2023-12-15,6.8,36289.94,0.0,70,1023.6,11.4,3.2,8,22.4,0.1,31984.6,54.368233,31.880491,1217.0,8.2,0.8813627137438088,7.7,12,4,-0.27195815753410524,0.9623090774541487,-0.8660254037844386,0.5000000000000001
2023-12-16,7.7,36272.02,0.0,47,1027.2,14.5,1.6,0,15.3,0.0,32265.87,54.368233,31.880491,1217.0,12.9,0.8895526083190294,9.8,12,5,-0.2553532951161881,0.9668478136052773,0.788010753606722,-0.6156614753256583
2023-12-17,9.8,36256.85,0.0,29,1022.1,19.0,2.2,7,19.0,0.0,32285.48,54.368233,31.880491,1217.0,16.8,0.8904656637297504,10.3,12,6,-0.23867276600594997,0.9711000518829505,0.7986355100472927,-0.6018150231520484
2023-12-18,10.3,36244.46,0.0,33,1018.3,19.1,3.7,66,19.5,0.0,32058.12,54.368233,31.880491,1217.0,15.400000000000002,0.8844971065922902,5.9,12,0,-0.22192151300416674,0.9750645322571945,-0.9998476951563913,-0.017452406437283498
2023-12-19,5.9,36234.91,0.0,59,1023.5,10.9,1.2,48,13.8,0.0,30253.12,54.368233,31.880491,1217.0,9.700000000000001,0.8349163831233469,5.7,12,1,-0.20510449986861926,0.9787400799669153,-0.898794046299167,0.4383711467890774
2023-12-20,5.7,36228.21,0.0,55,1025.6,10.5,1.2,0,13.4,0.0,32194.54,54.368233,31.880491,1217.0,9.3,0.8886594176195843,6.0,12,2,-0.1882267098432439,0.9821256058680006,-0.8090169943749476,0.5877852522924729
2023-12-21,6.0,36224.43,0.0,47,1022.1,11.4,0.2,0,15.8,0.0,32222.84,54.368233,31.880491,1217.0,11.200000000000001,0.8895333894832852,9.1,12,3,-0.1712931441814778,0.9852201067560606,-0.8746197071393959,-0.48480962024633684
2023-12-22,9.1,36223.59,0.0,31,1015.2,17.8,1.1,20,22.3,0.0,32252.03,54.368233,31.880491,1217.0,16.7,0.8903598456144187,11.0,12,4,-0.154308820664281,0.9880226656636976,0.766044443118978,-0.6427876096865394
2023-12-23,11.0,36225.73,0.0,36,1012.1,16.5,5.0,58,14.0,0.4,11143.61,54.368233,31.880491,1217.0,11.5,0.30761588517332844,12.6,12,5,-0.13727877211326517,0.9905324521322227,0.7431448254773942,-0.6691306063588582
2023-12-24,12.6,36230.9,0.0,42,1015.7,19.1,6.7,1,16.9,0.0,32242.73,54.368233,31.880491,1217.0,12.400000000000002,0.8899235183227576,12.0,12,6,-0.12020804489935275,0.9927487224577402,0.8987940462991669,-0.4383711467890775
2023-12-25,12.0,36239.13,0.0,36,1018.5,18.8,5.6,0,13.8,0.0,32277.39,54.368233,31.880491,1217.0,13.200000000000001,0.8906778391203101,11.6,12,0,-0.10310169744743544,0.9946708199115211,0.3090169943749475,-0.9510565162951535
2023-12-26,11.6,36250.38,0.0,28,1021.0,19.0,4.9,0,14.1,0.0,32313.89,54.368233,31.880491,1217.0,14.1,0.8914083107542597,10.1,12,1,-0.0859647987374467,0.9962981749346077,0.7547095802227721,-0.6560590289905072
2023-12-27,10.1,36264.59,0.0,27,1023.0,18.6,3.9,0,11.8,0.0,32352.14,54.368233,31.880491,1217.0,14.700000000000001,0.8921137671761904,11.5,12,2,-0.06880242680232064,0.9976303053065857,0.7313537016191706,-0.6819983600624984
2023-12-28,11.5,36281.73,0.0,23,1018.0,19.4,3.2,53,11.4,0.0,28834.33,54.368233,31.880491,1217.0,16.2,0.7947341540769969,9.9,12,3,-0.05161966722325418,0.9986668162884759,0.48480962024633717,-0.8746197071393957
2023-12-29,9.9,36301.74,0.0,41,1022.8,14.8,5.3,48,21.0,0.0,28798.08,54.368233,31.880491,1217.0,9.5,0.7932975113589598,9.0,12,4,-0.034421611622745804,0.9994074007397048,-0.8191520442889918,0.573576436351046
2023-12-30,9.0,36324.55,0.0,44,1023.8,15.1,2.5,42,12.6,0.0,32400.0,54.368233,31.880491,1217.0,12.6,0.8919587441551237,9.8,12,5,-0.01721335615583528,0.9998518392091162,-0.29237170472273716,0.9563047559630353
2023-12-31,9.8,36350.13,0.0,50,1020.6,14.9,4.8,31,12.0,4.2,32400.0,54.368233,31.880491,1217.0,10.100000000000001,0.8913310626399411,9.3,12,6,6.432490598706546e-16,1.0,0.838670567945424,0.5446390350150271
2024-01-01,9.3,36378.41,0.0,61,1020.1,16.9,3.4,21,28.0,0.0,32400.0,54.368233,31.880491,1217.0,13.499999999999998,0.8906381559831779,9.1,1,0,0.017213356155834685,0.9998518392091162,-0.6560590289905074,0.7547095802227719
2024-01-02,9.1,36409.33,0.0,58,1020.1,15.2,3.8,32,9.0,0.0,32400.0,54.368233,31.880491,1217.0,11.399999999999999,0.8898817967812096,10.6,1,1,0.03442161162274574,0.9994074007397048,0.777145961456971,-0.6293203910498373
2024-01-03,10.6,36442.84,0.0,46,1013.5,17.0,3.4,28,6.7,0.0,32400.0,54.368233,31.880491,1217.0,13.6,0.8890635307237307,8.9,1,2,0.051619667223253764,0.998666816288476,-0.7313537016191705,-0.6819983600624986
2024-01-04,8.9,36478.89,0.0,40,1017.0,14.9,4.1,0,19.1,0.0,32400.0,54.368233,31.880491,1217.0,10.8,0.8881849201003649,9.5,1,3,0.06880242680231986,0.9976303053065857,-0.913545457642601,-0.4067366430758001
2024-01-05,9.5,36517.41,0.0,27,1015.1,17.8,2.3,0,19.4,0.0,32400.0,54.368233,31.880491,1217.0,15.5,0.8872480277215716,10.4,1,4,0.08596479873744647,0.9962981749346078,0.7313537016191706,-0.6819983600624984
2024-01-06,10.4,36558.34,0.0,27,1016.2,17.5,5.3,1,25.5,0.0,32400.0,54.368233,31.880491,1217.0,12.2,0.8862546822421369,6.0,1,5,0.10310169744743485,0.9946708199115211,-0.9702957262759966,0.24192189559966742
2024-01-07,6.0,36601.64,0.0,41,1026.2,11.1,0.8,7,21.1,0.0,32400.0,54.368233,31.880491,1217.0,10.299999999999999,0.8852062366604339,8.0,1,6,0.1202080448993527,0.9927487224577402,-0.9063077870366498,0.4226182617406996
2024-01-08,8.0,36647.23,0.0,23,1022.0,17.1,-0.8,30,21.6,0.0,32400.0,54.368233,31.880491,1217.0,17.900000000000002,0.8841050196699722,11.6,1,0,0.13727877211326478,0.9905324521322229,0.7986355100472927,-0.6018150231520484
2024-01-09,11.6,36695.06,0.0,12,1017.9,20.5,3.6,44,16.4,0.0,32400.0,54.368233,31.880491,1217.0,16.9,0.882952637221468,12.2,1,1,0.15430882066428117,0.9880226656636976,0.7547095802227721,-0.6560590289905072
2024-01-10,12.2,36745.07,0.0,10,1013.6,22.0,5.1,27,19.3,0.0,31457.38,54.368233,31.880491,1217.0,16.9,0.8560979745037907,8.9,1,2,0.1712931441814776,0.9852201067560606,0.838670567945424,-0.5446390350150271
2024-01-11,8.9,36797.2,0.0,14,1014.7,15.9,1.9,60,16.1,0.0,32400.0,54.368233,31.880491,1217.0,14.0,0.8805017773091431,11.9,1,3,0.1882267098432442,0.9821256058680006,-0.4226182617406993,-0.90630778703665
2024-01-12,11.9,36851.39,0.0,22,1009.4,20.0,5.2,5,20.9,0.0,32400.0,54.368233,31.880491,1217.0,14.8,0.8792069987047979,11.9,1,4,0.2051044998686192,0.9787400799669153,0.6819983600624985,-0.7313537016191705
2024-01-13,11.9,36907.71,0.0,36,1012.1,19.6,5.2,20,19.8,0.0,32430.18,54.368233,31.880491,1217.0,14.400000000000002,0.8786830719109909,13.9,1,5,0.2219215130041655,0.9750645322571948,0.8746197071393959,-0.484809620246337
2024-01-14,13.9,36966.78,0.0,32,1013.9,21.0,6.3,83,19.8,0.0,32400.0,54.368233,31.880491,1217.0,14.7,0.8764625969586748,14.6,1,6,0.2386727660059501,0.9711000518829505,0.8746197071393959,-0.484809620246337
2024-01-15,14.6,37028.59,0.0,39,1015.6,21.4,9.9,66,18.4,0.0,32400.0,54.368233,31.880491,1217.0,11.499999999999998,0.8749995611499115,11.3,1,0,0.255353295116187,0.9668478136052775,0.9510565162951536,-0.30901699437494734
2024-01-16,11.3,37093.05,0.0,45,1018.2,16.1,7.1,16,16.9,0.0,32414.21,54.368233,31.880491,1217.0,9.000000000000002,0.8738620846762398,10.5,1,1,0.2719581575341055,0.9623090774541486,-0.9396926207859083,0.342020143325669
2024-01-17,10.5,37160.0,0.0,40,1017.2,17.1,4.2,0,13.4,0.0,32568.95,54.368233,31.880491,1217.0,12.900000000000002,0.8764518299246502,8.7,1,2,0.288482432880609,0.9574851883550393,0.9993908270190958,0.03489949670250108
2024-01-18,8.7,37229.35,0.0,38,1018.5,15.0,1.5,42,21.6,0.0,32568.12,54.368233,31.880491,1217.0,13.5,0.8747969008322735,7.7,1,3,0.30492122465628907,0.9523775757303974,-0.891006524188368,0.45399049973954664
2024-01-19,7.7,37300.97,0.0,35,1022.6,13.2,2.2,2,16.9,0.0,32654.07,54.368233,31.880491,1217.0,11.0,0.875421470272757,9.2,1,4,0.3212696616923644,0.9469877530760753,-0.7431448254773946,0.6691306063588578
2024-01-20,9.2,37374.74,0.0,33,1020.6,17.5,1.5,51,20.3,0.0,32400.0,54.368233,31.880491,1217.0,16.0,0.8668956626855465,9.2,1,5,0.3375228995941133,0.9413173175128471,0.777145961456971,-0.6293203910498373
2024-01-21,9.2,37450.54,0.0,28,1019.9,15.8,4.8,5,14.3,0.0,32748.56,54.368233,31.880491,1217.0,11.0,0.8744482723079561,9.9,1,6,0.3536761221763716,0.9353679493131483,-0.9986295347545738,0.052335956242943946
2024-01-22,9.9,37528.25,0.0,23,1020.2,18.4,2.4,8,15.5,0.0,32750.33,54.368233,31.880491,1217.0,15.999999999999998,0.8726847108511588,11.0,1,0,0.3697245428906731,0.9291414114031743,0.8090169943749475,-0.587785252292473
2024-01-23,11.0,37607.77,0.0,22,1018.2,20.6,2.6,47,17.9,0.0,32550.15,54.368233,31.880491,1217.0,18.0,0.8655166206345126,14.2,1,1,0.38566340624360707,0.9226395488404876,0.06975647374412552,-0.9975640502598242
2024-01-24,14.2,37688.97,0.0,34,1012.3,21.4,6.4,87,19.4,0.0,30040.41,54.368233,31.880491,1217.0,14.999999999999998,0.7970610499570564,12.1,1,2,0.401487989205973,0.9158642882672872,0.4226182617406995,-0.9063077870366499
2024-01-25,12.1,37771.76,0.0,46,1013.9,18.5,6.2,32,14.5,0.0,32962.04,54.368233,31.880491,1217.0,12.3,0.8726635984132061,7.1,1,3,0.4171936026123168,0.9088176373395029,-0.9975640502598243,0.06975647374412522
2024-01-26,7.1,37856.01,0.0,72,1016.1,10.0,4.3,96,17.1,6.7,9403.35,54.368233,31.880491,1217.0,5.7,0.24839781054580237,11.0,1,4,0.4327755925504312,0.901501684131884,-0.29237170472273677,-0.9563047559630354
2024-01-27,11.0,37941.62,0.0,71,1009.1,18.4,5.6,33,14.3,0.0,33079.27,54.368233,31.880491,1217.0,12.799999999999999,0.8718465368637395,9.1,1,5,0.4482293417404106,0.893918596519257,0.6691306063588583,-0.7431448254773941
2024-01-28,9.1,38028.47,0.0,53,1014.4,14.2,3.0,0,18.7,0.0,33316.01,54.368233,31.880491,1217.0,11.2,0.8760807363535793,5.5,1,6,0.4635502709028509,0.886070621534138,-0.6819983600624983,0.7313537016191707
2024-01-29,5.5,38116.48,0.0,63,1020.5,10.7,1.4,48,15.5,0.0,32400.0,54.368233,31.880491,1217.0,9.299999999999999,0.8500260254881877,5.3,1,0,0.47873384011578846,0.8779600847008882,-0.992546151641322,0.12186934340514768
2024-01-30,5.3,38205.53,0.0,54,1023.0,10.6,0.5,17,15.5,0.0,30567.94,54.368233,31.880491,1217.0,10.1,0.8000920285623573,4.9,1,1,0.49377555015997715,0.869589389346611,-0.9902680687415704,0.13917310096006547
2024-01-31,4.9,38295.52,0.0,54,1023.5,10.6,0.3,9,13.6,0.0,33452.15,54.368233,31.880491,1217.0,10.299999999999999,0.8735264594918676,4.3,1,2,0.5086709438521044,0.8609610158889943,-0.9396926207859083,0.342020143325669
2024-02-01,4.3,38386.34,0.0,54,1017.1,10.1,-1.2,6,11.5,0.0,33616.86,54.368233,31.880491,1217.0,11.299999999999999,0.8757505925284881,2.1,2,3,0.5234156073655503,0.8520775211013093,-0.9876883405951377,-0.15643446504023104
2024-02-02,2.1,38478.08,0.0,65,1012.4,8.2,-1.4,31,23.7,0.1,33589.27,54.368233,31.880491,1217.0,9.6,0.8729455835634209,4.0,2,4,0.5380051715382996,0.8429415373547828,-0.9743700647852352,0.22495105434386492
2024-02-03,4.0,38571.65,0.0,45,1019.1,10.1,-1.8,1,26.0,0.0,34096.54,54.368233,31.880491,1217.0,11.9,0.8839792956744137,5.2,2,5,0.5524353131676196,0.8335557718385699,-0.8090169943749476,0.5877852522924729
2024-02-04,5.2,38667.09,0.0,37,1019.2,12.2,-2.2,0,14.4,0.0,34493.24,54.368233,31.880491,1217.0,14.399999999999999,0.8920567852403685,5.7,2,6,0.5667017562911176,0.8239230057575542,0.48480962024633717,-0.8746197071393957
2024-02-05,5.7,38764.28,0.0,37,1017.7,12.6,-1.5,0,15.1,0.0,34602.38,54.368233,31.880491,1217.0,14.1,0.8926356945105133,7.9,2,0,0.5808002734538009,0.8140460935082178,0.6819983600624985,-0.7313537016191705
2024-02-06,7.9,38863.09,0.0,30,1016.3,15.4,0.2,38,33.0,0.0,34141.63,54.368233,31.880491,1217.0,15.200000000000001,0.8785104323922777,8.6,2,1,0.5947266869607634,0.8039279618328213,-0.8386705679454243,0.5446390350150266
2024-02-07,8.6,38963.41,0.0,30,1019.3,16.4,1.0,0,14.2,0.0,34894.66,54.368233,31.880491,1217.0,15.399999999999999,0.8955751049510297,9.6,2,2,0.6084768701151261,0.7935716089521474,-0.9271838545667874,0.37460659341591196
2024-02-08,9.6,39065.11,0.0,28,1020.2,16.4,2.5,0,14.3,0.0,35080.16,54.368233,31.880491,1217.0,13.899999999999999,0.8979920957601297,10.8,2,3,0.6220467484408675,0.7829801036770629,0.9455185755993168,-0.32556815445715664
2024-02-09,10.8,39168.07,0.0,22,1017.8,19.0,2.8,0,15.9,0.0,35243.77,54.368233,31.880491,1217.0,16.2,0.899808696216076,11.7,2,4,0.6354323008901774,0.7721565844991642,0.8290375725550417,-0.5591929034707467
2024-02-10,11.7,39272.19,0.0,17,1018.2,20.6,2.5,58,17.6,0.0,35411.07,54.368233,31.880491,1217.0,18.1,0.9016830994146239,11.1,2,5,0.6486295610349814,0.7611042586607747,0.777145961456971,-0.6293203910498373
2024-02-11,11.1,39377.34,0.0,20,1020.1,17.2,3.8,83,14.9,0.0,32400.0,54.368233,31.880491,1217.0,13.399999999999999,0.8228082445386103,10.7,2,6,0.6616346182422783,0.7498264012045686,-0.891006524188368,0.45399049973954664
2024-02-12,10.7,39483.43,0.0,27,1022.3,17.2,3.8,0,18.6,0.0,35527.98,54.368233,31.880491,1217.0,13.399999999999999,0.8998200004406913,12.4,2,0,0.6744436188329455,0.7383263540031065,-0.8090169943749476,0.5877852522924729
2024-02-13,12.4,39590.32,0.0,21,1019.8,20.8,4.1,6,15.8,0.0,35701.02,54.368233,31.880491,1217.0,16.700000000000003,0.9017613396405989,14.7,2,1,0.6870527672236669,0.7266075247685656,0.8571673007021123,-0.5150380749100543
2024-02-14,14.7,39697.93,0.0,19,1016.6,23.1,5.2,0,15.3,0.0,35877.3,54.368233,31.880491,1217.0,17.900000000000002,0.9037574503254956,16.6,2,2,0.699458327051647,0.7146733860429609,0.8191520442889917,-0.5735764363510462
2024-02-15,16.6,39806.14,0.0,30,1015.1,24.5,8.4,15,17.8,0.0,35935.77,54.368233,31.880491,1217.0,16.1,0.9027695224907514,18.0,2,3,0.7116566222817746,0.7025274741691571,0.8290375725550417,-0.5591929034707467
2024-02-16,18.0,39914.85,0.0,46,1012.8,25.5,11.9,73,25.3,1.8,33088.61,54.368233,31.880491,1217.0,13.6,0.8289799410495092,17.4,2,4,0.7236440382959124,0.6901733882429719,0.5735764363510459,-0.8191520442889919
2024-02-17,17.4,40023.95,0.0,43,1010.3,24.3,9.9,46,27.1,0.2,35422.5,54.368233,31.880491,1217.0,14.4,0.8850325867386902,10.2,2,5,0.7354170229639855,0.6776147890466889,-0.9816271834476639,0.1908089953765451
2024-02-18,10.2,40133.35,0.0,40,1013.6,16.4,5.2,15,35.5,0.0,36102.56,54.368233,31.880491,1217.0,11.2,0.8995650749314472,8.5,2,6,0.7469720876965552,0.6648553979642865,-0.8191520442889918,0.573576436351046
2024-02-19,8.5,40242.95,0.0,46,1016.0,13.8,3.4,21,20.8,0.9,36543.17,54.368233,31.880491,1217.0,10.4,0.9080638969061662,7.2,2,0,0.7583058084785624,0.6518989958787126,-0.9396926207859083,0.342020143325669
2024-02-20,7.2,40352.64,0.0,43,1018.8,12.5,1.3,8,15.8,0.0,36731.65,54.368233,31.880491,1217.0,11.2,0.9102663419295491,8.3,2,1,0.7694148268839378,0.6387494220515272,-0.898794046299167,0.4383711467890774
2024-02-21,8.3,40462.33,0.0,41,1020.7,13.9,1.8,3,14.8,0.0,37055.68,54.368233,31.880491,1217.0,12.1,0.9158068751848941,10.4,2,2,0.7802958510707755,0.6254105729852463,-0.891006524188368,0.45399049973954664
2024-02-22,10.4,40572.09,0.0,32,1018.9,17.2,2.5,0,18.7,0.0,37385.67,54.368233,31.880491,1217.0,14.7,0.9214627592514953,11.4,2,3,0.7909456567567772,0.6118864012687243,-0.45399049973954664,-0.8910065241883679
2024-02-23,11.4,40682.86,0.0,24,1019.3,17.8,5.6,47,17.6,0.0,36460.68,54.368233,31.880491,1217.0,12.200000000000001,0.896217227599043,11.1,2,4,0.8013610881746766,0.5981809144059165,-0.8571673007021123,0.5150380749100542
2024-02-24,11.1,40794.72,0.0,32,1017.8,16.6,4.3,94,14.1,2.3,19727.68,54.368233,31.880491,1217.0,12.3,0.48358415010569994,2.2,2,5,0.8115390590073611,0.5842981736283684,-0.6560590289905074,0.7547095802227719
2024-02-25,2.2,40907.55,6.23,91,1019.0,6.3,-0.2,100,34.2,17.3,0.0,54.368233,31.880491,1217.0,6.5,0.0,-0.0,2,6,0.8214765533024142,0.5702422926917871,-0.8660254037844386,0.5000000000000001
2024-02-26,-0.0,41021.27,0.98,87,1023.0,2.0,-1.0,100,22.9,1.6,1195.36,54.368233,31.880491,1217.0,3.0,0.029140004685374195,1.3,2,0,0.8311706263658079,0.5560174366570446,-0.9335804264972017,0.3583679495453004
2024-02-27,1.3,41135.78,0.14,79,1023.9,3.8,-1.2,98,18.7,0.3,15828.52,54.368233,31.880491,1217.0,5.0,0.38478716095817317,1.4,2,1,0.8406184056344782,0.5416278206559814,-0.9961946980917455,0.08715574274765789
2024-02-28,1.4,41250.99,0.42,79,1021.8,3.8,-1.1,96,26.1,0.6,11764.7,54.368233,31.880491,1217.0,4.9,0.28519800373275894,-2.0,2,2,0.8498170915275278,0.5270777086423722,-0.9876883405951378,0.15643446504023067
2024-02-29,-2.0,41366.8,6.09,81,1026.4,1.0,-5.6,84,35.7,8.7,7769.54,54.368233,31.880491,1217.0,6.6,0.18782066778189271,-0.5,2,3,0.8587639582758029,0.5123714121284237,-0.8571673007021123,0.5150380749100542
2024-03-01,-0.5,41483.14,0.21,65,1028.4,4.3,-4.6,28,15.7,0.3,35795.74,54.368233,31.880491,1217.0,8.899999999999999,0.8628985173253519,1.8,3,4,0.8674563547295969,0.49751328890718066,-0.898794046299167,0.4383711467890774
2024-03-02,1.8,41599.89,0.0,50,1022.9,7.5,-4.8,0,13.3,0.0,38715.81,54.368233,31.880491,1217.0,12.3,0.9306709705242009,5.3,3,5,0.8758917051442429,0.48250774176121847,0.7431448254773942,-0.6691306063588582
2024-03-03,5.3,41716.98,0.0,54,1015.5,12.6,-2.2,47,15.3,0.0,38836.32,54.368233,31.880491,1217.0,14.8,0.9309475422238138,4.9,3,6,0.8840675099433636,0.4673592171580022,0.788010753606722,-0.6156614753256583
2024-03-04,4.9,41834.32,0.91,72,1014.3,10.0,-0.1,84,17.8,7.3,20339.31,54.368233,31.880491,1217.0,10.1,0.4861871783741197,5.5,3,0,0.8919813464595485,0.45207220393230435,-0.9063077870366498,0.4226182617406996
2024-03-05,5.5,41951.82,0.0,83,1016.5,11.8,-1.5,18,18.6,0.0,38360.49,54.368233,31.880491,1217.0,13.3,0.9143939404774334,8.0,3,1,0.8996308696522433,0.43665123195606403,-0.9781476007338056,0.20791169081775943
2024-03-06,8.0,42069.41,0.0,64,1016.4,14.4,1.6,1,13.2,0.0,39168.87,54.368233,31.880491,1217.0,12.8,0.9310534661646075,10.2,3,2,0.9070138128026359,0.4211008707960896,0.8660254037844387,-0.4999999999999998
2024-03-07,10.2,42186.98,0.0,48,1013.8,17.7,2.8,8,17.9,0.0,39243.66,54.368233,31.880491,1217.0,14.899999999999999,0.930231554854128,13.8,3,3,0.9141279881853337,0.40542572835999735,0.838670567945424,-0.5446390350150271
2024-03-08,13.8,42304.46,0.0,40,1010.6,22.2,5.8,70,21.1,0.0,37756.13,54.368233,31.880491,1217.0,16.4,0.8924858040972512,12.8,3,4,0.9209712877166346,0.38963044953078796,0.37460659341591224,-0.9271838545667873
2024-03-09,12.8,42421.76,0.0,40,1011.5,19.4,6.2,16,17.1,0.0,39393.43,54.368233,31.880491,1217.0,13.2,0.9286137585993602,13.0,3,5,0.9275416835791966,0.37371971479046906,-0.7880107536067218,0.6156614753256585
2024-03-10,13.0,42538.8,0.0,25,1014.8,19.0,4.8,11,17.3,0.0,39468.22,54.368233,31.880491,1217.0,14.2,0.9278169576950924,12.0,3,6,0.9338372288229252,0.35769823883312546,0.7313537016191705,0.6819983600624985
2024-03-11,12.0,42655.49,0.0,48,1015.8,21.1,5.8,75,21.4,8.0,27042.82,54.368233,31.880491,1217.0,15.3,0.6339821673599342,9.1,3,0,0.9398560579418954,0.3415707691678556,-0.374606593415912,-0.9271838545667874
2024-03-12,9.1,42771.76,0.0,68,1022.4,13.5,4.8,25,22.9,2.4,39600.0,54.368233,31.880491,1217.0,8.7,0.9258445291940289,11.5,3,1,0.9455963874271426,0.3253420847119801,-0.7547095802227722,0.656059028990507
2024-03-13,11.5,42887.66,0.0,59,1020.9,18.9,4.0,0,19.2,0.0,39600.0,54.368233,31.880491,1217.0,14.899999999999999,0.9233425185706098,13.0,3,2,0.9510565162951535,0.30901699437494745,0.7986355100472927,-0.6018150231520484
2024-03-14,13.0,43004.05,0.0,53,1020.0,20.5,6.3,22,15.8,0.0,39600.0,54.368233,31.880491,1217.0,14.2,0.9208435019492349,13.9,3,3,0.9562348265919056,0.29260033563334836,-0.5446390350150271,-0.838670567945424
2024-03-15,13.9,43121.03,0.0,53,1016.8,23.3,8.1,86,34.0,1.0,23324.3,54.368233,31.880491,1217.0,15.200000000000001,0.5409031277777919,15.6,3,4,0.9611297838723007,0.27609697309746883,0.2756373558169992,-0.9612616959383189
2024-03-16,15.6,43238.5,0.0,55,1013.9,21.6,8.6,45,11.5,1.7,33117.28,54.368233,31.880491,1217.0,13.000000000000002,0.7659211119719694,17.4,3,5,0.9657399376548549,0.2595117970697999,-0.0348994967025009,-0.9993908270190958
2024-03-17,17.4,43356.39,0.0,42,1015.4,24.6,9.1,0,14.4,0.0,39600.0,54.368233,31.880491,1217.0,15.500000000000002,0.9133601759740606,20.7,3,6,0.9700639218515071,0.2428497220959356,0.9612616959383189,0.27563735581699916
2024-03-18,20.7,43474.62,0.0,22,1013.9,27.2,11.0,55,31.0,0.0,37550.01,54.368233,31.880491,1217.0,16.2,0.8637225581270176,20.9,3,0,0.9741004551724205,0.22611568550828828,0.9396926207859084,-0.3420201433256687
2024-03-19,20.9,43593.12,0.0,33,1008.4,27.4,14.9,93,36.9,0.1,26030.79,54.368233,31.880491,1217.0,12.499999999999998,0.5971306940177716,18.1,3,1,0.9778483415056568,0.20931464596304847,0.5877852522924732,-0.8090169943749473
2024-03-20,18.1,43711.82,0.0,34,1010.8,24.7,11.5,12,31.1,0.0,39600.0,54.368233,31.880491,1217.0,13.2,0.9059334523247945,15.7,3,2,0.9813064702716093,0.19245158197082998,-0.9135454576426011,0.40673664307579976
2024-03-21,15.7,43830.63,0.0,22,1014.8,22.4,8.9,2,13.0,0.0,39600.0,54.368233,31.880491,1217.0,13.499999999999998,0.9034777734200946,16.2,3,3,0.9844738167520922,0.1755314904214282,-0.7880107536067218,0.6156614753256585
2024-03-22,16.2,43949.49,0.0,31,1009.4,24.5,7.1,58,33.1,0.3,29212.09,54.368233,31.880491,1217.0,17.4,0.6646741520777603,18.0,3,4,0.9873494423939864,0.15855938510313475,-0.7880107536067218,0.6156614753256585
2024-03-23,18.0,44068.31,0.0,33,1010.0,23.5,10.9,19,23.1,0.0,39600.0,54.368233,31.880491,1217.0,12.6,0.8986049158681148,17.7,3,5,0.989932495087353,0.141540295217043,0.9961946980917455,-0.08715574274765824
2024-03-24,17.7,44187.02,0.0,38,1010.5,25.2,11.8,82,32.3,1.0,31335.96,54.368233,31.880491,1217.0,13.399999999999999,0.7091666285710148,17.6,3,6,0.9922222094179323,0.12447926388678915,0.7313537016191706,-0.6819983600624984
2024-03-25,17.6,44305.54,0.0,58,1005.7,23.4,11.4,67,48.5,5.0,7200.0,54.368233,31.880491,1217.0,11.999999999999998,0.16250789404665872,16.0,3,0,0.994217906893952,0.10738134666416309,0.9205048534524403,-0.3907311284892738
2024-03-26,16.0,44423.8,0.0,34,1011.7,21.1,9.3,3,13.0,0.0,39600.0,54.368233,31.880491,1217.0,11.8,0.8914140618317208,17.2,3,1,0.995918996147179,0.09025161003104117,0.9945218953682733,-0.10452846326765355
2024-03-27,17.2,44541.72,0.0,22,1014.0,23.3,9.9,2,16.2,0.0,39600.0,54.368233,31.880491,1217.0,13.4,0.8890541272317279,16.3,3,2,0.9973249731081555,0.07309512989807777,-0.6427876096865396,0.7660444431189778
2024-03-28,16.3,44659.22,0.0,28,1014.5,21.6,11.9,67,25.2,0.1,36574.51,54.368233,31.880491,1217.0,9.700000000000001,0.818968848985719,13.7,3,3,0.9984354211555643,0.055916990100603484,-0.891006524188368,0.45399049973954664
2024-03-29,13.7,44776.23,0.0,21,1018.1,18.5,6.8,25,26.8,0.0,29359.71,54.368233,31.880491,1217.0,11.7,0.655698570424531,15.1,3,4,0.9992500112396835,0.03872228089217446,-0.7880107536067218,0.6156614753256585
2024-03-30,15.1,44892.65,0.0,13,1018.5,21.6,5.8,50,18.1,0.0,39707.79,54.368233,31.880491,1217.0,15.8,0.8845053700327337,17.5,3,5,0.9997685019798909,0.021516097436222254,0.8191520442889917,-0.5735764363510462
2024-03-31,17.5,45008.43,0.0,18,1016.8,23.2,11.4,37,23.3,0.2,29340.3,54.368233,31.880491,1217.0,11.799999999999999,0.6518845469615359,16.3,3,6,0.9999907397361901,0.004303538296244289,-0.992546151641322,0.12186934340514768
2024-04-01,16.3,45123.46,0.0,19,1016.8,22.4,10.3,2,23.4,0.0,39685.64,54.368233,31.880491,1217.0,12.099999999999998,0.879490180939139,15.0,4,0,0.9999166586547379,-0.01291029607500882,-0.7431448254773946,0.6691306063588578
2024-04-02,15.0,45237.82,0.0,22,1015.9,21.6,7.8,1,19.5,0.0,39783.6,54.368233,31.880491,1217.0,13.8,0.8794322980196658,17.1,4,1,0.9995462806873573,-0.030120304846908114,-0.9271838545667874,0.37460659341591196
2024-04-03,17.1,45352.3,0.0,25,1012.9,23.5,8.4,55,14.0,0.0,39886.62,54.368233,31.880491,1217.0,15.1,0.8794839511998289,18.9,4,2,0.9988797155850336,-0.04732138832243185,0.9876883405951378,0.15643446504023092
2024-04-04,18.9,45467.0,0.0,29,1013.1,24.8,11.8,2,17.6,0.0,39878.44,54.368233,31.880491,1217.0,13.0,0.8770853586117404,21.2,4,3,0.9979171608653922,-0.06450844944931623,0.9998476951563913,-0.017452406437283477
2024-04-05,21.2,45581.82,0.0,19,1012.4,27.8,12.3,1,18.1,0.0,39988.02,54.368233,31.880491,1217.0,15.5,0.8772800208504179,22.7,4,4,0.9966589017541702,-0.08167639533042241,0.8987940462991669,-0.4383711467890775
2024-04-06,22.7,45696.7,0.0,16,1010.6,29.5,14.0,13,17.2,0.0,40102.03,54.368233,31.880491,1217.0,15.5,0.8775694962655947,23.6,4,5,0.9951053111006976,-0.09882013873287143,0.90630778703665,-0.42261826174069933
2024-04-07,23.6,45811.55,0.0,16,1007.9,29.9,15.4,50,24.0,0.0,34040.09,54.368233,31.880491,1217.0,14.499999999999998,0.7430460222367502,21.9,4,6,0.9932568492674143,-0.11593459959550041,-0.2079116908177595,-0.9781476007338056
2024-04-08,21.9,45926.31,0.0,22,1011.0,28.0,14.4,20,27.9,0.0,40216.19,54.368233,31.880491,1217.0,13.6,0.8756677817137933,22.5,4,0,0.9911140639934547,-0.1330147065341959,-0.544639035015027,0.838670567945424
2024-04-09,22.5,46040.9,0.0,20,1013.2,28.2,15.8,13,15.1,0.0,40339.97,54.368233,31.880491,1217.0,12.399999999999999,0.8761768340757892,24.8,4,1,0.9886775902323405,-0.1500553983446526,-0.9659258262890684,0.2588190451025203
2024-04-10,24.8,46155.24,0.0,19,1007.8,32.0,15.9,40,25.2,0.0,40392.91,54.368233,31.880491,1217.0,16.1,0.8751532870373983,22.5,4,2,0.9859481499638304,-0.16705162550211924,0.48480962024633717,-0.8746197071393957
2024-04-11,22.5,46269.25,0.0,25,1007.2,29.2,15.9,7,30.0,0.0,40598.74,54.368233,31.880491,1217.0,13.299999999999999,0.8774453875954332,16.7,4,3,0.9829265519799822,-0.18399835165768005,-0.9563047559630354,0.2923717047227367
2024-04-12,16.7,46382.85,0.0,37,1010.3,21.6,12.7,16,27.2,0.0,40597.9,54.368233,31.880491,1217.0,8.900000000000002,0.8752782547859824,15.3,4,4,0.9796136916454901,-0.20089055513063506,-0.798635510047293,0.6018150231520479
2024-04-13,15.3,46495.97,0.0,41,1009.9,20.4,10.3,44,25.3,4.1,40596.2,54.368233,31.880491,1217.0,10.099999999999998,0.8731122288662866,14.0,4,5,0.9760105506323683,-0.21772323039653177,-0.7771459614569708,0.6293203910498375
2024-04-14,14.0,46608.51,0.0,45,1012.3,19.3,8.9,12,16.3,0.0,40108.71,54.368233,31.880491,1217.0,10.4,0.8605447803416156,17.2,4,6,0.9721181966290613,-0.23449138957040985,-0.798635510047293,0.6018150231520479
2024-04-15,17.2,46720.39,0.0,34,1013.1,23.0,7.9,53,19.2,0.0,37569.09,54.368233,31.880491,1217.0,15.1,0.8041262069944193,15.2,4,0,0.9679377830240642,-0.25119006388481935,0.7313537016191706,-0.6819983600624984
2024-04-16,15.2,46831.54,0.0,51,1013.5,20.5,12.5,100,27.4,2.8,7106.95,54.368233,31.880491,1217.0,8.0,0.15175563306267528,12.3,4,1,0.9634705485641488,-0.2678143051621742,-0.981627183447664,-0.1908089953765446
2024-04-17,12.3,46941.86,0.0,73,1012.6,14.1,10.6,92,29.9,10.9,0.0,54.368233,31.880491,1217.0,3.5,0.0,14.6,4,2,0.9587178169872964,-0.2843591872810034,-0.8829475928589271,0.4694715627858904
2024-04-18,14.6,47051.27,0.0,56,1012.5,20.0,9.4,22,25.4,0.0,40446.43,54.368233,31.880491,1217.0,10.6,0.8596246179964963,17.9,4,3,0.9536809966304457,-0.30081980763566735,-0.8090169943749476,0.5877852522924729
2024-04-19,17.9,47159.67,0.0,45,1008.6,25.4,9.4,12,17.3,0.0,41770.63,54.368233,31.880491,1217.0,15.999999999999998,0.8857277839306339,18.5,4,4,0.9483615800121715,-0.3171912885891061,0.8090169943749475,-0.587785252292473
2024-04-20,18.5,47266.98,0.0,46,1010.1,24.5,12.3,41,21.6,0.3,40114.62,54.368233,31.880491,1217.0,12.2,0.8486816801073392,20.5,4,5,0.9427611433904207,-0.3334687789181868,0.5299192642332049,-0.848048096156426
2024-04-21,20.5,47373.09,0.0,37,1010.0,27.4,12.4,24,21.1,0.0,41920.71,54.368233,31.880491,1217.0,14.999999999999998,0.8849055444768328,21.2,4,6,0.9368813462954315,-0.3496474552512284,0.3255681544571566,-0.9455185755993168
2024-04-22,21.2,47478.07,0.0,35,1012.0,26.6,14.9,88,19.6,0.5,35209.14,54.368233,31.880491,1217.0,11.700000000000001,0.7415874318395841,15.5,4,0,0.9307239310379795,-0.36572252349726897,-0.9986295347545738,0.052335956242943946
2024-04-23,15.5,47582.69,0.0,71,1013.4,20.0,11.6,86,22.5,14.9,25375.22,54.368233,31.880491,1217.0,8.4,0.5332867897968778,12.8,4,1,0.9242907221930933,-0.3816892202666588,-0.8090169943749476,0.5877852522924729
2024-04-24,12.8,47687.0,0.0,79,1014.5,15.9,10.9,95,31.3,1.6,13868.23,54.368233,31.880491,1217.0,5.0,0.29081783295237695,13.6,4,2,0.9175836260593937,-0.39754281428255595,-0.7660444431189781,0.6427876096865393
2024-04-25,13.6,47790.93,0.0,79,1015.4,17.3,11.1,60,28.9,3.6,21678.91,54.368233,31.880491,1217.0,6.200000000000001,0.45361975588254927,16.1,4,3,0.9106046300942162,-0.4132786077829042,-0.8386705679454243,0.5446390350150266
2024-04-26,16.1,47894.4,0.0,65,1014.2,20.9,11.2,14,20.4,0.9,42008.21,54.368233,31.880491,1217.0,9.7,0.8771006631255428,16.1,4,4,0.9033558023246845,-0.4288919379124835,-0.7771459614569708,0.6293203910498375
2024-04-27,16.1,47997.32,0.0,65,1016.8,21.6,11.0,11,16.1,2.5,42837.68,54.368233,31.880491,1217.0,10.600000000000001,0.892501498000305,16.8,4,5,0.895839290734909,-0.4443781781046132,0.754709580222772,0.6560590289905073
2024-04-28,16.8,48099.63,0.0,44,1019.1,22.8,11.1,0,14.3,0.0,43582.97,54.368233,31.880491,1217.0,11.700000000000001,0.9060978223741015,19.7,4,6,0.8880573226294932,-0.45973273945210397,-0.9563047559630354,0.2923717047227367
2024-04-29,19.7,48201.22,0.0,32,1016.6,26.5,10.9,12,16.3,0.0,43637.08,54.368233,31.880491,1217.0,15.6,0.9053106954554262,22.2,4,0,0.8800122039735357,-0.47495107206704995,0.788010753606722,-0.6156614753256583
2024-04-30,22.2,48302.01,0.0,21,1014.1,28.1,13.4,82,20.2,0.0,42560.04,54.368233,31.880491,1217.0,14.700000000000001,0.8811235805714918,21.4,4,1,0.8717063187093218,-0.4900286664290592,0.8191520442889917,-0.5735764363510462
2024-05-01,21.4,48401.91,0.0,38,1010.4,27.9,16.3,99,22.7,1.3,26906.82,54.368233,31.880491,1217.0,11.599999999999998,0.5559040955201974,18.0,5,2,0.8631421280499114,-0.5049610547215204,0.39073112848927377,-0.9205048534524404
2024-05-02,18.0,48500.84,0.0,63,1004.5,22.0,12.9,97,23.0,0.5,2294.92,54.368233,31.880491,1217.0,9.1,0.047317118631347424,18.5,5,3,0.854322169749827,-0.5197438121555155,0.6156614753256584,-0.7880107536067219
2024-05-03,18.5,48598.7,0.0,65,1003.9,23.8,13.1,55,9.9,2.1,32871.21,54.368233,31.880491,1217.0,10.700000000000001,0.6763804381598685,22.1,5,4,0.8452490573530633,-0.5343725582809786,0.5299192642332049,-0.848048096156426
2024-05-04,22.1,48695.39,0.0,36,1006.1,29.0,14.8,21,28.1,0.0,43200.0,54.368233,31.880491,1217.0,14.2,0.8871476334823482,22.8,5,5,0.8359254794186372,-0.548842958284719,-0.9702957262759966,0.24192189559966742
2024-05-05,22.8,48790.84,0.0,26,1009.1,28.9,15.6,1,11.8,0.0,44226.22,54.368233,31.880491,1217.0,13.299999999999999,0.9064451442114956,23.4,5,6,0.8263541987239096,-0.5631507242749186,-0.8290375725550416,0.559192903470747
2024-05-06,23.4,48884.93,0.0,25,1009.9,30.3,16.5,64,27.4,0.0,43086.5,54.368233,31.880491,1217.0,13.8,0.8813861449735123,25.0,5,0,0.8165380514459161,-0.5772916165517272,-0.7193398003386511,0.6946583704589973
2024-05-07,25.0,48977.57,0.0,23,1008.7,32.2,16.6,17,39.2,0.0,44082.46,54.368233,31.880491,1217.0,15.600000000000001,0.9000540451476053,25.4,5,1,0.8064799463209448,-0.5912614448635781,-0.981627183447664,-0.1908089953765446
2024-05-08,25.4,49068.66,0.0,16,1007.8,33.0,17.4,16,31.1,0.0,43200.0,54.368233,31.880491,1217.0,15.600000000000001,0.8803990163986544,21.4,5,2,0.7961828637826158,-0.6050560696488488,-0.9998476951563913,0.01745240643728313
2024-05-09,21.4,49158.09,0.0,17,1011.0,26.5,16.1,0,23.1,0.0,44516.82,54.368233,31.880491,1217.0,10.399999999999999,0.905584818287285,21.5,5,3,0.7856498550787147,-0.6186714032625031,-0.7193398003386511,0.6946583704589973
2024-05-10,21.5,49245.78,0.0,21,1014.4,27.9,14.0,0,19.6,0.0,44518.32,54.368233,31.880491,1217.0,13.899999999999999,0.9040027389148877,23.3,5,4,0.7748840413670407,-0.6321034111873487,-0.7771459614569708,0.6293203910498375
2024-05-11,23.3,49331.6,0.0,20,1015.0,29.9,15.1,2,16.9,0.0,44519.57,54.368233,31.880491,1217.0,14.799999999999999,0.9024554241094958,27.2,5,5,0.7638886127905428,-0.6453481132295501,0.7431448254773942,0.6691306063588582
2024-05-12,27.2,49415.58,0.0,14,1009.5,34.9,17.0,6,19.9,0.0,44371.29,54.368233,31.880491,1217.0,17.9,0.8979210605238267,29.3,5,6,0.7526668275320085,-0.6584015846980488,0.9271838545667874,-0.37460659341591207
2024-05-13,29.3,49498.41,0.0,19,1005.6,36.6,20.9,66,25.7,0.0,43468.36,54.368233,31.880491,1217.0,15.700000000000003,0.8781768949750103,26.0,5,0,0.7412220108485958,-0.6712599575675313,-0.6946583704589973,-0.7193398003386511
2024-05-14,26.0,49580.12,0.0,30,1008.5,31.6,20.0,80,22.0,0.7,27128.65,54.368233,31.880491,1217.0,11.600000000000001,0.5471678971329638,25.4,5,1,0.7295575540864875,-0.6839194216246106,0.5591929034707469,-0.8290375725550416
2024-05-15,25.4,49660.65,0.0,30,1010.9,30.8,18.6,55,26.7,1.5,43200.0,54.368233,31.880491,1217.0,12.2,0.8699040387107297,23.6,5,2,0.717676913675962,-0.6963762255968722,0.7986355100472927,-0.6018150231520484
2024-05-16,23.6,49739.92,0.0,38,1013.1,30.9,17.3,46,33.5,1.3,36000.0,54.368233,31.880491,1217.0,13.599999999999998,0.7237647346437228,24.0,5,3,0.705583610107178,-0.7086266782644596,-0.22495105434386498,-0.9743700647852352
2024-05-17,24.0,49817.84,0.0,35,1010.8,30.0,16.7,11,16.6,0.0,44058.37,54.368233,31.880491,1217.0,13.3,0.8843894074893653,26.6,5,4,0.6932812268869777,-0.7206671495538609,-0.9743700647852352,0.22495105434386492
2024-05-18,26.6,49894.34,0.0,21,1006.9,33.0,18.7,7,34.2,0.0,44834.16,54.368233,31.880491,1217.0,14.3,0.8985820836591887,23.0,5,5,0.6807734094770161,-0.7324940716135789,-0.6156614753256582,0.788010753606722
2024-05-19,23.0,49969.34,0.0,22,1009.6,27.9,17.5,3,30.1,0.0,45149.57,54.368233,31.880491,1217.0,10.399999999999999,0.9035454540724372,26.0,5,6,0.6680638642135335,-0.7441039398713607,-0.898794046299167,0.4383711467890774
2024-05-20,26.0,50042.75,0.0,18,1007.3,33.0,16.5,1,18.7,0.0,45153.09,54.368233,31.880491,1217.0,16.5,0.902290341757797,26.6,5,0,0.6551563572090853,-0.7554933140726803,0.8829475928589269,-0.4694715627858909
2024-05-21,26.6,50114.51,0.0,19,1007.9,33.2,19.1,6,44.0,0.0,45156.36,54.368233,31.880491,1217.0,14.100000000000001,0.901063584179512,25.9,5,1,0.6420547132365637,-0.766658819300159,-0.8480480961564261,0.5299192642332047
2024-05-22,25.9,50184.51,0.0,26,1008.2,31.8,19.0,11,31.5,0.0,45159.39,54.368233,31.880491,1217.0,12.8,0.8998671103892416,25.2,5,2,0.6287628145958344,-0.7775971469736269,-0.8090169943749476,0.5877852522924729
2024-05-23,25.2,50252.67,0.0,28,1007.0,31.0,18.4,11,22.0,0.0,45323.0,54.368233,31.880491,1217.0,12.600000000000001,0.9019023267818407,27.2,5,3,0.6152845999633276,-0.7883050558305255,-0.7660444431189781,0.6427876096865393
2024-05-24,27.2,50318.91,0.0,24,1006.6,33.6,19.8,6,18.7,0.0,45164.73,54.368233,31.880491,1217.0,13.8,0.8975697208067503,27.7,5,4,0.6016240632249226,-0.7987793728863649,-0.8746197071393956,0.4848096202463373
2024-05-25,27.7,50383.14,0.0,23,1008.7,33.5,20.6,4,20.4,0.0,45329.72,54.368233,31.880491,1217.0,12.899999999999999,0.8997001774800062,28.5,5,5,0.5877852522924732,-0.8090169943749473,-0.7880107536067218,0.6156614753256585
2024-05-26,28.5,50445.29,0.0,20,1009.1,34.5,21.2,9,21.4,0.0,45005.58,54.368233,31.880491,1217.0,13.3,0.892166146730448,30.5,5,6,0.5737722679043246,-0.8190148866680801,-0.7431448254773946,0.6691306063588578
2024-05-27,30.5,50505.25,0.0,16,1006.7,37.2,21.4,3,16.3,0.0,45499.88,54.368233,31.880491,1217.0,15.800000000000004,0.9008940654684413,30.9,5,0,0.5595892624101765,-0.8287700871745038,0.9205048534524403,-0.3907311284892738
2024-05-28,30.9,50562.94,0.0,14,1007.0,37.7,24.0,5,24.5,0.0,45833.76,54.368233,31.880491,1217.0,13.700000000000003,0.9064694418481204,30.1,5,1,0.545240438540651,-0.8382797052177744,-0.7431448254773946,0.6691306063588578
2024-05-29,30.1,50618.27,0.0,16,1007.5,36.2,23.4,1,20.6,0.0,45672.38,54.368233,31.880491,1217.0,12.800000000000004,0.9022904180644656,31.1,5,2,0.5307300481619334,-0.8475409228928311,-0.7313537016191703,0.6819983600624986
2024-05-30,31.1,50671.16,0.0,13,1008.0,37.6,24.7,0,16.9,0.0,46009.72,54.368233,31.880491,1217.0,12.900000000000002,0.9080060531473919,31.4,5,3,0.5160623910158528,-0.8565509959010036,0.052335956242943835,0.9986295347545738
2024-05-31,31.4,50721.52,0.0,13,1010.2,38.4,22.9,0,21.0,0.0,45846.96,54.368233,31.880491,1217.0,15.5,0.9038956245790741,32.8,5,4,0.5012418134457758,-0.865307254363206,-0.8290375725550416,0.559192903470747
2024-06-01,32.8,50769.33,0.0,11,1007.3,39.2,24.3,0,20.7,0.0,46019.1,54.368233,31.880491,1217.0,14.900000000000002,0.9064350465133181,33.3,6,5,0.48627270710868997,-0.8738071036110808,0.8910065241883679,-0.45399049973954675
2024-06-02,33.3,50815.01,0.0,11,1004.0,39.9,25.3,0,33.4,0.0,46361.46,54.368233,31.880491,1217.0,14.599999999999998,0.9123575888305443,28.8,6,6,0.4711595076738638,-0.8820480249558537,-0.7193398003386511,0.6946583704589973
2024-06-03,28.8,50858.59,0.0,18,1008.6,34.8,23.7,0,35.9,0.0,46197.13,54.368233,31.880491,1217.0,11.099999999999998,0.9083446867087743,27.9,6,0,0.4559066935084588,-0.8900275764346767,-0.891006524188368,0.45399049973954664
2024-06-04,27.9,50900.04,0.0,20,1008.7,33.8,20.8,3,22.7,0.0,46372.0,54.368233,31.880491,1217.0,12.999999999999996,0.9110405414219713,27.9,6,1,0.440518784350495,-0.8977433935342337,-0.9612616959383188,0.2756373558169994
2024-06-05,27.9,50939.31,0.0,20,1008.4,33.8,21.2,8,22.7,0.0,46376.83,54.368233,31.880491,1217.0,12.599999999999998,0.9104330231406748,27.9,6,2,0.42500033996955416,-0.9051931898913974,-0.8571673007021123,0.5150380749100542
2024-06-06,27.9,50976.38,0.0,20,1009.5,33.0,21.5,22,23.8,0.0,45522.75,54.368233,31.880491,1217.0,11.5,0.8930165304009426,28.5,6,3,0.4093559588156213,-0.9123747579707273,-0.9945218953682734,0.10452846326765299
2024-06-07,28.5,51011.19,0.0,16,1008.1,34.2,22.0,5,23.9,0.0,46344.1,54.368233,31.880491,1217.0,12.200000000000003,0.9085085056827726,28.6,6,4,0.39359027665646673,-0.9192859697186104,-0.7193398003386511,0.6946583704589973
2024-06-08,28.6,51043.72,0.0,9,1007.0,34.8,20.9,1,18.7,0.0,46641.91,54.368233,31.880491,1217.0,13.899999999999999,0.9137639262969078,29.2,6,5,0.3777079652039649,-0.9259247771938498,-0.7313537016191703,0.6819983600624986
2024-06-09,29.2,51073.93,0.0,8,1007.2,36.1,20.6,0,19.8,0.0,46768.33,54.368233,31.880491,1217.0,15.5,0.9156986744509381,30.8,6,6,0.36171373072976765,-0.9322892131745133,0.13917310096006544,0.9902680687415704
2024-06-10,30.8,51101.78,0.0,9,1007.1,37.3,21.9,3,16.8,0.0,46394.63,54.368233,31.880491,1217.0,15.399999999999999,0.9078867702847141,31.9,6,0,0.3456123126707335,-0.9383773917408641,0.8910065241883679,-0.45399049973954675
2024-06-11,31.9,51127.23,0.0,11,1006.6,37.8,22.4,27,13.5,0.0,43713.88,54.368233,31.880491,1217.0,15.399999999999999,0.8550019236324752,32.2,6,1,0.3294084822245304,-0.9441875088341993,-0.29237170472273716,0.9563047559630353
2024-06-12,32.2,51150.25,0.0,12,1004.4,38.0,24.9,13,15.3,0.0,44846.72,54.368233,31.880491,1217.0,13.100000000000001,0.8767644341914262,32.4,6,2,0.3131070409358269,-0.9497178427914316,0.2756373558169992,-0.9612616959383189
2024-06-13,32.4,51170.82,0.0,11,1001.8,38.8,24.1,41,26.3,0.0,42151.91,54.368233,31.880491,1217.0,14.699999999999996,0.8237489647420152,29.8,6,3,0.29671281927349075,-0.9549667548552551,0.9335804264972017,-0.35836794954530027
2024-06-14,29.8,51188.88,0.0,21,1003.7,35.5,24.5,38,34.0,0.3,42139.92,54.368233,31.880491,1217.0,11.0,0.8232241064856274,28.9,6,4,0.28023067519921585,-0.9599326896597447,-0.9135454576426011,0.40673664307579976
2024-06-15,28.9,51204.42,0.0,25,1004.5,34.5,22.9,24,18.4,0.0,42686.99,54.368233,31.880491,1217.0,11.600000000000001,0.8336583052791146,31.1,6,5,0.26366549272800704,-0.9646141756912435,-0.9902680687415704,0.13917310096006547
2024-06-16,31.1,51217.39,0.0,20,1005.6,37.3,23.0,8,15.9,0.0,45084.49,54.368233,31.880491,1217.0,14.299999999999997,0.8802574672391544,31.0,6,6,0.24702218048093552,-0.9690098257244062,-0.981627183447664,-0.1908089953765446
2024-06-17,31.0,51227.78,0.0,19,1008.5,36.5,24.4,3,20.4,0.0,46181.45,54.368233,31.880491,1217.0,12.100000000000001,0.9014923153023613,31.1,6,0,0.23030567023061221,-0.9731183372332619,-0.7431448254773946,0.6691306063588578
2024-06-18,31.1,51235.55,0.0,17,1008.8,37.0,23.8,17,26.6,0.0,45524.59,54.368233,31.880491,1217.0,13.2,0.8885352065118847,31.2,6,1,0.21352091543979612,-0.9769384927771817,-0.6293203910498378,0.7771459614569706
2024-06-19,31.2,51240.66,0.0,16,1007.9,36.7,25.0,16,30.6,0.0,46612.91,54.368233,31.880491,1217.0,11.700000000000003,0.9096859798449123,29.8,6,2,0.19667288979357647,-0.980469160361632,-0.6819983600624983,0.7313537016191707
2024-06-20,29.8,51243.11,0.0,20,1006.8,35.5,23.5,9,31.8,0.0,46435.8,54.368233,31.880491,1217.0,12.0,0.9061862170348365,29.7,6,3,0.1797665857255624,-0.9837092937736097,-0.7547095802227722,0.656059028990507
2024-06-21,29.7,51242.84,0.0,19,1004.6,35.8,22.4,11,28.5,0.0,46732.51,54.368233,31.880491,1217.0,13.399999999999999,0.911981264114167,31.9,6,4,0.16280701293851715,-0.986657932891657,-0.6156614753256582,0.788010753606722
2024-06-22,31.9,51239.84,0.0,15,1002.9,37.2,26.1,16,19.9,0.0,46800.0,54.368233,31.880491,1217.0,11.100000000000001,0.9133517981320786,33.2,6,5,0.1457991969198751,-0.9893142039703663,-0.7071067811865477,0.7071067811865474
2024-06-23,33.2,51234.13,0.0,14,1003.6,38.8,25.7,17,19.5,0.0,46800.0,54.368233,31.880491,1217.0,13.099999999999998,0.9134535904093619,32.5,6,6,0.12874817745258132,-0.99167731989929,-0.5150380749100545,0.8571673007021121
2024-06-24,32.5,51225.75,0.0,17,1004.9,38.3,25.9,25,28.9,0.0,43994.64,54.368233,31.880491,1217.0,12.399999999999999,0.8588383771833502,33.0,6,0,0.11165900712169512,-0.993746580436178,-0.7313537016191703,0.6819983600624986
2024-06-25,33.0,51214.73,0.0,17,999.9,38.7,25.3,42,23.2,0.0,43200.0,54.368233,31.880491,1217.0,13.400000000000002,0.8435073268959926,34.2,6,1,0.09453674981719912,-0.9955213724144752,0.6819983600624985,-0.7313537016191705
2024-06-26,34.2,51201.12,0.0,13,995.4,39.8,27.4,47,26.4,0.0,44341.64,54.368233,31.880491,1217.0,12.399999999999999,0.8660287118719278,33.9,6,2,0.07738647923346301,-0.9970011699250151,-0.9135454576426011,0.40673664307579976
2024-06-27,33.9,51184.93,0.0,16,998.2,40.6,27.3,16,28.5,0.0,44491.1,54.368233,31.880491,1217.0,13.3,0.8692226403357394,33.2,6,3,0.06021327736579302,-0.9981855344718586,-0.6427876096865396,0.7660444431189778
2024-06-28,33.2,51166.22,0.0,19,998.0,39.6,25.5,19,21.6,0.0,44949.71,54.368233,31.880491,1217.0,14.100000000000001,0.8785036299339681,35.2,6,4,0.04302223300453059,-0.99907411510223,-0.8571673007021123,0.5150380749100542
2024-06-29,35.2,51145.02,0.0,14,995.6,42.2,27.4,41,15.8,0.0,31885.13,54.368233,31.880491,1217.0,14.800000000000004,0.6234258975751696,33.6,6,5,0.02581844022713308,-0.9996666485105112,-0.898794046299167,0.4383711467890774
2024-06-30,33.6,51121.37,0.0,20,999.1,39.9,27.0,25,27.0,0.0,45405.23,54.368233,31.880491,1217.0,12.899999999999999,0.8881849214917362,33.0,6,6,0.008606996888688698,-0.9999629591162655,-0.8480480961564261,0.5299192642332047
2024-07-01,33.0,51095.31,0.0,20,998.7,38.8,26.6,15,30.6,0.0,45865.5,54.368233,31.880491,1217.0,12.199999999999996,0.8976459874693,34.3,7,0,-0.008606996888688009,-0.9999629591162655,-0.9743700647852352,0.22495105434386492
2024-07-02,34.3,51066.88,0.0,18,994.8,40.4,27.6,49,21.0,0.0,37902.87,54.368233,31.880491,1217.0,12.799999999999997,0.7422202022132546,36.2,7,1,-0.02581844022713239,-0.9996666485105112,-0.8746197071393956,0.4848096202463373
2024-07-03,36.2,51036.11,0.0,12,994.3,41.7,30.4,45,34.3,0.0,33859.35,54.368233,31.880491,1217.0,11.300000000000004,0.6634390826416825,35.9,7,2,-0.04302223300453034,-0.99907411510223,-0.8191520442889918,0.573576436351046
2024-07-04,35.9,51003.07,0.0,13,997.5,42.2,29.0,30,23.4,0.0,43834.17,54.368233,31.880491,1217.0,13.200000000000003,0.8594417943861026,36.0,7,3,-0.060213277365792774,-0.9981855344718586,-0.5877852522924734,0.8090169943749473
2024-07-05,36.0,50967.78,0.0,13,997.7,42.9,29.9,27,27.2,0.0,43497.59,54.368233,31.880491,1217.0,13.0,0.8534330904740209,34.4,7,4,-0.07738647923346322,-0.9970011699250151,-0.8746197071393956,0.4848096202463373
2024-07-06,34.4,50930.28,0.0,12,999.6,40.5,28.8,24,23.8,0.0,43200.0,54.368233,31.880491,1217.0,11.7,0.8482183879609537,34.1,7,5,-0.09453674981719933,-0.9955213724144752,0.45399049973954686,-0.8910065241883678
2024-07-07,34.1,50890.63,0.0,12,1000.6,39.7,29.0,19,21.0,0.0,46664.7,54.368233,31.880491,1217.0,10.700000000000003,0.9169605485331975,33.9,7,6,-0.11165900712169444,-0.9937465804361781,0.3583679495453002,-0.9335804264972017
2024-07-08,33.9,50848.87,0.0,12,1001.6,39.4,26.5,74,18.8,0.0,30951.32,54.368233,31.880491,1217.0,12.899999999999999,0.6086923858878279,35.9,7,0,-0.12874817745258066,-0.99167731989929,0.17364817766693028,-0.984807753012208
2024-07-09,35.9,50805.03,0.0,17,1001.8,40.2,28.6,59,25.6,0.0,38430.75,54.368233,31.880491,1217.0,11.600000000000001,0.7564359277024342,36.4,7,1,-0.14579919691987442,-0.9893142039703664,0.8090169943749475,-0.587785252292473
2024-07-10,36.4,50759.18,0.0,15,1001.8,42.0,29.8,30,21.9,0.0,36476.52,54.368233,31.880491,1217.0,12.2,0.7186191739110048,35.6,7,2,-0.16280701293851646,-0.9866579328916572,0.9271838545667874,-0.37460659341591207
2024-07-11,35.6,50711.24,0.0,16,1001.2,41.8,28.0,16,20.6,0.0,46574.45,54.368233,31.880491,1217.0,13.799999999999997,0.9184245938375791,33.5,7,3,-0.17976658572556214,-0.9837092937736098,-0.24192189559966787,0.9702957262759965
2024-07-12,33.5,50660.8,0.0,18,1000.6,40.3,27.8,1,25.8,0.0,46754.33,54.368233,31.880491,1217.0,12.499999999999996,0.9228896898588257,32.7,7,4,-0.19667288979357622,-0.9804691603616321,-0.8290375725550416,0.559192903470747
2024-07-13,32.7,50607.86,0.0,21,1000.2,38.5,25.7,3,27.1,0.0,46621.67,54.368233,31.880491,1217.0,12.8,0.9212337767295435,34.3,7,5,-0.2135209154397959,-0.9769384927771817,0.981627183447664,-0.1908089953765448
2024-07-14,34.3,50552.49,0.0,17,998.1,40.5,28.2,13,21.7,0.0,46497.66,54.368233,31.880491,1217.0,12.3,0.9197897076879894,32.0,7,6,-0.23030567023061196,-0.973118337233262,0.9335804264972017,-0.35836794954530027
2024-07-15,32.0,50494.8,0.0,19,1001.2,38.0,25.6,4,28.4,0.0,45966.82,54.368233,31.880491,1217.0,12.399999999999999,0.9103277961295024,33.5,7,0,-0.24702218048093527,-0.9690098257244063,-0.9271838545667874,0.37460659341591196
2024-07-16,33.5,50434.88,0.0,14,1001.8,40.5,25.9,2,22.6,0.0,46711.31,54.368233,31.880491,1217.0,14.600000000000001,0.9261707373944381,33.9,7,1,-0.2636654927280072,-0.9646141756912435,-0.8829475928589271,0.4694715627858904
2024-07-17,33.9,50372.8,0.0,15,1002.1,40.4,27.1,0,22.4,0.0,46746.51,54.368233,31.880491,1217.0,13.299999999999997,0.9280109503541594,34.3,7,2,-0.2802306751992161,-0.9599326896597445,-0.9335804264972017,0.3583679495453004
2024-07-18,34.3,50308.68,0.0,14,1000.3,40.2,26.5,0,22.2,0.0,46784.52,54.368233,31.880491,1217.0,13.700000000000003,0.9299492652162609,34.6,7,3,-0.2967128192734901,-0.9549667548552553,0.9993908270190958,0.03489949670250108
2024-07-19,34.6,50242.58,0.0,15,997.2,40.5,28.0,0,23.8,0.0,46800.0,54.368233,31.880491,1217.0,12.5,0.9314808276167346,34.7,7,4,-0.3131070409358267,-0.9497178427914317,0.8571673007021123,-0.5150380749100543
2024-07-20,34.7,50174.6,0.0,15,996.7,41.3,28.1,0,20.1,0.0,46800.0,54.368233,31.880491,1217.0,13.199999999999996,0.9327428619261539,35.2,7,5,-0.3294084822245302,-0.9441875088341994,0.766044443118978,-0.6427876096865394
2024-07-21,35.2,50104.83,0.0,15,996.9,42.1,26.0,0,19.5,0.0,46749.3,54.368233,31.880491,1217.0,16.1,0.9330298097009809,35.4,7,6,-0.3456123126707333,-0.9383773917408642,0.20791169081775934,0.9781476007338057
2024-07-22,35.4,50033.36,0.0,14,996.9,42.5,27.2,0,17.0,0.0,46798.18,54.368233,31.880491,1217.0,15.3,0.9353395414579393,35.3,7,0,-0.3617137307297674,-0.9322892131745134,-0.7071067811865477,0.7071067811865474
2024-07-23,35.3,49960.26,0.0,13,996.4,42.5,27.4,1,22.3,0.0,46787.12,54.368233,31.880491,1217.0,15.100000000000001,0.9364867196447737,35.0,7,1,-0.37770796520396466,-0.9259247771938499,-0.8660254037844386,0.5000000000000001
2024-07-24,35.0,49885.63,0.0,14,994.4,41.0,27.8,6,20.3,0.0,46479.98,54.368233,31.880491,1217.0,13.2,0.9317308411259917,36.7,7,2,-0.39359027665646645,-0.9192859697186105,-0.5877852522924734,0.8090169943749473
2024-07-25,36.7,49809.54,0.0,12,992.4,43.2,28.9,1,27.7,0.0,46719.16,54.368233,31.880491,1217.0,14.300000000000004,0.9379560622322551,37.7,7,3,-0.4093559588156211,-0.9123747579707274,0.8987940462991669,-0.4383711467890775
2024-07-26,37.7,49732.08,0.0,11,994.1,44.2,30.5,4,33.3,0.0,46297.8,54.368233,31.880491,1217.0,13.700000000000003,0.9309443723246645,37.9,7,4,-0.42500033996955394,-0.9051931898913975,0.9205048534524403,-0.3907311284892738
2024-07-27,37.9,49653.34,0.0,11,996.1,44.0,30.1,1,25.0,0.0,45771.01,54.368233,31.880491,1217.0,13.899999999999999,0.9218113021198575,38.2,7,5,-0.4405187843504952,-0.8977433935342336,0.8746197071393959,-0.484809620246337
2024-07-28,38.2,49573.38,0.0,11,996.5,44.8,31.0,6,28.0,0.0,45124.1,54.368233,31.880491,1217.0,13.799999999999997,0.910248605199,35.8,7,6,-0.455906693508459,-0.8900275764346766,0.7547095802227721,-0.6560590289905072
2024-07-29,35.8,49492.3,0.0,15,996.0,42.3,28.2,0,24.4,0.0,46017.42,54.368233,31.880491,1217.0,14.099999999999998,0.9297894824043336,33.2,7,0,-0.47115950767386394,-0.8820480249558535,-0.898794046299167,0.4383711467890774
2024-07-30,33.2,49410.16,0.0,24,999.6,38.4,26.8,17,30.4,0.0,45422.62,54.368233,31.880491,1217.0,11.599999999999998,0.9192971647936375,36.2,7,1,-0.4862727071086902,-0.8738071036110807,-0.9135454576426011,0.40673664307579976
2024-07-31,36.2,49326.92,0.0,16,998.6,42.5,28.6,34,18.6,0.0,37067.07,54.368233,31.880491,1217.0,13.899999999999999,0.7514572164651675,36.9,7,2,-0.5012418134457756,-0.8653072543632061,-0.7547095802227722,0.656059028990507
2024-08-01,36.9,49241.89,0.0,14,997.5,42.8,30.5,54,25.6,0.0,32406.97,54.368233,31.880491,1217.0,12.299999999999997,0.6581179154577536,35.6,8,3,-0.5160623910158526,-0.8565509959010037,0.49999999999999994,-0.8660254037844387
2024-08-02,35.6,49155.06,0.0,16,996.6,40.8,29.1,37,27.1,0.0,42948.27,54.368233,31.880491,1217.0,11.699999999999996,0.8737303952024471,37.7,8,4,-0.5307300481619331,-0.8475409228928312,0.9563047559630355,-0.29237170472273666
2024-08-03,37.7,49066.53,0.0,12,994.2,43.0,30.9,44,29.3,0.0,37162.34,54.368233,31.880491,1217.0,12.100000000000001,0.7573867563082206,36.7,8,5,-0.5452404385406507,-0.8382797052177745,0.8910065241883679,-0.45399049973954675
2024-08-04,36.7,48976.38,0.0,13,995.8,42.1,31.1,22,24.7,0.0,44078.33,54.368233,31.880491,1217.0,11.0,0.8999915877817022,36.0,8,6,-0.5595892624101763,-0.828770087174504,-0.7880107536067218,0.6156614753256585
2024-08-05,36.0,48884.74,0.0,12,997.7,42.6,29.0,9,20.9,0.0,43744.08,54.368233,31.880491,1217.0,13.600000000000001,0.8948412122065087,36.5,8,0,-0.5737722679043243,-0.8190148866680802,-0.5735764363510465,0.8191520442889916
2024-08-06,36.5,48791.69,0.0,12,997.6,42.7,28.5,9,17.1,0.0,43751.85,54.368233,31.880491,1217.0,14.200000000000003,0.8967070007208194,36.9,8,1,-0.5877852522924734,-0.8090169943749472,0.9781476007338056,0.20791169081775945
2024-08-07,36.9,48697.32,0.0,12,998.3,44.1,29.8,21,25.1,0.0,38613.57,54.368233,31.880491,1217.0,14.3,0.7929300832160784,36.4,8,2,-0.6016240632249227,-0.7987793728863648,0.2923717047227366,-0.9563047559630355
2024-08-08,36.4,48601.74,0.0,10,999.9,43.8,28.0,24,27.0,0.0,41935.2,54.368233,31.880491,1217.0,15.799999999999997,0.862833305968058,36.6,8,3,-0.6152845999633277,-0.7883050558305253,0.8829475928589269,-0.4694715627858909
2024-08-09,36.6,48505.04,0.0,9,1001.2,44.2,29.5,16,27.4,0.0,36775.66,54.368233,31.880491,1217.0,14.700000000000003,0.7581822425051088,36.7,8,4,-0.6287628145958345,-0.7775971469736268,0.788010753606722,-0.6156614753256583
2024-08-10,36.7,48407.3,0.0,11,1000.9,43.0,28.6,14,19.4,0.0,42365.98,54.368233,31.880491,1217.0,14.399999999999999,0.8751981622606508,37.2,8,5,-0.6420547132365636,-0.7666588193001592,-0.6156614753256582,-0.788010753606722
2024-08-11,37.2,48308.62,0.0,12,998.5,43.0,29.6,10,18.0,0.0,41961.84,54.368233,31.880491,1217.0,13.399999999999999,0.868620134460475,37.6,8,6,-0.655156357209085,-0.7554933140726804,0.90630778703665,-0.42261826174069933
2024-08-12,37.6,48209.08,0.0,12,997.8,44.0,28.9,45,21.8,0.0,35090.11,54.368233,31.880491,1217.0,15.100000000000001,0.7278734628414398,37.4,8,0,-0.6680638642135333,-0.7441039398713608,0.39073112848927377,-0.9205048534524404
2024-08-13,37.4,48108.78,0.0,14,999.5,43.4,31.1,21,17.5,0.0,40379.99,54.368233,31.880491,1217.0,12.299999999999997,0.8393476201225639,36.7,8,1,-0.6807734094770159,-0.7324940716135792,-0.9961946980917455,0.08715574274765789
2024-08-14,36.7,48007.8,0.0,14,1000.6,42.5,30.3,25,26.3,0.0,41790.23,54.368233,31.880491,1217.0,12.2,0.8704883373118535,35.7,8,2,-0.6932812268869771,-0.7206671495538615,-0.6946583704589976,0.7193398003386509
2024-08-15,35.7,47906.2,0.0,19,1001.7,41.3,29.5,15,26.2,0.0,41777.74,54.368233,31.880491,1217.0,11.799999999999997,0.8720737608075781,34.0,8,3,-0.7055836101071774,-0.70862667826446,-0.798635510047293,0.6018150231520479
2024-08-16,34.0,47804.1,0.0,26,999.6,39.8,27.8,17,24.8,0.0,41149.26,54.368233,31.880491,1217.0,11.999999999999996,0.8607893465204868,33.1,8,4,-0.7176769136759615,-0.6963762255968726,-0.7880107536067218,0.6156614753256585
2024-08-17,33.1,47701.55,0.0,26,1001.4,38.7,27.3,7,32.6,0.0,42201.39,54.368233,31.880491,1217.0,11.400000000000002,0.8846964092361778,32.2,8,5,-0.7295575540864876,-0.6839194216246105,-0.9205048534524405,0.3907311284892735
2024-08-18,32.2,47598.65,0.0,25,1005.6,38.1,26.1,2,26.4,0.0,41916.99,54.368233,31.880491,1217.0,12.0,0.8806340095780026,32.7,8,6,-0.7412220108485957,-0.6712599575675315,-0.9612616959383188,0.2756373558169994
2024-08-19,32.7,47495.46,0.0,21,1004.7,38.8,26.0,1,24.7,0.0,41918.52,54.368233,31.880491,1217.0,12.799999999999997,0.8825795139156458,32.4,8,0,-0.7526668275320083,-0.6584015846980489,-0.8480480961564261,0.5299192642332047
2024-08-20,32.4,47391.94,0.0,18,1003.7,38.3,25.5,11,19.1,0.0,40910.04,54.368233,31.880491,1217.0,12.799999999999997,0.8632277978069688,31.0,8,1,-0.7638886127905429,-0.64534811322955,0.573576436351046,0.8191520442889918
2024-08-21,31.0,47287.32,0.0,15,1006.1,37.2,24.9,12,18.6,0.0,41370.24,54.368233,31.880491,1217.0,12.300000000000004,0.8748696267836705,30.6,8,2,-0.7748840413670406,-0.6321034111873488,-0.9205048534524405,0.3907311284892735
2024-08-22,30.6,47181.57,0.0,15,1006.6,36.9,22.6,0,20.9,0.0,41664.47,54.368233,31.880491,1217.0,14.299999999999997,0.8830666296183023,31.9,8,3,-0.7856498550787144,-0.6186714032625032,-0.6560590289905074,0.7547095802227719
2024-08-23,31.9,47074.77,0.0,13,1006.0,38.2,24.1,0,17.7,0.0,41524.05,54.368233,31.880491,1217.0,14.100000000000001,0.8820871562410184,32.4,8,4,-0.7961828637826154,-0.6050560696488494,0.03489949670250114,-0.9993908270190958
2024-08-24,32.4,46967.01,0.0,14,1006.9,38.8,24.8,6,23.3,0.0,41160.44,54.368233,31.880491,1217.0,13.999999999999996,0.8763691791323314,31.7,8,5,-0.8064799463209447,-0.5912614448635782,0.9271838545667874,0.37460659341591196
2024-08-25,31.7,46858.36,0.0,12,1007.1,38.3,25.3,0,24.3,0.0,41550.7,54.368233,31.880491,1217.0,12.999999999999996,0.8867297105575184,31.8,8,6,-0.8165380514459157,-0.5772916165517278,0.9925461516413221,-0.12186934340514737
2024-08-26,31.8,46748.93,0.0,13,1006.4,37.8,24.0,0,22.9,0.0,41179.18,54.368233,31.880491,1217.0,13.799999999999997,0.8808582356858221,32.4,8,0,-0.8263541987239094,-0.5631507242749187,0.5446390350150273,-0.8386705679454239
2024-08-27,32.4,46638.78,0.0,12,1005.2,39.0,24.1,0,31.6,0.0,41187.42,54.368233,31.880491,1217.0,14.899999999999999,0.8831152958975342,32.8,8,1,-0.8359254794186365,-0.5488429582847199,0.01745240643728344,-0.9998476951563913
2024-08-28,32.8,46528.0,0.0,14,1005.1,39.5,24.9,2,24.2,0.0,41010.79,54.368233,31.880491,1217.0,14.600000000000001,0.8814217245529574,29.6,8,2,-0.8452490573530634,-0.5343725582809785,0.9743700647852352,0.22495105434386492
2024-08-29,29.6,46416.67,0.0,18,1007.3,36.6,23.5,5,25.6,0.0,40955.88,54.368233,31.880491,1217.0,13.100000000000001,0.8823528271200842,27.3,8,3,-0.8543221697498269,-0.5197438121555157,-0.898794046299167,0.4383711467890774
2024-08-30,27.3,46304.87,0.0,12,1008.0,33.5,21.2,0,29.3,0.0,40869.36,54.368233,31.880491,1217.0,12.3,0.8826147228142526,27.3,8,4,-0.8631421280499115,-0.5049610547215202,-0.9271838545667874,0.37460659341591196
2024-08-31,27.3,46192.67,0.0,11,1008.6,34.0,19.9,0,23.7,0.0,40872.13,54.368233,31.880491,1217.0,14.100000000000001,0.8848185220728743,27.4,8,5,-0.8717063187093217,-0.4900286664290594,-0.9205048534524405,0.3907311284892735
2024-09-01,27.4,46080.15,0.0,12,1010.4,34.5,19.8,0,31.7,0.0,40865.29,54.368233,31.880491,1217.0,14.7,0.886830663528656,26.6,9,6,-0.8800122039735356,-0.4749510720670502,-0.8571673007021123,0.5150380749100542
2024-09-02,26.6,45967.39,0.0,12,1012.1,33.7,19.9,0,33.2,0.0,40862.94,54.368233,31.880491,1217.0,13.800000000000004,0.8889549743851022,26.5,9,0,-0.888057322629493,-0.4597327394521046,-0.8191520442889918,0.573576436351046
2024-09-03,26.5,45854.45,0.0,10,1010.6,33.8,18.9,0,29.3,0.0,40728.86,54.368233,31.880491,1217.0,14.899999999999999,0.8882204453439089,26.9,9,1,-0.8958392907349089,-0.4443781781046134,-0.8386705679454243,0.5446390350150266
2024-09-04,26.9,45741.41,0.0,6,1008.2,34.2,19.5,0,16.0,0.0,40857.62,54.368233,31.880491,1217.0,14.700000000000003,0.8932304447982692,27.6,9,2,-0.9033558023246842,-0.4288919379124841,-0.8290375725550416,0.559192903470747
2024-09-05,27.6,45628.35,0.0,4,1004.9,35.3,18.5,0,13.0,0.0,40854.63,54.368233,31.880491,1217.0,16.799999999999997,0.8953782023676069,29.0,9,3,-0.9106046300942162,-0.41327860778290443,1.2246467991473532e-16,-1.0
2024-09-06,29.0,45515.33,0.0,3,1004.7,37.0,18.2,0,15.3,0.0,40851.39,54.368233,31.880491,1217.0,18.8,0.8975303485660765,27.4,9,4,-0.9175836260593934,-0.3975428142825566,0.9510565162951536,-0.30901699437494734
2024-09-07,27.4,45402.43,0.0,13,1009.0,34.2,19.9,1,22.9,0.0,40594.07,54.368233,31.880491,1217.0,14.300000000000004,0.8940946552860717,27.7,9,5,-0.9242907221930934,-0.3816892202666586,-0.9135454576426011,0.40673664307579976
2024-09-08,27.7,45289.71,0.0,15,1011.2,34.4,20.7,22,25.7,0.0,40466.98,54.368233,31.880491,1217.0,13.7,0.8935137805033418,27.4,9,6,-0.9307239310379793,-0.3657225234972692,-0.898794046299167,0.4383711467890774
2024-09-09,27.4,45177.1,0.0,17,1011.9,33.5,21.3,3,26.2,0.0,40342.07,54.368233,31.880491,1217.0,12.2,0.8929760874425318,26.4,9,0,-0.9368813462954315,-0.34964745525122826,-0.8571673007021123,0.5150380749100542
2024-09-10,26.4,45063.86,0.0,19,1011.2,33.1,19.2,0,28.2,0.0,40342.68,54.368233,31.880491,1217.0,13.900000000000002,0.895233564102143,26.4,9,1,-0.9427611433904206,-0.33346877891818705,-0.7313537016191703,0.6819983600624986
2024-09-11,26.4,44949.91,0.0,16,1009.8,33.5,18.5,0,29.3,0.0,40343.03,54.368233,31.880491,1217.0,15.0,0.8975108070294244,27.5,9,2,-0.9483615800121716,-0.31719128858910595,-0.8090169943749476,0.5877852522924729
2024-09-12,27.5,44835.33,0.0,12,1007.5,34.6,18.7,0,18.0,0.0,40343.16,54.368233,31.880491,1217.0,15.900000000000002,0.8998073617390572,29.1,9,3,-0.9536809966304455,-0.300819807635668,-0.9743700647852352,0.22495105434386492
2024-09-13,29.1,44720.21,0.0,12,1003.8,35.7,20.4,1,19.2,0.0,40223.54,54.368233,31.880491,1217.0,15.300000000000004,0.8994488174362331,27.9,9,4,-0.9587178169872964,-0.2843591872810036,0.8829475928589269,-0.4694715627858909
2024-09-14,27.9,44604.6,0.0,18,1002.5,35.2,20.8,28,29.7,0.0,39988.07,54.368233,31.880491,1217.0,14.400000000000002,0.8965010335256902,25.5,9,5,-0.9634705485641486,-0.26781430516217486,-0.8090169943749476,0.5877852522924729
2024-09-15,25.5,44488.59,0.0,24,1006.3,30.8,20.3,14,25.0,0.0,39991.38,54.368233,31.880491,1217.0,10.5,0.8989131820091398,25.8,9,6,-0.9679377830240642,-0.25119006388481957,-0.9063077870366498,0.4226182617406996
2024-09-16,25.8,44372.25,0.0,25,1007.5,33.2,18.5,9,19.1,0.0,39994.5,54.368233,31.880491,1217.0,14.700000000000003,0.9013403647549989,27.1,9,0,-0.9721181966290612,-0.23449138957041052,-0.7880107536067218,0.6156614753256585
2024-09-17,27.1,44255.65,0.0,25,1008.5,35.0,18.3,1,19.6,0.0,39997.38,54.368233,31.880491,1217.0,16.7,0.9037801952970975,27.4,9,1,-0.9760105506323682,-0.21772323039653224,-0.37460659341591235,0.9271838545667873
2024-09-18,27.4,44138.86,0.0,23,1007.2,34.6,19.5,0,23.1,0.0,40000.02,54.368233,31.880491,1217.0,15.100000000000001,0.9062313797864284,25.8,9,2,-0.9796136916454901,-0.20089055513063528,-0.8829475928589271,0.4694715627858904
2024-09-19,25.8,44021.96,0.0,26,1008.7,32.3,18.8,0,20.8,0.0,39848.51,54.368233,31.880491,1217.0,13.499999999999996,0.9051961793613915,27.8,9,3,-0.9829265519799822,-0.18399835165767986,-0.8571673007021123,0.5150380749100542
2024-09-20,27.8,43905.02,0.0,20,1007.5,36.4,20.0,0,21.4,0.0,39771.68,54.368233,31.880491,1217.0,16.4,0.9058572345485779,28.4,9,4,-0.9859481499638303,-0.1670516255021195,-0.8191520442889918,0.573576436351046
2024-09-21,28.4,43788.1,0.0,16,1008.3,35.4,21.3,0,19.0,0.0,39694.68,54.368233,31.880491,1217.0,14.099999999999998,0.906517524167525,28.5,9,5,-0.9886775902323404,-0.15005539834465262,-0.8090169943749476,0.5877852522924729
2024-09-22,28.5,43671.28,0.0,15,1009.5,36.9,19.9,0,14.9,0.0,39617.62,54.368233,31.880491,1217.0,17.0,0.9071778981518289,29.5,9,6,-0.9911140639934546,-0.13301470653419636,0.9975640502598242,0.06975647374412523
2024-09-23,29.5,43554.62,0.0,12,1009.6,37.0,20.4,0,21.9,0.0,39435.24,54.368233,31.880491,1217.0,16.6,0.9054203664272583,29.7,9,0,-0.9932568492674143,-0.11593459959550066,0.9902680687415704,-0.13917310096006535
2024-09-24,29.7,43438.21,0.0,12,1008.2,37.7,21.3,0,21.2,0.0,39359.87,54.368233,31.880491,1217.0,16.400000000000002,0.9061116929081563,29.3,9,1,-0.9951053111006974,-0.09882013873287211,-0.6018150231520483,0.7986355100472928
2024-09-25,29.3,43322.11,0.0,11,1006.5,37.0,21.5,0,15.1,0.0,39284.7,54.368233,31.880491,1217.0,15.5,0.9068048624593769,26.2,9,2,-0.99665890175417,-0.08167639533042288,0.766044443118978,-0.6427876096865394
2024-09-26,26.2,43206.39,0.0,29,1008.2,32.6,19.4,0,32.0,0.0,39109.47,54.368233,31.880491,1217.0,13.200000000000003,0.9051779146556794,23.7,9,3,-0.9979171608653922,-0.06450844944931625,-0.945518575599317,0.3255681544571563
2024-09-27,23.7,43091.11,0.0,31,1011.5,28.9,18.9,0,30.1,0.0,38938.11,54.368233,31.880491,1217.0,10.0,0.9036228122227531,21.5,9,4,-0.9988797155850335,-0.04732138832243232,-0.9816271834476639,0.1908089953765451
2024-09-28,21.5,42976.37,0.0,31,1010.8,28.4,13.9,17,34.4,0.2,38867.63,54.368233,31.880491,1217.0,14.499999999999998,0.9043953688969076,17.4,9,5,-0.9995462806873573,-0.03012030484690836,-0.7880107536067218,0.6156614753256585
2024-09-29,17.4,42862.07,0.0,41,1016.6,22.0,13.4,1,29.2,0.0,38767.41,54.368233,31.880491,1217.0,8.6,0.9044689162235983,19.9,9,6,-0.9999166586547379,-0.012910296075008843,-0.8090169943749476,0.5877852522924729
2024-09-30,19.9,42747.41,0.0,29,1014.0,27.0,12.3,0,17.5,0.0,38690.52,54.368233,31.880491,1217.0,14.7,0.9050962385791325,23.7,9,0,-0.9999907397361901,0.004303538296243821,-0.7431448254773946,0.6691306063588578
2024-10-01,23.7,42632.34,0.0,23,1011.4,30.5,14.9,0,19.2,0.0,38569.29,54.368233,31.880491,1217.0,15.6,0.9046955902490927,27.4,10,1,-0.9997685019798909,0.021516097436222233,0.9205048534524403,-0.3907311284892738
2024-10-02,27.4,42516.92,0.0,16,1009.7,34.7,18.2,21,22.1,0.0,35732.2,54.368233,31.880491,1217.0,16.500000000000004,0.8404230598077189,27.1,10,2,-0.9992500112396835,0.03872228089217399,0.7431448254773942,-0.6691306063588582
2024-10-03,27.1,42401.24,0.0,16,1009.0,35.2,19.8,19,21.6,0.0,36583.92,54.368233,31.880491,1217.0,15.400000000000002,0.862803068966851,24.8,10,3,-0.9984354211555643,0.05591699010060302,-0.7193398003386511,0.6946583704589973
2024-10-04,24.8,42285.38,0.0,22,1009.2,31.2,19.4,0,22.7,0.0,38105.28,54.368233,31.880491,1217.0,11.8,0.9011455022989033,22.4,10,4,-0.9973249731081555,0.07309512989807776,-0.7880107536067218,0.6156614753256585
2024-10-05,22.4,42169.4,0.0,32,1010.7,28.6,16.0,0,27.5,0.0,37820.58,54.368233,31.880491,1217.0,12.600000000000001,0.8968726137910428,19.9,10,5,-0.9959189961471792,0.0902516100310407,-0.9510565162951536,0.30901699437494723
2024-10-06,19.9,42053.41,0.0,31,1016.8,25.0,15.8,1,29.0,0.0,37543.21,54.368233,31.880491,1217.0,9.2,0.8927506711108563,20.4,10,6,-0.994217906893952,0.10738134666416306,-0.9205048534524405,0.3907311284892735
2024-10-07,20.4,41937.47,0.0,25,1019.6,26.2,13.2,0,16.2,0.0,37534.44,54.368233,31.880491,1217.0,13.0,0.8950096417356603,21.2,10,0,-0.9922222094179324,0.12447926388678869,-0.7071067811865477,0.7071067811865474
2024-10-08,21.2,41821.66,0.0,21,1017.4,28.2,13.4,0,18.0,0.0,37396.02,54.368233,31.880491,1217.0,14.799999999999999,0.8941782798674178,21.9,10,1,-0.989932495087353,0.141540295217043,-0.29237170472273716,0.9563047559630353
2024-10-09,21.9,41706.08,0.0,21,1014.2,29.3,14.6,0,25.5,0.0,37135.44,54.368233,31.880491,1217.0,14.700000000000001,0.890408304976157,23.4,10,2,-0.9873494423939864,0.15855938510313475,-0.4694715627858908,0.882947592858927
2024-10-10,23.4,41590.79,0.0,18,1012.4,30.7,15.6,0,15.7,0.0,37006.41,54.368233,31.880491,1217.0,15.1,0.8897741543259938,23.9,10,3,-0.9844738167520923,0.17553149042142777,0.8746197071393959,-0.484809620246337
2024-10-11,23.9,41475.88,0.0,15,1011.4,31.4,16.2,0,17.3,0.0,37001.36,54.368233,31.880491,1217.0,15.2,0.8921175391576984,24.5,10,4,-0.9813064702716093,0.19245158197082995,0.8480480961564261,-0.5299192642332048
2024-10-12,24.5,41361.45,0.0,14,1010.2,32.0,16.9,20,18.1,0.0,30856.1,54.368233,31.880491,1217.0,15.100000000000001,0.7460110803658963,23.5,10,5,-0.9778483415056567,0.20931464596304888,0.8910065241883679,-0.45399049973954675
2024-10-13,23.5,41247.56,0.0,17,1011.5,30.2,17.3,6,18.0,0.0,36642.57,54.368233,31.880491,1217.0,12.899999999999999,0.8883572749515366,24.1,10,6,-0.9741004551724206,0.22611568550828803,-0.7771459614569708,0.6293203910498375
2024-10-14,24.1,41134.31,0.0,17,1011.3,31.2,16.0,20,13.6,0.0,36529.66,54.368233,31.880491,1217.0,15.2,0.8880581684729854,23.9,10,0,-0.970063921851507,0.2428497220959358,-0.13917310096006552,-0.9902680687415703
2024-10-15,23.9,41021.79,0.0,19,1013.2,30.7,17.5,11,16.4,0.0,36421.26,54.368233,31.880491,1217.0,13.2,0.887851554015561,23.0,10,1,-0.965739937654855,0.25951179706979943,-0.891006524188368,0.45399049973954664
2024-10-16,23.0,40910.07,0.0,22,1014.5,29.9,15.6,0,16.2,0.0,36317.53,54.368233,31.880491,1217.0,14.299999999999999,0.8877405978528025,23.6,10,2,-0.9611297838723007,0.27609697309746883,0.9998476951563913,0.0174524064372836
2024-10-17,23.6,40799.26,0.0,19,1011.8,31.4,15.7,0,16.3,0.0,36218.67,54.368233,31.880491,1217.0,15.7,0.8877286009599192,23.5,10,3,-0.9562348265919058,0.2926003356333479,0.15643446504023098,-0.9876883405951377
2024-10-18,23.5,40689.45,0.0,16,1011.9,30.5,15.8,0,15.4,0.0,36224.43,54.368233,31.880491,1217.0,14.7,0.8902659043068905,23.5,10,4,-0.9510565162951536,0.30901699437494723,0.8480480961564261,-0.5299192642332048
2024-10-19,23.5,40580.55,0.0,14,1012.7,31.1,16.4,1,24.4,0.0,36132.63,54.368233,31.880491,1217.0,14.700000000000003,0.8903928113344939,24.5,10,5,-0.9455963874271428,0.3253420847119795,0.9743700647852352,0.22495105434386492
2024-10-20,24.5,40471.68,0.0,19,1012.9,30.6,17.3,17,22.0,0.0,33553.79,54.368233,31.880491,1217.0,13.3,0.8290683757135854,23.3,10,6,-0.9398560579418953,0.341570769167856,-0.9335804264972016,-0.3583679495453007
2024-10-21,23.3,40362.78,0.0,17,1008.8,30.3,16.4,0,25.5,0.0,36055.39,54.368233,31.880491,1217.0,13.900000000000002,0.8932831187544564,19.2,10,0,-0.9338372288229252,0.35769823883312546,0.9975640502598242,-0.06975647374412533
2024-10-22,19.2,40253.92,0.0,16,1012.5,25.0,14.1,18,20.2,0.0,36000.0,54.368233,31.880491,1217.0,10.9,0.8943228386204375,19.2,10,1,-0.9275416835791965,0.3737197147904692,-0.9563047559630354,0.2923717047227367
2024-10-23,19.2,40145.22,0.0,35,1013.9,25.8,11.9,23,14.5,0.0,36000.0,54.368233,31.880491,1217.0,13.9,0.8967443695662896,19.0,10,2,-0.9209712877166347,0.38963044953078774,0.8987940462991669,-0.4383711467890775
2024-10-24,19.0,40036.75,0.0,41,1014.0,24.3,12.4,36,26.4,0.4,36000.0,54.368233,31.880491,1217.0,11.9,0.8991738839940805,15.1,10,3,-0.9141279881853337,0.4054257283599973,0.12186934340514755,-0.992546151641322
2024-10-25,15.1,39928.64,0.0,37,1018.5,19.4,9.1,21,30.3,0.5,28800.0,54.368233,31.880491,1217.0,10.299999999999999,0.7212867756076842,14.1,10,4,-0.9070138128026362,0.42110087079608916,-0.7547095802227722,0.656059028990507
2024-10-26,14.1,39820.95,0.0,28,1019.7,20.0,7.4,76,17.2,0.1,24692.81,54.368233,31.880491,1217.0,12.6,0.6200959545164041,14.7,10,5,-0.8996308696522434,0.4366512319560638,-0.9702957262759965,-0.24192189559966779
2024-10-27,14.7,39713.81,0.0,36,1020.3,19.3,10.1,43,24.0,0.0,28800.0,54.368233,31.880491,1217.0,9.200000000000001,0.7251885427260694,12.7,10,6,-0.8919813464595487,0.45207220393230374,-0.9063077870366498,0.4226182617406996
2024-10-28,12.7,39607.3,0.0,41,1020.0,17.8,7.6,4,17.6,0.0,35965.29,54.368233,31.880491,1217.0,10.200000000000001,0.9080470014366038,13.5,10,0,-0.8840675099433637,0.46735921715800205,-0.798635510047293,0.6018150231520479
2024-10-29,13.5,39501.55,0.0,38,1018.5,19.1,7.1,0,12.3,0.0,35913.49,54.368233,31.880491,1217.0,12.000000000000002,0.9091666023231999,14.3,10,1,-0.8758917051442433,0.48250774176121763,-0.7547095802227722,0.656059028990507
2024-10-30,14.3,39396.63,0.0,34,1018.2,20.4,7.1,19,13.8,0.0,35861.32,54.368233,31.880491,1217.0,13.299999999999999,0.9102636443777045,15.7,10,2,-0.8674563547295971,0.4975132889071803,-0.6946583704589976,0.7193398003386509
2024-10-31,15.7,39292.68,0.0,31,1018.8,21.6,9.6,70,26.6,0.2,32208.81,54.368233,31.880491,1217.0,12.000000000000002,0.8197152752115662,19.0,10,3,-0.858763958275803,0.5123714121284235,-0.8746197071393956,0.4848096202463373
2024-11-01,19.0,39189.79,0.0,30,1019.5,25.4,10.9,47,16.1,0.1,32156.0,54.368233,31.880491,1217.0,14.499999999999998,0.8205198343752288,19.6,11,4,-0.8498170915275277,0.5270777086423724,0.6691306063588583,-0.7431448254773941
2024-11-02,19.6,39088.07,0.0,33,1019.1,25.5,12.9,15,12.2,0.0,35702.91,54.368233,31.880491,1217.0,12.6,0.913396593896808,20.9,11,5,-0.8406184056344783,0.5416278206559811,-0.9702957262759966,0.24192189559966742
2024-11-03,20.9,38987.64,0.0,32,1015.6,28.7,12.7,0,15.9,0.0,35649.58,54.368233,31.880491,1217.0,16.0,0.9143815834967185,23.0,11,6,-0.8311706263658079,0.5560174366570446,0.6946583704589971,-0.7193398003386513
2024-11-04,23.0,38888.61,0.0,29,1012.5,31.6,15.3,0,20.9,0.0,35596.04,54.368233,31.880491,1217.0,16.3,0.9153333071045738,23.0,11,0,-0.8214765533024145,0.5702422926917867,0.3583679495453002,-0.9335804264972017
2024-11-05,23.0,38791.11,0.0,29,1012.4,31.1,15.4,17,19.4,0.0,35542.33,54.368233,31.880491,1217.0,15.700000000000001,0.916249367445273,20.3,11,1,-0.8115390590073611,0.5842981736283683,-0.39073112848927355,-0.9205048534524404
2024-11-06,20.3,38695.23,0.0,34,1018.8,26.5,14.4,15,20.6,0.0,35488.48,54.368233,31.880491,1217.0,12.1,0.9171280284417486,17.4,11,2,-0.801361088174677,0.5981809144059158,-0.945518575599317,0.3255681544571563
2024-11-07,17.4,38601.11,0.0,36,1021.2,23.5,12.0,46,18.4,0.0,35434.55,54.368233,31.880491,1217.0,11.5,0.9179671258158121,14.9,11,3,-0.7909456567567774,0.6118864012687242,-0.8829475928589271,0.4694715627858904
2024-11-08,14.9,38508.7,0.0,39,1021.4,19.8,10.6,1,18.7,0.0,35380.55,54.368233,31.880491,1217.0,9.200000000000001,0.9187677070376306,14.7,11,4,-0.780295851070776,0.6254105729852457,-0.891006524188368,0.45399049973954664
2024-11-09,14.7,38417.08,0.0,41,1021.6,19.6,9.1,16,16.7,0.0,35326.09,54.368233,31.880491,1217.0,10.500000000000002,0.9195412561287842,14.8,11,5,-0.7694148268839381,0.6387494220515268,-0.8829475928589271,0.4694715627858904
2024-11-10,14.8,38326.18,0.0,41,1023.3,20.1,9.3,82,14.5,0.0,35271.02,54.368233,31.880491,1217.0,10.8,0.920285298456564,16.7,11,6,-0.7583058084785625,0.6518989958787125,-0.8660254037844386,0.5000000000000001
2024-11-11,16.7,38236.11,0.0,34,1019.8,25.1,9.0,66,20.5,0.0,33480.14,54.368233,31.880491,1217.0,16.1,0.8756157464763021,15.7,11,0,-0.7469720876965551,0.6648553979642866,0.8090169943749475,-0.587785252292473
2024-11-12,15.7,38146.96,0.0,39,1017.8,23.8,8.9,46,12.3,0.0,35107.84,54.368233,31.880491,1217.0,14.9,0.9203312662398261,12.5,11,1,-0.7354170229639858,0.6776147890466887,-0.9396926207859083,0.342020143325669
2024-11-13,12.5,38058.85,0.0,62,1019.3,17.5,8.6,47,27.4,1.1,29845.74,54.368233,31.880491,1217.0,8.9,0.7841997327822571,10.5,11,2,-0.7236440382959124,0.690173388242972,-0.9063077870366498,0.4226182617406996
2024-11-14,10.5,37971.88,0.0,64,1020.4,15.1,6.9,33,14.1,0.0,32272.73,54.368233,31.880491,1217.0,8.2,0.8499113027851136,11.6,11,3,-0.711656622281775,0.7025274741691566,-0.8660254037844386,0.5000000000000001
2024-11-15,11.6,37886.15,0.0,57,1019.4,18.0,5.2,15,7.8,0.0,34826.08,54.368233,31.880491,1217.0,12.8,0.9192298504862595,13.8,11,4,-0.6994583270516471,0.7146733860429608,0.6427876096865395,-0.7660444431189779
2024-11-16,13.8,37801.78,0.0,44,1015.5,21.4,5.9,0,10.4,0.0,34734.69,54.368233,31.880491,1217.0,15.499999999999998,0.918863873605952,15.5,11,5,-0.6870527672236675,0.7266075247685652,0.4383711467890773,-0.898794046299167
2024-11-17,15.5,37718.88,0.0,30,1015.8,22.5,9.5,7,12.6,0.0,34644.75,54.368233,31.880491,1217.0,13.0,0.9184989055878648,16.7,11,6,-0.6744436188329457,0.7383263540031063,0.6819983600624985,-0.7313537016191705
2024-11-18,16.7,37637.56,0.0,30,1015.3,23.6,9.9,28,13.3,0.0,34007.76,54.368233,31.880491,1217.0,13.700000000000001,0.9035591042564928,17.8,11,0,-0.661634618242279,0.749826401204568,0.7986355100472927,-0.6018150231520484
2024-11-19,17.8,37557.94,0.0,33,1014.9,24.9,10.9,27,16.6,0.0,34469.81,54.368233,31.880491,1217.0,13.999999999999998,0.9177769068271582,17.0,11,1,-0.6486295610349818,0.7611042586607742,0.8090169943749475,-0.587785252292473
2024-11-20,17.0,37480.13,0.0,40,1016.2,23.5,11.0,6,12.6,0.0,34385.05,54.368233,31.880491,1217.0,12.5,0.9174207773558951,15.2,11,2,-0.6354323008901775,0.7721565844991641,-0.9659258262890684,0.2588190451025203
2024-11-21,15.2,37404.25,0.0,40,1017.3,21.1,9.9,8,10.3,0.0,34302.29,54.368233,31.880491,1217.0,11.200000000000001,0.9170693169893795,13.8,11,3,-0.622046748440868,0.7829801036770624,-0.9902680687415704,0.13917310096006547
2024-11-22,13.8,37330.42,0.0,44,1020.1,19.0,9.2,34,17.2,0.0,33987.76,54.368233,31.880491,1217.0,9.8,0.9104574767709552,12.7,11,4,-0.6084768701151264,0.7935716089521472,-0.891006524188368,0.45399049973954664
2024-11-23,12.7,37258.76,0.0,40,1020.5,18.7,7.3,15,7.7,0.0,34143.29,54.368233,31.880491,1217.0,11.399999999999999,0.9163828855281281,13.8,11,5,-0.594726686960764,0.8039279618328208,-0.6819983600624983,0.7313537016191707
2024-11-24,13.8,37189.4,0.0,33,1014.6,20.9,6.9,11,14.0,0.0,34067.32,54.368233,31.880491,1217.0,13.999999999999998,0.9160491968141459,15.7,11,6,-0.5808002734538013,0.8140460935082175,0.7431448254773942,-0.6691306063588582
2024-11-25,15.7,37122.45,0.0,30,1015.0,23.0,9.1,36,12.4,0.0,33426.97,54.368233,31.880491,1217.0,13.9,0.9004516135115006,16.7,11,0,-0.5667017562911184,0.8239230057575536,0.838670567945424,-0.5446390350150271
2024-11-26,16.7,37058.04,0.0,43,1015.6,23.3,11.1,15,14.4,0.0,33587.95,54.368233,31.880491,1217.0,12.200000000000001,0.9063606709906945,15.8,11,1,-0.5524353131676203,0.8335557718385695,0.8660254037844387,-0.4999999999999998
2024-11-27,15.8,36996.29,0.0,55,1013.2,22.4,10.9,74,17.3,1.0,10214.22,54.368233,31.880491,1217.0,11.499999999999998,0.2760876833866314,14.1,11,2,-0.5380051715382992,0.8429415373547832,0.8480480961564261,-0.5299192642332048
2024-11-28,14.1,36937.19,0.0,40,1013.1,21.4,7.2,3,23.6,0.1,33533.04,54.368233,31.880491,1217.0,14.2,0.9078394972654931,10.1,11,3,-0.5234156073655503,0.8520775211013093,-0.9998476951563913,-0.017452406437283498
2024-11-29,10.1,36880.06,0.0,24,1018.8,16.6,4.8,0,13.9,0.0,33507.23,54.368233,31.880491,1217.0,11.8,0.9085459730813888,6.8,11,4,-0.5086709438521042,0.8609610158889945,-0.8191520442889918,0.573576436351046
2024-11-30,6.8,36824.84,0.0,30,1022.8,11.6,1.9,0,22.5,0.0,33359.3,54.368233,31.880491,1217.0,9.7,0.9058912408037619,4.8,11,5,-0.49377555015997737,0.8695893893466109,-0.9205048534524405,0.3907311284892735
2024-12-01,4.8,36771.59,0.0,41,1024.7,9.9,0.8,0,14.7,0.0,33095.69,54.368233,31.880491,1217.0,9.1,0.9000342383889303,3.9,12,6,-0.4787338401157883,0.8779600847008883,-0.6946583704589976,0.7193398003386509
2024-12-02,3.9,36720.38,0.0,29,1024.0,9.6,-1.4,9,6.9,0.0,33197.89,54.368233,31.880491,1217.0,11.0,0.9040726158062635,5.2,12,0,-0.4635502709028512,0.8860706215341378,0.6946583704589973,0.7193398003386512
2024-12-03,5.2,36671.28,0.0,26,1022.9,12.4,-1.1,3,13.0,0.0,32947.3,54.368233,31.880491,1217.0,13.5,0.8984496859667839,5.6,12,1,-0.4482293417404106,0.893918596519257,-0.9902680687415704,0.13917310096006547
2024-12-04,5.6,36624.37,0.0,29,1023.1,11.9,0.1,2,10.0,0.0,32935.14,54.368233,31.880491,1217.0,11.8,0.899268437928079,6.9,12,2,-0.4327755925504317,0.9015016841318838,-0.4694715627858908,0.882947592858927
2024-12-05,6.9,36579.7,0.0,29,1023.5,13.6,0.5,14,14.1,0.0,32812.22,54.368233,31.880491,1217.0,13.1,0.8970062630366024,6.9,12,3,-0.41719360261231697,0.9088176373395028,-0.6819983600624983,0.7313537016191707
2024-12-06,6.9,36537.36,0.0,31,1025.5,12.4,1.4,6,13.8,0.0,32695.06,54.368233,31.880491,1217.0,11.0,0.8948391454664486,7.5,12,4,-0.4014879892059737,0.9158642882672868,-0.8386705679454243,0.5446390350150266
2024-12-07,7.5,36497.41,0.0,33,1027.9,13.3,2.5,10,13.1,0.0,32583.76,54.368233,31.880491,1217.0,10.8,0.8927691033418534,7.3,12,5,-0.38566340624360745,0.9226395488404875,-0.6819983600624983,0.7313537016191707
2024-12-08,7.3,36459.91,0.0,34,1027.0,14.1,1.0,78,8.5,0.0,32582.97,54.368233,31.880491,1217.0,13.1,0.8936656727896475,8.1,12,6,-0.3697245428906732,0.9291414114031743,0.8191520442889917,-0.5735764363510462
2024-12-09,8.1,36424.95,0.0,37,1021.6,17.6,1.6,47,23.4,0.3,31718.43,54.368233,31.880491,1217.0,16.0,0.8707885666280942,6.3,12,0,-0.3536761221763721,0.935367949313148,-0.9205048534524405,0.3907311284892735
2024-12-10,6.3,36392.57,0.0,51,1026.9,10.4,2.5,16,17.7,0.0,31034.03,54.368233,31.880491,1217.0,7.9,0.8527573073294906,6.4,12,1,-0.33752289959411347,0.941317317512847,-0.8090169943749476,0.5877852522924729
2024-12-11,6.4,36362.87,0.0,45,1026.5,12.5,0.9,0,14.2,0.0,32392.75,54.368233,31.880491,1217.0,11.6,0.8908193990188342,9.7,12,2,-0.32126966169236515,0.9469877530760751,0.777145961456971,-0.6293203910498373
2024-12-12,9.7,36335.9,0.0,32,1017.4,17.3,1.0,57,15.0,0.0,31692.37,54.368233,31.880491,1217.0,16.3,0.8722054497067637,12.0,12,3,-0.3049212246562894,0.9523775757303973,0.766044443118978,-0.6427876096865394
2024-12-13,12.0,36311.72,0.0,31,1011.5,17.4,6.1,72,16.2,0.0,18435.48,54.368233,31.880491,1217.0,11.299999999999999,0.5077005440667641,10.6,12,4,-0.2884824328806098,0.9574851883550389,0.766044443118978,-0.6427876096865394
2024-12-14,10.6,36290.42,0.0,47,1012.1,19.4,2.5,6,24.2,0.0,32331.84,54.368233,31.880491,1217.0,16.9,0.8909194217096413,0.6,12,5,-0.27195815753410524,0.9623090774541487,-0.7880107536067221,-0.6156614753256581
2024-12-15,0.6,36272.05,0.0,67,1034.4,2.8,-2.8,50,30.6,0.2,12408.54,54.368233,31.880491,1217.0,5.6,0.3420964627033763,1.7,12,6,-0.2553532951161881,0.9668478136052773,-0.8571673007021123,0.5150380749100542
2024-12-16,1.7,36256.66,0.0,48,1030.0,8.1,-3.5,2,15.1,0.0,32276.26,54.368233,31.880491,1217.0,11.6,0.8902160320338386,4.8,12,0,-0.23867276600594997,0.9711000518829505,0.7986355100472927,-0.6018150231520484
2024-12-17,4.8,36244.34,0.0,28,1021.2,13.1,-2.9,19,14.4,0.0,32295.2,54.368233,31.880491,1217.0,16.0,0.8910411942940609,6.2,12,1,-0.22192151300416674,0.9750645322571945,0.5299192642332049,-0.848048096156426
2024-12-18,6.2,36235.11,0.0,26,1018.6,14.6,-1.1,0,15.5,0.0,32315.44,54.368233,31.880491,1217.0,15.7,0.8918267393144383,7.3,12,2,-0.20510449986861926,0.9787400799669153,0.7986355100472927,-0.6018150231520484
2024-12-19,7.3,36228.83,0.0,24,1017.7,15.4,0.5,0,13.3,0.0,32337.65,54.368233,31.880491,1217.0,14.9,0.8925943785653581,5.3,12,3,-0.1882267098432439,0.9821256058680006,0.6946583704589971,-0.7193398003386513
2024-12-20,5.3,36225.46,0.0,37,1019.5,12.8,0.1,1,14.5,0.0,32284.61,54.368233,31.880491,1217.0,12.700000000000001,0.8912132516743749,1.8,12,4,-0.1712931441814778,0.9852201067560606,-0.891006524188368,0.45399049973954664
2024-12-21,1.8,36224.98,0.07,62,1020.3,6.0,-2.0,56,16.1,0.1,14979.25,54.368233,31.880491,1217.0,8.0,0.4135060944133026,4.6,12,5,-0.154308820664281,0.9880226656636976,-0.9063077870366498,0.4226182617406996
2024-12-22,4.6,36227.34,0.0,50,1020.4,10.0,-0.9,0,13.8,0.0,32269.26,54.368233,31.880491,1217.0,10.9,0.890743289460391,7.0,12,6,-0.13727877211326517,0.9905324521322227,0.5735764363510459,-0.8191520442889919
2024-12-23,7.0,36232.55,0.0,42,1019.7,14.4,-0.1,37,13.4,0.0,32302.73,54.368233,31.880491,1217.0,14.5,0.8915389615138873,7.1,12,0,-0.12020804489935275,0.9927487224577402,0.7986355100472927,-0.6018150231520484
2024-12-24,7.1,36240.57,0.0,39,1019.9,14.1,0.9,7,11.9,0.0,32268.21,54.368233,31.880491,1217.0,13.2,0.8903891412303946,6.4,12,1,-0.10310169744743544,0.9946708199115211,-0.9335804264972017,0.3583679495453004
2024-12-25,6.4,36251.36,0.0,43,1023.8,11.8,0.8,3,13.6,0.0,32306.52,54.368233,31.880491,1217.0,11.0,0.8911809101782664,7.0,12,2,-0.0859647987374467,0.9962981749346077,-0.798635510047293,0.6018150231520479
2024-12-26,7.0,36264.91,0.0,39,1026.6,13.4,1.5,0,13.1,0.0,32346.17,54.368233,31.880491,1217.0,11.9,0.8919412732583645,7.8,12,3,-0.06880242680232064,0.9976303053065857,0.8829475928589269,-0.4694715627858909
2024-12-27,7.8,36281.17,0.0,33,1024.5,15.8,0.4,36,13.7,0.0,32387.07,54.368233,31.880491,1217.0,15.4,0.8926688417159645,11.7,12,4,-0.05161966722325418,0.9986668162884759,0.777145961456971,-0.6293203910498373
2024-12-28,11.7,36300.13,0.0,30,1016.3,20.1,3.2,43,20.1,0.0,30028.2,54.368233,31.880491,1217.0,16.900000000000002,0.8272201779993626,9.8,12,5,-0.034421611622745804,0.9994074007397048,0.766044443118978,-0.6427876096865394
2024-12-29,9.8,36321.74,0.0,46,1019.0,17.2,3.7,8,10.1,0.0,32400.0,54.368233,31.880491,1217.0,13.5,0.8920277497718997,7.6,12,6,-0.01721335615583528,0.9998518392091162,-0.9396926207859083,0.342020143325669
2024-12-30,7.6,36345.98,0.0,56,1019.3,14.3,2.8,31,10.4,0.0,32400.0,54.368233,31.880491,1217.0,11.5,0.8914328352131377,4.1,12,0,6.432490598706546e-16,1.0,-0.9063077870366498,0.4226182617406996
2024-12-31,4.1,36372.8,0.07,67,1021.6,7.3,0.5,32,15.0,0.8,29956.45,54.368233,31.880491,1217.0,6.8,0.823594829103066,3.1,12,1,0.017213356155833904,0.9998518392091162,-0.9612616959383188,0.2756373558169994
2025-01-01,3.1,36402.18,2.52,82,1023.8,5.2,0.2,91,25.3,6.6,13286.9,54.368233,31.880491,1217.0,5.0,0.36500286521301745,1.5,1,2,0.017213356155834685,0.9998518392091162,-0.9396926207859083,0.342020143325669
2025-01-02,1.5,36434.09,0.0,69,1030.7,5.2,-1.7,20,23.7,0.0,32400.0,54.368233,31.880491,1217.0,6.9,0.8892770479515202,0.8,1,3,0.03442161162274574,0.9994074007397048,-0.8480480961564261,0.5299192642332047
2025-01-03,0.8,36468.47,0.0,61,1028.9,5.7,-2.3,18,16.4,0.0,32400.0,54.368233,31.880491,1217.0,8.0,0.8884386978669518,2.6,1,4,0.051619667223253764,0.998666816288476,-0.8987940462991668,-0.43837114678907774
2025-01-04,2.6,36505.31,0.0,47,1022.5,9.1,-2.8,0,16.6,0.0,32400.0,54.368233,31.880491,1217.0,11.899999999999999,0.8875421137363305,5.0,1,5,0.06880242680231986,0.9976303053065857,0.777145961456971,-0.6293203910498373
2025-01-05,5.0,36544.56,0.0,41,1021.8,12.4,-1.1,0,15.3,0.0,32400.0,54.368233,31.880491,1217.0,13.5,0.8865888657573111,7.5,1,6,0.08596479873744647,0.9962981749346078,0.8090169943749475,-0.587785252292473
2025-01-06,7.5,36586.18,0.0,37,1021.4,15.6,1.0,63,16.6,0.0,32400.0,54.368233,31.880491,1217.0,14.6,0.8855802928865489,6.4,1,0,0.10310169744743485,0.9946708199115211,-0.2079116908177595,-0.9781476007338056
2025-01-07,6.4,36630.23,0.0,43,1027.0,9.9,3.3,88,16.2,0.0,12294.79,54.368233,31.880491,1217.0,6.6000000000000005,0.3356459951247917,5.6,1,1,0.1202080448993527,0.9927487224577402,-0.8290375725550416,0.559192903470747
2025-01-08,5.6,36677.21,0.0,49,1027.2,9.4,1.4,85,12.6,0.0,22558.96,54.368233,31.880491,1217.0,8.0,0.6150675037714155,5.5,1,2,0.13727877211326478,0.9905324521322229,-0.8090169943749476,0.5877852522924729
2025-01-09,5.5,36727.11,0.0,51,1024.9,10.3,2.0,41,14.3,0.0,29312.29,54.368233,31.880491,1217.0,8.3,0.7981104421229985,6.6,1,3,0.15430882066428117,0.9880226656636976,-0.7547095802227722,0.656059028990507
2025-01-10,6.6,36779.81,0.0,46,1024.7,12.5,1.1,0,10.1,0.0,32400.0,54.368233,31.880491,1217.0,11.4,0.8809180906589784,8.3,1,4,0.1712931441814776,0.9852201067560606,0.9986295347545738,0.052335956242943966
2025-01-11,8.3,36835.2,0.0,42,1020.5,16.9,0.6,0,14.8,0.0,32400.0,54.368233,31.880491,1217.0,16.299999999999997,0.8795934323690384,8.3,1,5,0.1882267098432442,0.9821256058680006,0.8290375725550417,-0.5591929034707467
2025-01-12,8.3,36893.19,0.0,41,1018.8,15.4,2.2,24,12.8,1.9,32400.0,54.368233,31.880491,1217.0,13.2,0.8782108568004013,6.6,1,6,0.2051044998686192,0.9787400799669153,-0.913545457642601,-0.4067366430758001
2025-01-13,6.6,36953.65,0.84,57,1022.6,11.6,1.8,16,14.6,2.5,32400.0,54.368233,31.880491,1217.0,9.799999999999999,0.8767740128512339,6.0,1,0,0.2219215130041655,0.9750645322571948,-0.8290375725550416,0.559192903470747
2025-01-14,6.0,37016.48,0.0,53,1024.6,11.2,1.4,0,15.6,0.0,32421.76,54.368233,31.880491,1217.0,9.799999999999999,0.8758736649189766,7.7,1,1,0.2386727660059501,0.9711000518829505,-0.8090169943749476,0.5877852522924729
2025-01-15,7.7,37081.56,0.0,37,1022.4,15.4,0.8,0,17.0,0.0,32492.13,54.368233,31.880491,1217.0,14.6,0.8762341713779033,9.8,1,2,0.255353295116187,0.9668478136052775,0.788010753606722,-0.6156614753256583
2025-01-16,9.8,37148.8,0.0,26,1017.2,17.5,2.5,42,21.3,0.0,32400.0,54.368233,31.880491,1217.0,15.0,0.8721681454044276,5.6,1,3,0.2719581575341055,0.9623090774541486,-0.08715574274765794,-0.9961946980917455
2025-01-17,5.6,37218.08,2.38,66,1019.4,7.8,2.2,83,20.4,8.0,16623.62,54.368233,31.880491,1217.0,5.6,0.4466544217219158,3.9,1,4,0.288482432880609,0.9574851883550393,-0.9063077870366498,0.4226182617406996
2025-01-18,3.9,37289.3,0.0,65,1018.8,8.7,-0.4,26,13.4,0.3,32566.71,54.368233,31.880491,1217.0,9.1,0.8733526775777501,5.4,1,5,0.30492122465628907,0.9523775757303974,-0.9902680687415704,0.13917310096006547
2025-01-19,5.4,37362.36,0.0,44,1013.8,12.1,-1.5,14,16.9,0.0,32564.13,54.368233,31.880491,1217.0,13.6,0.8715758319335288,6.3,1,6,0.3212696616923644,0.9469877530760753,0.788010753606722,-0.6156614753256583
2025-01-20,6.3,37437.15,0.0,35,1014.6,12.4,1.6,16,17.6,0.0,32748.22,54.368233,31.880491,1217.0,10.8,0.8747519509364361,4.4,1,0,0.3375228995941133,0.9413173175128471,0.6691306063588583,-0.7431448254773941
2025-01-21,4.4,37513.56,0.21,52,1024.0,8.3,1.1,33,24.3,0.4,29799.28,54.368233,31.880491,1217.0,7.200000000000001,0.7943602260089418,3.8,1,1,0.3536761221763716,0.9353679493131483,-0.8571673007021123,0.5150380749100542
2025-01-22,3.8,37591.51,0.0,44,1030.8,9.4,-0.8,11,6.5,0.0,32851.02,54.368233,31.880491,1217.0,10.200000000000001,0.8738946639813084,4.4,1,2,0.3697245428906731,0.9291414114031743,-0.19080899537654467,0.981627183447664
2025-01-23,4.4,37670.88,0.0,35,1028.3,10.6,-1.6,67,11.4,0.0,32421.16,54.368233,31.880491,1217.0,12.2,0.8606424909638427,5.3,1,3,0.38566340624360707,0.9226395488404876,0.6946583704589971,-0.7193398003386513
2025-01-24,5.3,37751.58,0.0,31,1023.2,11.8,-0.8,28,8.9,0.0,33085.08,54.368233,31.880491,1217.0,12.600000000000001,0.8763892796010128,6.6,1,4,0.401487989205973,0.9158642882672872,-0.9998476951563913,0.01745240643728313
2025-01-25,6.6,37833.51,0.0,32,1020.6,13.1,0.1,32,11.3,0.0,32414.52,54.368233,31.880491,1217.0,13.0,0.8567674529801754,7.5,1,5,0.4171936026123168,0.9088176373395029,-0.945518575599317,0.3255681544571563
2025-01-26,7.5,37916.58,0.0,31,1021.3,13.9,1.5,27,10.4,0.0,33088.81,54.368233,31.880491,1217.0,12.4,0.8726739067711274,4.3,1,6,0.4327755925504312,0.901501684131884,-0.8090169943749476,0.5877852522924729
2025-01-27,4.3,38000.86,1.89,61,1020.4,9.2,0.9,62,20.3,2.7,20325.32,54.368233,31.880491,1217.0,8.299999999999999,0.5348647372717354,3.5,1,0,0.4482293417404106,0.893918596519257,-0.898794046299167,0.4383711467890774
2025-01-28,3.5,38087.21,0.0,76,1024.3,7.4,-0.2,52,18.3,0.1,21240.23,54.368233,31.880491,1217.0,7.6000000000000005,0.5576735602318994,3.3,1,1,0.4635502709028509,0.886070621534138,-0.8191520442889918,0.573576436351046
2025-01-29,3.3,38175.68,0.0,67,1028.0,8.2,-1.4,5,12.8,0.0,33205.24,54.368233,31.880491,1217.0,9.6,0.8698008784650332,3.3,1,2,0.47873384011578846,0.8779600847008882,-0.7771459614569708,0.6293203910498375
2025-01-30,3.3,38266.13,0.0,57,1027.6,8.4,-2.0,11,20.5,0.0,33570.48,54.368233,31.880491,1217.0,10.4,0.8772896553688603,3.8,1,3,0.49377555015997715,0.869589389346611,-0.8829475928589271,0.4694715627858904
2025-01-31,3.8,38358.45,0.0,50,1026.9,9.1,-1.3,0,15.2,0.0,33861.42,54.368233,31.880491,1217.0,10.4,0.8827629896411352,4.8,1,4,0.5086709438521044,0.8609610158889943,-0.7547095802227722,0.656059028990507
2025-02-01,4.8,38452.48,0.0,37,1021.5,11.5,-1.1,25,11.9,0.0,34118.8,54.368233,31.880491,1217.0,12.6,0.8872977763722912,4.2,2,5,0.5234156073655503,0.8520775211013093,0.838670567945424,-0.5446390350150271
2025-02-02,4.2,38548.13,0.0,33,1021.4,9.2,-0.2,47,19.6,0.0,33084.9,54.368233,31.880491,1217.0,9.399999999999999,0.8582750966129875,5.1,2,6,0.5380051715382996,0.8429415373547828,-0.8090169943749476,0.5877852522924729
2025-02-03,5.1,38645.27,0.0,27,1019.4,11.2,-0.1,0,11.8,0.0,34489.5,54.368233,31.880491,1217.0,11.299999999999999,0.8924636831363839,7.7,2,0,0.5524353131676196,0.8335557718385699,0.9396926207859084,-0.3420201433256687
2025-02-04,7.7,38743.77,0.0,23,1016.5,15.4,-0.1,43,15.8,0.0,33865.77,54.368233,31.880491,1217.0,15.5,0.8740958869000099,9.9,2,1,0.5667017562911176,0.8239230057575542,0.8571673007021123,-0.5150380749100543
2025-02-05,9.9,38843.53,0.0,21,1013.9,17.7,1.8,2,15.0,0.0,34744.37,54.368233,31.880491,1217.0,15.899999999999999,0.894469941326136,10.3,2,2,0.5808002734538009,0.8140460935082178,0.8191520442889917,-0.5735764363510462
2025-02-06,10.3,38944.41,0.0,28,1007.7,16.8,5.8,54,27.5,0.0,19780.39,54.368233,31.880491,1217.0,11.0,0.5079134592101922,9.9,2,3,0.5947266869607634,0.8039279618328213,0.788010753606722,-0.6156614753256583
2025-02-07,9.9,39046.32,0.0,55,1011.0,18.0,4.8,43,21.9,10.5,33504.23,54.368233,31.880491,1217.0,13.2,0.858063704851059,4.9,2,4,0.6084768701151261,0.7935716089521474,-0.9563047559630354,0.2923717047227367
2025-02-08,4.9,39149.13,0.0,71,1017.7,7.3,0.8,76,19.5,0.0,5755.9,54.368233,31.880491,1217.0,6.5,0.14702497858828537,2.9,2,5,0.6220467484408675,0.7829801036770629,-0.9816271834476639,0.1908089953765451
2025-02-09,2.9,39252.74,0.07,67,1017.2,9.9,-1.6,26,25.7,1.0,33764.63,54.368233,31.880491,1217.0,11.5,0.8601853017139695,1.5,2,6,0.6354323008901774,0.7721565844991642,-0.8480480961564261,0.5299192642332047
2025-02-10,1.5,39357.04,0.0,62,1023.6,7.6,-3.2,9,12.2,0.0,35123.86,54.368233,31.880491,1217.0,10.8,0.8924416063809677,3.6,2,0,0.6486295610349814,0.7611042586607747,-0.9998476951563913,-0.017452406437283498
2025-02-11,3.6,39461.93,0.0,52,1025.2,9.6,-3.9,56,14.7,0.0,33983.16,54.368233,31.880491,1217.0,13.5,0.8611631514221428,4.4,2,1,0.6616346182422783,0.7498264012045686,-0.9659258262890684,0.2588190451025203
2025-02-12,4.4,39567.29,0.0,59,1025.2,9.9,-0.2,95,14.0,0.2,24486.33,54.368233,31.880491,1217.0,10.1,0.6188528453679795,5.5,2,2,0.6744436188329455,0.7383263540031065,-0.891006524188368,0.45399049973954664
2025-02-13,5.5,39673.03,0.0,76,1022.3,10.4,1.1,94,16.8,0.1,25863.18,54.368233,31.880491,1217.0,9.3,0.6519083619274858,8.0,2,3,0.6870527672236669,0.7266075247685656,-0.9510565162951536,0.30901699437494723
2025-02-14,8.0,39779.04,0.0,77,1017.6,16.9,1.6,53,11.5,0.0,31460.87,54.368233,31.880491,1217.0,15.299999999999999,0.7908906298392319,7.7,2,4,0.699458327051647,0.7146733860429609,-0.9961946980917455,0.08715574274765789
2025-02-15,7.7,39885.23,0.0,61,1017.8,13.0,2.0,78,16.8,0.0,32696.8,54.368233,31.880491,1217.0,11.0,0.8197721311874094,9.6,2,5,0.7116566222817746,0.7025274741691571,-0.9563047559630354,0.2923717047227367
2025-02-16,9.6,39991.66,0.0,39,1015.6,16.7,1.8,8,17.7,0.0,36407.84,54.368233,31.880491,1217.0,14.899999999999999,0.9103858154425196,11.8,2,6,0.7236440382959124,0.6901733882429719,0.9205048534524403,-0.3907311284892738
2025-02-17,11.8,40099.3,0.0,32,1012.9,20.6,3.2,4,27.2,0.0,36467.89,54.368233,31.880491,1217.0,17.400000000000002,0.909439566276718,9.6,2,0,0.7354170229639855,0.6776147890466889,-0.9993908270190958,-0.03489949670250076
2025-02-18,9.6,40208.19,0.0,37,1018.0,16.5,3.2,31,24.8,0.0,36655.21,54.368233,31.880491,1217.0,13.3,0.9116354155708077,10.0,2,1,0.7469720876965552,0.6648553979642865,-0.9848077530122081,0.17364817766692997
2025-02-19,10.0,40318.24,0.0,27,1017.8,15.8,3.8,7,17.4,0.0,36975.91,54.368233,31.880491,1217.0,12.0,0.9171012921198942,11.2,2,2,0.7583058084785624,0.6518989958787126,0.8290375725550417,-0.5591929034707467
2025-02-20,11.2,40429.34,0.0,28,1010.2,18.4,5.1,48,17.2,0.0,31922.8,54.368233,31.880491,1217.0,13.299999999999999,0.789594883319886,13.5,2,3,0.7694148268839378,0.6387494220515272,0.45399049973954686,-0.8910065241883678
2025-02-21,13.5,40541.39,0.0,37,1010.9,20.5,7.1,1,16.3,0.0,37367.74,54.368233,31.880491,1217.0,13.4,0.9217182735964405,14.5,2,4,0.7802958510707755,0.6254105729852463,0.8571673007021123,-0.5150380749100543
2025-02-22,14.5,40654.29,0.0,25,1011.0,22.1,6.8,0,17.6,0.0,37736.25,54.368233,31.880491,1217.0,15.3,0.9282230731369309,15.0,2,5,0.7909456567567772,0.6118864012687243,0.8660254037844387,-0.4999999999999998
2025-02-23,15.0,40767.94,0.0,34,1009.2,21.1,8.5,19,26.6,0.0,37769.08,54.368233,31.880491,1217.0,12.600000000000001,0.926440727689454,12.5,2,6,0.8013610881746766,0.5981809144059165,-0.13917310096006552,-0.9902680687415703
2025-02-24,12.5,40882.25,0.0,26,1009.1,18.8,5.2,30,28.2,0.0,37130.26,54.368233,31.880491,1217.0,13.600000000000001,0.9082244739465172,1.8,2,0,0.8115390590073611,0.5842981736283684,-0.7880107536067221,-0.6156614753256581
2025-02-25,1.8,40997.11,0.0,23,1020.1,6.3,-3.2,1,26.5,0.0,38092.67,54.368233,31.880491,1217.0,9.5,0.9291550062919068,3.7,2,1,0.8214765533024142,0.5702422926917871,-0.898794046299167,0.4383711467890774
2025-02-26,3.7,41112.44,0.0,12,1018.8,12.1,-4.8,60,17.5,0.0,36945.29,54.368233,31.880491,1217.0,16.9,0.8986401682799658,6.1,2,2,0.8311706263658079,0.5560174366570446,-0.9998476951563913,0.01745240643728313
2025-02-27,6.1,41228.13,0.0,13,1016.6,13.6,-1.6,1,24.0,0.0,38332.1,54.368233,31.880491,1217.0,15.2,0.9297559700136776,5.6,2,3,0.8406184056344782,0.5416278206559814,-0.9975640502598243,0.06975647374412522
2025-02-28,5.6,41344.11,0.0,19,1017.1,12.8,-0.3,0,20.0,0.0,38452.07,54.368233,31.880491,1217.0,13.100000000000001,0.9300495282157483,6.8,2,4,0.8498170915275278,0.5270777086423722,-0.992546151641322,0.12186934340514768
2025-03-01,6.8,41460.27,0.0,17,1013.0,14.8,-1.5,16,20.4,0.0,38572.07,54.368233,31.880491,1217.0,16.3,0.9303381285264183,5.8,3,5,0.8587639582758029,0.5123714121284237,-0.9135454576426011,0.40673664307579976
2025-03-02,5.8,41576.53,0.0,27,1018.0,10.5,1.1,10,24.2,0.0,38692.02,54.368233,31.880491,1217.0,9.4,0.9306216752576513,6.8,3,6,0.8674563547295969,0.49751328890718066,-0.8386705679454243,0.5446390350150266
2025-03-03,6.8,41692.79,0.0,24,1022.4,13.4,-1.0,11,21.8,0.0,38811.82,54.368233,31.880491,1217.0,14.4,0.9309000429090977,10.0,3,0,0.8758917051442429,0.48250774176121847,0.7547095802227721,-0.6560590289905072
2025-03-04,10.0,41808.97,0.0,19,1019.4,16.2,0.9,83,16.4,0.0,32381.44,54.368233,31.880491,1217.0,15.299999999999999,0.7745093935583679,12.2,3,1,0.8840675099433636,0.4673592171580022,-0.9612616959383188,0.2756373558169994
2025-03-05,12.2,41924.98,0.0,36,1019.0,18.0,7.8,67,16.1,0.1,32372.47,54.368233,31.880491,1217.0,10.2,0.7721523063338372,12.9,3,2,0.8919813464595485,0.45207220393230435,-0.9998476951563913,-0.017452406437283498
2025-03-06,12.9,42040.74,0.0,52,1019.1,18.4,7.4,99,12.0,0.2,11105.12,54.368233,31.880491,1217.0,10.999999999999998,0.2641513921971878,13.4,3,3,0.8996308696522433,0.43665123195606403,-0.754709580222772,-0.6560590289905073
2025-03-07,13.4,42156.16,0.0,60,1020.4,18.1,8.9,100,16.7,0.8,7765.67,54.368233,31.880491,1217.0,9.200000000000001,0.18421198705005387,13.2,3,4,0.9070138128026359,0.4211008707960896,0.4383711467890773,-0.898794046299167
2025-03-08,13.2,42271.3,0.0,78,1012.9,18.7,9.2,99,28.2,4.9,6137.15,54.368233,31.880491,1217.0,9.5,0.14518479441133816,13.3,3,5,0.9141279881853337,0.40542572835999735,0.6946583704589971,-0.7193398003386513
2025-03-09,13.3,42387.04,0.0,73,1012.0,18.6,9.1,17,17.6,0.0,39368.54,54.368233,31.880491,1217.0,9.500000000000002,0.9287871953314032,15.1,3,6,0.9209712877166346,0.38963044953078796,-0.9612616959383188,0.2756373558169994
2025-03-10,15.1,42503.47,0.0,50,1014.6,22.5,7.2,27,14.5,0.0,34389.68,54.368233,31.880491,1217.0,15.3,0.809102880306008,14.5,3,0,0.9275416835791966,0.37371971479046906,-0.9396926207859083,0.342020143325669
2025-03-11,14.5,42620.5,0.0,53,1017.5,20.6,9.2,25,19.5,1.4,39517.2,54.368233,31.880491,1217.0,11.400000000000002,0.927187620980514,13.8,3,1,0.9338372288229252,0.35769823883312546,-0.9961946980917455,0.08715574274765789
2025-03-12,13.8,42738.06,0.0,52,1018.5,19.2,8.8,16,22.2,0.4,39592.73,54.368233,31.880491,1217.0,10.399999999999999,0.926404474138508,12.9,3,2,0.9398560579418954,0.3415707691678556,-0.9271838545667874,0.37460659341591196
2025-03-13,12.9,42856.06,0.0,53,1020.2,18.2,8.1,16,16.8,0.3,39600.0,54.368233,31.880491,1217.0,10.1,0.9240233469899006,14.1,3,3,0.9455963874271426,0.3253420847119801,-0.5735764363510465,0.8191520442889916
2025-03-14,14.1,42974.42,0.0,33,1020.2,19.8,7.8,0,22.5,0.0,39600.0,54.368233,31.880491,1217.0,12.0,0.9214784050604988,14.7,3,4,0.9510565162951535,0.30901699437494745,-0.8746197071393956,0.4848096202463373
2025-03-15,14.7,43093.07,0.0,21,1020.7,21.5,7.4,4,11.1,0.0,39600.0,54.368233,31.880491,1217.0,14.1,0.9189412590005771,16.2,3,5,0.9562348265919056,0.29260033563334836,-0.5877852522924734,0.8090169943749473
2025-03-16,16.2,43211.93,0.0,12,1019.3,23.2,8.4,68,15.0,0.0,39600.0,54.368233,31.880491,1217.0,14.799999999999999,0.9164135922649139,17.0,3,6,0.9611297838723007,0.27609697309746883,0.9510565162951536,-0.30901699437494734
2025-03-17,17.0,43330.92,0.0,10,1014.5,24.5,9.1,44,11.2,0.0,39600.0,54.368233,31.880491,1217.0,15.4,0.9138970508819106,18.0,3,0,0.9657399376548549,0.2595117970697999,0.8910065241883679,-0.45399049973954675
2025-03-18,18.0,43449.96,0.0,10,1011.9,25.6,9.4,0,14.7,0.0,39600.0,54.368233,31.880491,1217.0,16.200000000000003,0.9113932440904434,19.3,3,1,0.9700639218515071,0.2428497220959356,0.8987940462991669,-0.4383711467890775
2025-03-19,19.3,43568.98,0.0,13,1013.0,26.5,11.4,3,11.9,0.0,39600.0,54.368233,31.880491,1217.0,15.1,0.9089035364151283,22.1,3,2,0.9741004551724205,0.22611568550828828,0.9993908270190958,0.03489949670250108
2025-03-20,22.1,43687.9,0.0,16,1013.6,30.8,12.2,47,21.0,0.0,37344.88,54.368233,31.880491,1217.0,18.6,0.8548105997312756,19.5,3,3,0.9778483415056568,0.20931464596304847,0.777145961456971,-0.6293203910498373
2025-03-21,19.5,43806.64,0.0,29,1014.4,25.9,15.7,94,12.9,0.2,4174.18,54.368233,31.880491,1217.0,10.2,0.09528646798750144,19.4,3,4,0.9813064702716093,0.19245158197082998,0.6560590289905073,-0.754709580222772
2025-03-22,19.4,43925.12,0.0,37,1012.2,25.3,14.6,86,18.8,0.6,17163.31,54.368233,31.880491,1217.0,10.700000000000001,0.39074019604272,15.9,3,5,0.9844738167520922,0.1755314904214282,0.8829475928589269,-0.4694715627858909
2025-03-23,15.9,44043.27,0.0,63,1013.8,22.3,9.9,30,18.8,0.0,38711.15,54.368233,31.880491,1217.0,12.4,0.8789345114474926,12.6,3,6,0.9873494423939864,0.15855938510313475,-0.9612616959383188,0.2756373558169994
2025-03-24,12.6,44161.0,0.0,53,1016.1,18.5,6.1,32,32.1,0.5,33997.56,54.368233,31.880491,1217.0,12.4,0.7698548493014198,8.4,3,0,0.989932495087353,0.141540295217043,-0.8386705679454243,0.5446390350150266
2025-03-25,8.4,44278.23,0.0,50,1020.6,13.0,4.1,20,28.7,1.6,39600.0,54.368233,31.880491,1217.0,8.9,0.8943446926401529,9.3,3,1,0.9922222094179323,0.12447926388678915,-0.7313537016191703,0.6819983600624986
2025-03-26,9.3,44394.9,0.0,36,1018.1,15.7,3.9,5,27.3,0.0,39600.0,54.368233,31.880491,1217.0,11.799999999999999,0.8919943507024455,13.0,3,2,0.994217906893952,0.10738134666416309,-0.6156614753256582,0.788010753606722
2025-03-27,13.0,44510.92,0.0,23,1017.1,19.9,3.8,0,15.7,0.0,39600.0,54.368233,31.880491,1217.0,16.099999999999998,0.8896693215956893,16.8,3,3,0.995918996147179,0.09025161003104117,0.8910065241883679,-0.45399049973954675
2025-03-28,16.8,44626.34,0.0,16,1014.2,24.8,7.4,11,13.5,0.0,39600.0,54.368233,31.880491,1217.0,17.4,0.8873683120775758,19.1,3,4,0.9973249731081555,0.07309512989807777,0.8660254037844387,-0.4999999999999998
2025-03-29,19.1,44741.99,0.0,15,1013.1,26.2,10.4,10,12.3,0.0,39600.0,54.368233,31.880491,1217.0,15.799999999999999,0.8850746245305585,21.3,3,5,0.9984354211555643,0.055916990100603484,0.9902680687415704,0.13917310096006547
2025-03-30,21.3,44857.94,0.0,15,1012.8,28.6,12.4,19,14.9,0.0,39611.65,54.368233,31.880491,1217.0,16.200000000000003,0.8830465687902743,23.4,3,6,0.9992500112396835,0.03872228089217446,0.9455185755993168,-0.32556815445715664
2025-03-31,23.4,44974.12,0.0,15,1012.3,29.6,15.4,29,15.0,0.0,39600.0,54.368233,31.880491,1217.0,14.200000000000001,0.8805063890077226,22.4,3,0,0.9997685019798909,0.021516097436222254,0.25881904510252074,0.9659258262890683
2025-04-01,22.4,45090.46,0.0,21,1014.9,28.1,16.1,51,13.2,0.0,35510.03,54.368233,31.880491,1217.0,12.0,0.7875286701444163,24.6,4,1,0.9999907397361901,0.004303538296244289,-0.4383711467890778,0.8987940462991668
2025-04-02,24.6,45206.87,0.0,16,1011.8,31.2,14.9,31,14.5,0.0,39677.2,54.368233,31.880491,1217.0,16.299999999999997,0.877680759583665,24.6,4,2,0.9999166586547379,-0.01291029607500882,0.9961946980917455,-0.08715574274765824
2025-04-03,24.6,45323.28,0.0,24,1010.3,30.6,17.9,95,20.4,0.0,32796.82,54.368233,31.880491,1217.0,12.700000000000003,0.7236197380242559,23.6,4,3,0.9995462806873573,-0.030120304846908114,-0.9063077870366498,0.4226182617406996
2025-04-04,23.6,45439.64,0.0,33,1013.3,30.0,18.0,59,17.1,0.1,33579.62,54.368233,31.880491,1217.0,12.0,0.7389939709029386,25.7,4,4,0.9988797155850336,-0.04732138832243185,0.8290375725550417,0.5591929034707468
2025-04-05,25.7,45555.84,0.0,24,1011.0,33.6,16.7,62,25.1,0.0,36271.41,54.368233,31.880491,1217.0,16.900000000000002,0.7961967115522403,24.3,4,5,0.9979171608653922,-0.06450844944931623,-0.2588190451025208,-0.9659258262890683
2025-04-06,24.3,45671.82,0.0,21,1014.3,30.2,17.5,74,20.3,0.0,27994.29,54.368233,31.880491,1217.0,12.7,0.6129444808636924,24.1,4,6,0.9966589017541702,-0.08167639533042241,-0.4383711467890778,0.8987940462991668
2025-04-07,24.1,45787.51,0.0,28,1014.5,29.9,16.5,77,27.5,0.0,30208.34,54.368233,31.880491,1217.0,13.399999999999999,0.6597506612611168,21.0,4,0,0.9951053111006976,-0.09882013873287143,-0.8090169943749476,0.5877852522924729
2025-04-08,21.0,45902.82,0.0,34,1016.8,27.1,14.4,1,19.4,0.0,40216.95,54.368233,31.880491,1217.0,12.700000000000001,0.8761324467647085,23.0,4,1,0.9932568492674143,-0.11593459959550041,-0.7660444431189781,0.6427876096865393
2025-04-09,23.0,46017.68,0.0,23,1014.4,29.8,14.8,0,13.0,0.0,40340.45,54.368233,31.880491,1217.0,15.0,0.8766293737537398,26.3,4,2,0.9911140639934547,-0.1330147065341959,-0.37460659341591235,0.9271838545667873
2025-04-10,26.3,46132.0,0.0,16,1006.1,35.2,16.5,16,20.3,0.0,40467.78,54.368233,31.880491,1217.0,18.700000000000003,0.8772171161016215,25.0,4,3,0.9886775902323405,-0.1500553983446526,0.9876883405951378,-0.1564344650402308
2025-04-11,25.0,46245.7,0.0,26,1004.0,31.1,19.2,64,19.5,0.0,30048.02,54.368233,31.880491,1217.0,11.900000000000002,0.6497473278596714,22.9,4,4,0.9859481499638304,-0.16705162550211924,0.40673664307580043,-0.9135454576426008
2025-04-12,22.9,46358.71,0.0,33,1005.6,30.3,16.4,55,23.0,0.6,30008.15,54.368233,31.880491,1217.0,13.900000000000002,0.6473033870010619,23.8,4,5,0.9829265519799822,-0.18399835165768005,-0.3090169943749473,-0.9510565162951536
2025-04-13,23.8,46470.93,0.0,29,1010.1,31.9,14.6,11,32.2,0.0,40815.64,54.368233,31.880491,1217.0,17.299999999999997,0.8783047810749645,24.4,4,6,0.9796136916454901,-0.20089055513063506,-0.945518575599317,0.3255681544571563
2025-04-14,24.4,46582.28,0.0,25,1012.0,31.5,18.1,62,20.0,0.9,30049.1,54.368233,31.880491,1217.0,13.399999999999999,0.6450757670083989,25.5,4,0,0.9760105506323683,-0.21772323039653177,0.9271838545667874,-0.37460659341591207
2025-04-15,25.5,46692.68,0.0,19,1008.8,32.4,18.5,16,21.8,0.0,40660.14,54.368233,31.880491,1217.0,13.899999999999999,0.8708033036441686,24.0,4,1,0.9721181966290613,-0.23449138957040985,-0.275637355816999,-0.9612616959383189
2025-04-16,24.0,46802.03,0.0,12,1007.4,31.5,16.5,22,31.8,0.0,41478.9,54.368233,31.880491,1217.0,15.0,0.8862628394537588,17.5,4,2,0.9679377830240642,-0.25119006388481935,-0.8290375725550416,0.559192903470747
2025-04-17,17.5,46910.39,0.0,17,1012.4,23.8,11.1,12,30.4,0.0,41623.03,54.368233,31.880491,1217.0,12.700000000000001,0.8872880826614317,14.8,4,3,0.9634705485641488,-0.2678143051621742,-0.798635510047293,0.6018150231520479
2025-04-18,14.8,47018.54,0.0,27,1016.1,19.9,9.7,0,23.1,0.0,41623.09,54.368233,31.880491,1217.0,10.2,0.8852484573106693,16.0,4,4,0.9587178169872964,-0.2843591872810034,-0.9135454576426011,0.40673664307579976
2025-04-19,16.0,47126.55,0.0,24,1015.5,22.0,8.8,0,22.2,0.0,41888.99,54.368233,31.880491,1217.0,13.2,0.8888617987100689,17.5,4,5,0.9536809966304457,-0.30081980763566735,-0.798635510047293,0.6018150231520479
2025-04-20,17.5,47234.34,0.0,27,1014.4,24.3,9.4,0,9.7,0.0,42040.14,54.368233,31.880491,1217.0,14.9,0.8900333951951059,21.0,4,6,0.9483615800121715,-0.3171912885891061,-0.27563735581699894,0.9612616959383189
2025-04-21,21.0,47341.84,0.0,17,1013.9,28.4,11.6,18,13.8,0.0,42193.56,54.368233,31.880491,1217.0,16.799999999999997,0.8912530649421315,22.0,4,0,0.9427611433904207,-0.3334687789181868,0.8571673007021123,-0.5150380749100543
2025-04-22,22.0,47448.96,0.0,19,1015.1,28.5,14.6,61,23.6,0.0,32694.14,54.368233,31.880491,1217.0,13.9,0.6890380737533551,24.3,4,1,0.9368813462954315,-0.3496474552512284,-0.9961946980917455,0.08715574274765789
2025-04-23,24.3,47555.62,0.0,19,1012.8,31.0,15.7,7,15.5,0.0,42352.34,54.368233,31.880491,1217.0,15.3,0.8905853819170056,25.5,4,2,0.9307239310379795,-0.36572252349726897,0.8910065241883678,0.4539904997395468
2025-04-24,25.5,47661.73,0.0,14,1011.1,32.1,17.4,21,20.3,0.0,42666.7,54.368233,31.880491,1217.0,14.700000000000003,0.8951983069015748,27.5,4,3,0.9242907221930933,-0.3816892202666588,-0.529919264233205,0.8480480961564258
2025-04-25,27.5,47767.21,0.0,14,1010.4,34.4,19.5,1,18.4,0.0,42925.96,54.368233,31.880491,1217.0,14.899999999999999,0.8986490942217475,29.0,4,4,0.9175836260593937,-0.39754281428255595,0.6691306063588582,0.7431448254773942
2025-04-26,29.0,47871.98,0.0,15,1009.7,36.0,21.0,32,21.0,0.0,42863.29,54.368233,31.880491,1217.0,15.0,0.8953732433878857,29.2,4,5,0.9106046300942162,-0.4132786077829042,-0.8746197071393956,0.4848096202463373
2025-04-27,29.2,47975.95,0.0,15,1008.7,36.2,22.4,73,23.4,0.0,36741.45,54.368233,31.880491,1217.0,13.800000000000004,0.765830588034213,28.5,4,6,0.9033558023246845,-0.4288919379124835,-0.08715574274765832,0.9961946980917455
2025-04-28,28.5,48079.02,0.0,13,1007.8,34.7,21.1,19,24.9,0.0,43558.5,54.368233,31.880491,1217.0,13.600000000000001,0.905977284894742,27.0,4,0,0.895839290734909,-0.4443781781046132,-0.6946583704589976,0.7193398003386509
2025-04-29,27.0,48181.12,0.0,20,1008.4,32.8,20.5,25,31.2,0.0,43495.29,54.368233,31.880491,1217.0,12.299999999999997,0.9027455152557682,25.0,4,1,0.8880573226294932,-0.45973273945210397,-0.8191520442889918,0.573576436351046
2025-04-30,25.0,48282.14,0.0,31,1011.9,30.4,19.6,55,27.6,0.6,43062.55,54.368233,31.880491,1217.0,10.799999999999997,0.8918939798443069,25.5,4,2,0.8800122039735357,-0.47495107206704995,-0.8290375725550416,0.559192903470747
2025-05-01,25.5,48381.99,0.0,30,1012.6,30.9,19.5,37,15.5,0.1,43146.4,54.368233,31.880491,1217.0,11.399999999999999,0.8917863858018242,26.6,5,3,0.8717063187093218,-0.4900286664290592,-0.5877852522924734,0.8090169943749473
2025-05-02,26.6,48480.57,0.0,24,1012.0,32.6,19.6,11,15.5,0.0,43648.4,54.368233,31.880491,1217.0,13.0,0.9003276982923262,28.3,5,4,0.8631421280499114,-0.5049610547215204,-0.4848096202463369,0.8746197071393959
2025-05-03,28.3,48577.79,0.0,18,1009.7,35.0,19.9,26,15.1,0.0,41481.75,54.368233,31.880491,1217.0,15.100000000000001,0.853924190458232,29.7,5,5,0.854322169749827,-0.5197438121555155,0.838670567945424,0.5446390350150271
2025-05-04,29.7,48673.54,0.0,16,1007.7,36.0,22.1,27,16.4,0.0,43807.54,54.368233,31.880491,1217.0,13.899999999999999,0.9000278179889936,29.5,5,6,0.8452490573530633,-0.5343725582809786,0.9876883405951378,-0.1564344650402308
2025-05-05,29.5,48767.73,0.0,21,1006.1,37.0,23.0,33,28.8,0.0,41615.37,54.368233,31.880491,1217.0,14.0,0.8533382628225673,29.5,5,0,0.8359254794186372,-0.548842958284719,-0.9998476951563913,-0.017452406437283498
2025-05-06,29.5,48860.25,0.0,11,1005.3,36.7,21.0,6,29.2,0.0,44510.26,54.368233,31.880491,1217.0,15.700000000000003,0.9109707789051428,24.3,5,1,0.8263541987239096,-0.5631507242749186,-0.984807753012208,-0.17364817766693033
2025-05-07,24.3,48951.14,0.0,13,1008.3,29.9,18.5,0,24.1,0.0,44512.51,54.368233,31.880491,1217.0,11.399999999999999,0.9093252986549446,23.5,5,2,0.8165380514459161,-0.5772916165517272,-0.8386705679454243,0.5446390350150266
2025-05-08,23.5,49041.09,0.0,20,1010.0,29.0,17.4,0,23.2,0.0,44370.17,54.368233,31.880491,1217.0,11.600000000000001,0.9047549718001782,25.7,5,3,0.8064799463209448,-0.5912614448635781,-0.8290375725550416,0.559192903470747
2025-05-09,25.7,49130.19,0.0,16,1010.4,32.5,17.2,3,15.4,0.0,44370.77,54.368233,31.880491,1217.0,15.3,0.9031263669039341,28.0,5,4,0.7961828637826158,-0.6050560696488488,0.9612616959383189,0.27563735581699916
2025-05-10,28.0,49218.34,0.0,11,1008.4,34.3,18.5,19,20.6,0.0,44517.87,54.368233,31.880491,1217.0,15.799999999999997,0.9044975917513676,28.7,5,5,0.7856498550787147,-0.6186714032625031,0.9135454576426009,-0.40673664307580026
2025-05-11,28.7,49305.46,0.0,10,1006.4,35.7,20.7,4,24.9,0.0,43484.02,54.368233,31.880491,1217.0,15.000000000000004,0.8819311289256808,29.5,5,6,0.7748840413670407,-0.6321034111873487,-0.6427876096865396,0.7660444431189778
2025-05-12,29.5,49391.46,0.0,9,1004.4,35.8,20.9,32,27.9,0.0,43626.07,54.368233,31.880491,1217.0,14.899999999999999,0.8832715210281291,29.7,5,0,0.7638886127905428,-0.6453481132295501,-0.798635510047293,0.6018150231520479
2025-05-13,29.7,49476.29,0.0,11,1004.9,35.5,23.1,12,19.7,0.0,43469.94,54.368233,31.880491,1217.0,12.399999999999999,0.8786014472790907,30.8,5,1,0.7526668275320085,-0.6584015846980488,-0.45399049973954697,0.8910065241883678
2025-05-14,30.8,49559.82,0.0,12,1005.6,37.3,21.7,24,20.0,0.0,43200.0,54.368233,31.880491,1217.0,15.599999999999998,0.8716738680648961,31.1,5,2,0.7412220108485958,-0.6712599575675313,0.8090169943749475,0.5877852522924731
2025-05-15,31.1,49642.0,0.0,10,1007.1,37.9,24.0,7,20.7,0.0,44522.33,54.368233,31.880491,1217.0,13.899999999999999,0.8968681761411709,30.2,5,3,0.7295575540864875,-0.6839194216246106,-0.9335804264972017,0.3583679495453004
2025-05-16,30.2,49722.72,0.0,11,1008.6,37.3,22.7,1,34.7,0.0,44983.1,54.368233,31.880491,1217.0,14.599999999999998,0.9046789877947143,27.4,5,4,0.717676913675962,-0.6963762255968722,-0.8746197071393956,0.4848096202463373
2025-05-17,27.4,49801.91,0.0,13,1011.5,32.8,21.8,0,22.9,0.0,44986.39,54.368233,31.880491,1217.0,10.999999999999996,0.9033065197700249,28.2,5,5,0.705583610107178,-0.7086266782644596,-0.9205048534524405,0.3907311284892735
2025-05-18,28.2,49879.46,0.0,11,1011.4,35.0,20.6,0,17.8,0.0,45145.07,54.368233,31.880491,1217.0,14.399999999999999,0.9050833750004511,30.4,5,6,0.6932812268869777,-0.7206671495538609,-0.8191520442889918,0.573576436351046
2023-01-01,0.5,35353.2,0.0,62,1033.2,7.6,-4.7,0,8.4,0.0,31762.51,46.95652,35.32513,1502.0,12.3,0.8984338051435231,-0.3,1,6,0.017213356155834685,0.9998518392091162,-0.034899496702500823,0.9993908270190958
2023-01-02,-0.3,35389.45,0.0,52,1034.2,8.1,-5.9,0,8.7,0.0,31880.82,46.95652,35.32513,1502.0,14.0,0.900856611221706,0.4,1,0,0.03442161162274574,0.9994074007397048,-0.13917310096006588,0.9902680687415703
2023-01-03,0.4,35428.95,0.0,41,1033.0,8.8,-6.3,2,8.6,0.0,32005.79,46.95652,35.32513,1502.0,15.100000000000001,0.9033795808230276,-0.3,1,1,0.051619667223253764,0.998666816288476,-0.24192189559966787,0.9702957262759965
2023-01-04,-0.3,35471.62,3.15,64,1024.8,5.0,-5.5,97,8.0,4.5,7354.55,46.95652,35.32513,1502.0,10.5,0.20733617466583143,1.9,1,2,0.06880242680231986,0.9976303053065857,-0.29237170472273716,0.9563047559630353
2023-01-05,1.9,35517.35,0.21,80,1019.1,6.6,-1.4,68,6.2,0.3,21600.0,46.95652,35.32513,1502.0,8.0,0.6081534799189692,1.2,1,3,0.08596479873744647,0.9962981749346078,-0.29237170472273716,0.9563047559630353
2023-01-06,1.2,35566.06,0.35,82,1023.5,5.0,-1.7,80,10.1,0.8,12668.72,46.95652,35.32513,1502.0,6.7,0.3562025144196462,1.2,1,4,0.10310169744743485,0.9946708199115211,-0.7880107536067221,-0.6156614753256581
2023-01-07,1.2,35617.66,0.21,80,1022.8,4.8,-1.7,94,11.5,0.3,14232.2,46.95652,35.32513,1502.0,6.5,0.39958267892949734,2.4,1,5,0.1202080448993527,0.9927487224577402,-0.5000000000000001,-0.8660254037844386
2023-01-08,2.4,35672.05,0.42,81,1020.8,5.4,0.3,82,13.1,1.3,24577.87,46.95652,35.32513,1502.0,5.1000000000000005,0.6889951656829365,1.1,1,6,0.13727877211326478,0.9905324521322229,-0.1045284632676535,-0.9945218953682733
2023-01-09,1.1,35729.14,6.3,88,1022.5,3.4,-1.4,90,8.2,9.3,4811.65,46.95652,35.32513,1502.0,4.8,0.13467018797541724,-5.2,1,0,0.15430882066428117,0.9880226656636976,0.6819983600624985,0.7313537016191705
2023-01-10,-5.2,35788.85,0.0,78,1029.9,-0.1,-8.3,20,14.8,0.0,32439.14,46.95652,35.32513,1502.0,8.200000000000001,0.9064035307085866,-3.1,1,1,0.1712931441814776,0.9852201067560606,0.10452846326765347,0.9945218953682733
2023-01-11,-3.1,35851.07,0.0,78,1033.7,1.2,-7.5,61,10.8,0.0,31361.52,46.95652,35.32513,1502.0,8.7,0.8747722173982534,-3.8,1,2,0.1882267098432442,0.9821256058680006,0.20791169081775934,0.9781476007338057
2023-01-12,-3.8,35915.71,0.0,81,1032.7,1.3,-9.2,49,11.5,0.0,30189.98,46.95652,35.32513,1502.0,10.5,0.8405786771304257,-3.3,1,3,0.2051044998686192,0.9787400799669153,0.20791169081775934,0.9781476007338057
2023-01-13,-3.3,35982.7,0.0,76,1030.6,1.3,-8.9,66,8.6,0.0,32056.96,46.95652,35.32513,1502.0,10.200000000000001,0.890899237689223,0.1,1,4,0.2219215130041655,0.9750645322571948,0.08715574274765817,0.9961946980917455
2023-01-14,0.1,36051.93,4.27,82,1025.9,2.7,-3.5,100,6.5,6.1,0.0,46.95652,35.32513,1502.0,6.2,0.0,-1.6,1,5,0.2386727660059501,0.9711000518829505,0.20791169081775934,0.9781476007338057
2023-01-15,-1.6,36123.32,7.28,89,1025.0,1.4,-8.1,97,7.4,10.4,0.0,46.95652,35.32513,1502.0,9.5,0.0,-3.3,1,6,0.255353295116187,0.9668478136052775,0.0,1.0
2023-01-16,-3.3,36196.77,0.0,91,1027.4,1.2,-7.6,98,6.5,0.0,5691.25,46.95652,35.32513,1502.0,8.799999999999999,0.15723087999288335,-4.8,1,0,0.2719581575341055,0.9623090774541486,-0.6691306063588581,0.7431448254773942
2023-01-17,-4.8,36272.2,0.0,93,1028.8,-0.4,-10.8,92,8.0,0.0,22658.9,46.95652,35.32513,1502.0,10.4,0.6246905343486197,-7.1,1,1,0.288482432880609,0.9574851883550393,-0.3420201433256686,0.9396926207859084
2023-01-18,-7.1,36349.68,0.0,89,1032.4,-1.3,-11.9,73,9.2,0.0,32503.7,46.95652,35.32513,1502.0,10.6,0.8941949420187468,-7.3,1,2,0.30492122465628907,0.9523775757303974,-0.3907311284892739,0.9205048534524403
2023-01-19,-7.3,36430.05,0.0,83,1034.2,-0.4,-12.6,25,10.3,0.0,33137.9,46.95652,35.32513,1502.0,12.2,0.9096309228233285,-6.4,1,3,0.3212696616923644,0.9469877530760753,-0.45399049973954697,0.8910065241883678
2023-01-20,-6.4,36513.35,0.0,79,1033.7,0.1,-12.4,7,10.8,0.0,33228.39,46.95652,35.32513,1502.0,12.5,0.910034001262552,-7.9,1,4,0.3375228995941133,0.9413173175128471,-0.37460659341591235,0.9271838545667873
2023-01-21,-7.9,36599.4,0.0,76,1034.3,0.1,-13.0,14,10.9,0.0,33321.82,46.95652,35.32513,1502.0,13.1,0.9104471658005322,-6.8,1,5,0.3536761221763716,0.9353679493131483,-0.22495105434386534,0.9743700647852351
2023-01-22,-6.8,36688.07,0.0,78,1034.3,-0.6,-12.4,12,10.8,0.0,33418.01,46.95652,35.32513,1502.0,11.8,0.9108685738988178,-5.3,1,6,0.3697245428906731,0.9291414114031743,-0.05233595624294437,0.9986295347545738
2023-01-23,-5.3,36779.21,0.0,82,1033.6,-0.5,-10.6,91,11.2,0.0,30056.03,46.95652,35.32513,1502.0,10.1,0.8172016201544297,-4.3,1,0,0.38566340624360707,0.9226395488404876,0.24192189559966773,0.9702957262759965
2023-01-24,-4.3,36872.66,0.0,78,1031.9,-0.5,-8.3,67,14.0,0.0,32486.5,46.95652,35.32513,1502.0,7.800000000000001,0.8810457395804913,-3.8,1,1,0.401487989205973,0.9158642882672872,0.4067366430758002,0.9135454576426009
2023-01-25,-3.8,36968.3,0.0,83,1029.0,0.9,-7.2,38,7.7,0.0,33721.48,46.95652,35.32513,1502.0,8.1,0.9121728616138692,-2.7,1,2,0.4171936026123168,0.9088176373395029,0.3090169943749474,0.9510565162951535
2023-01-26,-2.7,37065.98,0.0,85,1027.1,3.4,-6.3,75,8.3,0.0,31761.77,46.95652,35.32513,1502.0,9.7,0.8568981583651639,-3.1,1,3,0.4327755925504312,0.901501684131884,0.35836794954530027,0.9335804264972017
2023-01-27,-3.1,37165.56,0.42,85,1027.7,1.7,-6.4,71,5.3,0.6,21751.13,46.95652,35.32513,1502.0,8.1,0.5852496235762357,-0.3,1,4,0.4482293417404106,0.893918596519257,0.6560590289905073,0.754709580222772
2023-01-28,-0.3,37266.89,0.07,59,1023.7,5.9,-6.0,91,8.1,0.1,33197.4,46.95652,35.32513,1502.0,11.9,0.8908014594188032,2.6,1,5,0.4635502709028509,0.886070621534138,-0.3090169943749473,-0.9510565162951536
2023-01-29,2.6,37369.86,3.64,66,1015.4,7.7,-0.5,82,9.0,5.2,18571.6,46.95652,35.32513,1502.0,8.2,0.49696734213079735,3.3,1,6,0.47873384011578846,0.8779600847008882,-0.9510565162951535,-0.30901699437494756
2023-01-30,3.3,37474.33,5.25,86,1014.0,6.8,0.9,91,13.7,11.1,17082.85,46.95652,35.32513,1502.0,5.8999999999999995,0.45585471441384,2.4,1,0,0.49377555015997715,0.869589389346611,-0.19080899537654472,-0.981627183447664
2023-01-31,2.4,37580.16,8.12,93,1008.6,4.7,-0.9,93,13.0,17.3,495.35,46.95652,35.32513,1502.0,5.6000000000000005,0.013181157291507007,0.1,1,1,0.5086709438521044,0.8609610158889943,0.12186934340514755,-0.992546151641322
2023-02-01,0.1,37687.23,0.28,86,1014.8,4.0,-8.0,53,9.5,0.5,22892.1,46.95652,35.32513,1502.0,12.0,0.6074232571616432,-1.1,2,2,0.5234156073655503,0.8520775211013093,-0.22495105434386498,-0.9743700647852352
2023-02-02,-1.1,37795.42,3.15,87,1018.8,2.5,-5.0,91,13.0,4.4,6198.25,46.95652,35.32513,1502.0,7.5,0.16399473798677194,-2.3,2,3,0.5380051715382996,0.8429415373547828,0.01745240643728344,-0.9998476951563913
2023-02-03,-2.3,37904.59,0.21,79,1024.9,2.2,-7.5,51,13.8,0.3,15420.36,46.95652,35.32513,1502.0,9.7,0.4068203877155775,-4.0,2,4,0.5524353131676196,0.8335557718385699,-0.6293203910498376,-0.7771459614569708
2023-02-04,-4.0,38014.63,0.0,77,1023.7,0.7,-8.0,80,5.1,0.0,33648.92,46.95652,35.32513,1502.0,8.7,0.885157109249781,0.9,2,5,0.5667017562911176,0.8239230057575542,-0.1564344650402311,0.9876883405951377
2023-02-05,0.9,38125.42,0.07,69,1017.5,5.0,-3.9,82,13.5,0.1,21157.11,46.95652,35.32513,1502.0,8.9,0.5549344767874033,3.8,2,6,0.5808002734538009,0.8140460935082178,-0.587785252292473,-0.8090169943749475
2023-02-06,3.8,38236.84,0.0,72,1013.8,8.1,0.6,82,15.9,1.1,24779.32,46.95652,35.32513,1502.0,7.5,0.6480483219847666,2.0,2,0,0.5947266869607634,0.8039279618328213,0.13917310096006533,-0.9902680687415704
2023-02-07,2.0,38348.98,0.84,79,1011.6,5.0,-1.5,70,15.5,2.1,30619.11,46.95652,35.32513,1502.0,6.5,0.7984334915817839,0.1,2,1,0.6084768701151261,0.7935716089521474,-0.0348994967025009,-0.9993908270190958
2023-02-08,0.1,38462.9,5.81,77,1015.9,2.9,-3.1,97,9.9,8.3,27032.48,46.95652,35.32513,1502.0,6.0,0.7028196001861534,-4.8,2,2,0.6220467484408675,0.7829801036770629,-0.6293203910498376,-0.7771459614569708
2023-02-09,-4.8,38578.68,0.84,76,1025.4,-0.9,-8.4,76,11.9,1.2,27805.14,46.95652,35.32513,1502.0,7.5,0.7207385011617816,-9.1,2,3,0.6354323008901774,0.7721565844991642,-0.9396926207859083,0.342020143325669
2023-02-10,-9.1,38696.18,0.0,81,1034.8,-3.8,-14.3,40,11.3,0.0,33181.18,46.95652,35.32513,1502.0,10.5,0.8574794721339419,-6.8,2,4,0.6486295610349814,0.7611042586607747,0.08715574274765817,0.9961946980917455
2023-02-11,-6.8,38815.26,0.0,69,1032.2,-1.6,-14.3,75,10.1,0.0,35302.49,46.95652,35.32513,1502.0,12.700000000000001,0.909500284166588,-2.6,2,5,0.6616346182422783,0.7498264012045686,-0.1564344650402311,0.9876883405951377
2023-02-12,-2.6,38935.79,1.82,79,1023.0,3.5,-5.7,84,8.0,2.6,14400.0,46.95652,35.32513,1502.0,9.2,0.369839677068322,-2.3,2,6,0.6744436188329455,0.7383263540031065,-0.45399049973954697,0.8910065241883678
2023-02-13,-2.3,39057.64,0.0,73,1024.1,3.5,-7.0,32,12.7,0.0,29905.81,46.95652,35.32513,1502.0,10.5,0.7656839993404619,-2.9,2,0,0.6870527672236669,0.7266075247685656,-0.9271838545667873,-0.3746065934159123
2023-02-14,-2.9,39180.68,0.0,57,1022.7,3.4,-7.5,62,7.9,0.0,35653.22,46.95652,35.32513,1502.0,10.9,0.9099694032875387,-1.7,2,1,0.699458327051647,0.7146733860429609,-0.27563735581699894,0.9612616959383189
2023-02-15,-1.7,39304.8,0.0,58,1017.6,3.9,-5.7,11,13.4,0.0,35721.38,46.95652,35.32513,1502.0,9.6,0.9088299647880156,-2.2,2,2,0.7116566222817746,0.7025274741691571,-0.9659258262890684,0.2588190451025203
2023-02-16,-2.2,39429.86,0.35,65,1023.8,1.2,-7.7,45,18.1,0.4,28052.73,46.95652,35.32513,1502.0,8.9,0.7114590313026726,-3.9,2,3,0.7236440382959124,0.6901733882429719,-0.8386705679454242,-0.544639035015027
2023-02-17,-3.9,39555.74,0.0,53,1030.4,4.4,-8.9,2,9.1,0.0,35861.0,46.95652,35.32513,1502.0,13.3,0.906594087229818,-1.1,2,4,0.7354170229639855,0.6776147890466889,-0.12186934340514723,0.9925461516413221
2023-02-18,-1.1,39682.34,0.0,36,1028.0,8.2,-8.1,0,8.0,0.0,35932.28,46.95652,35.32513,1502.0,16.299999999999997,0.9054980124659988,2.0,2,5,0.7469720876965552,0.6648553979642865,-0.4383711467890778,0.8987940462991668
2023-02-19,2.0,39809.52,0.0,38,1025.4,8.5,-4.3,4,14.8,0.0,36000.0,46.95652,35.32513,1502.0,12.8,0.9043063066321825,2.8,2,6,0.7583058084785624,0.6518989958787126,-0.9563047559630353,-0.2923717047227371
2023-02-20,2.8,39937.19,0.0,58,1022.8,10.4,-2.0,0,11.5,0.0,36000.0,46.95652,35.32513,1502.0,12.4,0.9014154476066042,3.2,2,0,0.7694148268839378,0.6387494220515272,-0.9396926207859083,0.342020143325669
2023-02-21,3.2,40065.21,0.0,53,1019.2,9.1,-2.4,7,20.0,0.0,36012.68,46.95652,35.32513,1502.0,11.5,0.8988516471023115,4.3,2,1,0.7802958510707755,0.6254105729852463,-0.7431448254773944,-0.6691306063588581
2023-02-22,4.3,40193.5,0.0,55,1018.5,11.1,-0.6,11,14.4,0.0,36083.12,46.95652,35.32513,1502.0,11.7,0.8977352059412592,4.6,2,2,0.7909456567567772,0.6118864012687243,-0.7313537016191705,-0.6819983600624986
2023-02-23,4.6,40321.91,0.0,53,1015.4,11.8,-0.0,0,12.9,0.0,36078.42,46.95652,35.32513,1502.0,11.8,0.8947596976432911,4.7,2,3,0.8013610881746766,0.5981809144059165,-0.984807753012208,-0.17364817766693033
2023-02-24,4.7,40450.37,0.0,59,1018.1,11.4,-2.6,14,14.8,0.5,36072.88,46.95652,35.32513,1502.0,14.0,0.8917812123844602,3.8,2,4,0.8115390590073611,0.5842981736283684,-0.6819983600624983,0.7313537016191707
2023-02-25,3.8,40578.76,0.0,69,1023.1,12.3,-3.5,12,9.4,1.1,36000.0,46.95652,35.32513,1502.0,15.8,0.8871636294455523,5.9,2,5,0.8214765533024142,0.5702422926917871,-0.24192189559966787,0.9702957262759965
2023-02-26,5.9,40706.96,0.0,58,1025.2,13.5,0.2,3,9.0,0.0,36150.95,46.95652,35.32513,1502.0,13.3,0.8880778618693216,5.8,2,6,0.8311706263658079,0.5560174366570446,-0.6293203910498378,0.7771459614569706
2023-02-27,5.8,40835.08,0.0,54,1026.2,15.1,-0.0,0,8.9,0.0,36240.68,46.95652,35.32513,1502.0,15.1,0.8874888943526007,5.7,2,0,0.8406184056344782,0.5416278206559814,-0.3090169943749477,0.9510565162951535
2023-02-28,5.7,40964.14,0.0,49,1024.8,14.9,-0.7,0,10.2,0.0,36335.43,46.95652,35.32513,1502.0,15.6,0.8870058055655508,7.1,2,1,0.8498170915275278,0.5270777086423722,-0.22495105434386534,0.9743700647852351
2023-03-01,7.1,41094.24,0.0,43,1021.5,15.6,0.7,1,8.9,0.0,36434.92,46.95652,35.32513,1502.0,14.9,0.8866186599387165,8.4,3,2,0.8587639582758029,0.5123714121284237,-0.6691306063588581,0.7431448254773942
2023-03-02,8.4,41225.28,0.0,53,1019.9,15.6,3.6,25,11.2,0.0,36230.79,46.95652,35.32513,1502.0,12.0,0.8788488519665604,9.3,3,3,0.8674563547295969,0.49751328890718066,-0.9925461516413221,-0.12186934340514717
2023-03-03,9.3,41357.14,0.0,49,1020.6,16.5,3.1,70,12.8,0.0,36331.29,46.95652,35.32513,1502.0,13.4,0.8784768482540137,10.2,3,4,0.8758917051442429,0.48250774176121847,-0.2419218955996675,-0.9702957262759965
2023-03-04,10.2,41489.74,0.0,56,1018.8,17.0,5.2,28,20.7,0.2,36436.08,46.95652,35.32513,1502.0,11.8,0.8781949465096673,10.8,3,5,0.8840675099433636,0.4673592171580022,-0.5299192642332048,-0.8480480961564261
2023-03-05,10.8,41622.97,0.0,49,1021.2,16.8,5.1,19,13.6,0.0,36611.88,46.95652,35.32513,1502.0,11.700000000000001,0.8796075820634615,12.0,3,6,0.8919813464595485,0.45207220393230435,-0.6018150231520484,-0.7986355100472928
2023-03-06,12.0,41756.73,0.0,55,1015.9,20.5,4.0,48,28.4,2.9,35743.29,46.95652,35.32513,1502.0,16.5,0.85598872325491,9.7,3,0,0.8996308696522433,0.43665123195606403,-0.17364817766693047,-0.984807753012208
2023-03-07,9.7,41890.94,0.0,70,1015.8,14.6,5.3,79,20.1,2.1,32830.13,46.95652,35.32513,1502.0,9.3,0.783704781988659,9.2,3,1,0.9070138128026359,0.4211008707960896,-0.6819983600624984,-0.7313537016191706
2023-03-08,9.2,42025.49,0.0,82,1016.3,15.2,6.9,99,16.6,10.5,12364.52,46.95652,35.32513,1502.0,8.299999999999999,0.29421477298658505,8.6,3,2,0.9141279881853337,0.40542572835999735,0.17364817766693028,-0.984807753012208
2023-03-09,8.6,42160.3,0.21,87,1012.7,12.4,4.9,95,22.4,8.6,5455.2,46.95652,35.32513,1502.0,7.5,0.12939186865368604,7.5,3,3,0.9209712877166346,0.38963044953078796,0.0871557427476582,-0.9961946980917455
2023-03-10,7.5,42295.25,0.0,62,1017.8,12.3,2.7,44,13.7,0.1,36016.98,46.95652,35.32513,1502.0,9.600000000000001,0.8515608726748276,7.5,3,4,0.9275416835791966,0.37371971479046906,-0.9702957262759966,0.24192189559966742
2023-03-11,7.5,42430.27,0.0,63,1020.1,14.8,1.3,0,9.0,0.0,37924.7,46.95652,35.32513,1502.0,13.5,0.8938123655588334,10.5,3,5,0.9338372288229252,0.35769823883312546,-0.9975640502598242,-0.06975647374412558
2023-03-12,10.5,42565.26,0.0,48,1017.2,17.5,3.6,81,13.8,0.0,37426.97,46.95652,35.32513,1502.0,13.9,0.8792844211453189,8.7,3,6,0.9398560579418954,0.3415707691678556,0.01745240643728344,-0.9998476951563913
2023-03-13,8.7,42700.13,0.0,77,1017.2,12.2,4.5,93,9.7,8.6,5080.58,46.95652,35.32513,1502.0,7.699999999999999,0.11898277593065877,11.8,3,0,0.9455963874271426,0.3253420847119801,0.4383711467890773,-0.898794046299167
2023-03-14,11.8,42834.79,0.0,66,1015.9,16.5,5.8,54,8.0,0.0,33051.89,46.95652,35.32513,1502.0,10.7,0.7716132143988566,11.5,3,1,0.9510565162951535,0.30901699437494745,0.6018150231520482,-0.7986355100472929
2023-03-15,11.5,42969.14,0.0,66,1011.4,18.0,4.8,53,14.1,3.8,37151.73,46.95652,35.32513,1502.0,13.2,0.8646142324468212,7.7,3,2,0.9562348265919056,0.29260033563334836,0.20791169081775931,-0.9781476007338057
2023-03-16,7.7,43103.09,0.0,73,1013.5,11.4,4.5,90,17.2,2.3,31036.55,46.95652,35.32513,1502.0,6.9,0.7200539450883916,7.6,3,3,0.9611297838723007,0.27609697309746883,-0.2419218955996675,-0.9702957262759965
2023-03-17,7.6,43236.55,0.0,71,1016.0,13.0,2.7,52,16.5,0.7,27406.06,46.95652,35.32513,1502.0,10.3,0.6338632476457997,9.8,3,4,0.9657399376548549,0.2595117970697999,-0.9205048534524403,-0.3907311284892738
2023-03-18,9.8,43369.43,0.0,58,1015.5,17.2,2.5,22,8.5,0.0,39025.27,46.95652,35.32513,1502.0,14.7,0.8998335924636316,8.5,3,5,0.9700639218515071,0.2428497220959356,-0.9563047559630354,0.2923717047227367
2023-03-19,8.5,43501.81,0.0,72,1011.9,16.6,3.7,61,19.3,3.7,29468.12,46.95652,35.32513,1502.0,12.900000000000002,0.6773998599138749,8.5,3,6,0.9741004551724205,0.22611568550828828,-0.12186934340514731,-0.9925461516413221
2023-03-20,8.5,43634.65,0.0,70,1008.7,14.7,4.4,71,14.0,0.6,30074.59,46.95652,35.32513,1502.0,10.299999999999999,0.6892364210552852,6.2,3,0,0.9778483415056568,0.20931464596304847,-0.2588190451025208,-0.9659258262890683
2023-03-21,6.2,43768.03,0.49,79,1006.5,11.1,2.8,100,7.2,5.2,16109.58,46.95652,35.32513,1502.0,8.3,0.36806728564205426,6.0,3,1,0.9813064702716093,0.19245158197082998,-0.981627183447664,-0.1908089953765446
2023-03-22,6.0,43901.86,0.0,77,1011.5,8.9,3.4,87,12.6,3.0,1094.77,46.95652,35.32513,1502.0,5.5,0.024936756665890694,8.1,3,2,0.9844738167520922,0.1755314904214282,0.03489949670250097,0.9993908270190958
2023-03-23,8.1,44036.07,0.0,66,1015.4,14.3,1.0,61,10.2,0.0,36207.09,46.95652,35.32513,1502.0,13.3,0.8222143801660774,9.8,3,3,0.9873494423939864,0.15855938510313475,-0.35836794954530077,0.9335804264972015
2023-03-24,9.8,44170.57,0.0,65,1015.2,15.9,4.7,66,10.2,0.0,38486.94,46.95652,35.32513,1502.0,11.2,0.8713254096562486,11.6,3,4,0.989932495087353,0.141540295217043,-0.9816271834476639,0.1908089953765451
2023-03-25,11.6,44305.28,0.0,58,1013.4,18.1,5.3,51,8.9,0.0,38758.75,46.95652,35.32513,1502.0,12.8,0.8748110834645442,8.9,3,5,0.9922222094179323,0.12447926388678915,-0.5000000000000001,-0.8660254037844386
2023-03-26,8.9,44440.1,0.0,78,1011.3,13.1,5.7,100,17.7,3.7,3633.77,46.95652,35.32513,1502.0,7.3999999999999995,0.08176781780419036,9.6,3,6,0.994217906893952,0.10738134666416309,0.3090169943749475,-0.9510565162951535
2023-03-27,9.6,44574.96,0.0,78,1010.2,14.0,6.5,82,16.0,3.6,34677.63,46.95652,35.32513,1502.0,7.5,0.7779621114634763,9.8,3,0,0.995918996147179,0.09025161003104117,1.2246467991473532e-16,-1.0
2023-03-28,9.8,44709.78,0.0,77,1014.2,15.0,6.3,49,15.7,1.0,29964.85,46.95652,35.32513,1502.0,8.7,0.6702079500279358,10.4,3,1,0.9973249731081555,0.07309512989807777,-0.981627183447664,-0.1908089953765446
2023-03-29,10.4,44844.46,0.0,60,1015.2,17.4,5.1,20,14.6,0.0,39908.39,46.95652,35.32513,1502.0,12.299999999999999,0.8899291016103216,11.0,3,2,0.9984354211555643,0.055916990100603484,-0.6946583704589973,-0.7193398003386511
2023-03-30,11.0,44978.92,0.0,52,1011.5,17.9,4.6,11,24.7,0.8,42009.14,46.95652,35.32513,1502.0,13.299999999999999,0.933973959356961,6.7,3,3,0.9992500112396835,0.03872228089217446,-0.08715574274765794,-0.9961946980917455
2023-03-31,6.7,45113.07,0.91,63,1009.5,12.7,-1.6,62,22.8,4.0,36817.01,46.95652,35.32513,1502.0,14.299999999999999,0.816105177501775,1.5,3,4,0.9997685019798909,0.021516097436222254,-0.34202014332566866,-0.9396926207859084
2023-04-01,1.5,45246.83,0.0,55,1017.2,6.4,-3.6,36,21.0,0.0,41888.72,46.95652,35.32513,1502.0,10.0,0.9257824249787222,3.6,4,5,0.9999907397361901,0.004303538296244289,-0.9396926207859084,-0.34202014332566855
2023-04-02,3.6,45380.1,0.0,62,1016.9,9.4,-2.1,12,18.8,0.0,42405.42,46.95652,35.32513,1502.0,11.5,0.9344496816886697,7.3,4,6,0.9999166586547379,-0.01291029607500882,-0.9986295347545738,0.052335956242943946
2023-04-03,7.3,45512.81,0.0,66,1016.6,15.1,0.7,8,16.5,0.0,42536.17,46.95652,35.32513,1502.0,14.4,0.9345977539070869,10.8,4,0,0.9995462806873573,-0.030120304846908114,-0.8386705679454243,0.5446390350150266
2023-04-04,10.8,45644.84,0.0,57,1017.5,17.8,3.3,27,10.8,0.0,42660.42,46.95652,35.32513,1502.0,14.5,0.9346164867704653,13.5,4,1,0.9988797155850336,-0.04732138832243185,-0.9396926207859083,0.342020143325669
2023-04-05,13.5,45776.12,0.0,45,1014.0,20.6,6.3,15,16.2,0.1,42707.71,46.95652,35.32513,1502.0,14.3,0.93296919878749,13.1,4,2,0.9979171608653922,-0.06450844944931623,-0.9781476007338056,-0.2079116908177598
2023-04-06,13.1,45906.56,0.0,45,1012.0,19.0,6.4,2,20.9,0.0,42754.95,46.95652,35.32513,1502.0,12.6,0.931347284571094,11.0,4,3,0.9966589017541702,-0.08167639533042241,-0.6691306063588582,-0.7431448254773942
2023-04-07,11.0,46036.05,0.0,45,1017.6,17.7,5.4,0,15.9,0.0,42802.15,46.95652,35.32513,1502.0,12.299999999999999,0.9297528784506924,12.5,4,4,0.9951053111006976,-0.09882013873287143,-0.9902680687415703,-0.13917310096006583
2023-04-08,12.5,46164.66,0.0,42,1019.2,18.9,5.1,54,28.5,0.3,42849.32,46.95652,35.32513,1502.0,13.799999999999999,0.9281844597144222,15.1,4,5,0.9932568492674143,-0.11593459959550041,-0.45399049973954664,-0.8910065241883679
2023-04-09,15.1,46293.31,0.0,37,1020.1,20.7,8.2,81,16.7,0.0,32186.95,46.95652,35.32513,1502.0,12.5,0.6952829685326023,15.8,4,6,0.9911140639934547,-0.1330147065341959,-0.8910065241883678,-0.4539904997395469
2023-04-10,15.8,46422.09,0.0,41,1016.6,23.1,10.4,100,15.5,0.0,25837.81,46.95652,35.32513,1502.0,12.700000000000001,0.5565843761019809,16.9,4,0,0.9886775902323405,-0.1500553983446526,-0.2588190451025208,-0.9659258262890683
2023-04-11,16.9,46550.89,0.0,36,1011.7,22.5,11.3,79,29.0,1.3,42990.73,46.95652,35.32513,1502.0,11.2,0.9235211185006346,12.5,4,1,0.9859481499638304,-0.16705162550211924,0.05233595624294381,-0.9986295347545738
2023-04-12,12.5,46679.64,0.0,78,1009.3,15.9,10.0,100,26.3,39.9,4324.75,46.95652,35.32513,1502.0,5.9,0.09264745829230903,8.9,4,2,0.9829265519799822,-0.18399835165768005,0.12186934340514755,-0.992546151641322
2023-04-13,8.9,46808.26,0.0,64,1011.6,13.7,2.9,53,20.0,7.1,39484.89,46.95652,35.32513,1502.0,10.799999999999999,0.8435453486200939,7.0,4,3,0.9796136916454901,-0.20089055513063506,-0.6819983600624984,-0.7313537016191706
2023-04-14,7.0,46936.65,0.28,71,1020.6,12.5,2.6,42,20.5,3.2,35931.93,46.95652,35.32513,1502.0,9.9,0.7655410004761737,8.9,4,4,0.9760105506323683,-0.21772323039653177,-0.8746197071393959,-0.48480962024633684
2023-04-15,8.9,47064.72,0.0,68,1019.0,16.5,2.4,27,8.9,0.0,43178.94,46.95652,35.32513,1502.0,14.1,0.9174375200787341,12.1,4,5,0.9721181966290613,-0.23449138957040985,-0.5877852522924734,0.8090169943749473
2023-04-16,12.1,47192.39,0.0,48,1014.6,19.3,3.4,49,10.3,0.0,43200.0,46.95652,35.32513,1502.0,15.9,0.9154018264385423,12.4,4,6,0.9679377830240642,-0.25119006388481935,0.0697564737441253,0.9975640502598242
2023-04-17,12.4,47319.56,0.0,54,1016.1,19.9,4.1,34,9.6,0.0,40443.63,46.95652,35.32513,1502.0,15.799999999999999,0.8546915905388808,14.1,4,0,0.9634705485641488,-0.2678143051621742,0.0,1.0
2023-04-18,14.1,47446.14,0.0,48,1017.5,21.4,6.0,6,8.9,0.0,43200.0,46.95652,35.32513,1502.0,15.399999999999999,0.9105061022877731,15.3,4,1,0.9587178169872964,-0.2843591872810034,-0.6819983600624983,0.7313537016191707
2023-04-19,15.3,47572.03,0.0,44,1015.5,22.5,9.7,2,10.0,0.0,43200.0,46.95652,35.32513,1502.0,12.8,0.9080966273669634,15.5,4,2,0.9536809966304457,-0.30081980763566735,-0.9848077530122081,0.17364817766692997
2023-04-20,15.5,47697.14,0.0,47,1011.6,22.0,9.6,44,9.7,0.1,43200.0,46.95652,35.32513,1502.0,12.4,0.905714682263968,14.3,4,3,0.9483615800121715,-0.3171912885891061,-0.9986295347545738,0.052335956242943946
2023-04-21,14.3,47821.36,0.0,63,1011.1,20.6,9.9,75,17.9,1.9,39675.75,46.95652,35.32513,1502.0,10.700000000000001,0.829665864793473,14.5,4,4,0.9427611433904207,-0.3334687789181868,-0.5446390350150271,-0.838670567945424
2023-04-22,14.5,47944.6,0.0,60,1013.7,20.3,8.1,40,16.3,0.2,39005.61,46.95652,35.32513,1502.0,12.200000000000001,0.8135558540482141,13.3,4,5,0.9368813462954315,-0.3496474552512284,-0.5150380749100542,-0.8571673007021123
2023-04-23,13.3,48066.75,0.0,66,1016.2,17.4,10.0,90,18.6,4.6,31853.97,46.95652,35.32513,1502.0,7.399999999999999,0.662702803913308,13.7,4,6,0.9307239310379795,-0.36572252349726897,-0.12186934340514731,-0.9925461516413221
2023-04-24,13.7,48187.72,0.0,74,1013.6,21.0,8.6,80,17.7,11.1,29558.58,46.95652,35.32513,1502.0,12.4,0.6134048259598088,13.2,4,0,0.9242907221930933,-0.3816892202666588,1.2246467991473532e-16,-1.0
2023-04-25,13.2,48307.39,0.0,59,1012.6,19.1,7.7,36,13.3,4.6,36000.0,46.95652,35.32513,1502.0,11.400000000000002,0.7452275935421061,12.9,4,1,0.9175836260593937,-0.39754281428255595,-0.9961946980917455,0.08715574274765789
2023-04-26,12.9,48425.64,0.0,47,1014.1,20.0,6.7,0,9.7,0.0,43517.77,46.95652,35.32513,1502.0,13.3,0.8986514168940255,14.3,4,2,0.9106046300942162,-0.4132786077829042,-0.9848077530122081,0.17364817766692997
2023-04-27,14.3,48542.38,0.0,43,1013.0,21.3,7.3,9,8.4,0.0,43630.23,46.95652,35.32513,1502.0,14.0,0.8988069806218815,15.7,4,3,0.9033558023246845,-0.4288919379124835,-0.9902680687415704,0.13917310096006547
2023-04-28,15.7,48657.66,0.0,39,1011.4,22.8,7.6,15,13.5,0.0,43747.32,46.95652,35.32513,1502.0,15.200000000000001,0.8990839263540417,14.8,4,4,0.895839290734909,-0.4443781781046132,-0.2419218955996675,-0.9702957262759965
2023-04-29,14.8,48772.33,0.0,52,1010.7,20.4,9.3,39,20.9,1.0,38598.82,46.95652,35.32513,1502.0,11.099999999999998,0.7914081611438288,14.2,4,5,0.8880573226294932,-0.45973273945210397,-0.13917310096006552,-0.9902680687415703
2023-04-30,14.2,48886.46,0.0,54,1010.9,20.2,8.5,38,18.9,0.7,43744.11,46.95652,35.32513,1502.0,11.7,0.8948103421683632,11.7,4,6,0.8800122039735357,-0.47495107206704995,-0.754709580222772,-0.6560590289905073
2023-05-01,11.7,48999.98,0.0,51,1012.8,17.1,6.3,13,16.4,0.0,43868.99,46.95652,35.32513,1502.0,10.8,0.8952858756268879,11.6,5,0,0.8717063187093218,-0.4900286664290592,-0.9659258262890683,-0.25881904510252063
2023-05-02,11.6,49112.78,0.0,46,1016.3,18.4,5.1,11,12.9,0.0,44127.49,46.95652,35.32513,1502.0,13.299999999999999,0.8984930195358519,11.5,5,1,0.8631421280499114,-0.5049610547215204,-0.9702957262759966,0.24192189559966742
2023-05-03,11.5,49224.77,0.0,36,1018.2,17.4,6.0,2,16.7,0.0,44130.34,46.95652,35.32513,1502.0,11.399999999999999,0.8965067790057729,11.0,5,2,0.854322169749827,-0.5197438121555155,-0.992546151641322,0.12186934340514768
2023-05-04,11.0,49335.85,0.0,40,1018.5,17.4,4.0,18,16.9,0.0,44400.43,46.95652,35.32513,1502.0,13.399999999999999,0.8999628059514532,13.7,5,3,0.8452490573530633,-0.5343725582809786,0.01745240643728351,0.9998476951563913
2023-05-05,13.7,49445.92,0.0,43,1016.3,21.1,3.9,0,7.5,0.0,44541.95,46.95652,35.32513,1502.0,17.200000000000003,0.9008215440222368,17.7,5,4,0.8359254794186372,-0.548842958284719,-0.6156614753256582,0.788010753606722
2023-05-06,17.7,49554.88,0.0,38,1013.8,25.1,9.7,2,8.9,0.0,44548.74,46.95652,35.32513,1502.0,15.400000000000002,0.898977860505363,19.5,5,5,0.8263541987239096,-0.5631507242749186,0.01745240643728344,-0.9998476951563913
2023-05-07,19.5,49662.64,0.0,31,1012.5,26.1,13.7,35,20.0,0.1,44554.8,46.95652,35.32513,1502.0,12.400000000000002,0.8971492453884853,17.0,5,6,0.8165380514459161,-0.5772916165517272,-0.22495105434386498,-0.9743700647852352
2023-05-08,17.0,49769.08,0.0,37,1012.0,23.2,11.3,2,16.5,0.0,44701.77,46.95652,35.32513,1502.0,11.899999999999999,0.8981835710043263,14.6,5,0,0.8064799463209448,-0.5912614448635781,-0.9659258262890683,-0.25881904510252063
2023-05-09,14.6,49874.1,0.0,61,1014.6,22.5,10.0,67,12.7,3.6,42315.13,46.95652,35.32513,1502.0,12.5,0.8484389693247597,15.1,5,1,0.7961828637826158,-0.6050560696488488,-0.8386705679454242,-0.544639035015027
2023-05-10,15.1,49977.59,0.0,60,1015.2,21.6,9.2,31,11.8,8.2,43200.0,46.95652,35.32513,1502.0,12.400000000000002,0.8643874184409452,17.4,5,2,0.7856498550787147,-0.6186714032625031,-0.9563047559630353,-0.2923717047227371
2023-05-11,17.4,50079.45,0.0,47,1016.4,24.6,10.0,55,10.6,0.0,45012.64,46.95652,35.32513,1502.0,14.600000000000001,0.8988245677618265,19.2,5,3,0.7748840413670407,-0.6321034111873487,-0.35836794954530043,-0.9335804264972017
2023-05-12,19.2,50179.55,0.0,40,1015.9,26.0,12.2,11,11.1,0.0,45168.62,46.95652,35.32513,1502.0,13.8,0.9001399972698041,19.0,5,4,0.7638886127905428,-0.6453481132295501,-0.29237170472273677,-0.9563047559630354
2023-05-13,19.0,50277.79,0.0,41,1012.2,26.4,12.9,16,27.3,1.2,45326.94,46.95652,35.32513,1502.0,13.499999999999998,0.9015300791860581,15.2,5,5,0.7526668275320085,-0.6584015846980488,-0.39073112848927355,-0.9205048534524404
2023-05-14,15.2,50374.04,0.0,55,1011.5,20.1,9.4,21,19.4,0.0,45487.46,46.95652,35.32513,1502.0,10.700000000000001,0.9029940818723294,14.3,5,6,0.7412220108485958,-0.6712599575675313,-0.8571673007021121,-0.5150380749100544
2023-05-15,14.3,50468.2,0.0,49,1010.4,20.0,6.7,4,18.2,0.0,45650.05,46.95652,35.32513,1502.0,13.3,0.9045309719783944,13.6,5,0,0.7295575540864875,-0.6839194216246106,-0.9781476007338056,0.20791169081775943
2023-05-16,13.6,50560.14,0.0,42,1014.4,21.0,5.5,10,11.0,0.0,45844.79,46.95652,35.32513,1502.0,15.5,0.9067377977988195,16.8,5,1,0.717676913675962,-0.6963762255968722,0.17364817766693033,0.984807753012208
2023-05-17,16.8,50649.75,0.0,35,1012.5,24.5,8.3,42,16.6,0.0,45446.43,46.95652,35.32513,1502.0,16.2,0.897268594613004,19.5,5,2,0.705583610107178,-0.7086266782644596,-0.8386705679454242,-0.544639035015027
2023-05-18,19.5,50737.04,0.0,36,1014.1,26.6,13.1,33,17.9,0.3,46040.51,46.95652,35.32513,1502.0,13.500000000000002,0.9074338983906038,19.8,5,3,0.6932812268869777,-0.7206671495538609,-0.8090169943749473,-0.5877852522924732
2023-05-19,19.8,50822.71,0.0,46,1013.4,26.7,12.4,76,17.8,0.1,41771.01,46.95652,35.32513,1502.0,14.299999999999999,0.8218965497904382,17.6,5,4,0.6807734094770161,-0.7324940716135789,-0.2588190451025208,-0.9659258262890683
2023-05-20,17.6,50906.84,0.0,58,1012.3,24.2,12.3,77,24.0,1.4,34421.35,46.95652,35.32513,1502.0,11.899999999999999,0.6761635568029758,15.5,5,5,0.6680638642135335,-0.7441039398713607,-0.2079116908177595,-0.9781476007338056
2023-05-21,15.5,50989.34,0.0,71,1013.6,19.1,10.9,63,21.3,9.6,40863.26,46.95652,35.32513,1502.0,8.200000000000001,0.8014079021222869,18.2,5,6,0.6551563572090853,-0.7554933140726803,0.03489949670250114,-0.9993908270190958
2023-05-22,18.2,51070.11,0.0,52,1014.9,24.4,11.7,31,15.9,0.1,46403.82,46.95652,35.32513,1502.0,12.7,0.9086297249017087,19.8,5,0,0.6420547132365637,-0.766658819300159,-0.6819983600624984,-0.7313537016191706
2023-05-23,19.8,51149.08,0.0,42,1017.9,27.2,12.9,26,10.2,0.0,46214.41,46.95652,35.32513,1502.0,14.299999999999999,0.9035237779447842,20.3,5,1,0.6287628145958344,-0.7775971469736269,-0.9781476007338056,-0.2079116908177598
2023-05-24,20.3,51226.18,0.0,47,1016.6,28.6,13.6,68,14.0,0.0,43690.48,46.95652,35.32513,1502.0,15.000000000000002,0.8528935790254124,19.2,5,2,0.6152845999633276,-0.7883050558305255,-0.9702957262759966,0.24192189559966742
2023-05-25,19.2,51301.29,0.0,58,1015.6,23.6,14.5,100,11.9,0.6,17972.28,46.95652,35.32513,1502.0,9.100000000000001,0.35032803268689733,19.4,5,3,0.6016240632249226,-0.7987793728863649,-0.2419218955996675,-0.9702957262759965
2023-05-26,19.4,51374.35,0.0,52,1014.7,26.0,14.2,24,9.9,1.3,44592.87,46.95652,35.32513,1502.0,11.8,0.8679987192052065,19.8,5,4,0.5877852522924732,-0.8090169943749473,-0.656059028990507,-0.7547095802227721
2023-05-27,19.8,51445.26,0.0,43,1014.4,26.3,13.1,25,11.4,0.0,46902.25,46.95652,35.32513,1502.0,13.200000000000001,0.9116923502767796,20.8,5,5,0.5737722679043246,-0.8190148866680801,-0.7986355100472928,-0.6018150231520483
2023-05-28,20.8,51513.94,0.0,37,1014.4,27.4,13.9,64,9.1,0.0,46351.43,46.95652,35.32513,1502.0,13.499999999999998,0.8997842137487445,21.9,5,6,0.5595892624101765,-0.8287700871745038,-0.9510565162951535,-0.30901699437494756
2023-05-29,21.9,51580.3,0.0,46,1014.9,27.6,16.5,93,12.4,0.2,34092.14,46.95652,35.32513,1502.0,11.100000000000001,0.6609527280764167,21.7,5,0,0.545240438540651,-0.8382797052177744,-0.6691306063588582,-0.7431448254773942
2023-05-30,21.7,51644.23,0.0,50,1014.4,27.9,15.8,87,14.3,0.1,43903.93,46.95652,35.32513,1502.0,12.099999999999998,0.8501226564903765,21.4,5,1,0.5307300481619334,-0.8475409228928311,-0.913545457642601,-0.4067366430758001
2023-05-31,21.4,51705.68,0.0,44,1012.7,27.3,16.4,31,18.4,0.0,42029.24,46.95652,35.32513,1502.0,10.900000000000002,0.8128553768174018,20.0,5,2,0.5160623910158528,-0.8565509959010036,-0.7771459614569706,-0.6293203910498378
2023-06-01,20.0,51764.52,0.0,42,1013.7,26.1,14.1,2,15.9,0.0,47405.23,46.95652,35.32513,1502.0,12.000000000000002,0.9157861407775056,20.4,6,3,0.5012418134457758,-0.865307254363206,-0.9925461516413221,-0.12186934340514717
2023-06-02,20.4,51820.68,0.0,39,1016.2,27.1,13.4,32,19.9,0.0,47021.48,46.95652,35.32513,1502.0,13.700000000000001,0.9073883245067413,21.9,6,4,0.48627270710868997,-0.8738071036110808,-0.9743700647852352,0.22495105434386492
2023-06-03,21.9,51874.07,0.0,39,1014.7,29.5,14.4,10,15.5,0.0,47578.46,46.95652,35.32513,1502.0,15.1,0.9171915756754772,23.5,6,5,0.4711595076738638,-0.8820480249558537,-0.7071067811865477,0.7071067811865474
2023-06-04,23.5,51924.6,0.0,31,1012.8,30.6,14.9,32,15.1,0.0,47732.65,46.95652,35.32513,1502.0,15.700000000000001,0.9192685162716709,23.8,6,6,0.4559066935084588,-0.8900275764346767,-0.891006524188368,0.45399049973954664
2023-06-05,23.8,51972.17,0.0,26,1011.9,30.3,17.4,58,15.1,0.0,45234.73,46.95652,35.32513,1502.0,12.900000000000002,0.87036446621336,22.8,6,0,0.440518784350495,-0.8977433935342337,-0.9902680687415704,0.13917310096006547
2023-06-06,22.8,52016.7,0.0,29,1012.2,29.6,15.0,28,13.5,0.0,47903.16,46.95652,35.32513,1502.0,14.600000000000001,0.920918858751132,22.9,6,1,0.42500033996955416,-0.9051931898913974,-0.8829475928589271,0.4694715627858904
2023-06-07,22.9,52058.16,0.0,32,1011.6,30.0,15.9,18,14.1,0.0,47917.07,46.95652,35.32513,1502.0,14.1,0.9204526245261069,18.6,6,2,0.4093559588156213,-0.9123747579707273,-0.891006524188368,0.45399049973954664
2023-06-08,18.6,52096.91,0.0,62,1015.0,26.9,13.1,45,12.2,9.0,47324.17,46.95652,35.32513,1502.0,13.799999999999999,0.9083872728728056,20.7,6,3,0.39359027665646673,-0.9192859697186104,0.27563735581699916,0.9612616959383189
2023-06-09,20.7,52133.0,0.0,47,1012.5,27.3,11.6,34,9.7,0.0,47938.62,46.95652,35.32513,1502.0,15.700000000000001,0.9195446262444134,21.9,6,4,0.3777079652039649,-0.9259247771938498,0.45399049973954675,0.8910065241883679
2023-06-10,21.9,52166.39,0.0,43,1009.1,29.2,14.4,47,19.4,0.2,47230.61,46.95652,35.32513,1502.0,14.799999999999999,0.9053839071478782,22.8,6,5,0.36171373072976765,-0.9322892131745133,-0.9743700647852351,-0.22495105434386525
2023-06-11,22.8,52197.06,0.0,38,1008.2,28.9,16.4,14,17.3,0.0,48383.85,46.95652,35.32513,1502.0,12.5,0.9269458854579166,24.0,6,6,0.3456123126707335,-0.9383773917408641,-0.981627183447664,-0.1908089953765446
2023-06-12,24.0,52224.98,0.0,28,1006.7,31.1,16.4,2,13.2,0.0,48534.85,46.95652,35.32513,1502.0,14.700000000000003,0.9293416675315145,24.6,6,0,0.3294084822245304,-0.9441875088341993,-0.961261695938319,-0.2756373558169989
2023-06-13,24.6,52250.13,0.0,28,1006.4,31.4,17.3,6,13.5,0.0,48248.41,46.95652,35.32513,1502.0,14.099999999999998,0.9234122479695267,23.1,6,1,0.3131070409358269,-0.9497178427914316,-0.8191520442889916,-0.5735764363510464
2023-06-14,23.1,52272.5,0.0,30,1007.8,29.0,16.8,0,15.8,0.0,48689.14,46.95652,35.32513,1502.0,12.2,0.9314484671672485,23.1,6,2,0.29671281927349075,-0.9549667548552551,-0.9659258262890683,-0.25881904510252063
2023-06-15,23.1,52292.05,0.0,28,1006.7,29.9,15.7,0,13.3,0.0,48837.99,46.95652,35.32513,1502.0,14.2,0.9339467471632876,23.5,6,3,0.28023067519921585,-0.9599326896597447,-0.9945218953682734,0.10452846326765299
2023-06-16,23.5,52308.77,0.0,28,1004.6,29.9,16.6,1,11.6,0.0,48838.38,46.95652,35.32513,1502.0,13.299999999999997,0.9336556757117401,24.2,6,4,0.26366549272800704,-0.9646141756912435,-0.8386705679454243,0.5446390350150266
2023-06-17,24.2,52322.64,0.0,28,1005.7,30.8,17.1,0,15.5,0.0,48985.35,46.95652,35.32513,1502.0,13.7,0.936217094550275,24.3,6,5,0.24702218048093552,-0.9690098257244062,-0.9659258262890684,0.2588190451025203
2023-06-18,24.3,52333.64,0.0,26,1007.8,31.4,16.8,0,18.1,0.0,49013.42,46.95652,35.32513,1502.0,14.599999999999998,0.9365566775022719,23.5,6,6,0.23030567023061221,-0.9731183372332619,-0.9205048534524403,-0.3907311284892738
2023-06-19,23.5,52341.75,0.0,22,1008.2,31.6,16.0,0,13.4,0.0,49021.03,46.95652,35.32513,1502.0,15.600000000000001,0.9365569550120124,23.3,6,0,0.21352091543979612,-0.9769384927771817,-0.9781476007338056,-0.2079116908177598
2023-06-20,23.3,52346.97,0.0,24,1007.5,30.9,15.8,0,16.7,0.0,49025.98,46.95652,35.32513,1502.0,15.099999999999998,0.9365581236125033,23.4,6,1,0.19667288979357647,-0.980469160361632,-0.9335804264972016,-0.3583679495453007
2023-06-21,23.4,52349.27,0.0,23,1008.0,31.1,15.5,0,14.0,0.0,49028.25,46.95652,35.32513,1502.0,15.600000000000001,0.9365603378996499,24.7,6,2,0.1797665857255624,-0.9837092937736097,-0.9335804264972017,0.3583679495453004
2023-06-22,24.7,52348.64,0.0,21,1007.8,32.6,17.2,0,11.6,0.0,49027.82,46.95652,35.32513,1502.0,15.400000000000002,0.936563394961168,25.0,6,3,0.16280701293851715,-0.986657932891657,-0.9743700647852352,0.22495105434386492
2023-06-23,25.0,52345.07,0.0,20,1009.4,32.2,15.9,2,18.0,0.0,48941.52,46.95652,35.32513,1502.0,16.300000000000004,0.9349785949278508,25.4,6,4,0.1457991969198751,-0.9893142039703663,-0.529919264233205,0.8480480961564258
2023-06-24,25.4,52338.55,0.0,22,1008.5,33.7,18.0,8,16.6,0.0,48928.32,46.95652,35.32513,1502.0,15.700000000000003,0.9348428643896325,24.4,6,5,0.12874817745258132,-0.99167731989929,-0.7193398003386511,0.6946583704589973
2023-06-25,24.4,52329.07,0.0,32,1007.4,31.6,16.3,0,17.7,0.0,48913.64,46.95652,35.32513,1502.0,15.3,0.9347316892885732,26.8,6,6,0.11165900712169512,-0.993746580436178,0.5591929034707469,0.8290375725550417
2023-06-26,26.8,52316.61,0.0,25,1003.9,34.7,16.1,0,10.9,0.0,48897.47,46.95652,35.32513,1502.0,18.6,0.9346452302624348,26.5,6,0,0.09453674981719912,-0.9955213724144752,-0.7880107536067218,0.6156614753256585
2023-06-27,26.5,52301.16,0.0,19,1003.9,34.9,18.6,0,16.7,0.0,48984.98,46.95652,35.32513,1502.0,16.299999999999997,0.9365945229513074,26.1,6,1,0.07738647923346301,-0.9970011699250151,-0.9993908270190958,-0.03489949670250076
2023-06-28,26.1,52282.52,0.0,16,1006.9,35.1,15.4,0,14.1,0.0,48968.4,46.95652,35.32513,1502.0,19.700000000000003,0.9366113186587028,26.8,6,2,0.06021327736579302,-0.9981855344718586,-0.9205048534524405,0.3907311284892735
2023-06-29,26.8,52260.74,0.0,19,1005.9,34.7,19.4,0,15.8,0.0,48948.92,46.95652,35.32513,1502.0,15.300000000000004,0.9366289111099461,25.9,6,3,0.04302223300453059,-0.99907411510223,-0.9816271834476639,0.1908089953765451
2023-06-30,25.9,52235.87,0.0,23,1004.4,33.0,18.7,0,15.5,0.0,48926.6,46.95652,35.32513,1502.0,14.3,0.9366475565545285,25.9,6,4,0.02581844022713308,-0.9996666485105112,-0.9135454576426011,0.40673664307579976
2023-07-01,25.9,52207.97,0.0,27,1004.8,33.0,17.7,0,16.9,0.0,48790.86,46.95652,35.32513,1502.0,15.3,0.9345481159294261,25.7,7,5,0.008606996888688698,-0.9999629591162655,-0.9659258262890684,0.2588190451025203
2023-07-02,25.7,52177.11,0.0,24,1007.1,33.6,16.8,0,11.1,0.0,48873.6,46.95652,35.32513,1502.0,16.8,0.9366866045283075,27.0,7,6,-0.008606996888688009,-0.9999629591162655,-0.5735764363510465,0.8191520442889916
2023-07-03,27.0,52143.34,0.0,24,1007.3,35.3,17.2,1,11.3,0.0,48843.05,46.95652,35.32513,1502.0,18.099999999999998,0.9367073532305373,28.5,7,0,-0.02581844022713239,-0.9996666485105112,-0.3255681544571567,0.9455185755993168
2023-07-04,28.5,52106.75,0.0,26,1005.7,36.2,18.7,1,13.9,0.0,48553.69,46.95652,35.32513,1502.0,17.500000000000004,0.9318119053673469,28.7,7,1,-0.04302223300453034,-0.99907411510223,0.3420201433256687,0.9396926207859084
2023-07-05,28.7,52067.38,0.0,29,1004.4,37.0,19.7,0,18.9,0.0,48673.14,46.95652,35.32513,1502.0,17.3,0.9348106242334452,28.3,7,2,-0.060213277365792774,-0.9981855344718586,0.7431448254773942,0.6691306063588582
2023-07-06,28.3,52025.31,0.0,27,1005.3,36.8,19.4,0,17.1,0.0,48639.8,46.95652,35.32513,1502.0,17.4,0.9349257121197356,29.0,7,3,-0.07738647923346322,-0.9970011699250151,0.754709580222772,0.6560590289905073
2023-07-07,29.0,51980.6,0.0,20,1005.7,37.5,19.6,0,15.4,0.0,48605.05,46.95652,35.32513,1502.0,17.9,0.9350613498112759,28.2,7,4,-0.09453674981719933,-0.9955213724144752,0.9396926207859083,0.3420201433256688
2023-07-08,28.2,51933.32,0.0,22,1004.6,37.5,19.1,1,21.2,0.0,48269.15,46.95652,35.32513,1502.0,18.4,0.929444718727784,27.0,7,5,-0.11165900712169444,-0.9937465804361781,-0.8090169943749473,-0.5877852522924732
2023-07-09,27.0,51883.54,0.0,21,1004.6,34.6,19.1,0,17.7,0.0,48382.13,46.95652,35.32513,1502.0,15.5,0.9325140497352339,26.5,7,6,-0.12874817745258066,-0.99167731989929,-0.9876883405951377,-0.15643446504023104
2023-07-10,26.5,51831.32,0.0,24,1005.4,33.2,19.6,0,14.9,0.0,48195.14,46.95652,35.32513,1502.0,13.600000000000001,0.9298458924063674,26.9,7,0,-0.14579919691987442,-0.9893142039703664,-0.9612616959383188,0.2756373558169994
2023-07-11,26.9,51776.74,0.0,23,1008.1,34.4,19.1,0,16.5,0.0,48156.54,46.95652,35.32513,1502.0,15.299999999999997,0.9300805728595505,27.3,7,1,-0.16280701293851646,-0.9866579328916572,-0.9271838545667873,-0.3746065934159123
2023-07-12,27.3,51719.86,0.0,23,1009.4,35.0,16.9,0,11.1,0.0,47969.3,46.95652,35.32513,1502.0,18.1,0.927483175708519,29.3,7,2,-0.17976658572556214,-0.9837092937736098,-0.12186934340514723,0.9925461516413221
2023-07-13,29.3,51660.74,0.0,30,1007.8,37.8,19.8,0,23.7,0.0,47705.43,46.95652,35.32513,1502.0,17.999999999999996,0.923436830366735,29.7,7,3,-0.19667288979357622,-0.9804691603616321,0.5591929034707469,0.8290375725550417
2023-07-14,29.7,51599.45,0.0,26,1006.2,39.9,19.7,0,18.7,0.0,47836.16,46.95652,35.32513,1502.0,20.2,0.9270672458718069,29.5,7,4,-0.2135209154397959,-0.9769384927771817,-0.7313537016191705,-0.6819983600624986
2023-07-15,29.5,51536.07,0.0,19,1004.9,38.1,21.6,0,14.8,0.0,47673.63,46.95652,35.32513,1502.0,16.5,0.9250536565943037,28.4,7,5,-0.23030567023061196,-0.973118337233262,-0.961261695938319,-0.2756373558169989
2023-07-16,28.4,51470.66,0.0,19,1005.1,36.3,19.8,2,15.1,0.0,47353.79,46.95652,35.32513,1502.0,16.499999999999996,0.920015208664509,27.8,7,6,-0.24702218048093527,-0.9690098257244063,-0.8090169943749476,0.5877852522924729
2023-07-17,27.8,51403.16,0.0,18,1005.2,35.4,20.0,0,10.5,0.0,47488.3,46.95652,35.32513,1502.0,15.399999999999999,0.923840090764848,26.5,7,0,-0.2636654927280072,-0.9646141756912435,-0.7880107536067218,0.6156614753256585
2023-07-18,26.5,51332.98,0.0,30,1005.2,34.1,17.8,11,13.9,0.0,46744.55,46.95652,35.32513,1502.0,16.3,0.9106143847483625,27.1,7,1,-0.2802306751992161,-0.9599326896597445,0.49999999999999994,0.8660254037844387
2023-07-19,27.1,51260.12,0.0,28,1004.9,35.2,17.9,3,12.0,0.0,46724.79,46.95652,35.32513,1502.0,17.300000000000004,0.9115232270232687,28.8,7,2,-0.2967128192734901,-0.9549667548552553,0.6819983600624985,0.7313537016191705
2023-07-20,28.8,51184.68,0.0,26,1004.9,37.2,18.7,1,12.9,0.0,46710.61,46.95652,35.32513,1502.0,18.500000000000004,0.9125896655014742,29.3,7,3,-0.3131070409358267,-0.9497178427914317,0.1908089953765448,0.981627183447664
2023-07-21,29.3,51106.79,0.0,25,1005.5,38.3,19.4,11,19.5,0.0,45993.46,46.95652,35.32513,1502.0,18.9,0.8999481282232752,29.8,7,4,-0.3294084822245302,-0.9441875088341994,-0.8829475928589271,0.4694715627858904
2023-07-22,29.8,51026.54,0.0,24,1006.2,37.9,20.5,1,16.6,0.0,46259.55,46.95652,35.32513,1502.0,17.4,0.9065782238027505,29.9,7,5,-0.3456123126707333,-0.9383773917408642,0.6156614753256583,0.7880107536067219
2023-07-23,29.9,50944.06,0.0,25,1004.6,38.6,19.9,0,15.9,0.0,46240.33,46.95652,35.32513,1502.0,18.700000000000003,0.9076687252645353,29.6,7,6,-0.3617137307297674,-0.9322892131745134,-0.13917310096006588,0.9902680687415703
2023-07-24,29.6,50859.46,0.0,19,1001.5,37.7,20.4,4,19.1,0.0,45955.97,46.95652,35.32513,1502.0,17.300000000000004,0.9035874545266506,29.0,7,0,-0.37770796520396466,-0.9259247771938499,-0.1045284632676535,-0.9945218953682733
2023-07-25,29.0,50772.83,0.0,16,1002.2,37.1,22.0,2,19.4,0.0,46077.55,46.95652,35.32513,1502.0,15.100000000000001,0.90752376812559,27.3,7,1,-0.39359027665646645,-0.9192859697186105,-0.6018150231520484,-0.7986355100472928
2023-07-26,27.3,50684.3,0.0,23,1006.7,35.1,18.7,18,10.9,0.0,45528.3,46.95652,35.32513,1502.0,16.400000000000002,0.8982722460406871,28.5,7,2,-0.4093559588156211,-0.9123747579707274,0.01745240643728351,0.9998476951563913
2023-07-27,28.5,50593.96,0.0,23,1006.6,35.5,19.2,14,11.0,0.0,43744.56,46.95652,35.32513,1502.0,16.3,0.8646202036764863,29.1,7,3,-0.42500033996955394,-0.9051931898913975,-0.13917310096006588,0.9902680687415703
2023-07-28,29.1,50501.93,0.0,22,1004.3,36.7,19.7,18,14.0,0.0,44528.41,46.95652,35.32513,1502.0,17.000000000000004,0.8817169957663005,30.0,7,4,-0.4405187843504952,-0.8977433935342336,-0.8480480961564261,0.5299192642332047
2023-07-29,30.0,50408.3,0.0,20,1002.4,37.4,21.8,26,17.7,0.0,40683.24,46.95652,35.32513,1502.0,15.599999999999998,0.8070742318229338,29.8,7,5,-0.455906693508459,-0.8900275764346766,-0.4226182617406992,0.90630778703665
2023-07-30,29.8,50313.18,0.0,22,1003.1,37.7,20.9,11,16.8,0.0,44582.05,46.95652,35.32513,1502.0,16.800000000000004,0.8860908811567864,29.4,7,6,-0.47115950767386394,-0.8820480249558535,-0.9659258262890683,-0.25881904510252063
2023-07-31,29.4,50216.66,0.0,17,1005.2,37.3,21.3,17,18.8,0.0,44697.42,46.95652,35.32513,1502.0,15.999999999999996,0.8900914557041427,29.0,7,0,-0.4862727071086902,-0.8738071036110807,-0.9205048534524405,0.3907311284892735
2023-08-01,29.0,50118.84,0.0,16,1007.1,36.3,21.7,2,18.1,0.0,44701.59,46.95652,35.32513,1502.0,14.599999999999998,0.8919119037870789,29.8,8,1,-0.5012418134457756,-0.8653072543632061,-0.6018150231520483,0.7986355100472928
2023-08-02,29.8,50019.83,0.0,15,1005.9,38.0,21.1,0,20.6,0.0,44697.57,46.95652,35.32513,1502.0,16.9,0.893596999430026,29.6,8,2,-0.5160623910158526,-0.8565509959010037,-0.4226182617406992,0.90630778703665
2023-08-03,29.6,49919.72,0.0,16,1004.3,37.9,20.9,0,19.5,0.0,44450.15,46.95652,35.32513,1502.0,17.0,0.890432678708935,29.8,8,3,-0.5307300481619331,-0.8475409228928312,-0.9945218953682734,0.10452846326765299
2023-08-04,29.8,49818.6,0.0,16,1003.7,38.9,21.5,4,21.3,0.0,44095.2,46.95652,35.32513,1502.0,17.4,0.8851151979381194,29.5,8,4,-0.5452404385406507,-0.8382797052177745,-0.8660254037844385,-0.5000000000000004
2023-08-05,29.5,49716.56,0.0,19,1005.8,38.8,20.3,7,24.9,0.0,44089.03,46.95652,35.32513,1502.0,18.499999999999996,0.8868077356920914,29.0,8,5,-0.5595892624101763,-0.828770087174504,-0.7071067811865475,-0.7071067811865477
2023-08-06,29.0,49613.54,0.0,21,1006.9,37.7,21.1,2,22.0,0.0,43981.62,46.95652,35.32513,1502.0,16.6,0.8864842137851885,29.2,8,6,-0.5737722679043243,-0.8190148866680802,-0.6691306063588582,-0.7431448254773942
2023-08-07,29.2,49508.72,0.0,19,1004.8,37.8,20.3,12,15.8,0.0,43878.65,46.95652,35.32513,1502.0,17.499999999999996,0.8862812450008807,28.2,8,0,-0.5877852522924734,-0.8090169943749472,-0.7193398003386511,0.6946583704589973
2023-08-08,28.2,49402.09,0.0,28,1006.0,35.0,19.6,7,18.6,0.0,43639.01,46.95652,35.32513,1502.0,15.399999999999999,0.8833433970101267,28.3,8,1,-0.6016240632249227,-0.7987793728863648,0.6691306063588582,0.7431448254773942
2023-08-09,28.3,49293.73,0.0,28,1009.8,35.4,20.2,9,13.3,0.0,43158.03,46.95652,35.32513,1502.0,15.2,0.8755277801050965,29.0,8,2,-0.6152845999633277,-0.7883050558305253,0.7193398003386512,0.6946583704589973
2023-08-10,29.0,49183.78,0.0,21,1012.1,36.5,20.1,0,11.0,0.0,43569.88,46.95652,35.32513,1502.0,16.4,0.8858587119574787,28.9,8,3,-0.6287628145958345,-0.7775971469736268,0.49999999999999994,0.8660254037844387
2023-08-11,28.9,49072.34,0.0,15,1011.8,36.8,20.1,0,10.8,0.0,43580.32,46.95652,35.32513,1502.0,16.699999999999996,0.8880831849469579,28.9,8,4,-0.6420547132365636,-0.7666588193001592,0.4383711467890774,0.898794046299167
2023-08-12,28.9,48959.52,0.0,15,1011.9,36.8,19.9,0,11.5,0.0,43421.89,46.95652,35.32513,1502.0,16.9,0.8868937032062406,27.7,8,5,-0.655156357209085,-0.7554933140726804,0.27563735581699916,0.9612616959383189
2023-08-13,27.7,48845.43,0.0,19,1013.1,35.7,18.7,0,14.1,0.0,43425.27,46.95652,35.32513,1502.0,17.000000000000004,0.8890344501010636,26.9,8,6,-0.6680638642135333,-0.7441039398713608,0.5446390350150271,0.838670567945424
2023-08-14,26.9,48730.16,0.0,24,1013.8,34.9,17.4,0,17.2,0.0,43323.29,46.95652,35.32513,1502.0,17.5,0.8890446901877604,26.2,8,0,-0.6807734094770159,-0.7324940716135792,0.838670567945424,0.5446390350150271
2023-08-15,26.2,48613.84,0.0,23,1013.0,33.9,17.8,0,16.4,0.0,43328.08,46.95652,35.32513,1502.0,16.099999999999998,0.8912704694794734,25.8,8,1,-0.6932812268869771,-0.7206671495538615,0.754709580222772,0.6560590289905073
2023-08-16,25.8,48496.55,0.0,17,1011.2,34.0,16.4,0,12.6,0.0,43332.59,46.95652,35.32513,1502.0,17.6,0.8935190235181677,27.3,8,2,-0.7055836101071774,-0.70862667826446,0.5446390350150271,0.838670567945424
2023-08-17,27.3,48378.39,0.0,19,1010.4,35.8,17.8,37,13.3,0.0,33603.95,46.95652,35.32513,1502.0,17.999999999999996,0.6946066208486888,28.9,8,3,-0.7176769136759615,-0.6963762255968726,-0.40673664307580015,0.913545457642601
2023-08-18,28.9,48259.47,0.0,19,1010.6,34.1,23.4,81,17.0,0.0,36056.08,46.95652,35.32513,1502.0,10.700000000000003,0.747129630723255,27.6,8,4,-0.7295575540864876,-0.6839194216246105,-0.9702957262759966,0.24192189559966742
2023-08-19,27.6,48139.88,0.0,20,1010.0,33.8,20.2,32,17.0,0.0,43200.0,46.95652,35.32513,1502.0,13.599999999999998,0.8973848709219883,26.6,8,5,-0.7412220108485957,-0.6712599575675315,-0.29237170472273716,0.9563047559630353
2023-08-20,26.6,48019.71,0.0,26,1010.1,33.5,18.8,24,15.5,0.0,43200.0,46.95652,35.32513,1502.0,14.7,0.8996305891893142,27.6,8,6,-0.7526668275320083,-0.6584015846980489,0.8910065241883678,0.4539904997395468
2023-08-21,27.6,47899.05,0.0,23,1010.3,35.5,18.5,16,11.8,0.0,40966.56,46.95652,35.32513,1502.0,17.0,0.8552687370626347,29.4,8,0,-0.7638886127905429,-0.64534811322955,-0.06975647374412564,0.9975640502598242
2023-08-22,29.4,47778.0,0.0,15,1010.8,37.2,22.2,5,18.9,0.0,43200.0,46.95652,35.32513,1502.0,15.000000000000004,0.9041818410146929,29.2,8,1,-0.7748840413670406,-0.6321034111873488,-0.9335804264972017,0.3583679495453004
2023-08-23,29.2,47656.64,0.0,15,1010.6,37.2,22.3,6,18.6,0.0,43200.0,46.95652,35.32513,1502.0,14.900000000000002,0.9064843849671316,27.9,8,2,-0.7856498550787144,-0.6186714032625032,-0.9986295347545738,0.052335956242943946
2023-08-24,27.9,47535.05,0.0,13,1008.4,37.0,20.5,0,15.5,0.0,43200.0,46.95652,35.32513,1502.0,16.5,0.9088030831986081,27.2,8,3,-0.7961828637826154,-0.6050560696488494,-0.8746197071393956,0.4848096202463373
2023-08-25,27.2,47413.35,0.0,14,1005.7,37.2,19.0,0,17.3,0.0,43200.0,46.95652,35.32513,1502.0,18.200000000000003,0.9111357877053615,26.6,8,4,-0.8064799463209447,-0.5912614448635782,-0.9781476007338056,-0.2079116908177598
2023-08-26,26.6,47291.43,0.0,25,1006.4,35.1,17.7,0,16.6,0.0,43200.0,46.95652,35.32513,1502.0,17.400000000000002,0.913484747659354,25.6,8,5,-0.8165380514459157,-0.5772916165517278,0.5299192642332049,0.848048096156426
2023-08-27,25.6,47168.45,0.0,34,1007.8,33.8,17.6,3,16.4,0.0,43200.0,46.95652,35.32513,1502.0,16.199999999999996,0.9158664319052249,26.8,8,6,-0.8263541987239094,-0.5631507242749187,0.6691306063588582,0.7431448254773942
2023-08-28,26.8,47044.34,0.0,26,1005.5,35.4,18.0,0,17.1,0.0,43200.0,46.95652,35.32513,1502.0,17.4,0.9182826244347355,25.1,8,0,-0.8359254794186365,-0.5488429582847199,-0.7071067811865475,-0.7071067811865477
2023-08-29,25.1,46919.21,0.0,27,1004.3,31.7,18.6,4,26.6,0.0,43147.96,46.95652,35.32513,1502.0,13.099999999999998,0.9196224744619528,23.1,8,1,-0.8452490573530634,-0.5343725582809785,-0.6018150231520484,-0.7986355100472928
2023-08-30,23.1,46793.15,0.0,35,1009.6,29.0,17.2,12,10.4,0.0,43068.51,46.95652,35.32513,1502.0,11.8,0.9204020246553182,23.7,8,2,-0.8543221697498269,-0.5197438121555157,-0.6946583704589976,0.7193398003386509
2023-08-31,23.7,46666.24,0.0,36,1012.4,30.0,16.1,4,8.6,0.0,42840.12,46.95652,35.32513,1502.0,13.899999999999999,0.9180109646716771,25.3,8,3,-0.8631421280499115,-0.5049610547215202,0.27563735581699916,0.9612616959383189
2023-09-01,25.3,46538.58,0.0,31,1011.7,32.1,17.0,15,10.0,0.0,42906.75,46.95652,35.32513,1502.0,15.100000000000001,0.9219608763309924,26.9,9,4,-0.8717063187093217,-0.4900286664290594,0.27563735581699916,0.9612616959383189
2023-09-02,26.9,46410.26,0.0,23,1009.9,34.8,18.0,2,13.2,0.0,42824.62,46.95652,35.32513,1502.0,16.799999999999997,0.922740359567044,27.5,9,5,-0.8800122039735356,-0.4749510720670502,-0.3420201433256686,0.9396926207859084
2023-09-03,27.5,46281.36,0.0,22,1009.4,35.8,18.8,9,17.6,0.0,42639.39,46.95652,35.32513,1502.0,16.999999999999996,0.921308060091579,27.1,9,6,-0.888057322629493,-0.4597327394521046,-0.32556815445715676,-0.9455185755993167
2023-09-04,27.1,46151.98,0.0,20,1010.6,34.4,21.1,1,21.8,0.0,42658.33,46.95652,35.32513,1502.0,13.299999999999997,0.9243011892447518,26.8,9,0,-0.8958392907349089,-0.4443781781046134,-0.017452406437283637,-0.9998476951563913
2023-09-05,26.8,46022.19,0.0,15,1012.4,35.1,20.2,0,13.6,0.0,42574.36,46.95652,35.32513,1502.0,14.900000000000002,0.9250833130713684,27.4,9,1,-0.9033558023246842,-0.4288919379124841,-0.2079116908177595,-0.9781476007338056
2023-09-06,27.4,45892.07,0.0,15,1011.7,35.9,19.2,0,12.3,0.0,41825.22,46.95652,35.32513,1502.0,16.7,0.9113822932807346,27.3,9,2,-0.9106046300942162,-0.41327860778290443,-0.6018150231520483,0.7986355100472928
2023-09-07,27.3,45761.73,0.0,13,1009.9,36.3,19.1,0,15.8,0.0,42405.2,46.95652,35.32513,1502.0,17.199999999999996,0.9266520299822579,25.6,9,3,-0.9175836260593934,-0.3975428142825566,-0.9563047559630353,-0.2923717047227371
2023-09-08,25.6,45631.22,0.0,14,1010.2,34.4,18.6,0,16.9,0.0,42320.2,46.95652,35.32513,1502.0,15.799999999999997,0.9274395907012786,24.1,9,4,-0.9242907221930934,-0.3816892202666586,-0.8910065241883678,-0.4539904997395469
2023-09-09,24.1,45500.64,0.0,22,1009.7,31.2,17.1,0,23.1,0.0,42235.05,46.95652,35.32513,1502.0,14.099999999999998,0.9282298007236822,24.7,9,5,-0.9307239310379793,-0.3657225234972692,-0.8090169943749473,-0.5877852522924732
2023-09-10,24.7,45370.06,0.0,26,1007.6,32.3,17.2,0,19.6,0.0,42149.84,46.95652,35.32513,1502.0,15.099999999999998,0.9290232369099798,23.3,9,6,-0.9368813462954315,-0.34964745525122826,-0.8910065241883678,-0.4539904997395469
2023-09-11,23.3,45239.57,0.0,26,1008.0,32.0,16.8,0,18.5,0.0,42064.64,46.95652,35.32513,1502.0,15.2,0.9298196247223393,23.7,9,0,-0.9427611433904206,-0.33346877891818705,-0.9986295347545738,-0.052335956242944306
2023-09-12,23.7,45109.23,0.0,26,1011.0,30.9,16.5,0,20.4,0.0,41979.57,46.95652,35.32513,1502.0,14.399999999999999,0.9306204073977764,25.1,9,1,-0.9483615800121716,-0.31719128858910595,-0.8660254037844385,-0.5000000000000004
2023-09-13,25.1,44979.14,0.0,25,1010.1,32.9,17.6,12,25.6,0.0,41453.19,46.95652,35.32513,1502.0,15.299999999999997,0.9216092170726253,23.6,9,2,-0.9536809966304455,-0.300819807635668,-0.754709580222772,-0.6560590289905073
2023-09-14,23.6,44849.36,0.0,29,1008.9,31.2,15.4,0,19.5,0.0,41810.13,46.95652,35.32513,1502.0,15.799999999999999,0.9322347074740865,21.5,9,3,-0.9587178169872964,-0.2843591872810036,-0.913545457642601,-0.4067366430758001
2023-09-15,21.5,44719.82,0.0,34,1012.6,28.5,14.3,2,9.4,0.0,41680.42,46.95652,35.32513,1502.0,14.2,0.9320346101571965,21.5,9,4,-0.9634705485641486,-0.26781430516217486,0.052335956242943835,0.9986295347545738
2023-09-16,21.5,44589.65,0.0,32,1011.5,29.3,13.9,0,9.7,0.0,41525.83,46.95652,35.32513,1502.0,15.4,0.9312885389322411,21.9,9,5,-0.9679377830240642,-0.25119006388481957,-0.06975647374412564,0.9975640502598242
2023-09-17,21.9,44458.76,0.0,27,1009.0,31.4,13.1,0,12.8,0.0,41214.45,46.95652,35.32513,1502.0,18.299999999999997,0.9270265297547658,21.7,9,6,-0.9721181966290612,-0.23449138957041052,-0.9743700647852352,0.22495105434386492
2023-09-18,21.7,44327.25,0.0,24,1009.1,30.3,14.0,0,9.6,0.0,41025.31,46.95652,35.32513,1502.0,16.3,0.9255099289940161,20.4,9,0,-0.9760105506323682,-0.21772323039653224,-0.22495105434386534,0.9743700647852351
2023-09-19,20.4,44195.21,0.0,43,1013.4,29.0,12.7,0,14.7,0.0,40602.62,46.95652,35.32513,1502.0,16.3,0.9187108738707205,21.1,9,1,-0.9796136916454901,-0.20089055513063528,0.6819983600624985,0.7313537016191705
2023-09-20,21.1,44062.71,0.0,34,1014.2,30.6,12.2,0,13.3,0.0,40427.97,46.95652,35.32513,1502.0,18.400000000000002,0.9175098399531032,21.7,9,2,-0.9829265519799822,-0.18399835165767986,0.48480962024633706,0.8746197071393957
2023-09-21,21.7,43929.84,0.0,28,1014.4,30.7,12.2,0,12.9,0.0,40257.8,46.95652,35.32513,1502.0,18.5,0.9164112594081837,22.0,9,3,-0.9859481499638303,-0.1670516255021195,0.29237170472273677,0.9563047559630354
2023-09-22,22.0,43796.68,0.0,26,1015.8,29.7,13.5,0,10.1,0.0,40092.44,46.95652,35.32513,1502.0,16.2,0.91542189955951,22.1,9,4,-0.9886775902323404,-0.15005539834465262,0.27563735581699916,0.9612616959383189
2023-09-23,22.1,43663.32,0.0,27,1014.9,31.2,13.2,0,14.2,0.0,39828.48,46.95652,35.32513,1502.0,18.0,0.9121725054347678,21.6,9,5,-0.9911140639934546,-0.13301470653419636,0.5150380749100542,0.8571673007021123
2023-09-24,21.6,43529.83,0.0,24,1013.5,30.8,12.6,0,15.8,0.0,39677.91,46.95652,35.32513,1502.0,18.200000000000003,0.9115107961597829,20.7,9,6,-0.9932568492674143,-0.11593459959550066,0.6156614753256583,0.7880107536067219
2023-09-25,20.7,43396.31,0.0,30,1012.9,30.4,11.5,15,13.4,0.1,39438.26,46.95652,35.32513,1502.0,18.9,0.9087929365423005,20.8,9,0,-0.9951053111006974,-0.09882013873287211,-0.20791169081775987,0.9781476007338056
2023-09-26,20.8,43262.82,0.0,37,1012.6,29.6,12.4,10,13.0,0.0,39304.91,46.95652,35.32513,1502.0,17.200000000000003,0.9085147477672515,19.5,9,1,-0.99665890175417,-0.08167639533042288,0.27563735581699916,0.9612616959383189
2023-09-27,19.5,43129.46,0.0,38,1016.7,28.1,11.7,1,15.0,0.0,39178.8,46.95652,35.32513,1502.0,16.400000000000002,0.9083999660556845,20.0,9,2,-0.9979171608653922,-0.06450844944931625,0.5299192642332049,0.848048096156426
2023-09-28,20.0,42996.3,0.0,33,1017.1,27.8,11.3,0,10.4,0.0,39141.24,46.95652,35.32513,1502.0,16.5,0.9103397269067337,20.4,9,3,-0.9988797155850335,-0.04732138832243232,0.39073112848927377,0.9205048534524404
2023-09-29,20.4,42863.42,0.0,26,1014.9,27.8,11.7,1,8.1,0.0,39025.94,46.95652,35.32513,1502.0,16.1,0.9104719128804936,19.3,9,4,-0.9995462806873573,-0.03012030484690836,0.20791169081775934,0.9781476007338057
2023-09-30,19.3,42730.92,0.0,28,1013.8,28.5,11.8,5,17.9,0.0,38974.21,46.95652,35.32513,1502.0,16.7,0.9120845046163294,18.0,9,5,-0.9999166586547379,-0.012910296075008843,-0.9961946980917455,0.08715574274765789
2023-10-01,18.0,42598.87,0.0,42,1014.4,24.5,11.8,82,13.7,0.0,33883.52,46.95652,35.32513,1502.0,12.7,0.7954088923016032,17.6,10,6,-0.9999907397361901,0.004303538296243821,-0.8386705679454242,-0.544639035015027
2023-10-02,17.6,42467.35,0.0,55,1015.0,23.3,13.1,81,26.7,1.4,26099.27,46.95652,35.32513,1502.0,10.200000000000001,0.6145726069556966,17.7,10,0,-0.9997685019798909,0.021516097436222233,-0.7071067811865475,-0.7071067811865477
2023-10-03,17.7,42336.46,0.0,53,1016.8,24.7,12.7,75,17.8,0.0,34313.15,46.95652,35.32513,1502.0,12.0,0.8104869892286696,15.7,10,1,-0.9992500112396835,0.03872228089217399,-0.6946583704589973,-0.7193398003386511
2023-10-04,15.7,42206.27,0.0,63,1019.3,21.9,11.8,78,18.5,1.5,9722.7,46.95652,35.32513,1502.0,10.099999999999998,0.23036150789918183,15.6,10,2,-0.9984354211555643,0.05591699010060302,-0.0348994967025009,-0.9993908270190958
2023-10-05,15.6,42076.7,0.0,51,1020.5,22.6,8.9,32,9.4,0.1,38733.17,46.95652,35.32513,1502.0,13.700000000000001,0.9205372569616914,16.5,10,3,-0.9973249731081555,0.07309512989807776,-0.5000000000000004,0.8660254037844384
2023-10-06,16.5,41946.8,0.0,37,1018.0,25.3,7.3,6,15.3,0.0,36745.03,46.95652,35.32513,1502.0,18.0,0.8759912555904145,17.5,10,4,-0.9959189961471792,0.0902516100310407,-0.9945218953682734,0.10452846326765299
2023-10-07,17.5,41816.51,0.0,49,1017.3,25.1,12.5,26,15.4,0.3,38633.91,46.95652,35.32513,1502.0,12.600000000000001,0.9238913051328291,18.7,10,5,-0.994217906893952,0.10738134666416306,-0.9986295347545738,-0.052335956242944306
2023-10-08,18.7,41685.9,0.0,39,1017.1,26.8,13.1,40,14.9,0.0,38583.67,46.95652,35.32513,1502.0,13.700000000000001,0.9255808318880004,18.9,10,6,-0.9922222094179324,0.12447926388678869,-0.9563047559630353,-0.2923717047227371
2023-10-09,18.9,41555.08,0.0,32,1017.6,25.6,13.0,10,21.0,0.0,38533.02,46.95652,35.32513,1502.0,12.600000000000001,0.9272757987711729,18.2,10,0,-0.989932495087353,0.141540295217043,-0.9205048534524403,-0.3907311284892738
2023-10-10,18.2,41424.14,0.0,43,1018.1,24.4,14.0,59,17.3,0.0,32401.34,46.95652,35.32513,1502.0,10.399999999999999,0.7821849771654885,18.5,10,1,-0.9873494423939864,0.15855938510313475,-0.45399049973954664,-0.8910065241883679
2023-10-11,18.5,41293.16,0.0,50,1016.9,26.1,13.1,58,21.7,5.2,33493.11,46.95652,35.32513,1502.0,13.000000000000002,0.8111055196550712,17.9,10,2,-0.9844738167520923,0.17553149042142777,-0.656059028990507,-0.7547095802227721
2023-10-12,17.9,41162.26,0.0,55,1019.2,25.2,10.0,23,15.6,0.6,38182.55,46.95652,35.32513,1502.0,15.2,0.9276106316805734,16.5,10,3,-0.9813064702716093,0.19245158197082995,-0.5299192642332048,-0.8480480961564261
2023-10-13,16.5,41031.52,0.0,47,1019.2,25.8,8.6,2,17.8,0.0,38047.45,46.95652,35.32513,1502.0,17.200000000000003,0.9272737154265793,16.0,10,4,-0.9778483415056567,0.20931464596304888,-0.9702957262759966,0.24192189559966742
2023-10-14,16.0,40901.04,0.0,41,1018.6,23.1,9.5,0,8.1,0.0,37912.43,46.95652,35.32513,1502.0,13.600000000000001,0.926930708852391,17.8,10,5,-0.9741004551724206,0.22611568550828803,0.12186934340514748,0.992546151641322
2023-10-15,17.8,40770.93,0.0,38,1015.1,25.8,10.1,27,13.5,0.1,37272.7,46.95652,35.32513,1502.0,15.700000000000001,0.9141979346558933,16.0,10,6,-0.970063921851507,0.2428497220959358,-0.46947156278589086,-0.8829475928589269
2023-10-16,16.0,40641.27,0.0,46,1011.5,22.6,9.6,2,19.5,0.0,37624.01,46.95652,35.32513,1502.0,13.000000000000002,0.925758717677868,14.2,10,0,-0.965739937654855,0.25951179706979943,-0.7660444431189779,-0.6427876096865395
2023-10-17,14.2,40512.17,0.0,57,1015.8,20.6,8.7,16,8.9,0.0,35157.5,46.95652,35.32513,1502.0,11.900000000000002,0.8678256435041619,14.2,10,1,-0.9611297838723007,0.27609697309746883,-0.9063077870366498,0.4226182617406996
2023-10-18,14.2,40383.74,0.0,52,1017.7,22.2,9.8,10,15.5,0.0,37172.28,46.95652,35.32513,1502.0,12.399999999999999,0.9204764095648398,15.7,10,2,-0.9562348265919058,0.2926003356333479,-0.7431448254773944,-0.6691306063588581
2023-10-19,15.7,40256.07,0.0,48,1018.0,22.4,10.3,29,17.3,0.2,35959.41,46.95652,35.32513,1502.0,12.099999999999998,0.8932667793950081,14.9,10,3,-0.9510565162951536,0.30901699437494723,-0.848048096156426,-0.529919264233205
2023-10-20,14.9,40129.28,0.0,57,1019.2,21.9,9.6,36,10.0,0.2,36097.41,46.95652,35.32513,1502.0,12.299999999999999,0.8995279755829161,15.3,10,4,-0.9455963874271428,0.3253420847119795,-0.7880107536067218,0.6156614753256585
2023-10-21,15.3,40003.46,0.0,48,1019.1,23.5,10.0,7,14.7,0.0,36520.96,46.95652,35.32513,1502.0,13.5,0.9129450302548829,14.7,10,5,-0.9398560579418953,0.341570769167856,-1.0,-1.8369701987210297e-16
2023-10-22,14.7,39878.74,0.0,44,1020.9,22.4,8.4,37,16.4,0.0,36311.85,46.95652,35.32513,1502.0,13.999999999999998,0.9105566023399937,14.4,10,6,-0.9338372288229252,0.35769823883312546,0.6560590289905073,0.754709580222772
2023-10-23,14.4,39755.21,0.0,46,1020.5,23.2,8.4,20,10.6,0.0,35985.99,46.95652,35.32513,1502.0,14.799999999999999,0.9051892821091877,14.6,10,0,-0.9275416835791965,0.3737197147904692,-0.9902680687415704,0.13917310096006547
2023-10-24,14.6,39633.0,0.0,47,1017.8,21.7,9.3,80,15.1,0.0,33084.55,46.95652,35.32513,1502.0,12.399999999999999,0.8347727903514749,13.8,10,1,-0.9209712877166347,0.38963044953078774,-0.9925461516413221,-0.12186934340514717
2023-10-25,13.8,39512.02,0.0,56,1020.1,20.7,8.9,6,16.4,0.0,35828.76,46.95652,35.32513,1502.0,11.799999999999999,0.906781278203443,13.6,10,2,-0.9141279881853337,0.4054257283599973,-0.9135454576426011,0.40673664307579976
2023-10-26,13.6,39391.24,0.0,58,1021.1,21.7,8.1,24,12.9,0.0,35749.61,46.95652,35.32513,1502.0,13.6,0.9075522882752612,13.8,10,3,-0.9070138128026362,0.42110087079608916,-0.9396926207859083,0.342020143325669
2023-10-27,13.8,39270.57,0.0,54,1019.8,21.9,8.8,30,10.1,0.0,35557.93,46.95652,35.32513,1502.0,13.099999999999998,0.9054599920500263,14.9,10,4,-0.8996308696522434,0.4366512319560638,-0.898794046299167,0.4383711467890774
2023-10-28,14.9,39150.13,0.0,49,1019.0,23.1,8.6,39,14.3,0.0,34588.68,46.95652,35.32513,1502.0,14.500000000000002,0.8834882540619917,15.6,10,5,-0.8919813464595487,0.45207220393230374,-0.7771459614569708,0.6293203910498375
2023-10-29,15.6,39030.02,0.0,44,1018.8,23.7,10.2,36,9.9,0.0,35188.18,46.95652,35.32513,1502.0,13.5,0.901567050183423,15.7,10,6,-0.8840675099433637,0.46735921715800205,-0.8746197071393959,-0.48480962024633684
2023-10-30,15.7,38910.36,0.0,39,1020.6,22.2,10.5,100,9.8,0.0,30987.61,46.95652,35.32513,1502.0,11.7,0.7963845618493378,12.5,10,0,-0.8758917051442433,0.48250774176121763,0.0697564737441253,0.9975640502598242
2023-10-31,12.5,38791.27,0.0,71,1023.9,17.3,8.9,92,7.8,2.1,9895.17,46.95652,35.32513,1502.0,8.4,0.2550875493377763,12.8,10,1,-0.8674563547295971,0.4975132889071803,0.374606593415912,0.9271838545667874
2023-11-01,12.8,38672.85,0.0,74,1022.7,18.9,8.2,65,15.2,0.1,33746.45,46.95652,35.32513,1502.0,10.7,0.8726134743107891,12.2,11,2,-0.858763958275803,0.5123714121284235,0.9271838545667874,-0.37460659341591207
2023-11-02,12.2,38555.25,0.0,77,1021.0,16.5,9.5,60,10.9,2.6,23311.48,46.95652,35.32513,1502.0,7.0,0.6046253104311345,12.3,11,3,-0.8498170915275277,0.5270777086423724,0.20791169081775931,-0.9781476007338057
2023-11-03,12.3,38438.56,0.0,72,1018.7,18.1,8.2,65,10.3,1.1,32866.57,46.95652,35.32513,1502.0,9.900000000000002,0.8550416560870127,11.0,11,4,-0.8406184056344783,0.5416278206559811,-0.9961946980917455,0.08715574274765789
2023-11-04,11.0,38322.93,0.0,75,1017.5,17.1,5.1,25,13.0,1.2,32863.15,46.95652,35.32513,1502.0,12.000000000000002,0.8575322920246443,11.0,11,5,-0.8311706263658079,0.5560174366570446,-0.798635510047293,0.6018150231520479
2023-11-05,11.0,38208.46,0.0,61,1018.6,17.5,4.0,3,7.9,0.0,33863.53,46.95652,35.32513,1502.0,13.5,0.8862835612845951,11.4,11,6,-0.8214765533024145,0.5702422926917867,-0.4383711467890778,0.8987940462991668
2023-11-06,11.4,38095.3,0.0,54,1018.1,20.1,6.4,5,11.6,0.0,33812.97,46.95652,35.32513,1502.0,13.700000000000001,0.8875890201678421,11.2,11,0,-0.8115390590073611,0.5842981736283683,-0.9563047559630353,-0.2923717047227371
2023-11-07,11.2,37983.57,0.0,64,1019.1,19.0,5.2,1,8.7,0.0,33605.13,46.95652,35.32513,1502.0,13.8,0.8847280547878991,12.4,11,1,-0.801361088174677,0.5981809144059158,-0.6560590289905074,0.7547095802227719
2023-11-08,12.4,37873.41,0.0,54,1021.1,19.4,5.7,0,8.0,0.0,33630.27,46.95652,35.32513,1502.0,13.7,0.8879651977469152,12.4,11,2,-0.7909456567567774,0.6118864012687242,-0.20791169081775987,0.9781476007338056
2023-11-09,12.4,37764.95,0.0,49,1021.3,21.0,6.6,12,10.9,0.0,33507.61,46.95652,35.32513,1502.0,14.4,0.8872674265423363,12.5,11,3,-0.780295851070776,0.6254105729852457,-0.7193398003386512,-0.6946583704589973
2023-11-10,12.5,37658.34,0.0,49,1022.6,19.6,8.2,62,11.3,0.0,26131.69,46.95652,35.32513,1502.0,11.400000000000002,0.6939150796344183,13.7,11,4,-0.7694148268839381,0.6387494220515268,-0.8910065241883678,-0.4539904997395469
2023-11-11,13.7,37553.7,0.0,45,1024.6,19.7,8.3,80,9.7,0.0,32400.0,46.95652,35.32513,1502.0,11.399999999999999,0.8627645212056336,13.5,11,5,-0.7583058084785625,0.6518989958787125,0.5591929034707469,-0.8290375725550416
2023-11-12,13.5,37451.17,0.0,48,1024.6,19.4,9.2,76,9.4,0.0,28800.0,46.95652,35.32513,1502.0,10.2,0.7690013422811625,12.9,11,6,-0.7469720876965551,0.6648553979642866,0.5150380749100544,-0.8571673007021122
2023-11-13,12.9,37350.92,0.0,54,1023.0,19.6,8.3,48,6.6,0.0,32958.25,46.95652,35.32513,1502.0,11.3,0.8823945969737828,12.8,11,0,-0.7354170229639858,0.6776147890466887,0.9945218953682733,-0.10452846326765355
2023-11-14,12.8,37252.89,0.0,53,1018.7,20.1,7.8,40,11.5,0.0,32952.14,46.95652,35.32513,1502.0,12.3,0.8845525810212308,9.5,11,1,-0.7236440382959124,0.690173388242972,0.17364817766693028,-0.984807753012208
2023-11-15,9.5,37156.06,0.0,80,1018.4,10.9,8.3,98,16.9,7.5,0.0,46.95652,35.32513,1502.0,2.5999999999999996,0.0,10.0,11,2,-0.711656622281775,0.7025274741691566,0.4694715627858907,-0.882947592858927
2023-11-16,10.0,37060.37,0.0,76,1017.5,15.5,5.1,73,10.7,0.2,22181.3,46.95652,35.32513,1502.0,10.4,0.5985180396202195,10.3,11,3,-0.6994583270516471,0.7146733860429608,-0.46947156278589086,-0.8829475928589269
2023-11-17,10.3,36965.91,0.0,74,1018.9,15.1,5.7,49,17.9,0.1,23004.92,46.95652,35.32513,1502.0,9.399999999999999,0.6223279773174797,9.2,11,4,-0.6870527672236675,0.7266075247685652,-0.7071067811865475,-0.7071067811865477
2023-11-18,9.2,36872.81,0.0,80,1019.7,15.2,5.5,37,12.4,0.6,16804.1,46.95652,35.32513,1502.0,9.7,0.45573147259457575,9.3,11,5,-0.6744436188329457,0.7383263540031063,-0.8290375725550418,-0.5591929034707466
2023-11-19,9.3,36781.19,0.0,66,1015.1,16.5,3.2,47,19.1,0.0,32830.78,46.95652,35.32513,1502.0,13.3,0.8925970040664807,7.5,11,6,-0.661634618242279,0.749826401204568,0.258819045102521,-0.9659258262890682
2023-11-20,7.5,36691.16,0.42,86,1007.1,9.9,4.3,86,13.9,29.3,562.78,46.95652,35.32513,1502.0,5.6000000000000005,0.015338299470499158,3.4,11,0,-0.6486295610349818,0.7611042586607742,-0.017452406437283637,-0.9998476951563913
2023-11-21,3.4,36602.86,1.54,70,1017.9,7.8,-2.1,32,22.2,5.2,32495.3,46.95652,35.32513,1502.0,9.9,0.8877803537756339,4.0,11,1,-0.6354323008901775,0.7721565844991641,-0.8571673007021121,-0.5150380749100544
2023-11-22,4.0,36516.38,0.0,54,1026.9,10.5,-2.1,44,6.5,0.0,32595.02,46.95652,35.32513,1502.0,12.6,0.8926136709060428,7.0,11,2,-0.622046748440868,0.7829801036770624,-0.7880107536067221,-0.6156614753256581
2023-11-23,7.0,36431.87,0.0,44,1019.0,14.6,1.9,85,7.2,0.0,26813.38,46.95652,35.32513,1502.0,12.7,0.7359869257328816,5.9,11,3,-0.6084768701151264,0.7935716089521472,-0.29237170472273677,-0.9563047559630354
2023-11-24,5.9,36349.45,0.0,48,1016.2,13.5,0.8,0,6.4,0.0,32464.75,46.95652,35.32513,1502.0,12.7,0.8931290569733518,8.2,11,4,-0.594726686960764,0.8039279618328208,-0.9945218953682734,-0.10452846326765336
2023-11-25,8.2,36269.24,0.0,52,1017.6,15.0,3.5,72,10.4,0.0,32152.63,46.95652,35.32513,1502.0,11.5,0.8864985866811658,8.3,11,5,-0.5808002734538013,0.8140460935082175,-0.43837114678907746,-0.8987940462991669
2023-11-26,8.3,36191.38,0.0,67,1016.2,13.4,3.5,54,15.9,0.0,30876.1,46.95652,35.32513,1502.0,9.9,0.8531340888355183,9.5,11,6,-0.5667017562911184,0.8239230057575536,-0.35836794954530043,-0.9335804264972017
2023-11-27,9.5,36115.99,0.0,76,1012.7,15.8,5.6,50,24.8,0.6,29329.69,46.95652,35.32513,1502.0,10.200000000000001,0.8120970794376674,5.6,11,0,-0.5524353131676203,0.8335557718385695,-0.29237170472273677,-0.9563047559630354
2023-11-28,5.6,36043.21,0.0,74,1017.7,11.7,-0.9,31,14.1,0.5,22182.86,46.95652,35.32513,1502.0,12.6,0.6154518423858475,6.2,11,1,-0.5380051715382992,0.8429415373547832,-0.9925461516413221,-0.12186934340514717
2023-11-29,6.2,35973.16,0.0,63,1022.2,12.3,-0.5,1,7.9,0.0,32081.04,46.95652,35.32513,1502.0,12.8,0.8918048900902783,7.7,11,2,-0.5234156073655503,0.8520775211013093,-0.7071067811865475,-0.7071067811865477
2023-11-30,7.7,35905.99,0.0,48,1021.8,15.5,3.5,45,6.4,0.0,31955.37,46.95652,35.32513,1502.0,12.0,0.8899732328784139,8.5,11,3,-0.5086709438521042,0.8609610158889945,-0.12186934340514731,-0.9925461516413221
2023-12-01,8.5,35841.82,0.0,44,1022.3,15.2,4.5,38,6.9,0.0,28967.71,46.95652,35.32513,1502.0,10.7,0.8082097951499114,7.6,12,4,-0.49377555015997737,0.8695893893466109,0.12186934340514748,0.992546151641322
2023-12-02,7.6,35780.8,0.0,46,1023.4,13.9,2.7,0,7.5,0.0,31907.58,46.95652,35.32513,1502.0,11.2,0.8917514421142064,7.8,12,5,-0.4787338401157883,0.8779600847008883,0.9063077870366499,0.42261826174069944
2023-12-03,7.8,35723.04,0.0,47,1025.3,14.2,3.0,4,7.9,0.0,31852.6,46.95652,35.32513,1502.0,11.2,0.8916542377132517,7.4,12,6,-0.4635502709028512,0.8860706215341378,0.8571673007021123,-0.5150380749100543
2023-12-04,7.4,35668.57,0.0,42,1025.7,15.1,3.6,5,7.4,0.0,31799.28,46.95652,35.32513,1502.0,11.5,0.8915210225697301,7.7,12,0,-0.4482293417404106,0.893918596519257,-2.4492935982947064e-16,1.0
2023-12-05,7.7,35616.71,0.0,43,1023.8,14.5,3.9,3,6.7,0.0,31746.82,46.95652,35.32513,1502.0,10.6,0.8913462248478313,6.6,12,1,-0.4327755925504317,0.9015016841318838,0.9993908270190958,0.03489949670250108
2023-12-06,6.6,35567.42,0.0,55,1020.9,10.9,3.0,68,13.2,0.0,23608.68,46.95652,35.32513,1502.0,7.9,0.6637726323697362,7.4,12,2,-0.41719360261231697,0.9088176373395028,0.24192189559966773,-0.9702957262759965
2023-12-07,7.4,35520.73,0.0,64,1019.9,13.3,3.0,78,15.8,0.0,29850.28,46.95652,35.32513,1502.0,10.3,0.8403622335464388,8.2,12,3,-0.4014879892059737,0.9158642882672868,-0.8910065241883678,-0.4539904997395469
2023-12-08,8.2,35476.71,0.0,65,1021.4,14.5,3.5,50,8.2,0.0,31269.69,46.95652,35.32513,1502.0,11.0,0.8814145956600823,8.0,12,4,-0.38566340624360745,0.9226395488404875,-0.15643446504023073,-0.9876883405951378
2023-12-09,8.0,35435.42,0.0,66,1020.2,14.7,3.9,55,18.7,0.7,29751.96,46.95652,35.32513,1502.0,10.799999999999999,0.8396107623389253,7.2,12,5,-0.3697245428906732,0.9291414114031743,-0.052335956242943564,-0.9986295347545738
2023-12-10,7.2,35396.91,0.0,66,1022.1,14.5,2.0,55,12.9,0.0,31328.53,46.95652,35.32513,1502.0,12.5,0.8850639787484273,7.9,12,6,-0.3536761221763721,0.935367949313148,-0.9335804264972016,-0.3583679495453007
2023-12-11,7.9,35361.25,0.0,55,1022.5,14.0,3.7,91,8.4,0.0,29113.18,46.95652,35.32513,1502.0,10.3,0.8233074339849411,9.5,12,0,-0.33752289959411347,0.941317317512847,-0.06975647374412527,-0.9975640502598242
2023-12-12,9.5,35328.48,0.0,56,1017.3,14.1,6.5,98,9.4,1.8,17127.87,46.95652,35.32513,1502.0,7.6,0.48481763155391905,5.8,12,1,-0.32126966169236515,0.9469877530760751,0.3420201433256689,-0.9396926207859083
2023-12-13,5.8,35298.66,0.07,90,1012.8,7.9,3.4,100,15.7,20.1,0.0,46.95652,35.32513,1502.0,4.5,0.0,5.2,12,2,-0.3049212246562894,0.9523775757303973,0.24192189559966773,-0.9702957262759965
2023-12-14,5.2,35271.85,0.0,77,1017.9,9.7,-0.5,48,12.0,0.1,28870.47,46.95652,35.32513,1502.0,10.2,0.8185130635336678,4.7,12,3,-0.2884824328806098,0.9574851883550389,-0.891006524188368,0.45399049973954664
2023-12-15,4.7,35248.09,0.0,67,1026.1,11.1,-2.4,31,4.2,0.0,31341.32,46.95652,35.32513,1502.0,13.5,0.8891636397887092,8.2,12,4,-0.27195815753410524,0.9623090774541487,-0.6946583704589976,0.7193398003386509
2023-12-16,8.2,35227.44,0.0,54,1027.0,14.1,2.3,72,7.4,0.0,31057.53,46.95652,35.32513,1502.0,11.8,0.8816289233620155,8.5,12,5,-0.2553532951161881,0.9668478136052773,0.17364817766693028,-0.984807753012208
2023-12-17,8.5,35209.96,0.0,48,1022.2,15.9,3.6,12,10.6,0.0,31265.56,46.95652,35.32513,1502.0,12.3,0.8879748798351376,4.0,12,6,-0.23867276600594997,0.9711000518829505,-0.5591929034707467,-0.8290375725550417
2023-12-18,4.0,35195.68,0.0,67,1021.3,11.4,-1.7,18,9.1,0.0,31230.45,46.95652,35.32513,1502.0,13.1,0.8873375937046819,3.7,12,0,-0.22192151300416674,0.9750645322571945,-0.5000000000000004,0.8660254037844384
2023-12-19,3.7,35184.66,0.0,63,1023.5,9.2,-2.6,43,10.8,0.0,30277.45,46.95652,35.32513,1502.0,11.799999999999999,0.8605298445402058,4.0,12,1,-0.20510449986861926,0.9787400799669153,0.42261826174069944,0.9063077870366499
2023-12-20,4.0,35176.95,0.0,63,1024.7,9.3,-1.3,18,10.5,0.0,31242.7,46.95652,35.32513,1502.0,10.600000000000001,0.8881582968392656,4.3,12,2,-0.1882267098432439,0.9821256058680006,-0.034899496702500823,0.9993908270190958
2023-12-21,4.3,35172.58,0.0,63,1021.9,9.9,1.1,44,7.8,0.0,31137.09,46.95652,35.32513,1502.0,8.8,0.8852660225664424,4.4,12,3,-0.1712931441814778,0.9852201067560606,-0.6293203910498376,-0.7771459614569708
2023-12-22,4.4,35171.61,3.78,79,1015.8,6.8,0.5,84,16.6,7.2,7334.07,46.95652,35.32513,1502.0,6.3,0.20852244182168514,5.8,12,4,-0.154308820664281,0.9880226656636976,0.0871557427476582,-0.9961946980917455
2023-12-23,5.8,35174.09,0.0,80,1012.7,9.6,3.2,84,19.3,0.5,20320.22,46.95652,35.32513,1502.0,6.3999999999999995,0.5777042135276279,5.8,12,5,-0.13727877211326517,0.9905324521322227,-0.052335956242943564,-0.9986295347545738
2023-12-24,5.8,35180.04,0.07,87,1016.7,7.0,5.1,98,16.6,5.1,258.49,46.95652,35.32513,1502.0,1.9000000000000004,0.007347632350616998,5.4,12,6,-0.12020804489935275,0.9927487224577402,-0.08715574274765794,-0.9961946980917455
2023-12-25,5.4,35189.52,0.0,73,1022.9,9.2,1.9,34,19.1,1.0,27913.66,46.95652,35.32513,1502.0,7.299999999999999,0.7932378730940349,3.9,12,0,-0.10310169744743544,0.9946708199115211,-0.7771459614569706,-0.6293203910498378
2023-12-26,3.9,35202.49,0.0,74,1027.1,10.4,0.1,15,8.4,0.0,30799.33,46.95652,35.32513,1502.0,10.3,0.8749190753267738,5.8,12,1,-0.0859647987374467,0.9962981749346077,-0.8746197071393959,-0.48480962024633684
2023-12-27,5.8,35218.88,0.0,70,1025.4,11.5,0.6,33,8.4,0.0,31278.12,46.95652,35.32513,1502.0,10.9,0.8881066064565369,6.3,12,2,-0.06880242680232064,0.9976303053065857,0.3090169943749475,-0.9510565162951535
2023-12-28,6.3,35238.63,0.0,72,1021.7,11.7,1.9,74,10.0,0.2,26169.15,46.95652,35.32513,1502.0,9.799999999999999,0.7426267706775208,3.8,12,3,-0.05161966722325418,0.9986668162884759,-0.6293203910498376,-0.7771459614569708
2023-12-29,3.8,35261.69,0.0,74,1026.1,10.0,-1.5,31,7.0,0.0,29939.7,46.95652,35.32513,1502.0,11.5,0.84907161284669,5.0,12,4,-0.034421611622745804,0.9994074007397048,-0.4226182617406992,0.90630778703665
2023-12-30,5.0,35287.98,0.0,72,1024.6,11.1,-1.1,0,6.4,0.0,31450.92,46.95652,35.32513,1502.0,12.2,0.8912643908775735,5.3,12,5,-0.01721335615583528,0.9998518392091162,-0.3420201433256686,0.9396926207859084
2023-12-31,5.3,35317.45,0.0,73,1022.2,11.9,1.7,51,9.0,0.0,31450.78,46.95652,35.32513,1502.0,10.200000000000001,0.8905167275666845,4.6,12,6,6.432490598706546e-16,1.0,-0.48480962024633695,-0.8746197071393959
2024-01-01,4.6,35350.04,0.0,73,1022.9,11.2,0.9,39,8.5,0.0,27905.54,46.95652,35.32513,1502.0,10.299999999999999,0.7894061788897552,4.8,1,0,0.017213356155834685,0.9998518392091162,-0.6156614753256582,0.788010753606722
2024-01-02,4.8,35385.66,0.0,70,1021.6,9.9,0.8,85,8.9,0.0,26362.47,46.95652,35.32513,1502.0,9.1,0.7450043322634083,3.2,1,1,0.03442161162274574,0.9994074007397048,0.4226182617406995,-0.9063077870366499
2024-01-03,3.2,35424.27,0.0,67,1019.2,9.1,-1.1,30,12.8,0.0,31785.59,46.95652,35.32513,1502.0,10.2,0.8972828515591148,3.0,1,2,0.051619667223253764,0.998666816288476,-0.9993908270190958,-0.03489949670250076
2024-01-04,3.0,35465.8,0.0,73,1021.0,10.1,-1.1,27,9.4,0.0,31910.29,46.95652,35.32513,1502.0,11.2,0.8997482081329055,5.3,1,3,0.06880242680231986,0.9976303053065857,-0.9510565162951535,-0.30901699437494756
2024-01-05,5.3,35510.17,0.0,73,1019.1,9.5,1.2,77,16.8,0.2,27497.7,46.95652,35.32513,1502.0,8.3,0.7743612604501753,3.7,1,4,0.08596479873744647,0.9962981749346078,-0.5446390350150271,-0.838670567945424
2024-01-06,3.7,35557.31,0.42,70,1022.6,8.2,-2.0,30,14.7,4.9,30363.08,46.95652,35.32513,1502.0,10.2,0.8539194894101945,3.5,1,5,0.10310169744743485,0.9946708199115211,-0.9271838545667874,0.37460659341591196
2024-01-07,3.5,35607.16,0.0,49,1027.1,9.2,-2.1,0,4.8,0.0,32240.37,46.95652,35.32513,1502.0,11.299999999999999,0.9054462641783281,5.3,1,6,0.1202080448993527,0.9927487224577402,-0.9702957262759966,0.24192189559966742
2024-01-08,5.3,35659.65,0.0,38,1024.1,11.9,2.4,81,9.1,0.0,27792.61,46.95652,35.32513,1502.0,9.5,0.7793853837600762,5.4,1,0,0.13727877211326478,0.9905324521322229,-0.06975647374412527,-0.9975640502598242
2024-01-09,5.4,35714.71,0.0,41,1021.0,12.2,0.3,73,11.9,0.0,29441.16,46.95652,35.32513,1502.0,11.899999999999999,0.8243426868088807,1.9,1,1,0.15430882066428117,0.9880226656636976,-0.32556815445715676,-0.9455185755993167
2024-01-10,1.9,35772.27,11.2,83,1020.0,4.6,-0.5,96,8.8,17.7,0.0,46.95652,35.32513,1502.0,5.1,0.0,1.4,1,2,0.1712931441814776,0.9852201067560606,-0.22495105434386498,-0.9743700647852352
2024-01-11,1.4,35832.27,2.59,91,1017.4,4.9,-2.6,93,7.1,4.5,15636.5,46.95652,35.32513,1502.0,7.5,0.4363803911948643,1.3,1,3,0.1882267098432442,0.9821256058680006,-0.8571673007021121,-0.5150380749100544
2024-01-12,1.3,35894.62,0.07,90,1013.8,5.3,-2.1,84,9.1,0.8,15329.82,46.95652,35.32513,1502.0,7.4,0.4270784869710279,3.3,1,4,0.2051044998686192,0.9787400799669153,-0.374606593415912,-0.9271838545667874
2024-01-13,3.3,35959.41,5.46,91,1013.6,4.5,2.0,100,18.4,18.0,1380.27,46.95652,35.32513,1502.0,2.5,0.03838411141895821,3.3,1,5,0.2219215130041655,0.9750645322571948,-0.06975647374412527,-0.9975640502598242
2024-01-14,3.3,36027.36,0.14,85,1016.0,6.9,-1.4,74,19.2,6.6,24864.62,46.95652,35.32513,1502.0,8.3,0.6901593677693841,2.5,1,6,0.2386727660059501,0.9711000518829505,-0.46947156278589086,-0.8829475928589269
2024-01-15,2.5,36098.45,0.0,86,1023.2,6.7,-0.4,67,7.6,0.0,23730.45,46.95652,35.32513,1502.0,7.1000000000000005,0.6573814111132196,-0.0,1,0,0.255353295116187,0.9668478136052775,-0.9876883405951378,0.15643446504023067
2024-01-16,-0.0,36172.56,0.0,85,1026.2,6.3,-3.6,60,7.0,0.0,31270.47,46.95652,35.32513,1502.0,9.9,0.8644804238350839,1.5,1,1,0.2719581575341055,0.9623090774541486,-0.8829475928589271,0.4694715627858904
2024-01-17,1.5,36249.54,0.0,77,1022.6,8.8,-2.9,72,7.6,0.0,32818.2,46.95652,35.32513,1502.0,11.700000000000001,0.9053411436393398,2.4,1,2,0.288482432880609,0.9574851883550393,-0.7547095802227722,0.656059028990507
2024-01-18,2.4,36329.25,0.0,68,1021.9,10.4,-2.2,26,9.4,0.0,32619.17,46.95652,35.32513,1502.0,12.600000000000001,0.8978762292092459,3.1,1,3,0.30492122465628907,0.9523775757303974,-0.45399049973954697,0.8910065241883678
2024-01-19,3.1,36411.55,0.0,65,1023.4,10.3,-2.6,55,7.9,0.0,33117.79,46.95652,35.32513,1502.0,12.9,0.9095407913148438,3.5,1,4,0.3212696616923644,0.9469877530760753,-0.898794046299167,0.4383711467890774
2024-01-20,3.5,36496.31,0.0,66,1024.2,9.6,-1.2,50,7.2,0.0,31520.44,46.95652,35.32513,1502.0,10.799999999999999,0.8636610112090785,3.7,1,5,0.3375228995941133,0.9413173175128471,-0.9563047559630354,0.2923717047227367
2024-01-21,3.7,36583.38,0.0,72,1024.1,10.1,-0.7,55,9.1,0.0,30850.54,46.95652,35.32513,1502.0,10.799999999999999,0.8432938673244518,5.9,1,6,0.3536761221763716,0.9353679493131483,-0.9993908270190958,0.03489949670250128
2024-01-22,5.9,36672.64,0.35,70,1022.3,11.9,1.3,67,10.7,5.5,29571.23,46.95652,35.32513,1502.0,10.6,0.806356728067573,6.0,1,0,0.3697245428906731,0.9291414114031743,-0.5446390350150271,-0.838670567945424
2024-01-23,6.0,36763.95,0.0,81,1017.5,11.3,2.5,52,14.7,0.3,28998.17,46.95652,35.32513,1502.0,8.8,0.7887664410380277,5.0,1,1,0.38566340624360707,0.9226395488404876,-0.2079116908177595,-0.9781476007338056
2024-01-24,5.0,36857.17,0.98,78,1015.3,9.9,0.3,59,18.4,5.1,28311.51,46.95652,35.32513,1502.0,9.6,0.7681411785006825,3.5,1,2,0.401487989205973,0.9158642882672872,-0.5735764363510462,-0.8191520442889918
2024-01-25,3.5,36952.19,1.75,85,1018.7,5.9,1.0,88,10.6,5.0,88.42,46.95652,35.32513,1502.0,4.9,0.002392821643318028,3.9,1,3,0.4171936026123168,0.9088176373395029,-0.6293203910498376,-0.7771459614569708
2024-01-26,3.9,37048.88,0.0,75,1016.2,8.1,-0.4,77,13.4,0.1,25814.32,46.95652,35.32513,1502.0,8.5,0.6967638427936284,3.2,1,4,0.4327755925504312,0.901501684131884,-0.39073112848927355,-0.9205048534524404
2024-01-27,3.2,37147.09,3.43,80,1012.6,7.4,-1.9,72,16.1,6.7,22840.74,46.95652,35.32513,1502.0,9.3,0.6148729281351515,-0.7,1,5,0.4482293417404106,0.893918596519257,-0.3090169943749473,-0.9510565162951536
2024-01-28,-0.7,37246.73,0.0,70,1021.4,4.0,-5.4,20,15.3,0.0,32303.07,46.95652,35.32513,1502.0,9.4,0.8672726437998718,-0.7,1,6,0.4635502709028509,0.886070621534138,-0.9902680687415703,-0.13917310096006583
2024-01-29,-0.7,37347.66,0.0,66,1023.9,5.2,-5.6,34,12.4,0.0,34116.18,46.95652,35.32513,1502.0,10.8,0.9134757036987056,1.8,1,0,0.47873384011578846,0.8779600847008882,-0.9876883405951377,-0.15643446504023104
2024-01-30,1.8,37449.76,1.47,63,1023.2,8.5,-3.4,49,8.4,2.2,34241.1,46.95652,35.32513,1502.0,11.9,0.9143209462490547,1.4,1,1,0.49377555015997715,0.869589389346611,-0.5877852522924734,0.8090169943749473
2024-01-31,1.4,37552.92,7.28,72,1022.5,7.7,-3.0,47,12.0,10.8,30951.68,46.95652,35.32513,1502.0,10.7,0.8242150011237476,0.3,1,2,0.5086709438521044,0.8609610158889943,-0.4226182617406992,0.90630778703665
2024-02-01,0.3,37657.02,5.18,80,1017.1,4.1,-3.6,82,9.9,7.4,25884.87,46.95652,35.32513,1502.0,7.699999999999999,0.6873849816050235,-1.3,2,3,0.5234156073655503,0.8520775211013093,0.5150380749100542,0.8571673007021123
2024-02-02,-1.3,37762.14,2.31,83,1017.1,0.9,-6.8,95,10.2,3.3,2974.85,46.95652,35.32513,1502.0,7.7,0.07877863913432873,-2.2,2,4,0.5380051715382996,0.8429415373547828,0.224951054343865,0.9743700647852352
2024-02-03,-2.2,37869.34,0.35,80,1024.7,2.0,-8.2,66,9.7,0.4,24681.91,46.95652,35.32513,1502.0,10.2,0.6517649898308236,-1.0,2,5,0.5524353131676196,0.8335557718385699,-0.8571673007021121,-0.5150380749100544
2024-02-04,-1.0,37978.66,0.91,79,1024.5,2.8,-6.8,79,9.8,1.3,27190.34,46.95652,35.32513,1502.0,9.6,0.7159373184835904,2.0,2,6,0.5667017562911176,0.8239230057575542,-0.29237170472273677,-0.9563047559630354
2024-02-05,2.0,38089.96,1.75,81,1020.2,4.3,-0.7,88,14.6,2.5,17745.88,46.95652,35.32513,1502.0,5.0,0.4658938995997896,2.4,2,0,0.5808002734538009,0.8140460935082178,-0.45399049973954664,-0.8910065241883679
2024-02-06,2.4,38203.1,0.35,77,1021.3,5.4,-1.6,76,21.4,0.5,15370.01,46.95652,35.32513,1502.0,7.0,0.4023236334224186,1.1,2,1,0.5947266869607634,0.8039279618328213,-0.7431448254773944,-0.6691306063588581
2024-02-07,1.1,38317.94,0.0,79,1026.7,7.3,-3.1,60,11.1,0.0,22810.31,46.95652,35.32513,1502.0,10.4,0.5952906132219008,3.1,2,2,0.6084768701151261,0.7935716089521474,-0.9455185755993168,-0.32556815445715664
2024-02-08,3.1,38434.34,0.0,73,1025.6,11.3,-1.4,33,12.0,0.0,34961.57,46.95652,35.32513,1502.0,12.700000000000001,0.9096440839103781,4.4,2,3,0.6220467484408675,0.7829801036770629,-0.9702957262759965,-0.24192189559966779
2024-02-09,4.4,38552.16,0.0,64,1022.9,11.7,-0.1,90,8.9,0.0,35288.71,46.95652,35.32513,1502.0,11.799999999999999,0.9153497495341375,5.3,2,4,0.6354323008901774,0.7721565844991642,-0.39073112848927355,-0.9205048534524404
2024-02-10,5.3,38671.29,0.0,63,1021.9,12.3,1.0,63,8.9,0.0,34203.77,46.95652,35.32513,1502.0,11.3,0.8844745029193491,6.2,2,5,0.6486295610349814,0.7611042586607747,-0.5591929034707466,0.8290375725550418
2024-02-11,6.2,38791.57,0.0,58,1023.0,13.7,-0.2,7,8.5,0.0,35445.74,46.95652,35.32513,1502.0,13.899999999999999,0.9137485283529385,8.0,2,6,0.6616346182422783,0.7498264012045686,-0.4383711467890778,0.8987940462991668
2024-02-12,8.0,38912.89,0.0,47,1023.3,14.7,2.5,19,5.5,0.0,35510.14,46.95652,35.32513,1502.0,12.2,0.9125546830369062,9.1,2,0,0.6744436188329455,0.7383263540031065,-0.7660444431189781,0.6427876096865393
2024-02-13,9.1,39035.12,0.0,51,1020.9,15.6,4.0,94,10.2,0.0,32876.5,46.95652,35.32513,1502.0,11.6,0.8422287417074674,8.7,2,1,0.6870527672236669,0.7266075247685656,0.10452846326765373,-0.9945218953682733
2024-02-14,8.7,39158.14,0.0,66,1017.4,14.0,5.0,87,27.0,3.6,21222.48,46.95652,35.32513,1502.0,9.0,0.5419685408959669,6.7,2,2,0.699458327051647,0.7146733860429609,0.17364817766693028,-0.984807753012208
2024-02-15,6.7,39281.83,3.64,87,1017.3,8.9,4.6,99,18.5,35.5,0.0,46.95652,35.32513,1502.0,4.300000000000001,0.0,6.2,2,3,0.7116566222817746,0.7025274741691571,0.3583679495453002,-0.9335804264972017
2024-02-16,6.2,39406.07,3.5,86,1016.5,11.3,2.5,99,11.8,15.3,7319.5,46.95652,35.32513,1502.0,8.8,0.1857454955543651,3.9,2,4,0.7236440382959124,0.6901733882429719,0.12186934340514755,-0.992546151641322
2024-02-17,3.9,39530.74,0.77,84,1017.8,7.0,0.6,91,16.6,2.6,15742.48,46.95652,35.32513,1502.0,6.4,0.39823388077228,3.1,2,5,0.7354170229639855,0.6776147890466889,-0.6691306063588582,-0.7431448254773942
2024-02-18,3.1,39655.73,0.28,82,1018.9,8.4,-2.0,65,11.5,1.9,31459.33,46.95652,35.32513,1502.0,10.4,0.7933110801389862,2.6,2,6,0.7469720876965552,0.6648553979642865,-0.9975640502598242,-0.06975647374412558
2024-02-19,2.6,39780.91,2.1,80,1019.3,8.5,-2.5,77,6.5,4.2,29634.71,46.95652,35.32513,1502.0,11.0,0.7449480165235033,2.9,2,0,0.7583058084785624,0.6518989958787126,-0.7313537016191703,0.6819983600624986
2024-02-20,2.9,39906.19,0.35,76,1020.3,8.5,-1.3,56,8.5,0.9,36000.0,46.95652,35.32513,1502.0,9.8,0.9021156868145016,3.4,2,1,0.7694148268839378,0.6387494220515272,-0.9063077870366502,-0.42261826174069916
2024-02-21,3.4,40031.45,0.0,69,1022.1,9.9,-2.2,51,9.3,0.1,32550.97,46.95652,35.32513,1502.0,12.100000000000001,0.8131349226670531,3.0,2,2,0.7802958510707755,0.6254105729852463,-0.9659258262890683,-0.25881904510252063
2024-02-22,3.0,40156.79,0.0,69,1021.9,11.3,-2.8,5,13.0,0.0,36006.92,46.95652,35.32513,1502.0,14.100000000000001,0.8966583235363185,4.3,2,3,0.7909456567567772,0.6118864012687243,-0.9961946980917455,0.08715574274765789
2024-02-23,4.3,40283.25,0.0,70,1022.2,11.7,-2.9,86,17.5,1.8,34728.35,46.95652,35.32513,1502.0,14.6,0.8621039762184034,5.9,2,4,0.8013610881746766,0.5981809144059165,-0.9993908270190958,0.03489949670250128
2024-02-24,5.9,40410.92,0.0,71,1019.1,11.0,0.2,100,11.6,1.0,2735.84,46.95652,35.32513,1502.0,10.8,0.06770051263371386,0.8,2,5,0.8115390590073611,0.5842981736283684,-0.7660444431189781,0.6427876096865393
2024-02-25,0.8,40539.7,0.07,55,1022.2,5.3,-4.5,64,23.3,0.1,36000.0,46.95652,35.32513,1502.0,9.8,0.8880184115817336,-2.1,2,6,0.8214765533024142,0.5702422926917871,0.6946583704589973,0.7193398003386512
2024-02-26,-2.1,40669.47,0.0,51,1024.0,1.2,-4.7,69,29.9,0.0,27475.16,46.95652,35.32513,1502.0,5.9,0.6755721183482352,-1.2,2,0,0.8311706263658079,0.5560174366570446,0.8480480961564261,0.5299192642332049
2024-02-27,-1.2,40800.14,0.14,58,1023.0,2.1,-5.0,94,17.8,0.2,22297.17,46.95652,35.32513,1502.0,7.1,0.546497389469742,-1.8,2,1,0.8406184056344782,0.5416278206559814,0.838670567945424,0.5446390350150271
2024-02-28,-1.8,40931.58,1.47,60,1024.1,1.6,-5.8,63,23.6,2.1,8715.69,46.95652,35.32513,1502.0,7.4,0.21293314355321735,-1.4,2,2,0.8498170915275278,0.5270777086423722,0.6819983600624985,0.7313537016191705
2024-02-29,-1.4,41063.7,0.0,33,1027.5,5.0,-6.4,0,14.3,0.0,36434.46,46.95652,35.32513,1502.0,11.4,0.8872668561284054,1.6,2,3,0.8587639582758029,0.5123714121284237,0.3420201433256687,0.9396926207859084
2024-03-01,1.6,41196.39,0.0,33,1025.3,7.9,-5.4,0,6.1,0.0,36554.49,46.95652,35.32513,1502.0,13.3,0.8873226513294005,3.0,3,4,0.8674563547295969,0.49751328890718066,0.052335956242943835,0.9986295347545738
2024-03-02,3.0,41329.55,0.0,40,1019.6,12.0,-2.1,8,8.4,0.0,36652.68,46.95652,35.32513,1502.0,14.1,0.8868395615243814,4.5,3,5,0.8758917051442429,0.48250774176121847,-0.9998476951563913,0.01745240643728313
2024-03-03,4.5,41463.08,1.19,52,1014.9,11.4,-0.5,62,11.7,1.7,34573.43,46.95652,35.32513,1502.0,11.9,0.8338365119040843,4.5,3,6,0.8840675099433636,0.4673592171580022,-0.6018150231520484,-0.7986355100472928
2024-03-04,4.5,41596.89,3.85,68,1013.8,9.5,0.2,74,6.2,7.0,33482.4,46.95652,35.32513,1502.0,9.3,0.804925560540704,3.0,3,0,0.8919813464595485,0.45207220393230435,-0.034899496702500823,0.9993908270190958
2024-03-05,3.0,41730.87,1.12,73,1017.8,9.6,-3.1,38,12.3,3.0,36604.15,46.95652,35.32513,1502.0,12.7,0.8771480201586979,4.4,3,1,0.8996308696522433,0.43665123195606403,-0.9135454576426011,0.40673664307579976
2024-03-06,4.4,41864.93,0.0,66,1018.6,11.1,-1.5,17,16.7,0.0,36773.15,46.95652,35.32513,1502.0,12.6,0.8783760058836836,6.2,3,2,0.9070138128026359,0.4211008707960896,-0.961261695938319,-0.2756373558169989
2024-03-07,6.2,41998.96,0.0,65,1014.5,11.5,2.4,44,21.1,0.8,33910.16,46.95652,35.32513,1502.0,9.1,0.8074047547844043,5.0,3,3,0.9141279881853337,0.40542572835999735,-0.4067366430758002,-0.9135454576426009
2024-03-08,5.0,42132.88,1.05,65,1015.6,10.8,0.6,7,18.1,4.2,37345.1,46.95652,35.32513,1502.0,10.200000000000001,0.886364758354995,4.7,3,4,0.9209712877166346,0.38963044953078796,-0.9659258262890683,-0.25881904510252063
2024-03-09,4.7,42266.59,0.0,61,1016.2,11.5,-0.9,22,15.5,0.3,37361.41,46.95652,35.32513,1502.0,12.4,0.8839466349189752,5.8,3,5,0.9275416835791966,0.37371971479046906,-0.9063077870366502,-0.42261826174069916
2024-03-10,5.8,42399.99,0.0,66,1015.7,11.1,1.1,48,20.2,2.4,36903.91,46.95652,35.32513,1502.0,10.0,0.8703754411262834,4.6,3,6,0.9338372288229252,0.35769823883312546,-0.7193398003386512,-0.6946583704589973
2024-03-11,4.6,42532.99,0.0,70,1018.7,11.5,-1.2,28,15.1,1.4,37706.67,46.95652,35.32513,1502.0,12.7,0.8865276106852586,5.8,3,0,0.9398560579418954,0.3415707691678556,-0.9205048534524405,0.3907311284892735
2024-03-12,5.8,42665.49,0.0,61,1022.9,14.3,-1.3,0,9.4,0.0,38545.38,46.95652,35.32513,1502.0,15.600000000000001,0.9034322587177599,9.0,3,1,0.9455963874271426,0.3253420847119801,-0.9998476951563913,-0.017452406437283498
2024-03-13,9.0,42797.58,0.0,48,1020.8,17.2,2.7,44,8.9,0.0,38812.91,46.95652,35.32513,1502.0,14.5,0.9068949692949929,11.4,3,2,0.9510565162951535,0.30901699437494745,-0.46947156278589086,-0.8829475928589269
2024-03-14,11.4,42930.22,0.0,42,1018.5,18.5,5.1,61,18.2,0.0,37195.18,46.95652,35.32513,1502.0,13.4,0.8664101884406835,10.5,3,3,0.9562348265919056,0.29260033563334836,0.24192189559966773,-0.9702957262759965
2024-03-15,10.5,43063.52,0.0,60,1015.8,16.4,5.7,62,18.7,2.7,32242.6,46.95652,35.32513,1502.0,10.7,0.7487218880388784,7.8,3,4,0.9611297838723007,0.27609697309746883,-0.32556815445715676,-0.9455185755993167
2024-03-16,7.8,43197.38,0.0,69,1017.7,14.0,1.4,26,19.3,4.5,37833.62,46.95652,35.32513,1502.0,12.6,0.8758313582907112,7.6,3,5,0.9657399376548549,0.2595117970697999,-0.9945218953682734,-0.10452846326765336
2024-03-17,7.6,43331.71,0.0,63,1019.5,15.2,2.0,28,16.2,0.0,39811.26,46.95652,35.32513,1502.0,13.2,0.9187558026212214,8.4,3,6,0.9700639218515071,0.2428497220959356,-0.9659258262890683,-0.25881904510252063
2024-03-18,8.4,43466.44,0.0,79,1016.1,10.8,5.6,100,11.3,37.0,0.0,46.95652,35.32513,1502.0,5.200000000000001,0.0,8.5,3,0,0.9741004551724205,0.22611568550828828,0.37460659341591224,-0.9271838545667873
2024-03-19,8.5,43601.46,0.0,85,1008.8,11.8,4.9,99,25.1,26.0,854.06,46.95652,35.32513,1502.0,6.9,0.019587876185797447,5.9,3,1,0.9778483415056568,0.20931464596304847,0.13917310096006533,-0.9902680687415704
2024-03-20,5.9,43736.71,0.28,77,1016.5,9.9,2.4,52,19.6,5.7,29028.42,46.95652,35.32513,1502.0,7.5,0.6637083584933572,6.3,3,2,0.9813064702716093,0.19245158197082998,-0.7071067811865475,-0.7071067811865477
2024-03-21,6.3,43872.09,0.0,71,1018.6,13.0,1.1,42,11.3,0.7,37966.41,46.95652,35.32513,1502.0,11.9,0.8653886787704895,7.1,3,3,0.9844738167520922,0.1755314904214282,-0.882947592858927,-0.46947156278589075
2024-03-22,7.1,44007.52,0.0,72,1013.2,13.9,2.9,63,20.5,0.8,26099.09,46.95652,35.32513,1502.0,11.0,0.593059777056285,7.5,3,4,0.9873494423939864,0.15855938510313475,0.03489949670250114,-0.9993908270190958
2024-03-23,7.5,44142.91,0.0,75,1013.1,12.9,3.4,72,18.5,2.0,25075.29,46.95652,35.32513,1502.0,9.5,0.5680479605898207,8.0,3,5,0.989932495087353,0.141540295217043,-0.5000000000000001,-0.8660254037844386
2024-03-24,8.0,44278.18,0.14,73,1009.9,14.0,1.8,91,18.1,4.0,23015.11,46.95652,35.32513,1502.0,12.2,0.519784462685684,7.0,3,6,0.9922222094179323,0.12447926388678915,0.2756373558169992,-0.9612616959383189
2024-03-25,7.0,44413.25,0.0,75,1008.2,11.9,0.6,68,22.8,2.1,34860.01,46.95652,35.32513,1502.0,11.3,0.7849011274788492,5.9,3,0,0.994217906893952,0.10738134666416309,-0.5735764363510462,-0.8191520442889918
2024-03-26,5.9,44548.0,0.0,68,1017.9,10.5,-1.0,61,23.5,0.7,37766.62,46.95652,35.32513,1502.0,11.5,0.8477736374248003,7.3,3,1,0.995918996147179,0.09025161003104117,-0.6293203910498376,-0.7771459614569708
2024-03-27,7.3,44682.39,0.0,74,1019.4,12.2,1.3,81,24.5,1.1,24773.1,46.95652,35.32513,1502.0,10.899999999999999,0.5544264753966831,7.0,3,2,0.9973249731081555,0.07309512989807777,-0.8386705679454242,-0.544639035015027
2024-03-28,7.0,44816.29,0.0,68,1020.9,14.0,0.9,27,17.4,0.0,40843.38,46.95652,35.32513,1502.0,13.1,0.9113512073400095,8.7,3,3,0.9984354211555643,0.055916990100603484,-0.8480480961564261,0.5299192642332047
2024-03-29,8.7,44949.64,0.0,43,1020.0,16.0,-0.3,7,7.4,0.0,41980.6,46.95652,35.32513,1502.0,16.3,0.9339474131494713,10.1,3,4,0.9992500112396835,0.03872228089217446,-0.10452846326765342,0.9945218953682733
2024-03-30,10.1,45082.33,0.0,43,1019.1,18.1,2.7,68,11.0,0.0,39275.14,46.95652,35.32513,1502.0,15.400000000000002,0.871187003866038,11.7,3,5,0.9997685019798909,0.021516097436222254,-0.7660444431189779,-0.6427876096865395
2024-03-31,11.7,45214.29,0.0,44,1021.4,18.6,4.6,1,12.7,0.0,42242.53,46.95652,35.32513,1502.0,14.000000000000002,0.9342738766881001,11.6,3,6,0.9999907397361901,0.004303538296244289,-0.6819983600624983,0.7313537016191707
2024-04-01,11.6,45345.41,0.0,45,1019.0,19.0,3.4,10,9.8,0.0,42372.06,46.95652,35.32513,1502.0,15.6,0.9344288650163268,11.1,4,0,0.9999166586547379,-0.01291029607500882,0.20791169081775934,0.9781476007338057
2024-04-02,11.1,45475.77,0.0,44,1016.9,18.0,2.9,20,8.1,0.0,42500.54,46.95652,35.32513,1502.0,15.1,0.9345754893210165,11.8,4,1,0.9995462806873573,-0.030120304846908114,0.0,1.0
2024-04-03,11.8,45606.29,0.0,46,1014.8,19.0,4.4,4,8.0,0.0,42628.69,46.95652,35.32513,1502.0,14.6,0.9347107602920562,12.8,4,2,0.9988797155850336,-0.04732138832243185,-0.9396926207859083,0.342020143325669
2024-04-04,12.8,45737.05,0.0,53,1016.5,21.0,7.2,15,14.4,0.0,42696.61,46.95652,35.32513,1502.0,13.8,0.9335234782304499,14.0,4,3,0.9979171608653922,-0.06450844944931623,-0.981627183447664,-0.1908089953765446
2024-04-05,14.0,45867.96,0.0,53,1017.1,21.0,6.9,3,13.4,0.0,42743.98,46.95652,35.32513,1502.0,14.1,0.9318918914205037,15.2,4,4,0.9966589017541702,-0.08167639533042241,-0.9902680687415704,0.13917310096006547
2024-04-06,15.2,45998.96,0.0,45,1014.8,21.3,10.1,37,18.9,0.0,42791.27,46.95652,35.32513,1502.0,11.200000000000001,0.9302660321015953,14.1,4,5,0.9951053111006976,-0.09882013873287143,-0.5000000000000001,-0.8660254037844386
2024-04-07,14.1,46129.93,0.0,54,1012.1,20.1,9.5,93,20.3,5.0,28083.68,46.95652,35.32513,1502.0,10.600000000000001,0.6087952008598322,13.4,4,6,0.9932568492674143,-0.11593459959550041,-0.275637355816999,-0.9612616959383189
2024-04-08,13.4,46260.82,0.0,64,1015.1,19.8,8.1,21,18.9,0.5,42885.62,46.95652,35.32513,1502.0,11.700000000000001,0.9270397714523868,15.4,4,0,0.9911140639934547,-0.1330147065341959,-0.46947156278589086,-0.8829475928589269
2024-04-09,15.4,46391.52,0.0,51,1014.4,22.2,6.8,44,17.4,0.1,42932.71,46.95652,35.32513,1502.0,15.399999999999999,0.9254430551100719,10.2,4,1,0.9886775902323405,-0.1500553983446526,0.3420201433256689,-0.9396926207859083
2024-04-10,10.2,46521.95,0.0,84,1013.9,14.5,5.9,80,10.2,10.6,10544.78,46.95652,35.32513,1502.0,8.6,0.22666246793180425,8.7,4,2,0.9859481499638304,-0.16705162550211924,-0.6293203910498376,-0.7771459614569708
2024-04-11,8.7,46652.02,0.0,77,1015.2,15.2,3.4,55,15.8,4.9,43026.7,46.95652,35.32513,1502.0,11.799999999999999,0.9222901816470113,9.2,4,3,0.9829265519799822,-0.18399835165768005,-0.9781476007338056,-0.2079116908177598
2024-04-12,9.2,46781.64,0.0,60,1017.5,14.3,4.0,36,22.1,0.0,36949.23,46.95652,35.32513,1502.0,10.3,0.789823315300618,9.6,4,4,0.9796136916454901,-0.20089055513063506,0.754709580222772,0.6560590289905073
2024-04-13,9.6,46910.71,0.0,52,1014.0,17.2,1.8,27,12.7,0.0,43120.48,46.95652,35.32513,1502.0,15.399999999999999,0.919203311994212,11.8,4,5,0.9760105506323683,-0.21772323039653177,0.39073112848927377,0.9205048534524404
2024-04-14,11.8,47039.15,0.0,40,1013.0,18.0,2.6,15,6.8,0.0,43167.3,46.95652,35.32513,1502.0,15.4,0.9176887762640269,12.2,4,6,0.9721181966290613,-0.23449138957040985,0.052335956242943835,0.9986295347545738
2024-04-15,12.2,47166.86,0.0,47,1014.3,18.5,5.5,83,7.9,0.0,35175.44,46.95652,35.32513,1502.0,13.0,0.7457659890864052,12.7,4,0,0.9679377830240642,-0.25119006388481935,-0.5877852522924734,0.8090169943749473
2024-04-16,12.7,47293.74,0.0,51,1015.9,20.7,4.6,6,14.2,0.0,43200.0,46.95652,35.32513,1502.0,16.1,0.9134401297084984,14.6,4,1,0.9634705485641488,-0.2678143051621742,0.6156614753256583,0.7880107536067219
2024-04-17,14.6,47419.7,0.0,41,1014.2,20.8,5.3,0,11.0,0.0,43200.0,46.95652,35.32513,1502.0,15.5,0.9110137769745487,15.2,4,2,0.9587178169872964,-0.2843591872810034,0.4067366430758002,0.9135454576426009
2024-04-18,15.2,47544.63,0.0,42,1013.5,22.8,9.0,17,13.8,0.0,43200.0,46.95652,35.32513,1502.0,13.8,0.9086199640211734,15.6,4,3,0.9536809966304457,-0.30081980763566735,-0.9335804264972017,0.3583679495453004
2024-04-19,15.6,47668.43,0.0,47,1012.3,22.4,9.5,14,17.6,0.1,43200.0,46.95652,35.32513,1502.0,12.899999999999999,0.9062601810044929,16.3,4,4,0.9483615800121715,-0.3171912885891061,-0.7660444431189781,0.6427876096865393
2024-04-20,16.3,47791.0,0.0,46,1013.1,23.5,10.1,27,14.5,0.0,43200.0,46.95652,35.32513,1502.0,13.4,0.9039358875102007,13.2,4,5,0.9427611433904207,-0.3334687789181868,-0.891006524188368,0.45399049973954664
2024-04-21,13.2,47912.23,0.0,72,1015.0,18.2,8.7,90,11.0,5.5,15945.65,46.95652,35.32513,1502.0,9.5,0.33280959788346315,12.7,4,6,0.9368813462954315,-0.3496474552512284,-0.9396926207859084,-0.34202014332566855
2024-04-22,12.7,48032.18,0.0,72,1016.9,18.0,7.5,90,15.3,3.5,21806.96,46.95652,35.32513,1502.0,10.5,0.4540072926109121,12.8,4,0,0.9307239310379795,-0.36572252349726897,-0.9743700647852351,-0.22495105434386525
2024-04-23,12.8,48151.74,0.0,61,1017.6,19.0,6.1,15,19.4,0.0,42631.17,46.95652,35.32513,1502.0,12.9,0.8853505605404913,12.3,4,1,0.9242907221930933,-0.3816892202666588,0.4694715627858908,0.882947592858927
2024-04-24,12.3,48270.96,0.0,49,1016.7,20.0,4.2,0,23.4,0.0,43412.52,46.95652,35.32513,1502.0,15.8,0.8993506654932903,13.7,4,2,0.9175836260593937,-0.39754281428255595,0.5446390350150271,0.838670567945424
2024-04-25,13.7,48389.77,0.0,39,1015.7,22.2,3.2,1,11.0,0.0,43519.34,46.95652,35.32513,1502.0,19.0,0.8993500072432665,16.2,4,3,0.9106046300942162,-0.4132786077829042,0.39073112848927377,0.9205048534524404
2024-04-26,16.2,48508.08,0.0,36,1014.3,23.2,7.5,0,8.8,0.0,43631.12,46.95652,35.32513,1502.0,15.7,0.8994608733225475,15.8,4,4,0.9033558023246845,-0.4288919379124835,-0.3420201433256686,0.9396926207859084
2024-04-27,15.8,48625.79,0.0,39,1016.1,24.1,7.3,0,11.2,0.0,43628.16,46.95652,35.32513,1502.0,16.8,0.8972226466654836,16.9,4,5,0.895839290734909,-0.4443781781046132,0.4067366430758002,0.9135454576426009
2024-04-28,16.9,48742.79,0.0,38,1017.9,25.2,7.9,0,9.9,0.0,43746.52,46.95652,35.32513,1502.0,17.299999999999997,0.8974972503625663,19.1,4,6,0.8880573226294932,-0.45973273945210397,0.29237170472273677,0.9563047559630354
2024-04-29,19.1,48859.02,0.0,33,1016.2,25.9,9.7,42,8.4,0.0,43869.2,46.95652,35.32513,1502.0,16.2,0.8978731051093534,16.6,4,0,0.8800122039735357,-0.47495107206704995,0.3255681544571567,0.9455185755993168
2024-04-30,16.6,48974.34,0.0,61,1015.6,24.5,12.2,89,18.2,2.4,32942.24,46.95652,35.32513,1502.0,12.3,0.6726428574637249,14.4,4,1,0.8717063187093218,-0.4900286664290592,-0.15643446504023073,-0.9876883405951378
2024-05-01,14.4,49088.67,0.0,78,1012.5,21.2,10.8,84,18.8,18.8,26020.62,46.95652,35.32513,1502.0,10.399999999999999,0.530073843923659,14.1,5,2,0.8631421280499114,-0.5049610547215204,0.9961946980917455,0.08715574274765814
2024-05-02,14.1,49201.91,0.0,76,1006.9,18.3,11.1,88,14.2,18.2,23548.65,46.95652,35.32513,1502.0,7.200000000000001,0.4786125172782926,12.4,5,3,0.854322169749827,-0.5197438121555155,-0.20791169081775987,0.9781476007338056
2024-05-03,12.4,49313.95,0.0,81,1005.2,17.2,6.8,89,13.8,8.3,11975.81,46.95652,35.32513,1502.0,10.399999999999999,0.24284832182374358,12.5,5,4,0.8452490573530633,-0.5343725582809786,-0.39073112848927355,-0.9205048534524404
2024-05-04,12.5,49424.68,0.0,70,1010.3,16.9,7.3,29,21.7,1.4,43200.0,46.95652,35.32513,1502.0,9.599999999999998,0.8740572523686547,13.5,5,5,0.8359254794186372,-0.548842958284719,-0.8290375725550418,-0.5591929034707466
2024-05-05,13.5,49534.0,0.0,62,1012.4,19.5,8.0,70,19.0,1.3,39267.92,46.95652,35.32513,1502.0,11.5,0.7927468001776558,13.0,5,6,0.8263541987239096,-0.5631507242749186,-0.2419218955996675,-0.9702957262759965
2024-05-06,13.0,49641.79,0.0,73,1011.7,17.9,7.4,75,24.8,5.1,38471.41,46.95652,35.32513,1502.0,10.499999999999998,0.7749803139653103,11.8,5,0,0.8165380514459161,-0.5772916165517272,1.2246467991473532e-16,-1.0
2024-05-07,11.8,49747.93,0.0,67,1012.7,16.3,6.9,46,18.1,2.8,43570.29,46.95652,35.32513,1502.0,9.4,0.8758211648203252,10.8,5,1,0.8064799463209448,-0.5912614448635781,-0.35836794954530043,-0.9335804264972017
2024-05-08,10.8,49852.32,0.0,65,1016.0,16.7,5.5,15,15.3,1.0,44564.12,46.95652,35.32513,1502.0,11.2,0.8939226900573535,12.6,5,2,0.7961828637826158,-0.6050560696488488,-0.9986295347545738,-0.052335956242944306
2024-05-09,12.6,49954.85,0.0,60,1017.2,18.8,6.4,35,7.1,0.0,45002.47,46.95652,35.32513,1502.0,12.4,0.9008628791798995,15.5,5,3,0.7856498550787147,-0.6186714032625031,-0.5000000000000004,0.8660254037844384
2024-05-10,15.5,50055.38,0.0,48,1017.5,22.0,9.1,13,14.5,0.0,45157.27,46.95652,35.32513,1502.0,12.9,0.9021461828878334,17.8,5,4,0.7748840413670407,-0.6321034111873487,-0.9902680687415704,0.13917310096006547
2024-05-11,17.8,50153.8,0.0,44,1016.3,24.6,9.9,47,13.8,0.1,41871.92,46.95652,35.32513,1502.0,14.700000000000001,0.8348703388377351,19.1,5,5,0.7638886127905428,-0.6453481132295501,0.17364817766693028,-0.984807753012208
2024-05-12,19.1,50250.13,0.0,50,1010.6,25.4,12.5,65,22.4,0.1,45175.29,46.95652,35.32513,1502.0,12.899999999999999,0.8990084204757282,14.0,5,6,0.7526668275320085,-0.6584015846980488,-0.5000000000000001,-0.8660254037844386
2024-05-13,14.0,50345.14,0.0,75,1010.3,19.5,9.6,69,12.1,15.5,28850.39,46.95652,35.32513,1502.0,9.9,0.5730521357175687,14.1,5,0,0.7412220108485958,-0.6712599575675313,-0.12186934340514731,-0.9925461516413221
2024-05-14,14.1,50438.91,0.0,57,1012.1,19.4,8.9,6,16.7,1.6,45685.53,46.95652,35.32513,1502.0,10.499999999999998,0.9057596605477793,14.7,5,1,0.7295575540864875,-0.6839194216246106,-0.8746197071393959,-0.48480962024633684
2024-05-15,14.7,50531.34,0.0,52,1015.0,22.3,8.5,5,12.0,0.0,45979.79,46.95652,35.32513,1502.0,13.8,0.9099261962971891,14.7,5,2,0.717676913675962,-0.6963762255968722,-0.48480962024633695,-0.8746197071393959
2024-05-16,14.7,50622.33,0.0,55,1017.3,20.4,9.4,31,14.9,0.1,40877.09,46.95652,35.32513,1502.0,10.999999999999998,0.8074912790462232,14.9,5,3,0.705583610107178,-0.7086266782644596,-0.6427876096865393,-0.766044443118978
2024-05-17,14.9,50711.8,0.0,51,1015.0,21.1,7.6,10,23.5,3.3,44715.24,46.95652,35.32513,1502.0,13.500000000000002,0.8817521760221486,15.3,5,4,0.6932812268869777,-0.7206671495538609,-0.848048096156426,-0.529919264233205
2024-05-18,15.3,50799.66,0.0,43,1014.3,20.8,7.7,2,18.8,0.0,46188.69,46.95652,35.32513,1502.0,13.100000000000001,0.9092322665151695,16.4,5,5,0.6807734094770161,-0.7324940716135789,-0.9743700647852351,-0.22495105434386525
2024-05-19,16.4,50885.8,0.0,54,1013.0,23.1,9.7,15,16.9,0.3,46220.28,46.95652,35.32513,1502.0,13.400000000000002,0.9083139107570284,17.2,5,6,0.6680638642135335,-0.7441039398713607,-0.9659258262890683,-0.25881904510252063
2024-05-20,17.2,50970.15,0.0,59,1012.8,24.4,12.5,73,22.5,0.6,34218.1,46.95652,35.32513,1502.0,11.899999999999999,0.6713360663054748,17.9,5,0,0.6551563572090853,-0.7554933140726803,-0.1045284632676535,-0.9945218953682733
2024-05-21,17.9,51052.6,0.0,58,1012.6,25.1,10.8,52,18.1,0.2,45871.58,46.95652,35.32513,1502.0,14.3,0.8985160403192003,15.4,5,1,0.6420547132365637,-0.766658819300159,-0.9998476951563913,0.01745240643728313
2024-05-22,15.4,51133.05,0.0,71,1012.9,22.9,9.4,52,13.7,1.6,36549.77,46.95652,35.32513,1502.0,13.499999999999998,0.7147973766477844,16.8,5,2,0.6287628145958344,-0.7775971469736269,-0.9743700647852352,0.22495105434386492
2024-05-23,16.8,51211.41,0.0,62,1011.5,23.8,8.9,39,7.4,0.0,44644.64,46.95652,35.32513,1502.0,14.9,0.871771349392645,19.2,5,3,0.6152845999633276,-0.7883050558305255,-0.29237170472273716,0.9563047559630353
2024-05-24,19.2,51287.57,0.0,45,1011.2,25.2,12.6,22,13.4,0.2,46476.07,46.95652,35.32513,1502.0,12.6,0.9061858458102031,18.9,5,4,0.6016240632249226,-0.7987793728863649,-0.7193398003386512,-0.6946583704589973
2024-05-25,18.9,51361.45,0.0,49,1012.0,24.7,12.9,37,18.0,0.4,43060.84,46.95652,35.32513,1502.0,11.799999999999999,0.8383883243171678,18.4,5,5,0.5877852522924732,-0.8090169943749473,-0.275637355816999,-0.9612616959383189
2024-05-26,18.4,51432.92,0.0,48,1011.8,26.7,9.8,0,18.7,0.0,47023.22,46.95652,35.32513,1502.0,16.9,0.9142630828659932,18.7,5,6,0.5737722679043246,-0.8190148866680801,-0.9563047559630353,-0.2923717047227371
2024-05-27,18.7,51501.91,0.0,46,1013.9,27.4,11.3,0,9.7,0.0,47050.0,46.95652,35.32513,1502.0,16.099999999999998,0.9135583515252153,20.9,5,0,0.5595892624101765,-0.8287700871745038,-0.8290375725550416,0.559192903470747
2024-05-28,20.9,51568.29,0.0,36,1015.2,27.8,11.8,0,17.6,0.0,47074.9,46.95652,35.32513,1502.0,16.0,0.9128652511068333,21.7,5,1,0.545240438540651,-0.8382797052177744,-0.8290375725550416,0.559192903470747
2024-05-29,21.7,51631.97,0.0,38,1013.7,29.5,14.8,6,15.3,0.0,47098.0,46.95652,35.32513,1502.0,14.7,0.9121867711032525,22.7,5,2,0.5307300481619334,-0.8475409228928311,-0.7771459614569708,0.6293203910498375
2024-05-30,22.7,51692.85,0.0,38,1013.2,30.8,13.0,4,9.4,0.0,47250.57,46.95652,35.32513,1502.0,17.8,0.914063937275658,24.0,5,3,0.5160623910158528,-0.8565509959010036,-0.5735764363510465,0.8191520442889916
2024-05-31,24.0,51750.82,0.0,35,1013.9,33.3,14.9,3,18.1,0.0,47404.0,46.95652,35.32513,1502.0,18.4,0.9160048091991586,21.5,5,4,0.5012418134457758,-0.865307254363206,-0.6819983600624984,-0.7313537016191706
2024-06-01,21.5,51805.87,0.0,30,1013.8,29.4,12.9,0,16.8,0.0,47558.09,46.95652,35.32513,1502.0,16.5,0.9180058167153644,21.3,6,5,0.48627270710868997,-0.8738071036110808,-0.9945218953682734,-0.10452846326765336
2024-06-02,21.3,51858.47,0.0,34,1013.2,29.0,12.1,0,8.9,0.0,47577.48,46.95652,35.32513,1502.0,16.9,0.9174485865086263,21.6,6,6,0.4711595076738638,-0.8820480249558537,-0.1564344650402311,0.9876883405951377
2024-06-03,21.6,51908.66,0.0,39,1013.7,29.3,13.1,0,15.0,0.0,47731.15,46.95652,35.32513,1502.0,16.200000000000003,0.9195219063639862,22.3,6,0,0.4559066935084588,-0.8900275764346767,0.6427876096865393,0.766044443118978
2024-06-04,22.3,51956.41,0.0,35,1012.3,29.9,12.2,0,16.0,0.0,47885.11,46.95652,35.32513,1502.0,17.7,0.9216400825230227,23.0,6,1,0.440518784350495,-0.8977433935342337,0.5446390350150271,0.838670567945424
2024-06-05,23.0,52001.66,0.0,36,1010.7,30.4,13.7,3,15.8,0.0,47623.08,46.95652,35.32513,1502.0,16.7,0.9157992264093108,22.6,6,2,0.42500033996955416,-0.9051931898913974,0.5877852522924731,0.8090169943749475
2024-06-06,22.6,52044.36,0.0,38,1011.2,30.7,14.5,11,19.1,0.0,47074.87,46.95652,35.32513,1502.0,16.2,0.9045143412273684,22.9,6,3,0.4093559588156213,-0.9123747579707273,0.788010753606722,0.6156614753256583
2024-06-07,22.9,52084.48,0.0,40,1010.9,31.0,14.1,13,16.8,0.0,47361.71,46.95652,35.32513,1502.0,16.9,0.9093248123049322,24.8,6,4,0.39359027665646673,-0.9192859697186104,0.6293203910498374,0.7771459614569709
2024-06-08,24.8,52121.97,0.0,33,1008.1,31.9,15.1,16,12.7,0.0,47792.91,46.95652,35.32513,1502.0,16.799999999999997,0.9169436611854848,25.8,6,5,0.3777079652039649,-0.9259247771938498,0.6560590289905073,-0.754709580222772
2024-06-09,25.8,52156.78,0.0,26,1007.9,33.6,15.6,30,21.5,0.0,47656.55,46.95652,35.32513,1502.0,18.0,0.9137172578521912,22.3,6,6,0.36171373072976765,-0.9322892131745133,-0.587785252292473,-0.8090169943749475
2024-06-10,22.3,52188.88,0.0,43,1011.8,27.9,15.3,48,18.5,1.0,42978.38,46.95652,35.32513,1502.0,12.599999999999998,0.8235160440308357,23.2,6,0,0.3456123126707335,-0.9383773917408641,0.6946583704589973,0.7193398003386512
2024-06-11,23.2,52218.23,0.0,42,1009.6,31.9,13.4,17,19.9,0.0,48241.58,46.95652,35.32513,1502.0,18.5,0.9238455612149243,23.7,6,1,0.3294084822245304,-0.9441875088341993,-0.9455185755993168,-0.32556815445715664
2024-06-12,23.7,52244.77,0.0,37,1010.0,31.5,16.2,0,10.6,0.0,48536.65,46.95652,35.32513,1502.0,15.3,0.9290240917894749,24.8,6,2,0.3131070409358269,-0.9497178427914316,-0.9986295347545738,-0.052335956242944306
2024-06-13,24.8,52268.48,0.0,33,1009.2,32.4,15.7,18,13.8,0.0,47662.0,46.95652,35.32513,1502.0,16.7,0.9118688739370266,23.6,6,3,0.29671281927349075,-0.9549667548552551,-0.1564344650402311,0.9876883405951377
2024-06-14,23.6,52289.31,0.0,39,1007.8,31.4,16.1,12,20.4,0.0,47953.66,46.95652,35.32513,1502.0,15.299999999999997,0.9170834344534285,24.8,6,4,0.28023067519921585,-0.9599326896597447,0.5150380749100542,0.8571673007021123
2024-06-15,24.8,52307.23,0.0,35,1005.8,32.8,15.5,16,10.0,0.0,48542.22,46.95652,35.32513,1502.0,17.299999999999997,0.9280212314817664,26.2,6,5,0.26366549272800704,-0.9646141756912435,0.03489949670250097,0.9993908270190958
2024-06-16,26.2,52322.19,0.0,28,1008.6,33.9,17.5,12,14.2,0.0,48837.43,46.95652,35.32513,1502.0,16.4,0.9333980477499125,25.8,6,6,0.24702218048093552,-0.9690098257244062,-0.9563047559630354,0.2923717047227367
2024-06-17,25.8,52334.17,0.0,26,1012.3,33.8,17.2,1,18.4,0.0,48984.25,46.95652,35.32513,1502.0,16.599999999999998,0.9359898131564903,26.6,6,0,0.23030567023061221,-0.9731183372332619,-0.7193398003386511,0.6946583704589973
2024-06-18,26.6,52343.13,0.0,23,1012.6,33.6,18.0,34,13.4,0.0,47186.44,46.95652,35.32513,1502.0,15.600000000000001,0.9014829644310534,26.7,6,1,0.21352091543979612,-0.9769384927771817,-0.5000000000000004,0.8660254037844384
2024-06-19,26.7,52349.03,0.0,28,1011.9,34.2,16.6,14,14.7,0.0,47625.75,46.95652,35.32513,1502.0,17.6,0.9097733043000032,26.4,6,2,0.19667288979357647,-0.980469160361632,0.13917310096006544,0.9902680687415704
2024-06-20,26.4,52351.84,0.0,31,1010.3,33.1,18.0,2,13.3,0.0,48367.21,46.95652,35.32513,1502.0,15.100000000000001,0.9238874889593184,26.2,6,3,0.1797665857255624,-0.9837092937736097,0.4694715627858908,0.882947592858927
2024-06-21,26.2,52351.53,0.0,29,1007.8,33.1,17.1,13,17.5,0.0,47754.46,46.95652,35.32513,1502.0,16.0,0.9121884307870276,27.6,6,4,0.16280701293851715,-0.986657932891657,-0.3090169943749477,0.9510565162951535
2024-06-22,27.6,52348.07,0.0,21,1004.8,35.4,19.7,20,24.5,0.0,48496.73,46.95652,35.32513,1502.0,15.7,0.926428233170774,28.1,6,5,0.1457991969198751,-0.9893142039703663,-0.9335804264972017,0.3583679495453004
2024-06-23,28.1,52341.49,0.0,20,1005.6,35.0,20.3,23,22.1,0.0,48332.09,46.95652,35.32513,1502.0,14.7,0.9233992001374053,26.6,6,6,0.12874817745258132,-0.99167731989929,-0.9563047559630353,-0.2923717047227371
2024-06-24,26.6,52331.83,0.0,23,1005.0,34.2,18.5,8,25.2,0.0,49013.03,46.95652,35.32513,1502.0,15.700000000000003,0.9365816177267258,24.9,6,0,0.11165900712169512,-0.993746580436178,-0.7193398003386512,-0.6946583704589973
2024-06-25,24.9,52319.12,0.0,38,1004.5,31.7,16.4,27,19.9,0.0,40652.07,46.95652,35.32513,1502.0,15.3,0.7770021743484982,25.7,6,1,0.09453674981719912,-0.9955213724144752,0.03489949670250097,0.9993908270190958
2024-06-26,25.7,52303.42,0.0,33,1002.4,32.6,17.3,3,17.9,0.0,48583.56,46.95652,35.32513,1502.0,15.3,0.928879220517511,26.7,6,2,0.07738647923346301,-0.9970011699250151,-0.5000000000000004,0.8660254037844384
2024-06-27,26.7,52284.76,0.0,29,1003.2,34.1,18.3,4,13.4,0.0,48971.17,46.95652,35.32513,1502.0,15.8,0.9366241711733974,27.0,6,3,0.06021327736579302,-0.9981855344718586,0.7071067811865476,0.7071067811865476
2024-06-28,27.0,52263.18,0.0,28,1001.7,36.3,17.6,6,13.8,0.0,48844.38,46.95652,35.32513,1502.0,18.699999999999996,0.9345849219278275,27.0,6,4,0.04302223300453059,-0.99907411510223,-0.945518575599317,0.3255681544571563
2024-06-29,27.0,52238.74,0.0,23,1001.2,35.5,17.9,0,16.4,0.0,48929.75,46.95652,35.32513,1502.0,17.6,0.9366563971489359,26.3,6,5,0.02581844022713308,-0.9996666485105112,-0.7771459614569706,-0.6293203910498378
2024-06-30,26.3,52211.47,0.0,26,1004.2,35.2,16.8,3,13.9,0.0,48905.09,46.95652,35.32513,1502.0,18.400000000000002,0.9366733018625983,26.5,6,6,0.008606996888688698,-0.9999629591162655,-0.27563735581699894,0.9612616959383189
2024-07-01,26.5,52181.43,0.0,27,1002.9,34.6,17.7,15,10.8,0.0,48615.89,46.95652,35.32513,1502.0,16.900000000000002,0.9316703279308367,26.1,7,0,-0.008606996888688009,-0.9999629591162655,-0.7771459614569708,0.6293203910498375
2024-07-02,26.1,52148.65,0.0,22,1000.5,33.2,18.5,0,17.2,0.0,48739.02,46.95652,35.32513,1502.0,14.700000000000003,0.9346170993879994,25.2,7,1,-0.02581844022713239,-0.9996666485105112,-0.961261695938319,-0.2756373558169989
2024-07-03,25.2,52113.2,0.0,23,1002.6,32.5,16.9,0,13.0,0.0,48708.96,46.95652,35.32513,1502.0,15.600000000000001,0.9346760513651052,26.9,7,2,-0.04302223300453034,-0.99907411510223,-0.8660254037844385,-0.5000000000000004
2024-07-04,26.9,52075.12,0.0,20,1005.0,35.0,17.0,0,9.5,0.0,48781.15,46.95652,35.32513,1502.0,18.0,0.9367458010658448,29.3,7,3,-0.060213277365792774,-0.9981855344718586,-0.29237170472273716,0.9563047559630353
2024-07-05,29.3,52034.45,0.0,22,1003.3,37.0,18.3,5,18.2,0.0,47287.31,46.95652,35.32513,1502.0,18.7,0.9087692865015389,30.1,7,4,-0.07738647923346322,-0.9970011699250151,0.5150380749100542,0.8571673007021123
2024-07-06,30.1,51991.25,0.0,23,1000.2,38.5,20.0,7,16.6,0.0,48159.6,46.95652,35.32513,1502.0,18.5,0.9263020219748516,28.9,7,5,-0.09453674981719933,-0.9955213724144752,0.8660254037844387,-0.4999999999999998
2024-07-07,28.9,51945.58,0.0,23,1001.0,37.0,20.6,0,18.0,0.0,48275.94,46.95652,35.32513,1502.0,16.4,0.9293560684085153,28.3,7,6,-0.11165900712169444,-0.9937465804361781,-0.8090169943749473,-0.5877852522924732
2024-07-08,28.3,51897.47,0.0,26,1002.9,35.8,19.7,2,14.6,0.0,48390.42,46.95652,35.32513,1502.0,16.099999999999998,0.9324234880814035,28.2,7,0,-0.12874817745258066,-0.99167731989929,-0.9510565162951535,-0.30901699437494756
2024-07-09,28.2,51846.98,0.0,26,1006.2,36.0,19.2,10,16.3,0.0,47906.63,46.95652,35.32513,1502.0,16.8,0.9240003950085424,28.8,7,1,-0.14579919691987442,-0.9893142039703664,-0.8746197071393959,-0.48480962024633684
2024-07-10,28.8,51794.17,0.0,22,1008.4,36.0,19.8,21,12.5,0.0,44598.54,46.95652,35.32513,1502.0,16.2,0.8610725878993717,29.2,7,2,-0.16280701293851646,-0.9866579328916572,-0.891006524188368,0.45399049973954664
2024-07-11,29.2,51738.99,0.0,21,1008.3,35.9,20.2,23,8.4,0.0,44216.86,46.95652,35.32513,1502.0,15.7,0.8546138994982314,29.0,7,3,-0.17976658572556214,-0.9837092937736098,-0.24192189559966787,0.9702957262759965
2024-07-12,29.0,51680.92,0.0,21,1004.8,37.1,19.5,2,12.3,0.0,47563.39,46.95652,35.32513,1502.0,17.6,0.9203278502008091,29.3,7,4,-0.19667288979357622,-0.9804691603616321,0.08715574274765817,0.9961946980917455
2024-07-13,29.3,51619.98,0.0,22,1001.0,38.2,19.3,0,16.5,0.0,47841.72,46.95652,35.32513,1502.0,18.900000000000002,0.926806248278283,29.2,7,5,-0.2135209154397959,-0.9769384927771817,-0.9563047559630354,0.2923717047227367
2024-07-14,29.2,51556.27,0.0,29,1000.3,38.1,20.3,3,15.8,0.0,47526.25,46.95652,35.32513,1502.0,17.8,0.9218325918457639,28.7,7,6,-0.23030567023061196,-0.973118337233262,-0.6691306063588581,0.7431448254773942
2024-07-15,28.7,51489.89,0.0,30,1002.5,36.6,20.4,0,13.1,0.0,47358.36,46.95652,35.32513,1502.0,16.200000000000003,0.9197603646074987,28.9,7,0,-0.24702218048093527,-0.9690098257244063,-0.9986295347545738,-0.052335956242944306
2024-07-16,28.9,51420.95,0.0,26,1004.2,37.2,20.1,0,12.3,0.0,47198.73,46.95652,35.32513,1502.0,17.1,0.9178891093999626,29.5,7,1,-0.2636654927280072,-0.9646141756912435,-0.6691306063588581,0.7431448254773942
2024-07-17,29.5,51349.55,0.0,22,1005.1,37.7,20.3,0,14.7,0.0,46897.38,46.95652,35.32513,1502.0,17.400000000000002,0.9132968059116389,29.4,7,2,-0.2802306751992161,-0.9599326896597445,0.20791169081775934,0.9781476007338057
2024-07-18,29.4,51275.8,0.0,23,1003.0,38.2,20.3,4,15.0,0.0,47017.76,46.95652,35.32513,1502.0,17.900000000000002,0.9169580971920477,29.0,7,3,-0.2967128192734901,-0.9549667548552553,-0.4383711467890778,0.8987940462991668
2024-07-19,29.0,51199.81,0.0,31,1000.4,37.6,21.2,2,12.7,0.0,46713.62,46.95652,35.32513,1502.0,16.400000000000002,0.9123787764056157,28.7,7,4,-0.3131070409358267,-0.9497178427914317,0.25881904510252074,0.9659258262890683
2024-07-20,28.7,51121.66,0.0,30,1001.1,35.9,20.8,14,13.0,0.0,46552.91,46.95652,35.32513,1502.0,15.099999999999998,0.910629858263601,28.1,7,5,-0.3294084822245302,-0.9441875088341994,-0.9396926207859083,0.342020143325669
2024-07-21,28.1,51041.48,0.0,23,1003.2,35.7,21.1,0,12.8,0.0,46400.09,46.95652,35.32513,1502.0,14.600000000000001,0.9090663123404727,28.6,7,6,-0.3456123126707333,-0.9383773917408642,-0.5877852522924734,0.8090169943749473
2024-07-22,28.6,50959.35,0.0,29,1003.1,35.8,20.0,6,14.6,0.0,45969.22,46.95652,35.32513,1502.0,15.799999999999997,0.9020762627466795,29.6,7,0,-0.3617137307297674,-0.9322892131745134,0.5591929034707469,0.8290375725550417
2024-07-23,29.6,50875.37,0.0,26,1002.1,36.7,20.8,15,14.4,0.0,44591.59,46.95652,35.32513,1502.0,15.900000000000002,0.8764867950837506,30.2,7,1,-0.37770796520396466,-0.9259247771938499,0.7431448254773942,0.6691306063588582
2024-07-24,30.2,50789.65,0.0,23,998.4,38.1,20.8,15,16.4,0.0,43499.99,46.95652,35.32513,1502.0,17.3,0.8564735137966101,29.8,7,2,-0.39359027665646645,-0.9192859697186105,-0.9816271834476639,0.1908089953765451
2024-07-25,29.8,50702.27,0.0,20,997.5,37.8,21.5,7,21.7,0.0,45794.86,46.95652,35.32513,1502.0,16.299999999999997,0.9032112368933384,29.2,7,3,-0.4093559588156211,-0.9123747579707274,-0.7313537016191705,-0.6819983600624986
2024-07-26,29.2,50613.33,0.0,23,1000.2,37.7,20.2,0,17.7,0.0,45514.69,46.95652,35.32513,1502.0,17.500000000000004,0.8992629016901279,28.4,7,4,-0.42500033996955394,-0.9051931898913975,-0.9455185755993168,-0.32556815445715664
2024-07-27,28.4,50522.94,0.0,22,1003.2,36.4,20.5,0,14.5,0.0,45504.82,46.95652,35.32513,1502.0,15.899999999999999,0.9006764056090164,28.8,7,5,-0.4405187843504952,-0.8977433935342336,-0.9396926207859083,0.342020143325669
2024-07-28,28.8,50431.18,0.0,25,1003.3,37.8,19.3,0,15.0,0.0,45494.13,46.95652,35.32513,1502.0,18.499999999999996,0.9021032226491627,25.5,7,6,-0.455906693508459,-0.8900275764346766,-0.1564344650402311,0.9876883405951377
2024-07-29,25.5,50338.14,0.0,44,1004.5,33.7,18.9,0,22.6,0.0,44965.93,46.95652,35.32513,1502.0,14.800000000000004,0.8932775426346703,27.3,7,0,-0.47115950767386394,-0.8820480249558535,0.6427876096865393,0.766044443118978
2024-07-30,27.3,50243.91,0.0,34,1002.5,36.6,17.3,0,13.6,0.0,44960.29,46.95652,35.32513,1502.0,19.3,0.8948405886404939,28.5,7,1,-0.4862727071086902,-0.8738071036110807,0.9986295347545738,0.052335956242943966
2024-07-31,28.5,50148.43,0.0,23,1003.9,36.8,19.9,0,17.0,0.0,44953.85,46.95652,35.32513,1502.0,16.9,0.8964158997599725,28.2,7,2,-0.5012418134457756,-0.8653072543632061,-0.992546151641322,0.12186934340514768
2024-08-01,28.2,50050.93,0.0,16,1004.2,37.6,17.5,4,12.7,0.0,44826.69,46.95652,35.32513,1502.0,20.1,0.8956215199198098,27.5,8,3,-0.5160623910158526,-0.8565509959010037,-0.6156614753256582,0.788010753606722
2024-08-02,27.5,49951.38,0.0,20,1001.8,37.1,19.1,0,12.8,0.0,44568.17,46.95652,35.32513,1502.0,18.0,0.8922310054296798,28.0,8,4,-0.5307300481619331,-0.8475409228928312,-0.8290375725550416,0.559192903470747
2024-08-03,28.0,49849.88,0.0,29,1001.1,36.6,19.2,13,16.0,0.0,44094.02,46.95652,35.32513,1502.0,17.400000000000002,0.8845361312805567,28.7,8,5,-0.5452404385406507,-0.8382797052177745,-0.5150380749100545,0.8571673007021121
2024-08-04,28.7,49746.58,0.0,24,1002.4,37.0,19.8,3,12.7,0.0,44210.99,46.95652,35.32513,1502.0,17.2,0.8887242097848735,30.1,8,6,-0.5595892624101763,-0.828770087174504,-0.034899496702500823,0.9993908270190958
2024-08-05,30.1,49641.57,0.0,25,1001.6,39.6,19.9,0,19.4,0.0,44101.54,46.95652,35.32513,1502.0,19.700000000000003,0.8883993797939912,30.4,8,0,-0.5737722679043243,-0.8190148866680802,-0.9271838545667874,0.37460659341591196
2024-08-06,30.4,49534.97,0.0,20,1002.0,39.0,22.4,0,18.7,0.0,43984.97,46.95652,35.32513,1502.0,16.6,0.8879579416319421,30.0,8,1,-0.5877852522924734,-0.8090169943749472,-0.45399049973954664,-0.8910065241883679
2024-08-07,30.0,49426.89,0.0,21,1003.0,39.9,21.7,0,16.4,0.0,43766.3,46.95652,35.32513,1502.0,18.2,0.8854754972445161,29.9,8,2,-0.6016240632249227,-0.7987793728863648,-0.9271838545667873,-0.3746065934159123
2024-08-08,29.9,49317.44,0.0,17,1004.1,39.1,22.3,0,16.3,0.0,43773.67,46.95652,35.32513,1502.0,16.8,0.8875900695575438,30.3,8,3,-0.6152845999633277,-0.7883050558305253,-0.8660254037844386,0.5000000000000001
2024-08-09,30.3,49206.72,0.0,28,1005.4,39.2,21.3,2,12.9,0.0,43567.78,46.95652,35.32513,1502.0,17.900000000000002,0.8854030506402377,30.6,8,4,-0.6287628145958345,-0.7775971469736268,0.15643446504023087,0.9876883405951378
2024-08-10,30.6,49094.84,0.0,26,1005.0,40.2,21.9,0,14.8,0.0,43466.86,46.95652,35.32513,1502.0,18.300000000000004,0.8853651422430545,29.9,8,5,-0.6420547132365636,-0.7666588193001592,-0.9205048534524403,-0.3907311284892738
2024-08-11,29.9,48981.91,0.0,20,1003.6,39.4,21.9,0,16.0,0.0,43420.99,46.95652,35.32513,1502.0,17.5,0.8864699232839225,29.3,8,6,-0.655156357209085,-0.7554933140726804,-0.8987940462991668,-0.43837114678907774
2024-08-12,29.3,48868.02,0.0,22,1003.4,38.1,21.8,0,16.3,0.0,43424.47,46.95652,35.32513,1502.0,16.3,0.8886071095166124,28.2,8,0,-0.6680638642135333,-0.7441039398713608,-0.9335804264972016,-0.3583679495453007
2024-08-13,28.2,48753.27,0.0,22,1006.1,36.5,20.9,0,15.3,0.0,43322.12,46.95652,35.32513,1502.0,15.600000000000001,0.8885992672901737,28.1,8,1,-0.6807734094770159,-0.7324940716135792,-0.9702957262759966,0.24192189559966742
2024-08-14,28.1,48637.75,0.0,29,1007.4,35.5,19.7,3,12.0,0.0,43327.02,46.95652,35.32513,1502.0,15.8,0.890810532970789,28.8,8,2,-0.6932812268869771,-0.7206671495538615,0.3420201433256687,0.9396926207859084
2024-08-15,28.8,48521.58,0.0,24,1006.9,36.3,20.1,1,10.5,0.0,43331.6,46.95652,35.32513,1502.0,16.199999999999996,0.8930376958046295,28.6,8,3,-0.7055836101071774,-0.70862667826446,0.08715574274765817,0.9961946980917455
2024-08-16,28.6,48404.83,0.0,24,1004.0,38.4,19.8,9,18.4,0.0,43236.76,46.95652,35.32513,1502.0,18.599999999999998,0.8932323489205519,27.1,8,4,-0.7176769136759615,-0.6963762255968726,-0.7660444431189781,0.6427876096865393
2024-08-17,27.1,48287.6,0.0,35,1006.4,34.0,20.7,8,12.8,0.0,43242.86,46.95652,35.32513,1502.0,13.3,0.8955272160968862,28.1,8,5,-0.7295575540864876,-0.6839194216246105,0.5877852522924731,0.8090169943749475
2024-08-18,28.1,48169.98,0.0,29,1007.6,37.0,20.3,5,19.4,0.0,43200.0,46.95652,35.32513,1502.0,16.7,0.8968241215794567,27.9,8,6,-0.7412220108485957,-0.6712599575675315,-0.9702957262759966,0.24192189559966742
2024-08-19,27.9,48052.06,0.0,22,1008.2,35.6,20.6,0,13.8,0.0,43200.0,46.95652,35.32513,1502.0,15.0,0.899024932541914,28.5,8,0,-0.7526668275320083,-0.6584015846980489,-0.5150380749100545,0.8571673007021121
2024-08-20,28.5,47933.76,0.0,26,1007.1,35.4,20.0,1,13.3,0.0,43200.0,46.95652,35.32513,1502.0,15.399999999999999,0.9012437163285333,28.4,8,1,-0.7638886127905429,-0.64534811322955,0.39073112848927377,0.9205048534524404
2024-08-21,28.4,47814.24,0.0,25,1007.1,35.4,20.1,16,13.1,0.0,40099.41,46.95652,35.32513,1502.0,15.299999999999997,0.8386499503076909,28.5,8,2,-0.7748840413670406,-0.6321034111873488,0.6018150231520483,0.7986355100472928
2024-08-22,28.5,47693.45,0.0,24,1008.2,36.1,20.0,21,14.2,0.0,41056.02,46.95652,35.32513,1502.0,16.1,0.8608314139572625,28.6,8,3,-0.7856498550787144,-0.6186714032625032,-0.8571673007021123,0.5150380749100542
2024-08-23,28.6,47571.47,0.0,18,1009.2,36.7,21.3,0,16.3,0.0,43200.0,46.95652,35.32513,1502.0,15.400000000000002,0.9081073172638978,29.0,8,4,-0.7961828637826154,-0.6050560696488494,-0.9612616959383188,0.2756373558169994
2024-08-24,29.0,47448.41,0.0,15,1008.8,37.3,20.4,0,18.0,0.0,43200.0,46.95652,35.32513,1502.0,16.9,0.9104625423697021,29.0,8,5,-0.8064799463209447,-0.5912614448635782,-0.5000000000000001,-0.8660254037844386
2024-08-25,29.0,47324.36,0.0,19,1008.9,35.9,22.9,31,16.3,0.0,42473.09,46.95652,35.32513,1502.0,13.0,0.8974889464960539,28.3,8,6,-0.8165380514459157,-0.5772916165517278,-0.8746197071393959,-0.48480962024633684
2024-08-26,28.3,47199.43,0.0,21,1009.4,35.3,20.0,1,20.1,0.0,43200.0,46.95652,35.32513,1502.0,15.299999999999997,0.9152652902799886,27.6,8,0,-0.8263541987239094,-0.5631507242749187,-0.9205048534524403,-0.3907311284892738
2024-08-27,27.6,47073.7,0.0,20,1009.0,36.7,19.4,0,13.1,0.0,43200.0,46.95652,35.32513,1502.0,17.300000000000004,0.9177098889613522,27.6,8,1,-0.8359254794186365,-0.5488429582847199,-0.7313537016191703,0.6819983600624986
2024-08-28,27.6,46947.27,0.0,22,1008.1,37.0,18.8,19,14.4,0.0,43163.14,46.95652,35.32513,1502.0,18.2,0.919396165101826,27.2,8,2,-0.8452490573530634,-0.5343725582809785,-0.6691306063588581,0.7431448254773942
2024-08-29,27.2,46820.22,0.0,32,1007.3,35.7,19.2,4,16.4,0.0,43082.95,46.95652,35.32513,1502.0,16.500000000000004,0.9201782904907323,26.3,8,3,-0.8543221697498269,-0.5197438121555157,0.5446390350150271,0.838670567945424
2024-08-30,26.3,46692.65,0.0,29,1006.9,34.9,18.6,1,14.0,0.0,43002.11,46.95652,35.32513,1502.0,16.299999999999997,0.9209610077817386,26.4,8,4,-0.8631421280499115,-0.5049610547215202,0.5877852522924731,0.8090169943749475
2024-08-31,26.4,46564.65,0.0,21,1006.9,35.5,17.1,0,9.5,0.0,42920.69,46.95652,35.32513,1502.0,18.4,0.9217440698040251,26.9,8,5,-0.8717063187093217,-0.4900286664290594,0.08715574274765817,0.9961946980917455
2024-09-01,26.9,46436.29,0.0,21,1009.3,36.0,17.4,0,10.0,0.0,42838.79,46.95652,35.32513,1502.0,18.6,0.9225282639935275,27.7,9,6,-0.8800122039735356,-0.4749510720670502,-0.9902680687415704,0.13917310096006547
2024-09-02,27.7,46307.66,0.0,22,1011.1,37.0,17.9,0,9.4,0.0,42756.5,46.95652,35.32513,1502.0,19.1,0.9233137670959837,28.1,9,0,-0.888057322629493,-0.4597327394521046,-0.5591929034707466,0.8290375725550418
2024-09-03,28.1,46178.86,0.0,18,1009.3,37.3,18.1,0,8.9,0.0,42673.9,46.95652,35.32513,1502.0,19.199999999999996,0.9241003350883933,27.4,9,1,-0.8958392907349089,-0.4443781781046134,-0.5591929034707466,0.8290375725550418
2024-09-04,27.4,46049.95,0.0,18,1008.1,37.4,18.6,0,16.5,0.0,42591.08,46.95652,35.32513,1502.0,18.799999999999997,0.9248887349497666,26.0,9,2,-0.9033558023246842,-0.4288919379124841,-0.9455185755993168,-0.32556815445715664
2024-09-05,26.0,45921.02,0.0,20,1007.1,35.4,17.4,0,14.0,0.0,42508.12,46.95652,35.32513,1502.0,18.0,0.9256789156686852,24.5,9,3,-0.9106046300942162,-0.41327860778290443,-0.9975640502598242,-0.06975647374412558
2024-09-06,24.5,45792.15,0.0,21,1008.8,33.4,16.1,0,11.5,0.0,42425.11,46.95652,35.32513,1502.0,17.299999999999997,0.9264712401579747,23.5,9,4,-0.9175836260593934,-0.3975428142825566,-0.891006524188368,0.45399049973954664
2024-09-07,23.5,45663.42,0.0,28,1011.5,32.1,14.7,0,11.1,0.0,42342.14,46.95652,35.32513,1502.0,17.400000000000002,0.9272660698651131,24.7,9,5,-0.9242907221930934,-0.3816892202666586,0.5591929034707469,0.8290375725550417
2024-09-08,24.7,45534.92,0.0,28,1012.0,34.2,15.6,7,17.5,0.0,42259.29,46.95652,35.32513,1502.0,18.6,0.9280633412774196,25.2,9,6,-0.9307239310379793,-0.3657225234972692,0.0,1.0
2024-09-09,25.2,45406.55,0.0,20,1012.6,33.7,15.9,0,11.5,0.0,42176.39,46.95652,35.32513,1502.0,17.800000000000004,0.9288613647150025,26.8,9,0,-0.9368813462954315,-0.34964745525122826,0.3420201433256687,0.9396926207859084
2024-09-10,26.8,45277.47,0.0,21,1010.9,35.6,16.4,16,17.2,0.0,40772.61,46.95652,35.32513,1502.0,19.200000000000003,0.9005054831906465,26.9,9,1,-0.9427611433904206,-0.33346877891818705,0.9612616959383189,0.27563735581699916
2024-09-11,26.9,45147.59,0.0,20,1010.0,35.4,20.1,7,15.5,0.0,42007.79,46.95652,35.32513,1502.0,15.299999999999997,0.9304547596006787,26.0,9,2,-0.9483615800121716,-0.31719128858910595,-0.981627183447664,-0.1908089953765446
2024-09-12,26.0,45017.0,0.0,21,1009.5,33.9,18.3,0,12.4,0.0,41922.19,46.95652,35.32513,1502.0,15.599999999999998,0.9312524157540485,24.9,9,3,-0.9536809966304455,-0.300819807635668,-0.5735764363510465,0.8191520442889916
2024-09-13,24.9,44885.79,0.0,24,1006.4,33.2,18.0,6,17.0,0.0,41835.87,46.95652,35.32513,1502.0,15.200000000000003,0.932051546825844,22.8,9,4,-0.9587178169872964,-0.2843591872810036,-0.8746197071393956,0.4848096202463373
2024-09-14,22.8,44754.04,0.0,35,1006.5,30.9,16.1,9,15.5,0.1,39842.91,46.95652,35.32513,1502.0,14.799999999999997,0.8902639851061491,23.0,9,5,-0.9634705485641486,-0.26781430516217486,0.25881904510252074,0.9659258262890683
2024-09-15,23.0,44621.83,0.0,33,1006.5,31.3,15.2,30,12.2,0.0,39600.0,46.95652,35.32513,1502.0,16.1,0.887457999817578,23.1,9,6,-0.9679377830240642,-0.25119006388481957,0.4067366430758002,0.9135454576426009
2024-09-16,23.1,44489.26,0.0,35,1008.5,31.4,15.5,0,14.2,0.0,41104.3,46.95652,35.32513,1502.0,15.899999999999999,0.9239151201885579,23.0,9,0,-0.9721181966290612,-0.23449138957041052,-0.8090169943749473,-0.5877852522924732
2024-09-17,23.0,44356.39,0.0,35,1011.5,29.9,15.9,0,16.6,0.0,40795.55,46.95652,35.32513,1502.0,13.999999999999998,0.9197220513211288,21.7,9,1,-0.9760105506323682,-0.21772323039653224,-0.961261695938319,-0.2756373558169989
2024-09-18,21.7,44223.31,0.0,40,1011.1,28.7,15.3,25,13.2,0.0,40139.57,46.95652,35.32513,1502.0,13.399999999999999,0.9076563920701549,20.8,9,2,-0.9796136916454901,-0.20089055513063528,-0.12186934340514723,0.9925461516413221
2024-09-19,20.8,44090.11,0.0,42,1010.8,28.6,14.8,42,13.0,0.0,38239.62,46.95652,35.32513,1502.0,13.8,0.867306069320308,19.8,9,3,-0.9829265519799822,-0.18399835165767986,-0.9876883405951378,0.15643446504023067
2024-09-20,19.8,43956.85,0.0,41,1012.4,27.3,14.4,27,16.2,0.0,39398.97,46.95652,35.32513,1502.0,12.9,0.8963101314129652,20.5,9,4,-0.9859481499638303,-0.1670516255021195,-0.9902680687415703,-0.13917310096006583
2024-09-21,20.5,43823.62,0.0,39,1013.5,27.7,14.0,15,15.3,0.0,39672.46,46.95652,35.32513,1502.0,13.7,0.905275739430015,22.1,9,5,-0.9886775902323404,-0.15005539834465262,-0.981627183447664,-0.1908089953765446
2024-09-22,22.1,43690.52,0.0,35,1013.3,29.7,15.6,16,16.8,0.0,39736.69,46.95652,35.32513,1502.0,14.1,0.909503709271485,23.1,9,6,-0.9911140639934546,-0.13301470653419636,-0.7193398003386512,-0.6946583704589973
2024-09-23,23.1,43557.6,0.0,36,1013.2,31.3,17.3,1,29.3,0.0,39589.95,46.95652,35.32513,1502.0,14.0,0.9089102705383216,21.8,9,0,-0.9932568492674143,-0.11593459959550066,-0.5150380749100542,-0.8571673007021123
2024-09-24,21.8,43424.95,0.0,38,1014.1,29.1,14.2,0,19.2,0.0,39449.39,46.95652,35.32513,1502.0,14.900000000000002,0.9084498658029544,21.3,9,1,-0.9951053111006974,-0.09882013873287211,-0.9743700647852351,-0.22495105434386525
2024-09-25,21.3,43292.65,0.0,30,1012.3,30.8,14.3,0,13.0,0.0,39406.97,46.95652,35.32513,1502.0,16.5,0.9102461965252763,20.5,9,2,-0.99665890175417,-0.08167639533042288,-0.40673664307580015,0.913545457642601
2024-09-26,20.5,43160.79,0.0,42,1012.3,28.4,12.1,0,12.0,0.0,39275.31,46.95652,35.32513,1502.0,16.299999999999997,0.9099766246169265,20.5,9,3,-0.9979171608653922,-0.06450844944931625,0.4383711467890774,0.898794046299167
2024-09-27,20.5,43029.43,0.0,47,1012.1,28.2,12.9,1,16.1,0.0,39079.77,46.95652,35.32513,1502.0,15.299999999999999,0.9082102644631824,16.3,9,4,-0.9988797155850335,-0.04732138832243232,0.5877852522924731,0.8090169943749475
2024-09-28,16.3,42898.67,0.0,54,1015.8,22.1,10.0,29,23.9,0.2,38570.86,46.95652,35.32513,1502.0,12.100000000000001,0.8991155203646174,15.3,9,5,-0.9995462806873573,-0.03012030484690836,0.7986355100472928,0.6018150231520484
2024-09-29,15.3,42768.41,0.0,48,1015.9,22.1,9.1,2,20.4,0.0,38985.63,46.95652,35.32513,1502.0,13.000000000000002,0.9115520076617296,17.7,9,6,-0.9999166586547379,-0.012910296075008843,0.8829475928589269,0.46947156278589086
2024-09-30,17.7,42637.75,0.0,42,1012.5,25.2,9.2,7,17.1,1.9,38938.05,46.95652,35.32513,1502.0,16.0,0.9132294738817128,21.1,9,0,-0.9999907397361901,0.004303538296243821,-0.7431448254773944,-0.6691306063588581
2024-10-01,21.1,42506.6,0.0,36,1009.7,28.5,14.6,25,19.0,0.0,38890.15,46.95652,35.32513,1502.0,13.9,0.9149202712049423,20.0,10,1,-0.9997685019798909,0.021516097436222233,-0.06975647374412527,-0.9975640502598242
2024-10-02,20.0,42375.05,0.0,51,1011.0,26.5,14.0,6,23.3,0.2,38841.91,46.95652,35.32513,1502.0,12.5,0.9166221632776834,17.3,10,2,-0.9992500112396835,0.03872228089217399,-0.48480962024633695,-0.8746197071393959
2024-10-03,17.3,42243.2,0.0,45,1015.1,24.4,10.6,0,15.3,0.0,38793.36,46.95652,35.32513,1502.0,13.799999999999999,0.9183338383455799,17.2,10,3,-0.9984354211555643,0.05591699010060302,-0.9743700647852352,0.22495105434386492
2024-10-04,17.2,42111.13,0.0,39,1014.3,25.6,9.9,0,8.3,0.0,38744.45,46.95652,35.32513,1502.0,15.700000000000001,0.9200524896862183,16.8,10,4,-0.9973249731081555,0.07309512989807776,-0.4848096202463369,0.8746197071393959
2024-10-05,16.8,41978.93,0.0,42,1014.8,24.5,8.9,1,13.4,0.0,38695.18,46.95652,35.32513,1502.0,15.6,0.9217762339345,16.1,10,5,-0.9959189961471792,0.0902516100310407,0.45399049973954675,0.8910065241883679
2024-10-06,16.1,41846.69,0.0,40,1017.7,24.8,8.1,0,11.0,0.0,38645.55,46.95652,35.32513,1502.0,16.700000000000003,0.9235031492335475,18.6,10,6,-0.994217906893952,0.10738134666416306,0.49999999999999994,0.8660254037844387
2024-10-07,18.6,41714.5,0.0,30,1018.6,27.4,9.3,5,11.3,0.0,38595.55,46.95652,35.32513,1502.0,18.099999999999998,0.9252310347720817,20.1,10,0,-0.9922222094179324,0.12447926388678869,0.12186934340514748,0.992546151641322
2024-10-08,20.1,41582.46,0.0,22,1018.4,28.4,13.8,0,12.2,0.0,38545.16,46.95652,35.32513,1502.0,14.599999999999998,0.9269571833893426,20.0,10,1,-0.989932495087353,0.141540295217043,-0.0348994967025009,-0.9993908270190958
2024-10-09,20.0,41450.65,0.0,23,1016.9,27.4,13.9,0,12.1,0.0,38479.71,46.95652,35.32513,1502.0,13.499999999999998,0.9283258525499599,19.3,10,2,-0.9873494423939864,0.15855938510313475,-0.6427876096865396,0.7660444431189778
2024-10-10,19.3,41319.18,0.0,23,1015.0,28.0,13.7,0,13.0,0.0,38344.31,46.95652,35.32513,1502.0,14.3,0.9280026854356741,18.6,10,3,-0.9844738167520923,0.17553149042142777,-1.0,-1.8369701987210297e-16
2024-10-11,18.6,41188.12,0.0,24,1014.9,26.8,12.9,22,8.9,0.0,38209.16,46.95652,35.32513,1502.0,13.9,0.927674290547857,19.1,10,4,-0.9813064702716093,0.19245158197082995,-0.9998476951563913,-0.017452406437283498
2024-10-12,19.1,41057.59,0.0,28,1015.7,26.3,13.6,29,18.2,0.0,37222.15,46.95652,35.32513,1502.0,12.700000000000001,0.9065838983729928,19.5,10,5,-0.9778483415056567,0.20931464596304888,-0.7193398003386511,0.6946583704589973
2024-10-13,19.5,40927.67,0.0,31,1015.0,26.9,13.9,10,19.2,0.0,37939.95,46.95652,35.32513,1502.0,12.999999999999998,0.9269999978009986,19.3,10,6,-0.9741004551724206,0.22611568550828803,-0.945518575599317,0.3255681544571563
2024-10-14,19.3,40798.46,0.0,30,1014.6,26.4,13.1,4,16.5,0.0,37806.12,46.95652,35.32513,1502.0,13.299999999999999,0.9266555649404414,19.0,10,0,-0.970063921851507,0.2428497220959358,-0.9702957262759966,0.24192189559966742
2024-10-15,19.0,40670.06,0.0,32,1016.7,27.0,12.8,2,16.8,0.0,37672.94,46.95652,35.32513,1502.0,14.2,0.926306477049702,18.8,10,1,-0.965739937654855,0.25951179706979943,-0.992546151641322,0.12186934340514768
2024-10-16,18.8,40542.58,0.0,34,1017.0,26.0,13.4,0,14.0,0.0,37417.16,46.95652,35.32513,1502.0,12.6,0.9229101847983034,18.9,10,2,-0.9611297838723007,0.27609697309746883,-0.9925461516413221,-0.12186934340514717
2024-10-17,18.9,40416.11,0.0,33,1014.3,25.7,12.5,9,15.8,0.3,37194.54,46.95652,35.32513,1502.0,13.2,0.9202899536843105,18.5,10,3,-0.9562348265919058,0.2926003356333479,-0.32556815445715676,-0.9455185755993167
2024-10-18,18.5,40290.75,0.0,37,1010.6,26.2,11.4,5,29.9,0.0,37105.52,46.95652,35.32513,1502.0,14.799999999999999,0.9209438891060603,14.1,10,4,-0.9510565162951536,0.30901699437494723,-0.374606593415912,-0.9271838545667874
2024-10-19,14.1,40166.44,0.0,56,1015.9,21.3,8.9,8,21.8,0.0,36888.58,46.95652,35.32513,1502.0,12.4,0.9183930664504995,12.8,10,5,-0.9455963874271428,0.3253420847119795,-0.9335804264972016,-0.3583679495453007
2024-10-20,12.8,40042.14,0.0,38,1016.6,20.6,5.6,9,15.4,0.0,36800.55,46.95652,35.32513,1502.0,15.000000000000002,0.919045535528321,8.9,10,6,-0.9398560579418953,0.341570769167856,-0.913545457642601,-0.4067366430758001
2024-10-21,8.9,39917.77,0.0,32,1016.2,16.9,1.5,15,21.0,0.0,32739.78,46.95652,35.32513,1502.0,15.399999999999999,0.8201805862401632,8.0,10,0,-0.9338372288229252,0.35769823883312546,-0.9998476951563913,-0.017452406437283498
2024-10-22,8.0,39793.45,0.07,37,1016.1,16.0,1.0,11,15.9,0.2,36499.62,46.95652,35.32513,1502.0,15.0,0.9172268300436379,6.5,10,1,-0.9275416835791965,0.3737197147904692,0.052335956242943835,0.9986295347545738
2024-10-23,6.5,39669.28,0.21,55,1020.6,12.9,1.4,30,18.2,0.6,35658.93,46.95652,35.32513,1502.0,11.5,0.8989053998459261,6.5,10,2,-0.9209712877166347,0.38963044953078774,0.45399049973954675,0.8910065241883679
2024-10-24,6.5,39545.37,0.0,55,1020.7,12.9,0.1,21,12.4,0.0,35023.64,46.95652,35.32513,1502.0,12.8,0.8856571578417397,8.5,10,3,-0.9141279881853337,0.4054257283599973,-2.4492935982947064e-16,1.0
2024-10-25,8.5,39421.82,0.0,44,1022.5,15.2,0.0,0,6.0,0.0,35885.51,46.95652,35.32513,1502.0,15.2,0.9102956180105333,10.0,10,4,-0.9070138128026362,0.42110087079608916,-0.27563735581699894,0.9612616959383189
2024-10-26,10.0,39298.76,0.0,30,1019.9,19.1,5.0,4,13.6,0.0,35688.93,46.95652,35.32513,1502.0,14.100000000000001,0.9081439210804615,9.3,10,5,-0.8996308696522434,0.4366512319560638,-0.984807753012208,-0.17364817766693033
2024-10-27,9.3,39176.3,0.0,34,1022.2,17.2,2.1,0,10.7,0.0,35496.91,46.95652,35.32513,1502.0,15.1,0.9060812276810215,9.4,10,6,-0.8919813464595487,0.45207220393230374,0.29237170472273677,0.9563047559630354
2024-10-28,9.4,39054.54,0.0,43,1019.1,17.7,1.1,0,8.5,0.0,35416.8,46.95652,35.32513,1502.0,16.599999999999998,0.9068548752590608,10.1,10,0,-0.8840675099433637,0.46735921715800205,-0.13917310096006588,0.9902680687415703
2024-10-29,10.1,38933.61,0.0,37,1017.2,18.9,1.8,5,9.2,0.0,35232.08,46.95652,35.32513,1502.0,17.099999999999998,0.904927131082887,11.5,10,1,-0.8758917051442433,0.48250774176121763,-0.20791169081775987,0.9781476007338056
2024-10-30,11.5,38813.63,0.0,31,1017.0,18.4,2.7,82,8.8,0.0,32710.0,46.95652,35.32513,1502.0,15.7,0.8427451902849592,11.6,10,2,-0.8674563547295971,0.4975132889071803,-0.1564344650402311,0.9876883405951377
2024-10-31,11.6,38694.73,0.0,38,1018.6,17.7,5.0,33,23.9,0.4,34808.42,46.95652,35.32513,1502.0,12.7,0.8995648761472168,12.1,10,3,-0.858763958275803,0.5123714121284235,0.05233595624294381,-0.9986295347545738
2024-11-01,12.1,38577.02,0.0,62,1022.4,18.3,8.7,90,9.0,7.2,23297.97,46.95652,35.32513,1502.0,9.600000000000001,0.603933896397389,12.3,11,4,-0.8498170915275277,0.5270777086423724,0.3090169943749475,-0.9510565162951535
2024-11-02,12.3,38460.62,0.0,74,1022.8,17.7,7.7,62,10.3,0.0,30039.84,46.95652,35.32513,1502.0,10.0,0.781054491581259,12.1,11,5,-0.8406184056344783,0.5416278206559811,-0.17364817766693047,-0.984807753012208
2024-11-03,12.1,38345.68,0.0,84,1017.8,15.5,8.6,99,14.3,17.1,7889.78,46.95652,35.32513,1502.0,6.9,0.2057540771215949,11.1,11,6,-0.8311706263658079,0.5560174366570446,0.12186934340514755,-0.992546151641322
2024-11-04,11.1,38232.32,0.0,79,1016.4,17.0,6.4,54,17.5,6.1,33460.09,46.95652,35.32513,1502.0,10.6,0.8751781215474237,9.0,11,0,-0.8214765533024145,0.5702422926917867,-0.48480962024633695,-0.8746197071393959
2024-11-05,9.0,38120.68,0.0,77,1019.1,15.0,4.8,35,18.1,0.1,33449.97,46.95652,35.32513,1502.0,10.2,0.877475690360193,8.6,11,1,-0.8115390590073611,0.5842981736283683,-0.9063077870366502,-0.42261826174069916
2024-11-06,8.6,38010.89,0.0,64,1023.7,16.4,4.3,5,9.2,0.0,33681.3,46.95652,35.32513,1502.0,12.099999999999998,0.8860960635228484,8.8,11,2,-0.801361088174677,0.5981809144059158,-0.9659258262890684,0.2588190451025203
2024-11-07,8.8,37903.09,0.0,52,1024.2,15.8,1.8,44,8.5,0.0,31325.03,46.95652,35.32513,1502.0,14.0,0.8264505611547767,7.7,11,3,-0.7909456567567774,0.6118864012687242,-0.08715574274765832,0.9961946980917455
2024-11-08,7.7,37797.23,0.0,67,1022.3,15.7,0.5,4,8.9,0.0,33511.01,46.95652,35.32513,1502.0,15.2,0.8865996264805648,8.9,11,4,-0.780295851070776,0.6254105729852457,-0.12186934340514723,0.9925461516413221
2024-11-09,8.9,37692.24,0.0,56,1022.5,15.9,1.6,55,8.0,0.0,33295.12,46.95652,35.32513,1502.0,14.3,0.8833415047765801,11.1,11,5,-0.7694148268839381,0.6387494220515268,-0.13917310096006588,0.9902680687415703
2024-11-10,11.1,37588.07,0.0,66,1023.5,19.2,2.1,36,11.4,0.0,32797.76,46.95652,35.32513,1502.0,17.099999999999998,0.8725577024837935,10.0,11,6,-0.7583058084785625,0.6518989958787125,-0.9563047559630353,-0.2923717047227371
2024-11-11,10.0,37484.82,0.0,88,1022.0,14.3,6.6,75,12.5,6.1,6999.41,46.95652,35.32513,1502.0,7.700000000000001,0.1867265202287219,11.0,11,0,-0.7469720876965551,0.6648553979642866,0.06975647374412552,-0.9975640502598242
2024-11-12,11.0,37382.61,0.0,77,1019.1,17.1,6.7,86,11.2,0.3,18062.76,46.95652,35.32513,1502.0,10.400000000000002,0.48318616597396485,8.5,11,1,-0.7354170229639858,0.6776147890466887,-0.6819983600624984,-0.7313537016191706
2024-11-13,8.5,37281.57,0.0,72,1021.1,14.1,2.8,52,12.1,0.0,29160.13,46.95652,35.32513,1502.0,11.3,0.782159388673814,7.7,11,2,-0.7236440382959124,0.690173388242972,0.5446390350150271,0.838670567945424
2024-11-14,7.7,37181.8,0.0,68,1019.6,14.2,2.2,57,5.5,0.0,32719.28,46.95652,35.32513,1502.0,12.0,0.8799810660054111,7.2,11,3,-0.711656622281775,0.7025274741691566,0.20791169081775934,0.9781476007338057
2024-11-15,7.2,37083.46,0.0,72,1019.3,16.0,1.6,21,8.8,0.0,32756.07,46.95652,35.32513,1502.0,14.4,0.8833067356713747,6.8,11,4,-0.6994583270516471,0.7146733860429608,-0.8571673007021121,-0.5150380749100544
2024-11-16,6.8,36986.64,0.0,66,1018.6,14.9,0.8,1,13.3,0.0,32843.37,46.95652,35.32513,1502.0,14.1,0.8879792811674703,7.7,11,5,-0.6870527672236675,0.7266075247685652,-0.9455185755993168,-0.32556815445715664
2024-11-17,7.7,36891.5,0.0,71,1018.3,15.3,2.4,59,13.6,0.2,32574.58,46.95652,35.32513,1502.0,12.9,0.8829833430465013,8.9,11,6,-0.6744436188329457,0.7383263540031063,-0.7986355100472928,-0.6018150231520483
2024-11-18,8.9,36798.15,0.0,67,1016.9,15.8,3.6,73,16.2,0.2,32661.06,46.95652,35.32513,1502.0,12.200000000000001,0.887573424207467,8.4,11,0,-0.661634618242279,0.749826401204568,-0.4067366430758002,-0.9135454576426009
2024-11-19,8.4,36706.73,0.0,80,1018.2,14.4,4.7,52,11.0,1.2,32576.05,46.95652,35.32513,1502.0,9.7,0.8874680474125588,6.7,11,1,-0.6486295610349818,0.7611042586607742,-0.5591929034707467,-0.8290375725550417
2024-11-20,6.7,36617.38,0.0,80,1020.8,12.9,1.5,45,8.7,1.2,23682.92,46.95652,35.32513,1502.0,11.4,0.6467671908803961,5.8,11,2,-0.6354323008901775,0.7721565844991641,-0.5150380749100542,-0.8571673007021123
2024-11-21,5.8,36530.21,0.0,72,1021.7,14.7,-0.0,5,7.9,0.0,32605.84,46.95652,35.32513,1502.0,14.7,0.892571928822747,5.7,11,3,-0.622046748440868,0.7829801036770624,-0.9271838545667873,-0.3746065934159123
2024-11-22,5.7,36445.39,0.0,72,1024.0,14.3,-0.2,3,4.9,0.0,32541.2,46.95652,35.32513,1502.0,14.5,0.8928756147210937,6.6,11,4,-0.6084768701151264,0.7935716089521472,-0.6560590289905074,0.7547095802227719
2024-11-23,6.6,36363.05,0.0,54,1021.5,15.0,-0.6,28,5.8,0.0,32477.06,46.95652,35.32513,1502.0,15.6,0.8931335517785224,8.0,11,5,-0.594726686960764,0.8039279618328208,-0.6691306063588581,0.7431448254773942
2024-11-24,8.0,36283.33,0.0,53,1015.9,15.3,2.3,34,10.6,0.0,32413.57,46.95652,35.32513,1502.0,13.0,0.893346062778692,9.8,11,6,-0.5808002734538013,0.8140460935082175,0.17364817766693028,-0.984807753012208
2024-11-25,9.8,36206.36,0.0,82,1014.4,13.6,7.4,94,21.6,5.7,15188.59,46.95652,35.32513,1502.0,6.199999999999999,0.41950060707566295,9.9,11,0,-0.5667017562911184,0.8239230057575536,0.15643446504023098,-0.9876883405951377
2024-11-26,9.9,36132.3,0.0,82,1014.0,13.2,7.1,85,23.4,8.1,24685.57,46.95652,35.32513,1502.0,6.1,0.6831995195434555,4.6,11,1,-0.5524353131676203,0.8335557718385695,0.05233595624294381,-0.9986295347545738
2024-11-27,4.6,36061.29,0.0,66,1017.6,10.3,-2.1,21,22.0,0.0,32159.7,46.95652,35.32513,1502.0,12.4,0.8918066990947912,1.2,11,2,-0.5380051715382992,0.8429415373547832,-0.5735764363510462,-0.8191520442889918
2024-11-28,1.2,35993.32,0.0,63,1022.1,9.6,-3.5,0,10.9,0.0,32101.73,46.95652,35.32513,1502.0,13.1,0.8918802155511079,2.0,11,3,-0.5234156073655503,0.8520775211013093,-0.9455185755993168,-0.32556815445715664
2024-11-29,2.0,35927.61,0.0,52,1022.9,9.4,-3.4,0,6.5,0.0,32044.18,46.95652,35.32513,1502.0,12.8,0.8919095926503321,1.5,11,4,-0.5086709438521042,0.8609610158889945,0.6427876096865395,-0.7660444431189779
2024-11-30,1.5,35864.07,0.0,60,1024.2,9.2,-3.0,0,9.3,0.0,31986.78,46.95652,35.32513,1502.0,12.2,0.8918892919849866,1.2,11,5,-0.49377555015997737,0.8695893893466109,0.29237170472273677,0.9563047559630354
2024-12-01,1.2,35802.8,0.0,68,1023.5,8.8,-3.0,0,8.8,0.0,31929.71,46.95652,35.32513,1502.0,11.8,0.8918215893728981,1.3,12,6,-0.4787338401157883,0.8779600847008883,0.29237170472273677,0.9563047559630354
2024-12-02,1.3,35743.86,0.0,67,1021.8,9.0,-3.1,1,5.7,0.0,31873.11,46.95652,35.32513,1502.0,12.1,0.8917086738813323,2.0,12,0,-0.4635502709028512,0.8860706215341378,0.17364817766693033,0.984807753012208
2024-12-03,2.0,35687.35,0.0,61,1022.1,9.4,-3.3,4,7.6,0.0,31817.11,46.95652,35.32513,1502.0,12.7,0.8915514881323495,2.3,12,1,-0.4482293417404106,0.893918596519257,0.9702957262759965,0.24192189559966767
2024-12-04,2.3,35633.33,0.0,56,1023.3,10.5,-1.9,0,8.4,0.0,31761.86,46.95652,35.32513,1502.0,12.4,0.8913525623341967,3.2,12,2,-0.4327755925504317,0.9015016841318838,0.24192189559966773,-0.9702957262759965
2024-12-05,3.2,35581.9,0.0,52,1024.5,10.2,-0.7,16,7.3,0.0,31707.5,46.95652,35.32513,1502.0,10.899999999999999,0.8911131783294315,3.2,12,3,-0.41719360261231697,0.9088176373395028,0.7193398003386511,-0.6946583704589974
2024-12-06,3.2,35533.14,0.0,49,1026.2,11.6,-1.6,18,5.6,0.0,31488.5,46.95652,35.32513,1502.0,13.2,0.8861727390261598,3.8,12,4,-0.4014879892059737,0.9158642882672868,-0.8829475928589271,0.4694715627858904
2024-12-07,3.8,35487.12,0.0,47,1027.1,12.6,-1.7,76,6.6,0.0,31435.99,46.95652,35.32513,1502.0,14.299999999999999,0.8858422436083853,5.6,12,5,-0.38566340624360745,0.9226395488404875,-0.4226182617406992,0.90630778703665
2024-12-08,5.6,35443.94,0.0,47,1024.0,12.9,-0.3,99,6.0,0.0,27081.55,46.95652,35.32513,1502.0,13.200000000000001,0.7640671437769051,5.0,12,6,-0.3697245428906732,0.9291414114031743,-0.45399049973954697,0.8910065241883678
2024-12-09,5.0,35403.66,0.42,77,1023.2,12.3,-0.3,50,6.8,1.3,23379.98,46.95652,35.32513,1502.0,12.600000000000001,0.6603831355289255,2.2,12,0,-0.3536761221763721,0.935367949313148,-0.529919264233205,0.8480480961564258
2024-12-10,2.2,35366.36,0.0,79,1028.9,9.4,-2.2,28,7.8,0.0,27813.47,46.95652,35.32513,1502.0,11.600000000000001,0.7864385817483055,2.7,12,1,-0.33752289959411347,0.941317317512847,0.29237170472273677,0.9563047559630354
2024-12-11,2.7,35332.14,0.0,63,1025.6,10.0,-2.9,39,4.5,0.0,31237.85,46.95652,35.32513,1502.0,12.9,0.8841199542399639,4.4,12,2,-0.32126966169236515,0.9469877530760751,-0.6018150231520483,0.7986355100472928
2024-12-12,4.4,35301.05,0.0,60,1018.4,12.3,0.6,63,11.6,0.0,31229.64,46.95652,35.32513,1502.0,11.700000000000001,0.8846660368459294,4.0,12,3,-0.3049212246562894,0.9523775757303973,-0.13917310096006552,-0.9902680687415703
2024-12-13,4.0,35273.2,5.67,75,1014.2,9.9,-1.2,51,22.3,9.1,30118.39,46.95652,35.32513,1502.0,11.1,0.8538604379528935,-2.5,12,4,-0.2884824328806098,0.9574851883550389,-0.656059028990507,-0.7547095802227721
2024-12-14,-2.5,35248.64,0.42,72,1023.1,2.2,-10.4,35,13.0,0.6,28364.12,46.95652,35.32513,1502.0,12.600000000000001,0.8046869326022223,-6.2,12,5,-0.27195815753410524,0.9623090774541487,-0.45399049973954697,0.8910065241883678
2024-12-15,-6.2,35227.46,0.0,55,1035.4,-0.2,-10.9,3,4.6,0.0,31378.18,46.95652,35.32513,1502.0,10.700000000000001,0.8907306970187462,-1.9,12,6,-0.2553532951161881,0.9668478136052773,-0.37460659341591235,0.9271838545667873
2024-12-16,-1.9,35209.73,0.0,50,1027.7,5.9,-7.1,88,4.6,0.0,27731.08,46.95652,35.32513,1502.0,13.0,0.7875970647886251,0.0,12,0,-0.23867276600594997,0.9711000518829505,-0.9961946980917455,-0.08715574274765825
2024-12-17,0.0,35195.53,0.0,40,1024.0,8.3,-4.3,18,11.2,0.0,31311.96,46.95652,35.32513,1502.0,12.600000000000001,0.8896572945484839,0.5,12,1,-0.22192151300416674,0.9750645322571945,-0.992546151641322,0.12186934340514768
2024-12-18,0.5,35184.89,0.0,48,1022.0,9.5,-4.5,0,8.1,0.0,31282.54,46.95652,35.32513,1502.0,14.0,0.889090174788098,1.2,12,2,-0.20510449986861926,0.9787400799669153,-0.9961946980917455,0.08715574274765789
2024-12-19,1.2,35177.66,0.0,54,1021.4,10.4,-3.4,2,5.2,0.0,31330.48,46.95652,35.32513,1502.0,13.8,0.890635704592062,3.8,12,3,-0.1882267098432439,0.9821256058680006,-0.9986295347545738,0.052335956242943946
2024-12-20,3.8,35173.77,3.15,50,1018.3,10.2,-0.7,83,8.0,4.6,22155.31,46.95652,35.32513,1502.0,10.899999999999999,0.6298815850561371,-0.1,12,4,-0.1712931441814778,0.9852201067560606,0.45399049973954686,-0.8910065241883678
2024-12-21,-0.1,35173.21,1.82,90,1021.0,3.7,-4.9,48,4.0,2.7,25260.01,46.95652,35.32513,1502.0,8.600000000000001,0.7181604977197134,0.5,12,5,-0.154308820664281,0.9880226656636976,-0.4848096202463369,0.8746197071393959
2024-12-22,0.5,35175.94,0.0,79,1022.9,7.7,-3.6,35,5.9,0.0,30293.39,46.95652,35.32513,1502.0,11.3,0.861196317710344,2.7,12,6,-0.13727877211326517,0.9905324521322227,0.13917310096006533,-0.9902680687415704
2024-12-23,2.7,35181.95,0.0,68,1021.5,9.9,-1.7,85,6.8,0.0,30991.68,46.95652,35.32513,1502.0,11.6,0.880897164597187,2.4,12,0,-0.12020804489935275,0.9927487224577402,0.4226182617406995,-0.9063077870366499
2024-12-24,2.4,35191.19,0.0,66,1022.5,9.7,-0.9,16,8.9,0.0,31310.38,46.95652,35.32513,1502.0,10.6,0.8897221151089235,2.2,12,1,-0.10310169744743544,0.9946708199115211,0.19080899537654497,-0.981627183447664
2024-12-25,2.2,35203.63,0.0,63,1025.6,9.7,-2.3,0,3.6,0.0,31384.4,46.95652,35.32513,1502.0,12.0,0.8915103357239013,2.7,12,2,-0.0859647987374467,0.9962981749346077,-0.7071067811865477,0.7071067811865474
2024-12-26,2.7,35219.24,0.0,56,1026.2,10.5,-2.8,17,7.2,0.0,31374.06,46.95652,35.32513,1502.0,13.3,0.8908216077348632,4.6,12,3,-0.06880242680232064,0.9976303053065857,-0.2588190451025208,-0.9659258262890683
2024-12-27,4.6,35237.98,1.33,72,1021.7,9.2,0.7,100,12.4,5.3,2767.88,46.95652,35.32513,1502.0,8.5,0.07854820281979841,2.1,12,4,-0.05161966722325418,0.9986668162884759,0.3583679495453002,-0.9335804264972017
2024-12-28,2.1,35259.83,9.17,94,1020.8,4.9,-1.1,66,13.7,18.8,15044.41,46.95652,35.32513,1502.0,6.0,0.4266727888364748,1.2,12,5,-0.034421611622745804,0.9994074007397048,0.10452846326765373,-0.9945218953682733
2024-12-29,1.2,35284.74,0.0,84,1025.0,5.9,-2.0,56,10.9,0.0,27238.32,46.95652,35.32513,1502.0,7.9,0.7719575091101706,1.6,12,6,-0.01721335615583528,0.9998518392091162,-0.5299192642332048,-0.8480480961564261
2024-12-30,1.6,35312.67,0.0,75,1022.2,7.5,-2.5,35,9.9,0.0,29585.2,46.95652,35.32513,1502.0,10.0,0.8378069401152618,1.2,12,0,6.432490598706546e-16,1.0,-0.39073112848927355,-0.9205048534524404
2024-12-31,1.2,35343.58,0.42,74,1023.8,6.5,-2.5,66,6.3,0.6,27051.08,46.95652,35.32513,1502.0,9.0,0.7653746451264982,0.7,12,1,0.017213356155833904,0.9998518392091162,0.0697564737441253,0.9975640502598242
2025-01-01,0.7,35377.44,0.0,69,1027.7,5.1,-3.3,48,14.2,0.0,28633.17,46.95652,35.32513,1502.0,8.399999999999999,0.8093624072290136,-0.3,1,2,0.017213356155834685,0.9998518392091162,0.5591929034707469,0.8290375725550417
2025-01-02,-0.3,35414.19,0.0,60,1031.5,6.4,-3.6,0,10.7,0.0,31888.03,46.95652,35.32513,1502.0,10.0,0.9004308724836004,-0.1,1,3,0.03442161162274574,0.9994074007397048,0.4067366430758002,0.9135454576426009
2025-01-03,-0.1,35453.8,0.0,57,1027.8,7.8,-4.4,0,5.1,0.0,32013.91,46.95652,35.32513,1502.0,12.2,0.9029754215345039,0.1,1,4,0.051619667223253764,0.998666816288476,-0.9998476951563913,-0.017452406437283498
2025-01-04,0.1,35496.23,0.0,53,1024.9,8.8,-3.7,6,6.4,0.0,32118.62,46.95652,35.32513,1502.0,12.5,0.90484595124609,2.5,1,5,0.06880242680231986,0.9976303053065857,-0.8660254037844385,-0.5000000000000004
2025-01-05,2.5,35541.43,0.28,59,1022.7,10.1,-3.3,42,7.5,0.4,32052.69,46.95652,35.32513,1502.0,13.399999999999999,0.9018401904481614,3.5,1,6,0.08596479873744647,0.9962981749346078,-0.15643446504023073,-0.9876883405951378
2025-01-06,3.5,35589.37,0.7,57,1022.5,9.3,-1.6,57,8.7,1.0,25200.0,46.95652,35.32513,1502.0,10.9,0.7080765970288319,3.2,1,0,0.10310169744743485,0.9946708199115211,0.15643446504023098,-0.9876883405951377
2025-01-07,3.2,35640.09,0.0,68,1026.7,10.2,-2.0,79,10.8,0.2,26995.47,46.95652,35.32513,1502.0,12.2,0.7574467404543592,2.8,1,1,0.1202080448993527,0.9927487224577402,0.15643446504023087,0.9876883405951378
2025-01-08,2.8,35694.16,0.0,75,1027.7,9.2,-2.0,48,10.5,0.0,22371.73,46.95652,35.32513,1502.0,11.2,0.6267616327152676,1.9,1,2,0.13727877211326478,0.9905324521322229,0.5150380749100542,0.8571673007021123
2025-01-09,1.9,35751.6,0.0,74,1026.0,10.1,-2.6,0,8.2,0.0,32397.77,46.95652,35.32513,1502.0,12.7,0.9061907718815382,2.4,1,3,0.15430882066428117,0.9880226656636976,0.20791169081775934,0.9781476007338057
2025-01-10,2.4,35812.25,0.0,68,1025.1,10.3,-2.7,0,5.4,0.0,32464.14,46.95652,35.32513,1502.0,13.0,0.9065093648123198,3.3,1,4,0.1712931441814776,0.9852201067560606,-0.3090169943749477,0.9510565162951535
2025-01-11,3.3,35876.0,3.78,68,1021.8,11.2,-2.2,56,16.8,7.1,24820.57,46.95652,35.32513,1502.0,13.399999999999999,0.6918432935667298,1.4,1,5,0.1882267098432442,0.9821256058680006,-0.052335956242943564,-0.9986295347545738
2025-01-12,1.4,35942.71,1.05,91,1023.5,4.6,-2.2,79,4.4,3.0,7402.33,46.95652,35.32513,1502.0,6.8,0.20594802117035693,0.9,1,6,0.2051044998686192,0.9787400799669153,-0.6156614753256582,-0.788010753606722
2025-01-13,0.9,36012.26,0.0,77,1027.5,7.7,-3.2,34,4.3,0.0,30235.42,46.95652,35.32513,1502.0,10.9,0.839586851811022,2.3,1,0,0.2219215130041655,0.9750645322571948,-0.24192189559966787,0.9702957262759965
2025-01-14,2.3,36084.52,0.0,54,1026.1,10.1,-3.5,33,4.8,0.0,32761.71,46.95652,35.32513,1502.0,13.6,0.9079159151902256,2.6,1,1,0.2386727660059501,0.9711000518829505,-0.898794046299167,0.4383711467890774
2025-01-15,2.6,36159.36,0.0,52,1023.8,12.1,-3.0,9,9.9,0.0,32843.38,46.95652,35.32513,1502.0,15.1,0.9082953901838969,0.9,1,2,0.255353295116187,0.9668478136052775,-0.6156614753256582,-0.788010753606722
2025-01-16,0.9,36236.66,0.0,71,1023.5,8.8,-3.2,17,10.8,0.0,31332.27,46.95652,35.32513,1502.0,12.0,0.8646566764155416,0.9,1,3,0.2719581575341055,0.9623090774541486,-0.9998476951563913,-0.017452406437283498
2025-01-17,0.9,36316.3,0.0,66,1022.0,7.5,-3.6,17,8.7,0.0,32245.08,46.95652,35.32513,1502.0,11.1,0.8878955179905441,0.6,1,4,0.288482432880609,0.9574851883550393,0.15643446504023087,0.9876883405951378
2025-01-18,0.6,36398.15,0.0,61,1018.1,8.3,-3.7,29,8.4,0.0,33103.52,46.95652,35.32513,1502.0,12.0,0.9094835863910664,0.9,1,5,0.30492122465628907,0.9523775757303974,-0.9925461516413221,-0.12186934340514717
2025-01-19,0.9,36482.09,0.0,66,1016.2,6.4,-3.3,51,12.7,0.0,31932.08,46.95652,35.32513,1502.0,9.7,0.8752809940439269,-0.4,1,6,0.3212696616923644,0.9469877530760753,-0.9455185755993168,-0.32556815445715664
2025-01-20,-0.4,36568.01,2.31,77,1020.1,4.2,-5.1,80,13.4,3.3,7950.83,46.95652,35.32513,1502.0,9.3,0.21742583203187701,-2.5,1,0,0.3375228995941133,0.9413173175128471,-0.5000000000000001,-0.8660254037844386
2025-01-21,-2.5,36655.77,0.0,67,1027.6,3.5,-6.2,7,3.0,0.0,33383.42,46.95652,35.32513,1502.0,9.7,0.9107275607632851,-1.3,1,1,0.3536761221763716,0.9353679493131483,-0.3090169943749477,0.9510565162951535
2025-01-22,-1.3,36745.27,0.0,54,1029.0,6.5,-7.5,41,4.6,0.0,33480.47,46.95652,35.32513,1502.0,14.0,0.9111504691624256,1.8,1,2,0.3697245428906731,0.9291414114031743,-0.3090169943749477,0.9510565162951535
2025-01-23,1.8,36836.4,0.0,47,1025.6,9.0,-4.2,84,11.3,0.0,26430.78,46.95652,35.32513,1502.0,13.2,0.7175179985014821,3.0,1,3,0.38566340624360707,0.9226395488404876,-0.19080899537654472,-0.981627183447664
2025-01-24,3.0,36929.03,0.28,59,1022.8,6.6,-0.2,99,9.4,0.4,8421.49,46.95652,35.32513,1502.0,6.8,0.22804525328718356,1.7,1,4,0.401487989205973,0.9158642882672872,0.05233595624294381,-0.9986295347545738
2025-01-25,1.7,37023.06,0.7,80,1023.7,6.4,-0.9,70,4.8,1.5,29843.53,46.95652,35.32513,1502.0,7.300000000000001,0.8060795082848365,1.9,1,5,0.4171936026123168,0.9088176373395029,-0.052335956242943564,-0.9986295347545738
2025-01-26,1.9,37118.37,0.0,74,1023.9,7.7,-2.0,89,9.0,0.0,25499.37,46.95652,35.32513,1502.0,9.7,0.6869744010849613,1.6,1,6,0.4327755925504312,0.901501684131884,0.40673664307580043,-0.9135454576426008
2025-01-27,1.6,37215.05,1.61,79,1023.5,3.8,-1.4,100,12.2,2.4,0.0,46.95652,35.32513,1502.0,5.199999999999999,0.0,0.5,1,0,0.4482293417404106,0.893918596519257,0.3420201433256687,0.9396926207859084
2025-01-28,0.5,37314.09,0.0,72,1026.1,5.8,-3.9,36,10.6,0.0,31908.07,46.95652,35.32513,1502.0,9.7,0.8551212156051509,-0.7,1,1,0.4635502709028509,0.886070621534138,0.49999999999999994,0.8660254037844387
2025-01-29,-0.7,37415.54,0.0,74,1029.2,5.8,-4.4,0,11.3,0.0,34203.95,46.95652,35.32513,1502.0,10.2,0.9141642750579037,-0.2,1,2,0.47873384011578846,0.8779600847008882,0.27563735581699916,0.9612616959383189
2025-01-30,-0.2,37519.23,0.0,61,1030.0,7.5,-4.4,0,10.1,0.0,34315.4,46.95652,35.32513,1502.0,11.9,0.9146083221857164,0.6,1,3,0.49377555015997715,0.869589389346611,0.10452846326765347,0.9945218953682733
2025-01-31,0.6,37625.04,0.0,48,1025.9,9.9,-4.8,38,5.1,0.0,34429.0,46.95652,35.32513,1502.0,14.7,0.9150555055888312,0.2,1,4,0.5086709438521044,0.8609610158889943,-0.05233595624294437,0.9986295347545738
2025-02-01,0.2,37732.81,0.0,59,1023.5,8.7,-4.5,46,9.7,0.0,34544.59,46.95652,35.32513,1502.0,13.2,0.9155053652245884,1.3,2,5,0.5234156073655503,0.8520775211013093,0.01745240643728351,0.9998476951563913
2025-02-02,1.3,37842.4,0.0,46,1023.3,9.1,-4.5,0,4.7,0.0,34662.01,46.95652,35.32513,1502.0,13.6,0.9159569689026066,1.6,2,6,0.5380051715382996,0.8429415373547828,-0.12186934340514723,0.9925461516413221
2025-02-03,1.6,37953.67,0.0,45,1020.1,10.8,-3.8,14,7.7,0.0,34781.11,46.95652,35.32513,1502.0,14.600000000000001,0.9164096647307098,1.5,2,0,0.5524353131676196,0.8335557718385699,-0.9998476951563913,-0.017452406437283498
2025-02-04,1.5,38066.48,0.0,51,1019.1,10.4,-3.7,54,11.8,0.0,34901.72,46.95652,35.32513,1502.0,14.100000000000001,0.9168622893422244,3.2,2,1,0.5667017562911176,0.8239230057575542,-0.9659258262890683,-0.25881904510252063
2025-02-05,3.2,38180.7,0.7,61,1013.3,11.1,-2.9,51,12.7,1.4,35023.7,46.95652,35.32513,1502.0,14.0,0.9173142451552748,2.4,2,2,0.5808002734538009,0.8140460935082178,0.6819983600624985,-0.7313537016191705
2025-02-06,2.4,38296.2,4.55,82,1007.0,6.6,-0.6,96,14.5,8.9,15914.11,46.95652,35.32513,1502.0,7.199999999999999,0.4155532402692696,-1.6,2,3,0.5947266869607634,0.8039279618328213,0.4694715627858907,-0.882947592858927
2025-02-07,-1.6,38412.84,6.65,86,1019.0,0.9,-9.0,84,9.3,9.5,3276.7,46.95652,35.32513,1502.0,9.9,0.08530220624145468,-4.8,2,4,0.6084768701151261,0.7935716089521474,0.29237170472273677,0.9563047559630354
2025-02-08,-4.8,38530.49,4.55,81,1022.2,-2.2,-9.4,82,14.8,6.6,12317.96,46.95652,35.32513,1502.0,7.2,0.3196938320794778,-4.7,2,5,0.6220467484408675,0.7829801036770629,0.35836794954530027,0.9335804264972017
2025-02-09,-4.7,38649.04,0.7,80,1024.7,-2.4,-9.0,98,9.8,0.9,17967.32,46.95652,35.32513,1502.0,6.6,0.4648839919439137,-6.2,2,6,0.6354323008901774,0.7721565844991642,0.5446390350150271,0.838670567945424
2025-02-10,-6.2,38768.35,0.0,83,1028.4,-1.8,-9.5,78,7.2,0.0,23595.56,46.95652,35.32513,1502.0,7.7,0.6086294619193234,-4.7,2,0,0.6486295610349814,0.7611042586607747,0.01745240643728351,0.9998476951563913
2025-02-11,-4.7,38888.3,0.0,82,1030.1,1.0,-9.5,46,6.2,0.0,34976.06,46.95652,35.32513,1502.0,10.5,0.8993980194557231,-2.9,2,1,0.6616346182422783,0.7498264012045686,0.03489949670250097,0.9993908270190958
2025-02-12,-2.9,39008.79,0.0,80,1028.9,2.6,-6.8,61,7.5,0.0,30016.73,46.95652,35.32513,1502.0,9.4,0.7694863132129963,-0.2,2,2,0.6744436188329455,0.7383263540031065,0.10452846326765347,0.9945218953682733
2025-02-13,-0.2,39129.67,0.56,78,1023.3,6.6,-4.0,40,7.7,0.8,33301.74,46.95652,35.32513,1502.0,10.6,0.851061100183058,0.6,2,3,0.6870527672236669,0.7266075247685656,-0.7071067811865477,0.7071067811865474
2025-02-14,0.6,39250.86,0.14,75,1022.0,5.2,-4.4,45,17.2,0.6,24798.58,46.95652,35.32513,1502.0,9.600000000000001,0.63179711221614,-0.4,2,4,0.699458327051647,0.7146733860429609,-0.7431448254773944,-0.6691306063588581
2025-02-15,-0.4,39372.22,0.0,64,1022.5,7.5,-4.6,23,8.6,0.0,35757.88,46.95652,35.32513,1502.0,12.1,0.9082007567772403,2.6,2,5,0.7116566222817746,0.7025274741691571,-0.9925461516413221,-0.12186934340514717
2025-02-16,2.6,39493.85,0.0,48,1017.6,10.7,-3.8,73,5.5,0.0,28624.6,46.95652,35.32513,1502.0,14.5,0.7247862641905005,1.1,2,6,0.7236440382959124,0.6901733882429719,-0.5877852522924734,0.8090169943749473
2025-02-17,1.1,39616.82,1.75,77,1020.2,5.6,-4.1,62,11.3,2.5,25322.06,46.95652,35.32513,1502.0,9.7,0.6391744718531169,0.7,2,0,0.7354170229639855,0.6776147890466889,-0.9271838545667874,0.37460659341591196
2025-02-18,0.7,39741.21,0.0,66,1023.7,8.4,-4.1,26,9.5,0.0,35962.35,46.95652,35.32513,1502.0,12.5,0.9049133129061747,2.7,2,1,0.7469720876965552,0.6648553979642865,-0.9816271834476639,0.1908089953765451
2025-02-19,2.7,39866.91,0.0,52,1019.3,10.7,-3.8,68,11.7,0.0,36000.0,46.95652,35.32513,1502.0,14.5,0.9030045217951428,4.1,2,2,0.7583058084785624,0.6518989958787126,-0.8910065241883678,-0.4539904997395469
2025-02-20,4.1,39993.79,2.17,66,1012.9,10.4,0.7,96,18.2,4.2,26185.36,46.95652,35.32513,1502.0,9.700000000000001,0.6547356477093069,2.3,2,3,0.7694148268839378,0.6387494220515272,0.10452846326765373,-0.9945218953682733
2025-02-21,2.3,40121.73,4.55,78,1014.4,4.8,-0.6,73,15.9,7.5,32400.0,46.95652,35.32513,1502.0,5.3999999999999995,0.8075424464498414,-0.1,2,4,0.7802958510707755,0.6254105729852463,-0.7771459614569706,-0.6293203910498378
2025-02-22,-0.1,40250.62,5.32,81,1017.0,2.4,-4.3,81,10.0,7.6,11398.7,46.95652,35.32513,1502.0,6.699999999999999,0.2831931532980113,-2.4,2,5,0.7909456567567772,0.6118864012687243,-0.9455185755993168,-0.32556815445715664
2025-02-23,-2.4,40380.36,0.21,69,1018.0,-0.0,-6.1,87,17.5,0.2,33236.57,46.95652,35.32513,1502.0,6.1,0.8230875108592395,-5.7,2,6,0.8013610881746766,0.5981809144059165,-0.8987940462991668,-0.43837114678907774
2025-02-24,-5.7,40510.82,0.0,48,1023.6,-2.6,-8.8,24,16.9,0.0,36069.92,46.95652,35.32513,1502.0,6.200000000000001,0.890377434966757,-5.6,2,0,0.8115390590073611,0.5842981736283684,-0.992546151641322,0.12186934340514768
2025-02-25,-5.6,40641.9,0.0,46,1028.2,-1.5,-8.9,26,12.9,0.0,36242.83,46.95652,35.32513,1502.0,7.4,0.891760227745258,-3.3,2,1,0.8214765533024142,0.5702422926917871,-1.0,-1.8369701987210297e-16
2025-02-26,-3.3,40773.5,0.0,45,1025.5,1.3,-7.2,30,16.4,0.0,36334.49,46.95652,35.32513,1502.0,8.5,0.8911300231768182,-2.3,2,2,0.8311706263658079,0.5560174366570446,-0.9986295347545738,-0.052335956242944306
2025-02-27,-2.3,40905.5,0.0,52,1024.7,2.9,-6.2,3,13.4,0.0,36335.34,46.95652,35.32513,1502.0,9.1,0.8882751708205497,-0.7,2,3,0.8406184056344782,0.5416278206559814,-0.9781476007338056,0.20791169081775943
2025-02-28,-0.7,41037.8,0.0,54,1021.0,6.7,-5.4,8,13.5,0.0,36433.9,46.95652,35.32513,1502.0,12.100000000000001,0.8878131868667424,0.5,2,4,0.8498170915275278,0.5270777086423722,-0.9975640502598242,-0.06975647374412558
2025-03-01,0.5,41170.3,0.28,62,1019.7,6.1,-4.9,36,15.3,0.4,33732.35,46.95652,35.32513,1502.0,11.0,0.8193369977872398,0.2,3,5,0.8587639582758029,0.5123714121284237,-0.9876883405951378,0.15643446504023067
2025-03-02,0.2,41302.9,0.07,56,1023.1,5.7,-4.2,18,12.1,0.1,36540.46,46.95652,35.32513,1502.0,9.9,0.8846947793012112,1.7,3,6,0.8674563547295969,0.49751328890718066,-0.7193398003386511,0.6946583704589973
2025-03-03,1.7,41435.5,0.0,50,1022.1,9.0,-4.6,78,12.4,0.0,36077.66,46.95652,35.32513,1502.0,13.6,0.8706944528242692,4.8,3,0,0.8758917051442429,0.48250774176121847,-0.8571673007021121,-0.5150380749100544
2025-03-04,4.8,41567.98,0.0,36,1019.6,12.2,-2.0,100,11.4,0.0,35745.9,46.95652,35.32513,1502.0,14.2,0.859938346775571,6.3,3,1,0.8840675099433636,0.4673592171580022,-0.2588190451025208,-0.9659258262890683
2025-03-05,6.3,41700.27,1.19,52,1020.7,11.9,1.5,100,12.1,3.5,19781.9,46.95652,35.32513,1502.0,10.4,0.4743830195823673,6.6,3,2,0.8919813464595485,0.45207220393230435,0.4694715627858907,-0.882947592858927
2025-03-06,6.6,41832.24,0.0,70,1021.8,14.0,0.6,37,12.3,1.2,36315.28,46.95652,35.32513,1502.0,13.4,0.8681170312658371,6.9,3,3,0.8996308696522433,0.43665123195606403,-0.9998476951563913,-0.017452406437283498
2025-03-07,6.9,41963.82,0.0,75,1020.2,15.4,0.0,85,10.6,3.6,28839.0,46.95652,35.32513,1502.0,15.4,0.6872348608873072,6.9,3,4,0.9070138128026359,0.4211008707960896,0.4694715627858908,0.882947592858927
2025-03-08,6.9,42095.08,0.0,83,1013.5,12.8,4.4,94,9.8,6.5,14400.0,46.95652,35.32513,1502.0,8.4,0.34208273270890566,5.8,3,5,0.9141279881853337,0.40542572835999735,0.20791169081775934,0.9781476007338057
2025-03-09,5.8,42227.01,0.0,90,1015.9,8.9,3.9,97,7.5,5.2,0.0,46.95652,35.32513,1502.0,5.0,0.0,6.0,3,6,0.9209712877166346,0.38963044953078796,0.374606593415912,0.9271838545667874
2025-03-10,6.0,42359.72,0.42,85,1019.2,10.4,3.4,96,5.2,5.1,14918.74,46.95652,35.32513,1502.0,7.0,0.35219165754636717,5.9,3,0,0.9275416835791966,0.37371971479046906,-0.35836794954530077,0.9335804264972015
2025-03-11,5.9,42493.11,0.42,81,1022.1,13.5,1.7,92,11.3,4.1,26348.47,46.95652,35.32513,1502.0,11.8,0.6200645234015585,7.7,3,1,0.9338372288229252,0.35769823883312546,-0.6156614753256582,-0.788010753606722
2025-03-12,7.7,42627.09,0.0,60,1021.7,16.9,0.8,9,9.2,0.0,38297.78,46.95652,35.32513,1502.0,16.099999999999998,0.8984375898049809,9.1,3,2,0.9398560579418954,0.3415707691678556,-0.24192189559966787,0.9702957262759965
2025-03-13,9.1,42761.57,0.0,49,1021.6,18.5,0.5,0,4.7,0.0,38687.38,46.95652,35.32513,1502.0,18.0,0.9047230959948384,10.2,3,3,0.9455963874271426,0.3253420847119801,-0.10452846326765342,0.9945218953682733
2025-03-14,10.2,42896.45,0.0,40,1020.6,20.0,1.4,2,6.6,0.0,39080.66,46.95652,35.32513,1502.0,18.6,0.9110464851986588,11.0,3,4,0.9510565162951535,0.30901699437494745,-0.8191520442889918,0.573576436351046
2025-03-15,11.0,43031.66,0.0,41,1021.3,19.6,2.7,84,9.1,0.0,35742.64,46.95652,35.32513,1502.0,16.900000000000002,0.8306126233568493,11.2,3,5,0.9562348265919056,0.29260033563334836,0.1908089953765448,0.981627183447664
2025-03-16,11.2,43167.11,0.0,48,1021.1,20.6,2.6,3,6.1,0.0,39383.57,46.95652,35.32513,1502.0,18.0,0.9123513248860069,10.9,3,6,0.9611297838723007,0.27609697309746883,-0.13917310096006588,0.9902680687415703
2025-03-17,10.9,43302.69,0.0,53,1017.9,21.1,3.3,8,15.8,0.0,39938.84,46.95652,35.32513,1502.0,17.8,0.9223177590121998,10.5,3,0,0.9657399376548549,0.2595117970697999,-0.9702957262759965,-0.24192189559966779
2025-03-18,10.5,43438.34,0.0,60,1016.2,19.6,3.2,25,13.5,0.0,40237.31,46.95652,35.32513,1502.0,16.400000000000002,0.9263086480744891,12.5,3,1,0.9700639218515071,0.2428497220959356,-0.8090169943749473,-0.5877852522924732
2025-03-19,12.5,43573.96,0.0,53,1014.1,19.5,5.3,36,24.1,0.7,38761.3,46.95652,35.32513,1502.0,14.2,0.8895519250488136,11.4,3,2,0.9741004551724205,0.22611568550828828,-0.12186934340514731,-0.9925461516413221
2025-03-20,11.4,43709.46,0.0,74,1013.7,15.5,7.9,86,21.4,8.4,28058.18,46.95652,35.32513,1502.0,7.6,0.6419246542968045,8.9,3,3,0.9778483415056568,0.20931464596304847,0.01745240643728344,-0.9998476951563913
2025-03-21,8.9,43844.75,0.0,84,1014.9,14.5,6.2,86,11.1,13.7,15092.18,46.95652,35.32513,1502.0,8.3,0.3442186350703334,6.7,3,4,0.9813064702716093,0.19245158197082998,-0.5735764363510462,-0.8191520442889918
2025-03-22,6.7,43979.75,0.0,65,1016.2,14.2,-1.4,29,19.3,0.2,39922.2,46.95652,35.32513,1502.0,15.6,0.9077404942047191,4.4,3,5,0.9844738167520922,0.1755314904214282,-0.7431448254773944,-0.6691306063588581
2025-03-23,4.4,44114.38,0.0,58,1021.2,12.5,-1.8,1,14.3,0.0,41149.94,46.95652,35.32513,1502.0,14.3,0.9328010503604495,4.2,3,6,0.9873494423939864,0.15855938510313475,-0.9998476951563913,0.01745240643728313
2025-03-24,4.2,44248.53,0.0,54,1022.8,11.9,-2.5,13,14.5,0.6,41284.0,46.95652,35.32513,1502.0,14.4,0.9330027460799263,5.5,3,0,0.989932495087353,0.141540295217043,-0.5735764363510465,0.8191520442889916
2025-03-25,5.5,44382.12,0.0,46,1021.9,14.7,-2.0,15,10.8,0.0,41417.32,46.95652,35.32513,1502.0,16.7,0.9331983240097588,7.7,3,1,0.9922222094179323,0.12447926388678915,-0.5735764363510465,0.8191520442889916
2025-03-26,7.7,44515.07,0.0,46,1017.7,17.2,-0.3,14,14.3,0.0,41549.83,46.95652,35.32513,1502.0,17.5,0.9333879515409051,9.8,3,2,0.994217906893952,0.10738134666416309,-0.6560590289905074,0.7547095802227719
2025-03-27,9.8,44647.27,0.0,55,1016.6,19.5,2.7,44,13.7,0.0,41681.44,46.95652,35.32513,1502.0,16.8,0.9335719742774867,11.0,3,3,0.995918996147179,0.09025161003104117,-0.9510565162951535,-0.30901699437494756
2025-03-28,11.0,44778.82,0.0,61,1017.1,18.9,4.0,28,11.7,1.8,41812.06,46.95652,35.32513,1502.0,14.899999999999999,0.9337463559781164,11.6,3,4,0.9973249731081555,0.07309512989807777,-0.9876883405951378,0.15643446504023067
2025-03-29,11.6,44910.62,0.0,63,1016.6,20.7,4.9,45,12.0,0.3,41942.46,46.95652,35.32513,1502.0,15.799999999999999,0.9339096187048853,13.4,3,5,0.9984354211555643,0.055916990100603484,-0.06975647374412527,-0.9975640502598242
2025-03-30,13.4,45042.77,0.0,55,1015.8,20.3,6.0,63,15.3,0.0,36129.13,46.95652,35.32513,1502.0,14.3,0.8021071972261031,12.8,3,6,0.9992500112396835,0.03872228089217446,0.0871557427476582,-0.9961946980917455
2025-03-31,12.8,45175.19,0.0,64,1016.5,18.9,7.2,55,22.1,4.3,33399.98,46.95652,35.32513,1502.0,11.7,0.7393434316490977,13.8,3,0,0.9997685019798909,0.021516097436222254,-0.13917310096006552,-0.9902680687415703
2025-04-01,13.8,45307.79,0.0,64,1017.9,22.1,7.0,40,13.7,0.6,42334.38,46.95652,35.32513,1502.0,15.100000000000001,0.9343730956641231,14.6,4,1,0.9999907397361901,0.004303538296244289,-0.19080899537654472,-0.981627183447664
2025-04-02,14.6,45440.48,0.0,64,1015.3,22.1,8.6,61,19.5,0.8,32314.49,46.95652,35.32513,1502.0,13.500000000000002,0.7111388348010408,13.6,4,2,0.9999166586547379,-0.01291029607500882,-0.052335956242943564,-0.9986295347545738
2025-04-03,13.6,45573.2,0.0,64,1014.7,21.8,6.5,29,18.8,0.2,40945.5,46.95652,35.32513,1502.0,15.3,0.8984556713155978,12.2,4,3,0.9995462806873573,-0.030120304846908114,-0.6946583704589973,-0.7193398003386511
2025-04-04,12.2,45705.84,0.0,78,1015.9,18.1,6.2,87,13.3,6.3,34207.0,46.95652,35.32513,1502.0,11.900000000000002,0.7484163949289632,11.6,4,4,0.9988797155850336,-0.04732138832243185,0.0871557427476582,-0.9961946980917455
2025-04-05,11.6,45838.34,0.0,86,1013.6,16.5,9.0,79,22.5,18.3,15007.59,46.95652,35.32513,1502.0,7.5,0.32740256300729914,12.4,4,5,0.9979171608653922,-0.06450844944931623,0.0871557427476582,-0.9961946980917455
2025-04-06,12.4,45970.59,0.0,67,1017.5,20.8,5.5,50,13.8,0.0,41641.54,46.95652,35.32513,1502.0,15.3,0.9058300100129235,12.6,4,6,0.9966589017541702,-0.08167639533042241,-0.48480962024633695,-0.8746197071393959
2025-04-07,12.6,46102.52,0.0,64,1019.6,20.9,5.6,45,9.1,0.0,42826.35,46.95652,35.32513,1502.0,15.299999999999999,0.9289372901958505,13.3,4,0,0.9951053111006976,-0.09882013873287143,-0.6156614753256582,-0.788010753606722
2025-04-08,13.3,46234.02,0.0,64,1020.9,21.5,6.4,34,12.9,0.3,40448.69,46.95652,35.32513,1502.0,15.1,0.8748685491765589,15.9,4,1,0.9932568492674143,-0.11593459959550041,-0.8571673007021121,-0.5150380749100544
2025-04-09,15.9,46365.03,0.0,53,1016.0,23.9,8.5,33,16.5,0.0,42920.2,46.95652,35.32513,1502.0,15.399999999999999,0.9257019784091588,14.8,4,2,0.9911140639934547,-0.1330147065341959,-0.06975647374412527,-0.9975640502598242
2025-04-10,14.8,46495.43,0.0,66,1008.0,21.7,8.6,48,25.9,4.0,42636.25,46.95652,35.32513,1502.0,13.1,0.9169987243907627,10.6,4,3,0.9886775902323405,-0.1500553983446526,-0.15643446504023073,-0.9876883405951378
2025-04-11,10.6,46625.15,0.0,60,1008.0,18.1,3.3,27,14.7,0.0,43013.82,46.95652,35.32513,1502.0,14.8,0.922545450255924,8.1,4,4,0.9859481499638304,-0.16705162550211924,-0.7660444431189779,-0.6427876096865395
2025-04-12,8.1,46754.09,0.0,56,1010.3,15.6,1.4,30,20.5,0.0,39548.97,46.95652,35.32513,1502.0,14.2,0.8458932683750235,8.8,4,5,0.9829265519799822,-0.18399835165768005,-0.7771459614569706,-0.6293203910498378
2025-04-13,8.8,46882.14,0.0,58,1015.0,16.6,1.1,0,18.1,0.0,43107.27,46.95652,35.32513,1502.0,15.500000000000002,0.9194817045467634,11.1,4,6,0.9796136916454901,-0.20089055513063506,-0.19080899537654472,-0.981627183447664
2025-04-14,11.1,47009.22,0.0,57,1012.2,19.2,3.3,74,16.8,2.3,33506.88,46.95652,35.32513,1502.0,15.899999999999999,0.7127725156894753,8.2,4,0,0.9760105506323683,-0.21772323039653177,1.2246467991473532e-16,-1.0
2025-04-15,8.2,47135.22,0.77,62,1013.8,14.4,2.2,60,30.1,3.5,41309.03,46.95652,35.32513,1502.0,12.2,0.8763941273637844,6.0,4,1,0.9721181966290613,-0.23449138957040985,-0.19080899537654472,-0.981627183447664
2025-04-16,6.0,47260.05,0.63,61,1018.7,12.1,0.8,21,12.1,1.0,43200.0,46.95652,35.32513,1502.0,11.299999999999999,0.9140912885195847,7.0,4,2,0.9679377830240642,-0.25119006388481935,-0.9876883405951378,0.15643446504023067
2025-04-17,7.0,47383.77,0.0,56,1020.7,13.3,0.1,23,17.2,0.0,43200.0,46.95652,35.32513,1502.0,13.200000000000001,0.9117045773267936,7.7,4,3,0.9634705485641488,-0.2678143051621742,0.5150380749100542,0.8571673007021123
2025-04-18,7.7,47507.26,0.0,52,1019.1,15.2,0.1,0,12.9,0.0,43200.0,46.95652,35.32513,1502.0,15.1,0.9093346995806535,10.2,4,4,0.9587178169872964,-0.2843591872810034,0.6018150231520483,0.7986355100472928
2025-04-19,10.2,47630.61,0.0,52,1016.6,18.5,1.2,7,10.6,0.0,43200.0,46.95652,35.32513,1502.0,17.3,0.906979776240531,12.1,4,5,0.9536809966304457,-0.30081980763566735,0.5150380749100542,0.8571673007021123
2025-04-20,12.1,47753.73,0.0,56,1015.0,21.1,3.4,27,8.0,0.0,43200.0,46.95652,35.32513,1502.0,17.700000000000003,0.9046413756579852,14.1,4,6,0.9483615800121715,-0.3171912885891061,-0.8090169943749476,0.5877852522924729
2025-04-21,14.1,47876.53,0.0,56,1016.3,22.8,5.7,64,8.7,0.0,38920.08,46.95652,35.32513,1502.0,17.1,0.8129260829888884,15.0,4,0,0.9427611433904207,-0.3334687789181868,-0.5735764363510462,-0.8191520442889918
2025-04-22,15.0,47998.92,0.0,56,1018.9,21.7,9.3,44,13.3,0.3,34491.78,46.95652,35.32513,1502.0,12.399999999999999,0.7185949183856637,16.6,4,1,0.9368813462954315,-0.3496474552512284,-0.9975640502598242,-0.06975647374412558
2025-04-23,16.6,48120.8,0.0,48,1016.8,23.9,9.9,40,17.8,0.0,43206.25,46.95652,35.32513,1502.0,13.999999999999998,0.8978705674053631,16.9,4,2,0.9307239310379795,-0.36572252349726897,-0.45399049973954664,-0.8910065241883679
2025-04-24,16.9,48242.07,0.0,49,1016.0,24.0,11.0,73,20.9,0.0,38536.95,46.95652,35.32513,1502.0,13.0,0.7988245529265223,16.3,4,3,0.9242907221930933,-0.3816892202666588,-0.9961946980917455,-0.08715574274765825
2025-04-25,16.3,48362.66,0.0,58,1014.7,22.8,11.0,76,15.3,0.3,17015.28,46.95652,35.32513,1502.0,11.8,0.3518268019170161,15.5,4,4,0.9175836260593937,-0.39754281428255595,-0.29237170472273677,-0.9563047559630354
2025-04-26,15.5,48482.44,0.0,70,1014.9,21.8,11.7,99,16.6,3.9,22511.21,46.95652,35.32513,1502.0,10.100000000000001,0.4643167711856086,16.5,4,5,0.9106046300942162,-0.4132786077829042,0.06975647374412552,-0.9975640502598242
2025-04-27,16.5,48601.34,0.0,63,1013.6,23.4,11.1,67,21.2,2.4,38523.21,46.95652,35.32513,1502.0,12.299999999999999,0.7926367873807595,15.9,4,6,0.9033558023246845,-0.4288919379124835,-0.12186934340514731,-0.9925461516413221
2025-04-28,15.9,48719.23,0.0,67,1014.5,22.9,11.0,94,15.9,1.6,26013.64,46.95652,35.32513,1502.0,11.899999999999999,0.533950146584829,14.0,4,0,0.895839290734909,-0.4443781781046132,-0.12186934340514731,-0.9925461516413221
2025-04-29,14.0,48836.02,0.0,77,1015.1,20.1,8.9,79,17.1,4.6,25825.75,46.95652,35.32513,1502.0,11.200000000000001,0.5288258543591391,15.9,4,1,0.8880573226294932,-0.45973273945210397,0.3090169943749475,-0.9510565162951535
2025-04-30,15.9,48951.61,0.0,61,1015.5,24.0,8.0,28,12.3,1.0,43236.63,46.95652,35.32513,1502.0,16.0,0.8832524609507225,18.2,4,2,0.8800122039735357,-0.47495107206704995,-0.9510565162951535,-0.30901699437494756
2025-05-01,18.2,49065.87,0.0,44,1015.2,25.6,9.8,39,10.4,0.0,43997.31,46.95652,35.32513,1502.0,15.8,0.8966988662383851,17.8,5,3,0.8717063187093218,-0.4900286664290592,0.01745240643728344,-0.9998476951563913
2025-05-02,17.8,49178.71,0.0,54,1014.9,23.9,12.0,37,24.4,0.2,43605.04,46.95652,35.32513,1502.0,11.899999999999999,0.8866649816556799,17.1,5,4,0.8631421280499114,-0.5049610547215204,-0.2079116908177595,-0.9781476007338056
2025-05-03,17.1,49290.01,0.0,68,1014.2,24.2,11.2,62,17.1,0.1,39740.86,46.95652,35.32513,1502.0,13.0,0.8062660161765031,17.2,5,5,0.854322169749827,-0.5197438121555155,-0.06975647374412527,-0.9975640502598242
2025-05-04,17.2,49399.65,0.0,67,1011.6,24.5,10.9,64,24.8,1.8,33268.7,46.95652,35.32513,1502.0,13.6,0.6734602370664569,16.4,5,6,0.8452490573530633,-0.5343725582809786,-0.017452406437283637,-0.9998476951563913
2025-05-05,16.4,49507.53,0.0,57,1010.5,24.2,7.8,18,23.8,1.3,43200.0,46.95652,35.32513,1502.0,16.4,0.8725945325892849,12.5,5,0,0.8359254794186372,-0.548842958284719,-0.45399049973954664,-0.8910065241883679
2025-05-06,12.5,49613.52,0.0,65,1015.4,18.9,6.2,11,18.2,0.7,44413.37,46.95652,35.32513,1502.0,12.7,0.8951868361688509,13.3,5,1,0.8263541987239096,-0.5631507242749186,-0.913545457642601,-0.4067366430758001
2025-05-07,13.3,49717.64,0.0,63,1015.8,20.9,5.7,5,15.2,0.0,44276.24,46.95652,35.32513,1502.0,15.2,0.8905539361884434,15.3,5,2,0.8165380514459161,-0.5772916165517272,-0.8571673007021123,0.5150380749100542
2025-05-08,15.3,49820.74,0.0,56,1014.2,23.7,6.6,19,6.4,0.0,44847.95,46.95652,35.32513,1502.0,17.1,0.9001863480951908,16.9,5,3,0.8064799463209448,-0.5912614448635781,-0.8480480961564261,0.5299192642332047
2025-05-09,16.9,49922.86,0.0,53,1014.8,25.6,8.8,21,8.1,0.0,44855.59,46.95652,35.32513,1502.0,16.8,0.8984980027185941,17.6,5,4,0.7961828637826158,-0.6050560696488488,-0.7660444431189781,0.6427876096865393
2025-05-10,17.6,50023.91,0.0,52,1014.6,25.6,9.7,14,7.0,0.0,45008.43,46.95652,35.32513,1502.0,15.900000000000002,0.8997383451233619,18.4,5,5,0.7856498550787147,-0.6186714032625031,-0.6819983600624983,0.7313537016191707
2025-05-11,18.4,50123.81,0.0,48,1013.3,26.7,10.8,56,8.0,0.0,44721.8,46.95652,35.32513,1502.0,15.899999999999999,0.8922266683238965,19.1,5,6,0.7748840413670407,-0.6321034111873487,-0.891006524188368,0.45399049973954664
2025-05-12,19.1,50222.46,0.0,46,1008.9,26.0,12.4,52,16.2,0.3,44363.25,46.95652,35.32513,1502.0,13.6,0.8833348665119152,19.6,5,0,0.7638886127905428,-0.6453481132295501,0.4383711467890773,-0.898794046299167
2025-05-13,19.6,50319.76,0.0,45,1006.5,26.4,11.2,42,21.8,0.0,45331.26,46.95652,35.32513,1502.0,15.2,0.9008639945818502,17.1,5,1,0.7526668275320085,-0.6584015846980488,-0.4226182617406993,-0.90630778703665
2025-05-14,17.1,50415.62,0.0,48,1010.6,23.8,10.3,31,21.6,0.0,45643.59,46.95652,35.32513,1502.0,13.5,0.9053462002450826,14.1,5,2,0.7412220108485958,-0.6712599575675313,-0.43837114678907746,-0.8987940462991669
2025-05-15,14.1,50509.93,0.0,63,1014.1,18.9,6.8,44,24.3,0.4,36000.0,46.95652,35.32513,1502.0,12.099999999999998,0.7127311401936214,14.7,5,3,0.7295575540864875,-0.6839194216246106,-0.06975647374412527,-0.9975640502598242
2025-05-16,14.7,50602.59,0.0,51,1017.3,23.2,6.3,0,12.5,0.0,46110.98,46.95652,35.32513,1502.0,16.9,0.9112375473271231,17.5,5,4,0.717676913675962,-0.6963762255968722,-0.9659258262890684,0.2588190451025203
2025-05-17,17.5,50693.5,0.0,46,1016.6,26.4,7.5,0,7.7,0.0,46146.89,46.95652,35.32513,1502.0,18.9,0.9103117756714372,19.7,5,5,0.705583610107178,-0.7086266782644596,-0.1564344650402311,0.9876883405951377
2025-05-18,19.7,50782.57,0.0,48,1016.0,29.8,9.4,0,11.7,0.0,46181.15,46.95652,35.32513,1502.0,20.4,0.9093897768466622,21.6,5,6,0.6932812268869777,-0.7206671495538609,-0.9659258262890684,0.2588190451025203
2023-01-01,1.6,35041.75,0.0,61,1031.6,9.5,-4.4,22,11.0,0.0,30310.1,59.648438,36.309315,986.0,13.9,0.8649710702233764,1.7,1,6,0.017213356155834685,0.9998518392091162,-0.945518575599317,0.3255681544571563
2023-01-02,1.7,35079.48,0.0,57,1034.0,7.5,-2.2,0,13.4,0.0,30700.8,59.648438,36.309315,986.0,9.7,0.8751783093706063,4.1,1,0,0.03442161162274574,0.9994074007397048,-0.9135454576426011,0.40673664307579976
2023-01-03,4.1,35120.59,0.0,41,1031.7,11.6,-2.5,0,11.2,0.0,30717.67,59.648438,36.309315,986.0,14.1,0.8746342245389386,3.1,1,1,0.051619667223253764,0.998666816288476,-0.891006524188368,0.45399049973954664
2023-01-04,3.1,35164.99,0.0,52,1025.3,10.2,-1.9,11,9.8,0.0,30903.45,59.648438,36.309315,986.0,12.1,0.8788129898515541,3.9,1,2,0.06880242680231986,0.9976303053065857,-0.7771459614569708,0.6293203910498375
2023-01-05,3.9,35212.57,0.0,61,1019.9,9.2,-2.0,100,15.0,4.2,4563.98,59.648438,36.309315,986.0,11.2,0.12961223790254445,3.2,1,3,0.08596479873744647,0.9962981749346078,-0.798635510047293,0.6018150231520479
2023-01-06,3.2,35263.25,0.0,88,1020.9,8.0,-0.8,56,12.2,0.0,12822.8,59.648438,36.309315,986.0,8.8,0.3636306920093865,3.5,1,4,0.10310169744743485,0.9946708199115211,-0.7880107536067218,0.6156614753256585
2023-01-07,3.5,35316.93,0.0,77,1018.2,10.1,-0.2,29,11.8,0.0,30305.33,59.648438,36.309315,986.0,10.299999999999999,0.8580963860675319,3.2,1,5,0.1202080448993527,0.9927487224577402,-0.9205048534524405,0.3907311284892735
2023-01-08,3.2,35373.52,0.0,76,1021.3,9.4,-1.6,8,15.8,0.0,31131.76,59.648438,36.309315,986.0,11.0,0.8800865732333113,-0.9,1,6,0.13727877211326478,0.9905324521322229,0.2756373558169992,-0.9612616959383189
2023-01-09,-0.9,35432.92,0.63,94,1028.3,3.0,-4.2,100,19.3,0.9,7907.34,59.648438,36.309315,986.0,7.2,0.2231636568479256,-5.7,1,0,0.15430882066428117,0.9880226656636976,0.3583679495453002,-0.9335804264972017
2023-01-10,-5.7,35495.02,2.31,78,1036.7,-3.5,-7.7,100,16.9,3.2,0.0,59.648438,36.309315,986.0,4.2,0.0,-10.2,1,1,0.1712931441814776,0.9852201067560606,0.5299192642332049,-0.848048096156426
2023-01-11,-10.2,35559.75,0.0,65,1046.4,-6.2,-13.9,69,17.0,0.0,27432.97,59.648438,36.309315,986.0,7.7,0.7714612729279593,-12.6,1,2,0.1882267098432442,0.9821256058680006,0.5877852522924732,-0.8090169943749473
2023-01-12,-12.6,35626.99,0.0,50,1048.7,-7.9,-15.8,2,12.5,0.0,31559.18,59.648438,36.309315,986.0,7.9,0.8858222375788694,-11.1,1,3,0.2051044998686192,0.9787400799669153,0.8829475928589269,-0.4694715627858909
2023-01-13,-11.1,35696.66,0.0,33,1043.4,-3.4,-17.3,0,11.2,0.0,31717.11,59.648438,36.309315,986.0,13.9,0.8885175811966721,-9.0,1,4,0.2219215130041655,0.9750645322571948,0.6293203910498374,-0.7771459614569709
2023-01-14,-9.0,35768.66,0.0,20,1038.5,-1.1,-14.9,13,8.7,0.0,31781.83,59.648438,36.309315,986.0,13.8,0.888538457968512,-5.4,1,5,0.2386727660059501,0.9711000518829505,-0.5735764363510462,-0.8191520442889918
2023-01-15,-5.4,35842.89,0.0,19,1031.2,3.1,-13.9,35,11.2,0.0,31847.11,59.648438,36.309315,986.0,17.0,0.888519592030665,-1.7,1,6,0.255353295116187,0.9668478136052775,-0.8660254037844385,-0.5000000000000004
2023-01-16,-1.7,35919.27,0.0,40,1026.0,7.1,-7.0,17,10.2,0.0,31619.45,59.648438,36.309315,986.0,14.1,0.8802921106136067,-0.3,1,0,0.2719581575341055,0.9623090774541486,-0.9743700647852351,-0.22495105434386525
2023-01-17,-0.3,35997.71,0.0,63,1024.9,8.0,-5.9,63,13.8,0.0,31879.68,59.648438,36.309315,986.0,13.9,0.8856030008575546,-0.8,1,1,0.288482432880609,0.9574851883550393,-0.8829475928589271,0.4694715627858904
2023-01-18,-0.8,36078.27,0.0,72,1025.8,6.4,-5.2,44,10.4,0.0,27240.84,59.648438,36.309315,986.0,11.600000000000001,0.7550483989393062,-0.3,1,2,0.30492122465628907,0.9523775757303974,-0.798635510047293,0.6018150231520479
2023-01-19,-0.3,36161.85,0.0,71,1028.5,7.0,-4.6,15,11.4,0.0,32010.29,59.648438,36.309315,986.0,11.6,0.8851950328868684,-1.2,1,3,0.3212696616923644,0.9469877530760753,-0.9563047559630354,0.2923717047227367
2023-01-20,-1.2,36248.44,0.0,74,1031.7,5.3,-5.8,12,12.5,0.0,31973.72,59.648438,36.309315,986.0,11.1,0.882071614668107,-1.9,1,4,0.3375228995941133,0.9413173175128471,0.4226182617406995,-0.9063077870366499
2023-01-21,-1.9,36337.9,0.0,72,1032.3,4.7,-6.3,0,12.3,0.0,32249.4,59.648438,36.309315,986.0,11.0,0.8874866186543526,-2.6,1,5,0.3536761221763716,0.9353679493131483,0.5735764363510459,-0.8191520442889919
2023-01-22,-2.6,36430.07,0.0,72,1033.7,3.5,-6.8,2,12.8,0.0,32212.59,59.648438,36.309315,986.0,10.3,0.884230801642709,-2.8,1,6,0.3697245428906731,0.9291414114031743,0.788010753606722,-0.6156614753256583
2023-01-23,-2.8,36524.8,0.0,73,1033.4,3.8,-6.9,4,15.3,0.0,32281.11,59.648438,36.309315,986.0,10.7,0.8838134637287541,-3.2,1,0,0.38566340624360707,0.9226395488404876,-0.9271838545667873,-0.3746065934159123
2023-01-24,-3.2,36621.94,0.0,74,1032.9,2.5,-6.7,21,15.6,0.0,32570.21,59.648438,36.309315,986.0,9.2,0.8893633160886615,-3.3,1,1,0.401487989205973,0.9158642882672872,0.3420201433256689,-0.9396926207859083
2023-01-25,-3.3,36721.33,0.0,69,1031.9,2.2,-6.8,19,11.1,0.0,32306.83,59.648438,36.309315,986.0,9.0,0.8797837660019395,-2.3,1,2,0.4171936026123168,0.9088176373395029,0.49999999999999994,-0.8660254037844387
2023-01-26,-2.3,36822.84,0.0,64,1029.6,4.7,-7.4,4,9.4,0.0,32829.5,59.648438,36.309315,986.0,12.100000000000001,0.8915526341803077,-1.1,1,3,0.4327755925504312,0.901501684131884,-0.9902680687415703,-0.13917310096006583
2023-01-27,-1.1,36926.31,0.0,61,1027.7,5.9,-6.4,27,11.2,0.0,32904.06,59.648438,36.309315,986.0,12.3,0.8910736003678678,0.5,1,4,0.4482293417404106,0.893918596519257,-0.6946583704589973,-0.7193398003386511
2023-01-28,0.5,37031.62,0.0,65,1021.6,6.2,-4.8,59,10.5,0.0,26292.39,59.648438,36.309315,986.0,11.0,0.7099983743622341,2.5,1,5,0.4635502709028509,0.886070621534138,-0.891006524188368,0.45399049973954664
2023-01-29,2.5,37138.6,0.0,53,1015.3,9.3,-1.8,76,11.1,0.0,32812.68,59.648438,36.309315,986.0,11.100000000000001,0.8835195726279397,3.0,1,6,0.47873384011578846,0.8779600847008882,-0.798635510047293,0.6018150231520479
2023-01-30,3.0,37247.13,0.0,66,1016.6,9.7,-2.0,77,12.0,0.0,27989.18,59.648438,36.309315,986.0,11.7,0.7514452791396278,6.0,1,0,0.49377555015997715,0.869589389346611,-0.2588190451025207,0.9659258262890683
2023-01-31,6.0,37357.08,0.0,71,1012.5,13.3,-2.1,99,12.6,2.0,27481.89,59.648438,36.309315,986.0,15.4,0.7356541250012045,6.5,1,1,0.5086709438521044,0.8609610158889943,0.5150380749100544,-0.8571673007021122
2023-02-01,6.5,37468.3,0.0,80,1009.2,11.9,0.8,74,10.2,2.1,9164.55,59.648438,36.309315,986.0,11.1,0.24459476410725864,4.2,2,2,0.5234156073655503,0.8520775211013093,-0.981627183447664,-0.1908089953765446
2023-02-02,4.2,37580.68,0.0,78,1015.5,11.9,-0.5,31,9.3,0.0,30951.75,59.648438,36.309315,986.0,12.4,0.8236080347668003,4.2,2,3,0.5380051715382996,0.8429415373547828,-0.6018150231520483,0.7986355100472928
2023-02-03,4.2,37694.07,0.0,65,1017.2,12.5,-2.3,27,12.5,0.3,33001.12,59.648438,36.309315,986.0,14.8,0.8754989843229983,2.6,2,4,0.5524353131676196,0.8335557718385699,-0.8660254037844386,0.5000000000000001
2023-02-04,2.6,37808.36,0.0,69,1020.8,10.9,-4.7,47,13.6,0.0,34053.5,59.648438,36.309315,986.0,15.600000000000001,0.9006870438178223,3.4,2,5,0.5667017562911176,0.8239230057575542,-0.8480480961564261,0.5299192642332047
2023-02-05,3.4,37923.41,0.0,74,1017.3,10.1,-0.2,44,12.6,0.0,25629.97,59.648438,36.309315,986.0,10.299999999999999,0.6758350580815385,4.1,2,6,0.5808002734538009,0.8140460935082178,-0.8660254037844386,0.5000000000000001
2023-02-06,4.1,38039.12,0.0,53,1019.0,12.3,-2.8,48,10.7,0.0,33180.45,59.648438,36.309315,986.0,15.100000000000001,0.8722717560237985,6.1,2,0,0.5947266869607634,0.8039279618328213,-0.6560590289905074,0.7547095802227719
2023-02-07,6.1,38155.55,0.07,60,1009.8,16.0,-1.0,37,10.8,0.5,26227.48,59.648438,36.309315,986.0,17.0,0.687383093678377,6.8,2,1,0.6084768701151261,0.7935716089521474,-0.5877852522924734,0.8090169943749473
2023-02-08,6.8,38273.85,0.63,70,1010.1,14.9,1.5,67,17.7,4.1,30418.03,59.648438,36.309315,986.0,13.4,0.7947470662083903,2.0,2,2,0.6220467484408675,0.7829801036770629,-0.6691306063588581,0.7431448254773942
2023-02-09,2.0,38394.05,0.91,75,1021.5,6.9,-1.3,94,21.9,1.9,21995.97,59.648438,36.309315,986.0,8.200000000000001,0.5729004884871484,-2.2,2,3,0.6354323008901774,0.7721565844991642,-0.6427876096865396,0.7660444431189778
2023-02-10,-2.2,38516.04,0.21,78,1032.4,1.4,-6.1,88,17.7,0.3,9763.48,59.648438,36.309315,986.0,7.5,0.2534912727268951,-2.7,2,4,0.6486295610349814,0.7611042586607747,0.6819983600624985,-0.7313537016191705
2023-02-11,-2.7,38639.66,0.0,74,1034.7,2.8,-6.9,48,10.7,0.0,32400.0,59.648438,36.309315,986.0,9.7,0.8385166950226787,-1.4,2,5,0.6616346182422783,0.7498264012045686,0.4383711467890773,-0.898794046299167
2023-02-12,-1.4,38764.78,2.24,82,1026.5,3.0,-7.1,100,12.0,3.5,15198.67,59.648438,36.309315,986.0,10.1,0.3920741972481206,1.8,2,6,0.6744436188329455,0.7383263540031065,-0.6560590289905074,0.7547095802227719
2023-02-13,1.8,38891.26,1.19,91,1021.1,7.7,-1.6,98,13.5,2.3,17799.93,59.648438,36.309315,986.0,9.3,0.45768458003160606,2.5,2,0,0.6870527672236669,0.7266075247685656,-0.6156614753256582,0.788010753606722
2023-02-14,2.5,39018.97,1.75,89,1024.2,6.2,-0.3,100,14.0,5.2,0.0,59.648438,36.309315,986.0,6.5,0.0,4.2,2,1,0.699458327051647,0.7146733860429609,0.37460659341591224,-0.9271838545667873
2023-02-15,4.2,39147.79,2.1,93,1014.4,9.4,-1.5,100,17.4,12.4,1357.54,59.648438,36.309315,986.0,10.9,0.034677308731859445,5.8,2,2,0.7116566222817746,0.7025274741691571,-0.22495105434386534,0.9743700647852351
2023-02-16,5.8,39277.59,0.0,92,1016.1,11.2,0.2,100,19.4,4.3,210.99,59.648438,36.309315,986.0,11.0,0.005371765426544756,3.7,2,3,0.7236440382959124,0.6901733882429719,0.8660254037844386,0.5000000000000001
2023-02-17,3.7,39408.23,0.0,86,1026.4,10.4,-1.2,78,23.9,0.0,34609.96,59.648438,36.309315,986.0,11.6,0.8782419306830069,2.9,2,4,0.7354170229639855,0.6776147890466889,0.9563047559630355,-0.29237170472273666
2023-02-18,2.9,39539.6,0.0,83,1026.1,7.8,-1.6,50,10.5,0.1,21668.15,59.648438,36.309315,986.0,9.4,0.548011360762375,3.9,2,5,0.7469720876965552,0.6648553979642865,-0.35836794954530043,-0.9335804264972017
2023-02-19,3.9,39671.57,0.0,62,1019.8,12.4,-3.2,16,10.9,0.0,35511.99,59.648438,36.309315,986.0,15.600000000000001,0.895149599574708,6.0,2,6,0.7583058084785624,0.6518989958787126,-0.7771459614569708,0.6293203910498375
2023-02-20,6.0,39804.04,0.0,56,1018.2,14.3,-0.6,1,13.1,0.0,35581.96,59.648438,36.309315,986.0,14.9,0.8939283550111998,6.4,2,0,0.7694148268839378,0.6387494220515272,-0.798635510047293,0.6018150231520479
2023-02-21,6.4,39936.88,0.0,58,1011.9,16.5,-1.3,11,8.1,0.0,35752.93,59.648438,36.309315,986.0,17.8,0.8952359323011713,6.4,2,1,0.7802958510707755,0.6254105729852463,-0.8660254037844386,0.5000000000000001
2023-02-22,6.4,40069.97,0.0,56,1013.3,14.9,0.4,10,10.2,0.0,35825.44,59.648438,36.309315,986.0,14.5,0.8940720444762,8.3,2,2,0.7909456567567772,0.6118864012687243,-0.7880107536067218,0.6156614753256585
2023-02-23,8.3,40203.2,0.0,59,1012.0,18.7,-0.2,64,9.7,0.0,35662.04,59.648438,36.309315,986.0,18.9,0.8870448123532456,7.0,2,3,0.8013610881746766,0.5981809144059165,-0.45399049973954697,0.8910065241883678
2023-02-24,7.0,40336.46,0.0,60,1019.1,15.2,1.0,83,18.7,0.2,32509.53,59.648438,36.309315,986.0,14.2,0.8059589264898308,-0.0,2,4,0.8115390590073611,0.5842981736283684,0.6293203910498374,-0.7771459614569709
2023-02-25,-0.0,40469.65,2.45,80,1033.1,3.5,-3.6,80,18.0,3.5,7184.5,59.648438,36.309315,986.0,7.1,0.17752809821681184,5.3,2,5,0.8214765533024142,0.5702422926917871,0.2756373558169992,-0.9612616959383189
2023-02-26,5.3,40602.65,0.0,68,1027.6,14.4,-4.0,36,15.4,0.7,33677.54,59.648438,36.309315,986.0,18.4,0.8294419206628139,7.5,2,6,0.8311706263658079,0.5560174366570446,-0.981627183447664,-0.1908089953765446
2023-02-27,7.5,40735.54,0.0,67,1026.8,15.5,0.3,1,13.1,0.0,36416.37,59.648438,36.309315,986.0,15.2,0.8939704739399552,6.8,2,0,0.8406184056344782,0.5416278206559814,0.4226182617406995,-0.9063077870366499
2023-02-28,6.8,40869.41,0.0,63,1025.0,14.9,-0.6,0,12.4,0.0,36679.26,59.648438,36.309315,986.0,15.5,0.8974746638133508,7.5,2,1,0.8498170915275278,0.5270777086423722,0.777145961456971,-0.6293203910498373
2023-03-01,7.5,41004.36,0.0,52,1020.7,17.5,-0.4,0,10.8,0.0,36801.45,59.648438,36.309315,986.0,17.9,0.8975008999043028,9.2,3,2,0.8587639582758029,0.5123714121284237,-0.7431448254773946,0.6691306063588578
2023-03-02,9.2,41140.26,0.0,43,1017.8,18.8,2.2,36,10.2,0.0,36927.16,59.648438,36.309315,986.0,16.6,0.8975917993712242,9.7,3,3,0.8674563547295969,0.49751328890718066,-0.6946583704589976,0.7193398003386509
2023-03-03,9.7,41277.03,0.0,47,1021.6,19.5,2.2,57,17.8,0.0,36803.21,59.648438,36.309315,986.0,17.3,0.8916147794548203,11.9,3,4,0.8758917051442429,0.48250774176121847,0.5446390350150273,-0.8386705679454239
2023-03-04,11.9,41414.55,0.0,47,1016.9,21.9,2.0,26,11.8,0.0,36545.78,59.648438,36.309315,986.0,19.9,0.882438176920913,11.6,3,5,0.8840675099433636,0.4673592171580022,-0.798635510047293,0.6018150231520479
2023-03-05,11.6,41552.72,0.0,52,1017.8,19.5,5.1,42,15.0,0.7,30334.72,59.648438,36.309315,986.0,14.4,0.7300297068398892,13.3,3,6,0.8919813464595485,0.45207220393230435,-0.6018150231520483,0.7986355100472928
2023-03-06,13.3,41691.45,0.0,45,1015.2,24.0,5.7,8,11.4,0.0,37329.26,59.648438,36.309315,986.0,18.3,0.8953696741178349,16.2,3,0,0.8996308696522433,0.43665123195606403,-0.7193398003386511,0.6946583704589973
2023-03-07,16.2,41830.62,0.0,38,1013.2,26.2,5.2,76,16.8,0.7,36394.42,59.648438,36.309315,986.0,21.0,0.8700425669043393,9.1,3,1,0.9070138128026359,0.4211008707960896,-0.6427876096865396,0.7660444431189778
2023-03-08,9.1,41970.16,0.0,79,1023.5,12.9,6.1,86,19.4,1.0,14245.75,59.648438,36.309315,986.0,6.800000000000001,0.3394256776719459,12.9,3,2,0.9141279881853337,0.40542572835999735,0.4226182617406995,-0.9063077870366499
2023-03-09,12.9,42109.95,0.0,72,1015.1,22.1,5.1,92,9.8,0.1,32776.8,59.648438,36.309315,986.0,17.0,0.7783623585399652,15.6,3,3,0.9209712877166346,0.38963044953078796,-0.6819983600624983,0.7313537016191707
2023-03-10,15.6,42249.89,0.0,66,1012.6,25.0,8.0,99,19.2,3.3,25012.29,59.648438,36.309315,986.0,17.0,0.592008405228984,10.2,3,4,0.9275416835791966,0.37371971479046906,-0.9563047559630354,0.2923717047227367
2023-03-11,10.2,42389.9,0.0,94,1018.8,12.1,7.4,87,15.2,23.4,0.0,59.648438,36.309315,986.0,4.699999999999999,0.0,11.7,3,5,0.9338372288229252,0.35769823883312546,0.3583679495453002,-0.9335804264972017
2023-03-12,11.7,42529.88,0.0,71,1019.2,19.3,6.1,36,9.9,0.0,34673.57,59.648438,36.309315,986.0,13.200000000000001,0.8152755192349473,13.2,3,6,0.9398560579418954,0.3415707691678556,-0.8746197071393956,0.4848096202463373
2023-03-13,13.2,42669.73,0.0,54,1015.4,22.3,5.7,72,10.3,0.0,32347.21,59.648438,36.309315,986.0,16.6,0.7580833063626135,15.6,3,0,0.9455963874271426,0.3253420847119801,-0.8660254037844386,0.5000000000000001
2023-03-14,15.6,42809.36,0.0,44,1016.0,23.5,7.7,96,17.7,0.0,23264.26,59.648438,36.309315,986.0,15.8,0.5434386311778545,13.2,3,1,0.9510565162951535,0.30901699437494745,-0.6691306063588581,0.7431448254773942
2023-03-15,13.2,42948.66,0.0,56,1018.5,19.9,7.1,64,15.5,0.0,38079.72,59.648438,36.309315,986.0,12.799999999999999,0.8866334828606992,12.8,3,2,0.9562348265919056,0.29260033563334836,0.8290375725550417,-0.5591929034707467
2023-03-16,12.8,43087.55,0.0,44,1012.9,20.6,6.1,42,13.1,0.0,38252.4,59.648438,36.309315,986.0,14.500000000000002,0.8877831299296433,13.7,3,3,0.9611297838723007,0.27609697309746883,-0.052335956242943564,-0.9986295347545738
2023-03-17,13.7,43225.94,0.0,62,1009.7,22.0,7.5,41,9.7,8.4,37996.63,59.648438,36.309315,986.0,14.5,0.8790237991354265,12.6,3,4,0.9657399376548549,0.2595117970697999,-0.8829475928589271,0.4694715627858904
2023-03-18,12.6,43363.72,0.0,66,1012.7,20.5,6.2,18,13.4,1.0,38041.08,59.648438,36.309315,986.0,14.3,0.8772559180808289,11.7,3,5,0.9700639218515071,0.2428497220959356,0.9986295347545738,-0.05233595624294384
2023-03-19,11.7,43500.98,0.0,70,1014.2,18.4,5.9,17,12.2,0.7,37534.5,59.648438,36.309315,986.0,12.499999999999998,0.8628426302120089,12.0,3,6,0.9741004551724205,0.22611568550828828,0.6293203910498374,-0.7771459614569709
2023-03-20,12.0,43638.71,0.0,62,1011.5,19.0,5.2,56,15.5,0.0,37554.55,59.648438,36.309315,986.0,13.8,0.8605788301258218,13.2,3,0,0.9778483415056568,0.20931464596304847,0.6156614753256584,-0.7880107536067219
2023-03-21,13.2,43777.01,0.0,47,1009.0,20.4,5.3,54,18.8,0.1,36417.43,59.648438,36.309315,986.0,15.099999999999998,0.8318848180814541,9.9,3,1,0.9813064702716093,0.19245158197082998,0.9510565162951536,-0.30901699437494734
2023-03-22,9.9,43915.78,0.0,81,1009.0,12.0,6.8,100,10.9,6.6,0.0,59.648438,36.309315,986.0,5.2,0.0,9.9,3,2,0.9844738167520922,0.1755314904214282,-0.981627183447664,-0.1908089953765446
2023-03-23,9.9,44054.93,0.0,68,1012.6,15.1,4.5,93,15.8,0.0,12149.18,59.648438,36.309315,986.0,10.6,0.275773449191725,11.1,3,3,0.9873494423939864,0.15855938510313475,0.45399049973954686,-0.8910065241883678
2023-03-24,11.1,44194.4,0.0,54,1014.9,18.1,5.1,73,14.3,0.0,33025.42,59.648438,36.309315,986.0,13.000000000000002,0.7472761254819614,12.0,3,4,0.989932495087353,0.141540295217043,-0.2588190451025207,0.9659258262890683
2023-03-25,12.0,44334.07,0.0,50,1015.7,19.8,4.6,4,11.4,0.0,40043.41,59.648438,36.309315,986.0,15.200000000000001,0.9032198036408569,13.7,3,5,0.9922222094179323,0.12447926388678915,-0.275637355816999,-0.9612616959383189
2023-03-26,13.7,44473.87,0.0,46,1013.2,21.8,5.9,20,14.1,0.0,40229.48,59.648438,36.309315,986.0,15.9,0.9045644105179064,15.1,3,6,0.994217906893952,0.10738134666416309,0.8480480961564261,0.5299192642332049
2023-03-27,15.1,44613.71,0.0,51,1008.3,23.6,7.6,82,21.8,0.2,27943.65,59.648438,36.309315,986.0,16.0,0.6263466992545565,13.2,3,0,0.995918996147179,0.09025161003104117,-0.8290375725550418,-0.5591929034707466
2023-03-28,13.2,44753.5,0.0,69,1009.1,20.0,9.1,80,15.3,5.6,25819.02,59.648438,36.309315,986.0,10.9,0.576916218843219,14.3,3,1,0.9973249731081555,0.07309512989807777,-0.9063077870366498,0.4226182617406996
2023-03-29,14.3,44893.16,0.0,61,1010.5,20.8,8.1,12,13.4,0.0,39972.12,59.648438,36.309315,986.0,12.700000000000001,0.890383301153227,16.4,3,2,0.9984354211555643,0.055916990100603484,-0.9563047559630354,0.2923717047227367
2023-03-30,16.4,45032.59,0.0,47,1009.4,24.2,8.6,4,13.3,0.0,41009.56,59.648438,36.309315,986.0,15.6,0.9106640324262939,17.7,3,3,0.9992500112396835,0.03872228089217446,-0.9945218953682734,0.10452846326765299
2023-03-31,17.7,45171.7,0.0,36,1008.4,24.4,10.7,18,14.6,0.0,41362.32,59.648438,36.309315,986.0,13.7,0.9156688811800309,14.3,3,4,0.9997685019798909,0.021516097436222254,-0.19080899537654467,0.981627183447664
2023-04-01,14.3,45310.4,0.0,56,1006.3,20.5,7.4,69,16.6,0.6,28706.84,59.648438,36.309315,986.0,13.1,0.6335596242805184,9.2,4,5,0.9999907397361901,0.004303538296244289,0.4694715627858907,-0.882947592858927
2023-04-02,9.2,45448.61,0.0,70,1011.2,13.3,7.4,84,22.4,0.0,25803.07,59.648438,36.309315,986.0,5.9,0.5677416757080139,10.4,4,6,0.9999166586547379,-0.01291029607500882,0.6691306063588583,-0.7431448254773941
2023-04-03,10.4,45586.22,0.0,55,1012.0,16.7,5.3,62,16.9,0.0,39583.4,59.648438,36.309315,986.0,11.399999999999999,0.8683194175783823,9.2,4,0,0.9995462806873573,-0.030120304846908114,-0.6018150231520483,0.7986355100472928
2023-04-04,9.2,45723.15,0.0,65,1017.0,14.9,3.8,44,22.2,4.7,42149.57,59.648438,36.309315,986.0,11.100000000000001,0.921843092612823,11.2,4,1,0.9988797155850336,-0.04732138832243185,0.6560590289905073,-0.754709580222772
2023-04-05,11.2,45859.3,0.0,53,1014.0,17.5,5.9,43,9.8,0.0,41387.25,59.648438,36.309315,986.0,11.6,0.902483247672773,16.2,4,2,0.9979171608653922,-0.06450844944931623,-0.45399049973954664,-0.8910065241883679
2023-04-06,16.2,45994.58,0.0,34,1008.9,26.0,5.1,20,18.0,0.0,42835.37,59.648438,36.309315,986.0,20.9,0.9313134286692041,18.7,4,3,0.9966589017541702,-0.08167639533042241,-0.9063077870366498,0.4226182617406996
2023-04-07,18.7,46128.88,0.0,27,1010.8,28.2,8.9,24,20.7,0.0,42857.61,59.648438,36.309315,986.0,19.299999999999997,0.9290841225713696,18.6,4,4,0.9951053111006976,-0.09882013873287143,-0.9848077530122081,0.17364817766692997
2023-04-08,18.6,46262.27,0.0,29,1014.6,28.0,11.1,25,20.9,0.2,42492.72,59.648438,36.309315,986.0,16.9,0.9185178332148424,18.3,4,5,0.9932568492674143,-0.11593459959550041,0.9902680687415704,-0.13917310096006535
2023-04-09,18.3,46395.71,0.0,35,1016.5,27.8,10.0,34,28.2,0.0,39701.84,59.648438,36.309315,986.0,17.8,0.8557222208691277,15.8,4,6,0.9911140639934547,-0.1330147065341959,-0.8660254037844386,0.5000000000000001
2023-04-10,15.8,46529.28,0.0,46,1020.9,22.9,9.4,35,19.3,0.0,40017.5,59.648438,36.309315,986.0,13.499999999999998,0.8600498438832495,19.2,4,0,0.9886775902323405,-0.1500553983446526,0.6560590289905073,-0.754709580222772
2023-04-11,19.2,46662.88,0.0,35,1016.6,28.1,9.1,46,16.8,0.0,42998.4,59.648438,36.309315,986.0,19.0,0.9214690563462865,24.3,4,1,0.9859481499638304,-0.16705162550211924,0.7193398003386512,0.6946583704589973
2023-04-12,24.3,46796.44,0.0,18,1010.0,33.5,12.4,54,21.9,0.0,39257.81,59.648438,36.309315,986.0,21.1,0.8389059082272069,26.8,4,2,0.9829265519799822,-0.18399835165768005,-0.35836794954530043,-0.9335804264972017
2023-04-13,26.8,46929.87,0.0,18,1004.5,34.1,15.5,74,28.5,0.0,40154.7,59.648438,36.309315,986.0,18.6,0.8556320313693602,20.4,4,3,0.9796136916454901,-0.20089055513063506,-0.5000000000000001,-0.8660254037844386
2023-04-14,20.4,47063.05,0.0,41,1010.3,27.9,11.8,13,24.5,0.0,43200.0,59.648438,36.309315,986.0,16.099999999999998,0.9179175595291847,17.0,4,4,0.9760105506323683,-0.21772323039653177,-0.8571673007021121,-0.5150380749100544
2023-04-15,17.0,47195.92,0.0,41,1014.5,23.8,10.6,6,15.8,0.0,43200.0,59.648438,36.309315,986.0,13.200000000000001,0.9153333593242806,15.4,4,5,0.9721181966290613,-0.23449138957040985,-0.4848096202463369,0.8746197071393959
2023-04-16,15.4,47328.38,0.0,37,1016.9,21.6,9.5,69,19.8,0.0,39600.0,59.648438,36.309315,986.0,12.100000000000001,0.8367072779588062,9.6,4,6,0.9679377830240642,-0.25119006388481935,0.8746197071393959,-0.484809620246337
2023-04-17,9.6,47460.33,0.0,44,1024.4,13.1,4.1,61,23.4,0.0,39826.75,59.648438,36.309315,986.0,9.0,0.8391587247707717,8.8,4,0,0.9634705485641488,-0.2678143051621742,0.6427876096865395,-0.7660444431189779
2023-04-18,8.8,47591.66,0.0,28,1026.2,15.4,3.4,37,16.2,0.0,42492.93,59.648438,36.309315,986.0,12.0,0.8928650524062408,11.3,4,1,0.9587178169872964,-0.2843591872810034,0.7547095802227721,-0.6560590289905072
2023-04-19,11.3,47722.29,0.0,20,1019.4,19.4,2.0,0,15.6,0.0,43200.0,59.648438,36.309315,986.0,17.4,0.9052373639236507,15.2,4,2,0.9536809966304457,-0.30081980763566735,0.8910065241883679,-0.45399049973954675
2023-04-20,15.2,47852.12,0.0,19,1011.9,25.0,4.8,1,22.7,0.0,43200.0,59.648438,36.309315,986.0,20.2,0.9027813187796068,19.1,4,3,0.9483615800121715,-0.3171912885891061,0.6560590289905073,0.754709580222772
2023-04-21,19.1,47981.03,0.0,19,1008.8,28.2,7.4,1,22.1,0.0,43200.0,59.648438,36.309315,986.0,20.799999999999997,0.9003558281262407,22.3,4,4,0.9427611433904207,-0.3334687789181868,0.5591929034707469,0.8290375725550417
2023-04-22,22.3,48108.93,0.0,18,1009.3,31.5,11.6,53,13.6,0.0,43200.0,59.648438,36.309315,986.0,19.9,0.8979621870617368,22.7,4,5,0.9368813462954315,-0.3496474552512284,-0.22495105434386534,0.9743700647852351
2023-04-23,22.7,48235.71,0.0,24,1012.3,29.0,14.6,74,17.1,0.0,28555.06,59.648438,36.309315,986.0,14.4,0.5919900422321969,22.5,4,6,0.9307239310379795,-0.36572252349726897,0.3255681544571567,0.9455185755993168
2023-04-24,22.5,48361.26,0.0,23,1013.3,29.6,12.9,49,20.2,0.0,42305.53,59.648438,36.309315,986.0,16.700000000000003,0.8747813849349665,22.8,4,0,0.9242907221930933,-0.3816892202666588,0.9993908270190958,0.03489949670250108
2023-04-25,22.8,48485.47,0.0,22,1011.3,30.5,14.5,9,16.7,0.0,43200.0,59.648438,36.309315,986.0,16.0,0.8909885786401576,24.2,4,1,0.9175836260593937,-0.39754281428255595,0.8829475928589269,-0.4694715627858909
2023-04-26,24.2,48608.23,0.0,19,1010.0,33.2,15.4,37,22.8,0.0,36000.0,59.648438,36.309315,986.0,17.800000000000004,0.7406153237836473,22.0,4,2,0.9106046300942162,-0.4132786077829042,0.8910065241883678,0.4539904997395468
2023-04-27,22.0,48729.41,0.0,25,1010.7,29.6,14.4,19,19.6,0.0,43200.0,59.648438,36.309315,986.0,15.200000000000001,0.8865282793286435,22.6,4,3,0.9033558023246845,-0.4288919379124835,0.8910065241883679,-0.45399049973954675
2023-04-28,22.6,48849.09,0.0,17,1009.9,30.5,14.5,33,19.6,0.0,43200.0,59.648438,36.309315,986.0,16.0,0.8843562899534055,23.3,4,4,0.895839290734909,-0.4443781781046132,0.9205048534524403,-0.3907311284892738
2023-04-29,23.3,48968.14,0.0,17,1008.6,30.8,13.9,71,22.5,0.0,43200.0,59.648438,36.309315,986.0,16.9,0.8822062671769849,22.1,4,5,0.8880573226294932,-0.45973273945210397,0.9961946980917455,-0.08715574274765824
2023-04-30,22.1,49086.64,0.0,23,1007.5,28.0,14.9,72,21.7,0.0,22852.92,59.648438,36.309315,986.0,13.1,0.46556293117638525,21.9,4,6,0.8800122039735357,-0.47495107206704995,0.9335804264972017,-0.35836794954530027
2023-05-01,21.9,49204.52,0.0,28,1007.4,30.1,15.1,62,21.7,0.0,38468.25,59.648438,36.309315,986.0,15.000000000000002,0.7818031758058,21.0,5,0,0.8717063187093218,-0.4900286664290592,-0.7313537016191703,0.6819983600624986
2023-05-02,21.0,49321.65,0.0,41,1011.3,29.8,14.5,39,18.7,3.4,32322.04,59.648438,36.309315,986.0,15.3,0.6553316849699878,17.6,5,1,0.8631421280499114,-0.5049610547215204,0.5150380749100542,0.8571673007021123
2023-05-03,17.6,49437.95,0.0,56,1015.6,22.6,12.9,75,17.4,0.9,34297.7,59.648438,36.309315,986.0,9.700000000000001,0.6937524715324968,15.9,5,2,0.854322169749827,-0.5197438121555155,0.6819983600624985,-0.7313537016191705
2023-05-04,15.9,49553.31,0.0,58,1015.3,23.5,11.2,57,22.4,1.7,37919.91,59.648438,36.309315,986.0,12.3,0.7652346533460631,10.3,5,3,0.8452490573530633,-0.5343725582809786,0.9271838545667874,-0.37460659341591207
2023-05-05,10.3,49667.63,0.0,71,1018.1,14.4,5.2,67,17.1,6.4,10229.3,59.648438,36.309315,986.0,9.2,0.20595506570375915,13.5,5,4,0.8359254794186372,-0.548842958284719,0.49999999999999994,-0.8660254037844387
2023-05-06,13.5,49780.82,0.0,57,1015.7,22.1,4.6,9,11.0,0.0,43200.0,59.648438,36.309315,986.0,17.5,0.8678041060794097,15.9,5,5,0.8263541987239096,-0.5631507242749186,-0.9563047559630353,-0.2923717047227371
2023-05-07,15.9,49892.75,0.0,49,1016.3,22.7,9.8,0,18.5,0.0,43264.95,59.648438,36.309315,986.0,12.899999999999999,0.8671590561754964,18.1,5,6,0.8165380514459161,-0.5772916165517272,0.5150380749100542,0.8571673007021123
2023-05-08,18.1,50003.32,0.0,41,1014.0,26.2,8.4,1,15.6,0.0,43254.92,59.648438,36.309315,986.0,17.799999999999997,0.8650409612801709,22.9,5,0,0.8064799463209448,-0.5912614448635781,0.766044443118978,-0.6427876096865394
2023-05-09,22.9,50112.43,0.0,25,1011.9,32.8,12.6,38,21.7,0.0,43373.48,59.648438,36.309315,986.0,20.199999999999996,0.8655233841184713,23.3,5,1,0.7961828637826158,-0.6050560696488488,0.17364817766693033,0.984807753012208
2023-05-10,23.3,50219.96,0.0,30,1011.7,31.0,14.8,100,23.3,0.1,24623.04,59.648438,36.309315,986.0,16.2,0.4903038552798529,21.1,5,2,0.7856498550787147,-0.6186714032625031,0.5591929034707469,-0.8290375725550416
2023-05-11,21.1,50325.79,0.0,48,1014.9,27.0,15.4,22,13.0,0.2,43357.07,59.648438,36.309315,986.0,11.6,0.861527856790723,21.3,5,3,0.7748840413670407,-0.6321034111873487,-0.9993908270190958,0.03489949670250128
2023-05-12,21.3,50429.81,0.0,42,1017.9,27.5,13.6,22,14.9,0.0,43348.75,59.648438,36.309315,986.0,13.9,0.859585828302744,22.4,5,4,0.7638886127905428,-0.6453481132295501,0.7771459614569709,0.6293203910498375
2023-05-13,22.4,50531.9,0.0,32,1015.0,29.0,13.9,12,9.9,0.0,43532.09,59.648438,36.309315,986.0,15.1,0.8614774033828135,25.0,5,5,0.7526668275320085,-0.6584015846980488,0.981627183447664,-0.1908089953765448
2023-05-14,25.0,50631.93,0.0,22,1006.3,32.8,13.5,50,16.1,0.0,43655.3,59.648438,36.309315,986.0,19.299999999999997,0.8622088867637477,19.6,5,6,0.7412220108485958,-0.6712599575675313,0.9135454576426009,0.4067366430758002
2023-05-15,19.6,50729.8,0.0,52,1007.6,25.4,15.5,70,19.8,2.1,36015.96,59.648438,36.309315,986.0,9.899999999999999,0.7099566724095108,13.8,5,0,0.7295575540864875,-0.6839194216246106,0.8829475928589269,-0.4694715627858909
2023-05-16,13.8,50825.37,0.0,66,1015.0,18.2,11.0,97,17.1,6.2,6042.73,59.648438,36.309315,986.0,7.199999999999999,0.11889200216348644,14.4,5,1,0.717676913675962,-0.6963762255968722,0.5299192642332049,-0.848048096156426
2023-05-17,14.4,50918.51,0.0,57,1015.1,19.9,9.4,46,14.8,0.4,22550.98,59.648438,36.309315,986.0,10.499999999999998,0.44288373717141366,19.1,5,2,0.705583610107178,-0.7086266782644596,0.8746197071393959,-0.484809620246337
2023-05-18,19.1,51009.25,0.0,41,1013.7,30.0,8.2,27,25.2,0.0,41894.25,59.648438,36.309315,986.0,21.8,0.8213069198233653,22.7,5,3,0.6932812268869777,-0.7206671495538609,0.6691306063588583,-0.7431448254773941
2023-05-19,22.7,51098.32,0.0,31,1013.4,31.7,12.4,38,18.0,0.0,43955.41,59.648438,36.309315,986.0,19.299999999999997,0.8602124296845768,23.0,5,4,0.6807734094770161,-0.7324940716135789,0.9781476007338056,0.20791169081775945
2023-05-20,23.0,51185.79,0.0,31,1012.5,30.8,15.5,71,18.4,0.0,29345.42,59.648438,36.309315,986.0,15.3,0.5733118508085935,25.1,5,5,0.6680638642135335,-0.7441039398713607,1.0,6.123233995736766e-17
2023-05-21,25.1,51271.57,0.0,30,1010.5,32.3,15.4,80,22.3,0.0,31972.7,59.648438,36.309315,986.0,16.9,0.6235951034852258,24.4,5,6,0.6551563572090853,-0.7554933140726803,0.45399049973954675,0.8910065241883679
2023-05-22,24.4,51355.56,0.0,35,1011.2,32.2,18.1,69,23.3,0.0,30624.02,59.648438,36.309315,986.0,14.100000000000001,0.5963136221277696,25.2,5,0,0.6420547132365637,-0.766658819300159,-0.7193398003386511,0.6946583704589973
2023-05-23,25.2,51437.69,0.0,33,1013.6,32.3,17.2,40,19.8,0.1,40265.77,59.648438,36.309315,986.0,15.099999999999998,0.7828067317953041,25.8,5,1,0.6287628145958344,-0.7775971469736269,-0.8746197071393956,0.4848096202463373
2023-05-24,25.8,51517.86,0.0,27,1014.8,32.0,18.4,15,14.4,0.0,44408.25,59.648438,36.309315,986.0,13.600000000000001,0.861997179230659,25.1,5,2,0.6152845999633276,-0.7883050558305255,-0.05233595624294437,0.9986295347545738
2023-05-25,25.1,51595.99,0.0,24,1014.4,33.0,17.5,28,23.7,0.0,44401.63,59.648438,36.309315,986.0,15.5,0.8605635825574817,23.8,5,3,0.6016240632249226,-0.7987793728863649,0.8571673007021123,0.5150380749100542
2023-05-26,23.8,51671.98,0.0,17,1012.7,30.6,16.2,45,16.6,0.0,44845.3,59.648438,36.309315,986.0,14.400000000000002,0.8678842962859175,24.3,5,4,0.5877852522924732,-0.8090169943749473,0.8290375725550417,-0.5591929034707467
2023-05-27,24.3,51745.74,0.0,16,1010.9,31.2,16.2,71,17.6,0.0,43426.82,59.648438,36.309315,986.0,15.0,0.8392346886912817,24.0,5,5,0.5737722679043246,-0.8190148866680801,0.9902680687415704,-0.13917310096006535
2023-05-28,24.0,51817.18,0.0,24,1012.8,29.9,16.5,43,22.9,0.0,43609.53,59.648438,36.309315,986.0,13.399999999999999,0.8416036920573446,25.4,5,6,0.5595892624101765,-0.8287700871745038,0.6427876096865393,0.766044443118978
2023-05-29,25.4,51886.21,0.0,18,1013.4,32.5,16.6,41,22.5,0.0,45143.46,59.648438,36.309315,986.0,15.899999999999999,0.8700473594043581,24.9,5,0,0.545240438540651,-0.8382797052177744,0.1908089953765448,0.981627183447664
2023-05-30,24.9,51952.73,0.0,16,1012.3,32.5,15.4,20,17.6,0.0,45138.78,59.648438,36.309315,986.0,17.1,0.8688432734911139,25.6,5,1,0.5307300481619334,-0.8475409228928311,0.992546151641322,0.12186934340514749
2023-05-31,25.6,52016.66,0.0,12,1009.8,33.5,15.3,24,15.8,0.0,45761.8,59.648438,36.309315,986.0,18.2,0.8797527561362072,26.9,5,2,0.5160623910158528,-0.8565509959010036,0.9510565162951535,0.30901699437494745
2023-06-01,26.9,52077.89,0.0,10,1009.1,34.2,17.1,68,16.3,0.0,39600.0,59.648438,36.309315,986.0,17.1,0.7603994708694995,26.4,6,3,0.5012418134457758,-0.865307254363206,0.9925461516413221,-0.12186934340514737
2023-06-02,26.4,52136.33,0.0,23,1011.0,34.2,17.8,17,22.3,0.0,45292.86,59.648438,36.309315,986.0,16.400000000000002,0.8687389388551131,25.5,6,4,0.48627270710868997,-0.8738071036110808,0.39073112848927377,0.9205048534524404
2023-06-03,25.5,52191.88,0.0,36,1012.6,33.0,19.1,27,14.9,0.2,37123.3,59.648438,36.309315,986.0,13.899999999999999,0.7112849738311784,26.3,6,5,0.4711595076738638,-0.8820480249558537,-0.6156614753256582,0.788010753606722
2023-06-04,26.3,52244.46,0.0,33,1011.5,32.8,18.9,30,12.4,0.0,44653.93,59.648438,36.309315,986.0,13.899999999999999,0.8547112937907675,27.6,6,6,0.4559066935084588,-0.8900275764346767,0.20791169081775934,0.9781476007338057
2023-06-05,27.6,52293.97,0.0,23,1010.6,34.2,18.6,25,16.4,0.0,45609.34,59.648438,36.309315,986.0,15.600000000000001,0.8721720687872807,28.1,6,0,0.440518784350495,-0.8977433935342337,0.8571673007021123,0.5150380749100542
2023-06-06,28.1,52340.31,0.0,18,1010.7,35.5,17.7,34,19.0,0.0,45609.27,59.648438,36.309315,986.0,17.8,0.8713985454041063,27.7,6,1,0.42500033996955416,-0.9051931898913974,0.6427876096865393,0.766044443118978
2023-06-07,27.7,52383.47,0.0,21,1010.8,35.0,19.1,22,19.8,0.0,45609.06,59.648438,36.309315,986.0,15.899999999999999,0.8706765702997529,27.1,6,2,0.4093559588156213,-0.9123747579707273,0.9702957262759965,0.24192189559966767
2023-06-08,27.1,52423.8,0.0,32,1011.8,34.7,18.8,86,21.1,0.0,37044.02,59.648438,36.309315,986.0,15.900000000000002,0.7066259981153598,23.7,6,3,0.39359027665646673,-0.9192859697186104,0.7771459614569709,0.6293203910498375
2023-06-09,23.7,52461.36,0.0,45,1013.3,28.8,18.0,52,19.2,0.0,41502.64,59.648438,36.309315,986.0,10.8,0.7911087322173882,24.4,6,4,0.3777079652039649,-0.9259247771938498,0.9271838545667874,-0.37460659341591207
2023-06-10,24.4,52496.12,0.0,34,1009.9,30.5,17.8,1,18.3,0.0,45612.99,59.648438,36.309315,986.0,12.7,0.868883071739397,26.1,6,5,0.36171373072976765,-0.9322892131745133,0.981627183447664,-0.1908089953765448
2023-06-11,26.1,52528.04,0.0,22,1006.8,33.0,18.6,9,17.7,0.0,45937.02,59.648438,36.309315,986.0,14.399999999999999,0.8745237781573422,27.5,6,6,0.3456123126707335,-0.9383773917408641,0.9902680687415704,-0.13917310096006535
2023-06-12,27.5,52557.11,0.0,18,1005.6,34.6,18.6,15,17.5,0.0,46430.88,59.648438,36.309315,986.0,16.0,0.8834367034260445,28.2,6,0,0.3294084822245304,-0.9441875088341993,0.8746197071393957,0.4848096202463371
2023-06-13,28.2,52583.29,0.0,19,1005.0,35.6,18.3,2,24.6,0.0,46100.09,59.648438,36.309315,986.0,17.3,0.8767060790604772,28.4,6,1,0.3131070409358269,-0.9497178427914316,0.9335804264972017,0.3583679495453004
2023-06-14,28.4,52606.57,0.0,17,1004.3,36.2,19.9,1,19.8,0.0,46601.41,59.648438,36.309315,986.0,16.300000000000004,0.8858477182602859,28.8,6,2,0.29671281927349075,-0.9549667548552551,0.9743700647852352,0.22495105434386492
2023-06-15,28.8,52626.93,0.0,14,1003.7,36.2,19.1,3,20.1,0.0,46094.93,59.648438,36.309315,986.0,17.1,0.8758810365719604,29.9,6,3,0.28023067519921585,-0.9599326896597447,0.27563735581699916,0.9612616959383189
2023-06-16,29.9,52644.34,0.0,14,1002.5,36.7,21.1,1,18.4,0.0,46934.98,59.648438,36.309315,986.0,15.600000000000001,0.8915484551615617,29.0,6,4,0.26366549272800704,-0.9646141756912435,0.9271838545667874,0.37460659341591196
2023-06-17,29.0,52658.77,0.0,19,1001.8,35.7,21.9,37,23.8,0.0,45831.73,59.648438,36.309315,986.0,13.800000000000004,0.8703532194162531,29.1,6,5,0.24702218048093552,-0.9690098257244062,0.838670567945424,-0.5446390350150271
2023-06-18,29.1,52670.23,0.0,27,1002.6,38.4,20.1,1,33.4,0.0,46776.86,59.648438,36.309315,986.0,18.299999999999997,0.8881081400252097,29.9,6,6,0.23030567023061221,-0.9731183372332619,0.9876883405951378,-0.1564344650402308
2023-06-19,29.9,52678.68,0.0,29,1004.2,38.8,20.8,4,27.0,0.0,46608.62,59.648438,36.309315,986.0,17.999999999999996,0.884771979859784,29.1,6,0,0.21352091543979612,-0.9769384927771817,0.6156614753256583,0.7880107536067219
2023-06-20,29.1,52684.11,0.0,31,1005.4,35.0,22.0,4,20.8,0.0,46448.37,59.648438,36.309315,986.0,13.0,0.8816390748557772,29.8,6,1,0.19667288979357647,-0.980469160361632,0.8571673007021123,-0.5150380749100543
2023-06-21,29.8,52686.5,0.0,29,1005.7,34.5,22.9,14,23.2,0.0,44981.67,59.648438,36.309315,986.0,11.600000000000001,0.8537608305732968,27.8,6,2,0.1797665857255624,-0.9837092937736097,0.981627183447664,0.19080899537654492
2023-06-22,27.8,52685.84,0.0,24,1009.5,33.0,22.3,0,20.5,0.0,46620.05,59.648438,36.309315,986.0,10.7,0.8848686857797087,28.1,6,3,0.16280701293851715,-0.986657932891657,0.9876883405951378,-0.1564344650402308
2023-06-23,28.1,52682.12,0.0,20,1011.3,33.3,21.3,21,20.9,0.0,46289.84,59.648438,36.309315,986.0,11.999999999999996,0.878663197304892,27.9,6,4,0.1457991969198751,-0.9893142039703663,0.9961946980917455,-0.08715574274765824
2023-06-24,27.9,52675.34,0.0,22,1009.1,33.3,22.2,23,21.8,0.0,45823.77,59.648438,36.309315,986.0,11.099999999999998,0.8699283193995521,25.0,6,5,0.12874817745258132,-0.99167731989929,0.9945218953682733,0.10452846326765346
2023-06-25,25.0,52665.46,0.0,32,1010.0,28.6,17.9,35,20.6,0.3,38992.59,59.648438,36.309315,986.0,10.700000000000003,0.7403825961075816,25.5,6,6,0.11165900712169512,-0.993746580436178,0.8290375725550417,0.5591929034707468
2023-06-26,25.5,52652.5,0.0,23,1007.5,31.2,18.7,0,16.7,0.0,46962.75,59.648438,36.309315,986.0,12.5,0.891937704762357,27.0,6,0,0.09453674981719912,-0.9955213724144752,0.981627183447664,0.19080899537654492
2023-06-27,27.0,52636.41,0.0,18,1005.1,34.2,17.5,0,15.1,0.0,47133.52,59.648438,36.309315,986.0,16.700000000000003,0.8954546862143523,29.9,6,1,0.07738647923346301,-0.9970011699250151,0.9563047559630355,-0.29237170472273666
2023-06-28,29.9,52617.01,0.0,16,1007.3,37.4,19.6,1,22.6,0.0,46961.22,59.648438,36.309315,986.0,17.799999999999997,0.8925102357583603,29.7,6,2,0.06021327736579302,-0.9981855344718586,0.8191520442889918,0.573576436351046
2023-06-29,29.7,52594.33,0.0,19,1006.8,35.5,21.5,1,21.0,0.0,46646.57,59.648438,36.309315,986.0,14.0,0.8869125246010359,29.6,6,3,0.04302223300453059,-0.99907411510223,0.8910065241883679,-0.45399049973954675
2023-06-30,29.6,52568.45,0.0,18,1002.8,36.3,21.4,6,23.2,0.0,46802.23,59.648438,36.309315,986.0,14.899999999999999,0.8903102526325202,30.6,6,4,0.02581844022713308,-0.9996666485105112,0.9563047559630355,-0.29237170472273666
2023-07-01,30.6,52539.4,0.0,17,1002.9,37.2,21.6,3,24.5,0.0,46800.89,59.648438,36.309315,986.0,15.600000000000001,0.8907770168673415,27.3,7,5,0.008606996888688698,-0.9999629591162655,0.9743700647852352,-0.22495105434386503
2023-07-02,27.3,52507.28,0.0,35,1009.3,33.6,20.5,3,26.2,0.0,46302.68,59.648438,36.309315,986.0,13.100000000000001,0.8818335286078426,25.8,7,6,-0.008606996888688009,-0.9999629591162655,0.8571673007021123,0.5150380749100542
2023-07-03,25.8,52472.13,0.0,31,1012.3,31.8,20.0,1,18.9,0.0,46489.92,59.648438,36.309315,986.0,11.8,0.8859926212257822,26.0,7,0,-0.02581844022713239,-0.9996666485105112,0.9271838545667874,-0.37460659341591207
2023-07-04,26.0,52434.04,0.0,24,1011.4,32.2,18.4,0,23.2,0.0,46489.26,59.648438,36.309315,986.0,13.800000000000004,0.886623651353205,26.7,7,1,-0.04302223300453034,-0.99907411510223,0.9205048534524404,0.3907311284892737
2023-07-05,26.7,52393.06,0.0,23,1009.8,32.0,19.0,10,22.0,0.0,45106.98,59.648438,36.309315,986.0,13.0,0.8609342535060942,26.6,7,2,-0.060213277365792774,-0.9981855344718586,0.6018150231520483,0.7986355100472928
2023-07-06,26.6,52349.27,0.0,25,1010.1,33.2,19.6,21,23.3,0.0,42622.89,59.648438,36.309315,986.0,13.600000000000001,0.8142021846722982,27.3,7,3,-0.07738647923346322,-0.9970011699250151,0.052335956242943835,0.9986295347545738
2023-07-07,27.3,52302.75,0.0,25,1010.6,32.8,20.9,28,23.3,0.0,40529.65,59.648438,36.309315,986.0,11.899999999999999,0.7749047612219243,27.2,7,4,-0.09453674981719933,-0.9955213724144752,0.13917310096006544,0.9902680687415704
2023-07-08,27.2,52253.54,0.0,20,1009.1,33.8,19.9,0,20.8,0.0,46483.44,59.648438,36.309315,986.0,13.899999999999999,0.8895749455443593,27.5,7,5,-0.11165900712169444,-0.9937465804361781,0.5877852522924731,0.8090169943749475
2023-07-09,27.5,52201.73,0.0,20,1006.7,34.0,19.3,0,16.2,0.0,46649.95,59.648438,36.309315,986.0,14.7,0.8936475860091225,28.7,7,6,-0.12874817745258066,-0.99167731989929,0.9455185755993167,0.32556815445715676
2023-07-10,28.7,52147.39,0.0,17,1003.9,36.7,19.3,0,16.0,0.0,46815.11,59.648438,36.309315,986.0,17.400000000000002,0.8977459849860175,31.0,7,0,-0.14579919691987442,-0.9893142039703664,0.8290375725550417,-0.5591929034707467
2023-07-11,31.0,52090.6,0.0,13,1005.8,39.7,20.6,0,20.8,0.0,46475.14,59.648438,36.309315,986.0,19.1,0.8921982085059492,30.3,7,1,-0.16280701293851646,-0.9866579328916572,0.8746197071393957,0.4848096202463371
2023-07-12,30.3,52031.41,0.0,26,1010.2,38.9,20.9,0,28.5,0.0,46160.13,59.648438,36.309315,986.0,18.0,0.8871589295773455,29.8,7,2,-0.17976658572556214,-0.9837092937736098,0.4067366430758002,0.9135454576426009
2023-07-13,29.8,51969.9,0.0,30,1011.6,37.3,23.1,0,27.0,0.0,46015.09,59.648438,36.309315,986.0,14.199999999999996,0.8854180977835246,28.3,7,3,-0.19667288979357622,-0.9804691603616321,0.6018150231520483,0.7986355100472928
2023-07-14,28.3,51906.14,0.0,27,1012.8,33.8,21.5,0,22.2,0.0,45847.66,59.648438,36.309315,986.0,12.299999999999997,0.8832800897928454,29.2,7,4,-0.2135209154397959,-0.9769384927771817,0.9975640502598242,-0.06975647374412533
2023-07-15,29.2,51840.2,0.0,25,1008.7,35.0,22.7,0,16.9,0.0,45706.35,59.648438,36.309315,986.0,12.3,0.8816777327247967,30.8,7,5,-0.23030567023061196,-0.973118337233262,0.9993908270190958,-0.034899496702500955
2023-07-16,30.8,51772.16,0.0,22,1007.3,36.9,23.5,2,18.0,0.0,45541.63,59.648438,36.309315,986.0,13.399999999999999,0.8796548183425222,30.7,7,6,-0.24702218048093527,-0.9690098257244063,0.981627183447664,0.19080899537654492
2023-07-17,30.7,51701.95,0.0,28,1006.5,37.4,24.4,3,19.6,0.0,45378.11,59.648438,36.309315,986.0,13.0,0.8776866249725591,26.0,7,0,-0.2636654927280072,-0.9646141756912435,0.9659258262890683,-0.25881904510252085
2023-07-18,26.0,51628.95,0.0,43,1010.3,32.1,20.5,3,20.5,0.0,45242.73,59.648438,36.309315,986.0,11.600000000000001,0.8763054449102685,25.7,7,1,-0.2802306751992161,-0.9599326896597445,0.8571673007021123,-0.5150380749100543
2023-07-19,25.7,51553.17,0.0,38,1010.8,31.5,20.2,1,20.2,0.0,45109.91,59.648438,36.309315,986.0,11.3,0.8750171909894193,26.8,7,2,-0.2967128192734901,-0.9549667548552553,0.9743700647852352,-0.22495105434386503
2023-07-20,26.8,51474.71,0.0,32,1011.1,32.7,19.9,1,17.5,0.0,45112.95,59.648438,36.309315,986.0,12.800000000000004,0.8764099885166909,26.8,7,3,-0.3131070409358267,-0.9497178427914317,0.8987940462991669,-0.4383711467890775
2023-07-21,26.8,51393.7,0.0,25,1011.3,33.3,19.4,0,20.9,0.0,45275.59,59.648438,36.309315,986.0,13.899999999999999,0.8809560315758546,28.1,7,4,-0.3294084822245302,-0.9441875088341994,0.9945218953682733,0.10452846326765346
2023-07-22,28.1,51310.25,0.0,19,1010.9,34.1,19.3,0,21.5,0.0,45247.94,59.648438,36.309315,986.0,14.8,0.8818499227737149,28.1,7,5,-0.3456123126707333,-0.9383773917408642,0.5446390350150271,0.838670567945424
2023-07-23,28.1,51224.49,0.0,21,1010.4,34.0,20.4,0,24.3,0.0,45119.92,59.648438,36.309315,986.0,13.600000000000001,0.8808271199967047,28.9,7,6,-0.3617137307297674,-0.9322892131745134,0.4067366430758002,0.9135454576426009
2023-07-24,28.9,51136.52,0.0,20,1006.1,34.9,20.5,0,23.2,0.0,45121.38,59.648438,36.309315,986.0,14.399999999999999,0.8823709552390346,30.1,7,0,-0.37770796520396466,-0.9259247771938499,0.35836794954530027,0.9335804264972017
2023-07-25,30.1,51046.46,0.0,18,1004.9,36.8,22.0,0,18.7,0.0,45122.33,59.648438,36.309315,986.0,14.799999999999997,0.8839463108705286,30.6,7,1,-0.39359027665646645,-0.9192859697186105,0.27563735581699916,0.9612616959383189
2023-07-26,30.6,50954.43,0.0,21,1007.1,37.3,23.0,0,23.4,0.0,44691.67,59.648438,36.309315,986.0,14.299999999999997,0.8770909614728297,29.6,7,2,-0.4093559588156211,-0.9123747579707274,0.15643446504023087,0.9876883405951378
2023-07-27,29.6,50860.52,0.0,34,1008.2,37.2,23.3,8,23.5,0.0,44147.72,59.648438,36.309315,986.0,13.900000000000002,0.8680155059366284,29.6,7,3,-0.42500033996955394,-0.9051931898913975,0.6946583704589973,0.7193398003386512
2023-07-28,29.6,50764.86,0.0,32,1005.5,35.2,22.5,12,15.5,0.0,43695.48,59.648438,36.309315,986.0,12.700000000000003,0.8607426475715683,29.8,7,4,-0.4405187843504952,-0.8977433935342336,0.981627183447664,-0.1908089953765448
2023-07-29,29.8,50667.54,0.0,26,1004.9,35.2,22.9,30,24.5,0.0,35581.51,59.648438,36.309315,986.0,12.300000000000004,0.702254540086217,29.1,7,5,-0.455906693508459,-0.8900275764346766,0.25881904510252074,0.9659258262890683
2023-07-30,29.1,50568.68,0.0,20,1007.2,35.3,22.2,0,23.2,0.0,44447.98,59.648438,36.309315,986.0,13.099999999999998,0.8789626306243312,29.0,7,6,-0.47115950767386394,-0.8820480249558535,0.224951054343865,0.9743700647852352
2023-07-31,29.0,50468.37,0.0,18,1007.4,35.5,20.8,0,21.0,0.0,44447.46,59.648438,36.309315,986.0,14.7,0.8806993370303022,30.4,7,0,-0.4862727071086902,-0.8738071036110807,0.374606593415912,0.9271838545667874
2023-08-01,30.4,50366.73,0.0,19,1006.9,37.0,22.4,0,23.7,0.0,44152.75,59.648438,36.309315,986.0,14.600000000000001,0.8766253040449519,30.3,8,1,-0.5012418134457756,-0.8653072543632061,0.3090169943749474,0.9510565162951535
2023-08-02,30.3,50263.85,0.0,23,1007.9,36.1,23.5,0,24.2,0.0,44152.87,59.648438,36.309315,986.0,12.600000000000001,0.8784219672786705,29.3,8,2,-0.5160623910158526,-0.8565509959010037,0.6293203910498374,0.7771459614569709
2023-08-03,29.3,50159.83,0.0,19,1007.1,35.8,22.0,0,24.0,0.0,44294.09,59.648438,36.309315,986.0,13.799999999999997,0.8830590135572628,29.3,8,3,-0.5307300481619331,-0.8475409228928312,0.48480962024633706,0.8746197071393957
2023-08-04,29.3,50054.77,0.0,21,1009.2,36.0,21.6,0,24.5,0.0,44012.24,59.648438,36.309315,986.0,14.399999999999999,0.8792816348971337,29.6,8,4,-0.5452404385406507,-0.8382797052177745,0.5446390350150271,0.838670567945424
2023-08-05,29.6,49948.76,0.0,27,1010.8,36.0,22.3,2,24.4,0.0,43737.52,59.648438,36.309315,986.0,13.7,0.8756477638283712,29.2,8,5,-0.5595892624101763,-0.828770087174504,0.4067366430758002,0.9135454576426009
2023-08-06,29.2,49841.74,0.0,32,1008.8,35.8,22.9,21,17.4,0.0,43200.0,59.648438,36.309315,986.0,12.899999999999999,0.8667434162611498,28.5,8,6,-0.5737722679043243,-0.8190148866680802,0.992546151641322,0.12186934340514749
2023-08-07,28.5,49732.87,0.0,29,1005.8,35.0,21.5,2,22.1,0.0,43745.65,59.648438,36.309315,986.0,13.5,0.8796124173006705,28.6,8,0,-0.5877852522924734,-0.8090169943749472,0.6946583704589971,-0.7193398003386513
2023-08-08,28.6,49622.1,0.0,24,1006.4,35.5,21.1,22,25.5,0.0,41503.99,59.648438,36.309315,986.0,14.399999999999999,0.8364013211855201,28.0,8,1,-0.6016240632249227,-0.7987793728863648,0.12186934340514748,0.992546151641322
2023-08-09,28.0,49509.57,0.0,25,1010.8,35.1,21.3,3,23.2,0.0,43493.93,59.648438,36.309315,986.0,13.8,0.8784954100793039,28.0,8,2,-0.6152845999633277,-0.7883050558305253,0.8571673007021123,0.5150380749100542
2023-08-10,28.0,49395.38,0.0,23,1012.8,35.3,20.8,0,27.2,0.0,43501.2,59.648438,36.309315,986.0,14.499999999999996,0.8806734556956541,28.9,8,3,-0.6287628145958345,-0.7775971469736268,0.39073112848927377,0.9205048534524404
2023-08-11,28.9,49279.65,0.0,23,1012.9,35.5,21.0,15,26.3,0.0,41887.93,59.648438,36.309315,986.0,14.5,0.8500046165100604,26.2,8,4,-0.6420547132365636,-0.7666588193001592,0.4383711467890774,0.898794046299167
2023-08-12,26.2,49162.5,0.0,26,1014.3,33.2,19.9,0,26.4,0.0,43392.87,59.648438,36.309315,986.0,13.300000000000004,0.882641647597254,24.4,8,5,-0.655156357209085,-0.7554933140726804,0.9205048534524404,0.3907311284892737
2023-08-13,24.4,49044.03,0.0,25,1015.3,31.5,16.8,0,27.3,0.0,43401.38,59.648438,36.309315,986.0,14.7,0.8849472606553743,22.2,8,6,-0.6680638642135333,-0.7441039398713608,0.838670567945424,0.5446390350150271
2023-08-14,22.2,48924.36,0.0,18,1018.2,29.8,14.2,0,26.6,0.0,43409.34,59.648438,36.309315,986.0,15.600000000000001,0.8872745601577618,21.0,8,0,-0.6807734094770159,-0.7324940716135792,0.9975640502598242,-0.06975647374412533
2023-08-15,21.0,48803.59,0.0,15,1017.8,28.5,14.1,0,23.2,0.0,43303.86,59.648438,36.309315,986.0,14.4,0.8873089049391654,22.0,8,1,-0.6932812268869771,-0.7206671495538615,0.8660254037844387,-0.4999999999999998
2023-08-16,22.0,48681.83,0.0,16,1015.4,30.2,12.4,0,21.0,0.0,43313.61,59.648438,36.309315,986.0,17.799999999999997,0.8897284674795504,24.3,8,2,-0.7055836101071774,-0.70862667826446,0.9396926207859084,-0.3420201433256687
2023-08-17,24.3,48559.18,0.0,16,1013.6,32.0,14.4,0,18.8,0.0,43216.38,59.648438,36.309315,986.0,17.6,0.8899734303585851,26.1,8,3,-0.7176769136759615,-0.6963762255968726,0.6293203910498374,0.7771459614569709
2023-08-18,26.1,48435.73,0.0,19,1012.0,33.7,17.5,0,17.1,0.0,43200.0,59.648438,36.309315,986.0,16.200000000000003,0.891903559624269,27.1,8,4,-0.7295575540864876,-0.6839194216246105,0.42261826174069944,0.9063077870366499
2023-08-19,27.1,48311.6,0.0,17,1010.8,34.5,18.7,0,18.4,0.0,43200.0,59.648438,36.309315,986.0,15.8,0.8941951829374312,27.6,8,5,-0.7412220108485957,-0.6712599575675315,0.25881904510252074,0.9659258262890683
2023-08-20,27.6,48186.88,0.0,19,1011.6,35.0,19.9,5,23.4,0.0,43200.0,59.648438,36.309315,986.0,15.100000000000001,0.8965095893322,27.0,8,6,-0.7526668275320083,-0.6584015846980489,0.754709580222772,0.6560590289905073
2023-08-21,27.0,48061.65,0.0,31,1012.2,33.5,19.6,5,17.5,0.0,43200.0,59.648438,36.309315,986.0,13.899999999999999,0.8988455452528159,26.1,8,0,-0.7638886127905429,-0.64534811322955,0.9135454576426009,-0.40673664307580026
2023-08-22,26.1,47936.03,0.0,35,1012.3,32.6,20.6,1,19.2,0.0,43200.0,59.648438,36.309315,986.0,12.0,0.9012010381335293,27.1,8,1,-0.7748840413670406,-0.6321034111873488,0.9612616959383189,-0.27563735581699905
2023-08-23,27.1,47810.09,0.0,26,1010.9,34.8,19.1,2,24.2,0.0,43200.0,59.648438,36.309315,986.0,15.699999999999996,0.9035749566670969,27.5,8,2,-0.7856498550787144,-0.6186714032625032,0.9396926207859083,0.3420201433256688
2023-08-24,27.5,47683.93,0.0,23,1009.3,34.2,19.6,5,26.5,0.0,40022.57,59.648438,36.309315,986.0,14.600000000000001,0.8393303572083929,26.8,8,3,-0.7961828637826154,-0.6050560696488494,0.6156614753256583,0.7880107536067219
2023-08-25,26.8,47557.63,0.0,26,1008.4,34.2,21.2,2,26.3,0.0,43200.0,59.648438,36.309315,986.0,13.000000000000004,0.908371590426184,25.8,8,4,-0.8064799463209447,-0.5912614448635782,0.9563047559630355,-0.29237170472273666
2023-08-26,25.8,47431.13,0.0,38,1008.4,34.2,18.2,31,18.9,1.1,43200.0,59.648438,36.309315,986.0,16.000000000000004,0.9107942399854273,21.7,8,5,-0.8165380514459157,-0.5772916165517278,0.9902680687415704,-0.13917310096006535
2023-08-27,21.7,47303.54,0.0,51,1013.7,27.5,17.0,22,20.2,1.5,42668.14,59.648438,36.309315,986.0,10.5,0.9020073339120074,21.1,8,6,-0.8263541987239094,-0.5631507242749187,0.8660254037844387,-0.4999999999999998
2023-08-28,21.1,47174.78,0.0,37,1011.4,27.1,15.8,1,15.9,0.0,43200.0,59.648438,36.309315,986.0,11.3,0.9157435392385508,26.6,8,0,-0.8359254794186365,-0.5488429582847199,0.7071067811865476,-0.7071067811865475
2023-08-29,26.6,47044.97,0.0,24,1003.2,36.2,14.0,2,14.8,0.0,43200.0,59.648438,36.309315,986.0,22.200000000000003,0.9182703273059798,23.5,8,1,-0.8452490573530634,-0.5343725582809785,-0.9063077870366502,-0.42261826174069916
2023-08-30,23.5,46914.19,0.0,43,1011.0,30.4,18.0,22,22.9,0.4,39473.32,59.648438,36.309315,986.0,12.399999999999999,0.8413940430390037,22.1,8,2,-0.8543221697498269,-0.5197438121555157,0.9902680687415704,-0.13917310096006535
2023-08-31,22.1,46782.54,0.0,45,1015.9,28.3,16.9,3,19.6,0.0,43200.0,59.648438,36.309315,986.0,11.400000000000002,0.9234214303028437,23.6,8,3,-0.8631421280499115,-0.5049610547215202,0.7193398003386511,-0.6946583704589974
2023-09-01,23.6,46650.12,0.0,29,1015.1,30.2,18.1,1,19.2,0.0,43200.0,59.648438,36.309315,986.0,12.099999999999998,0.9260426339739318,24.4,9,4,-0.8717063187093217,-0.4900286664290594,0.777145961456971,-0.6293203910498373
2023-09-02,24.4,46517.01,0.0,20,1013.5,31.8,17.2,0,15.9,0.0,43200.0,59.648438,36.309315,986.0,14.600000000000001,0.928692536343157,24.9,9,5,-0.8800122039735356,-0.4749510720670502,0.8746197071393959,-0.484809620246337
2023-09-03,24.9,46383.32,0.0,21,1012.7,32.5,15.9,0,19.4,0.0,43200.0,59.648438,36.309315,986.0,16.6,0.9313692939617086,23.2,9,6,-0.888057322629493,-0.4597327394521046,0.9876883405951378,-0.1564344650402308
2023-09-04,23.2,46249.12,0.0,26,1014.8,30.2,17.0,0,17.8,0.0,43200.0,59.648438,36.309315,986.0,13.2,0.9340718266639452,23.6,9,0,-0.8958392907349089,-0.4443781781046134,0.8191520442889917,-0.5735764363510462
2023-09-05,23.6,46114.5,0.0,23,1014.5,31.2,16.5,0,18.2,0.0,43121.63,59.648438,36.309315,986.0,14.7,0.9350991553632805,24.2,9,1,-0.9033558023246842,-0.4288919379124841,0.6691306063588583,-0.7431448254773941
2023-09-06,24.2,45979.56,0.0,18,1013.3,32.0,16.4,0,16.7,0.0,42989.67,59.648438,36.309315,986.0,15.600000000000001,0.9349734969190658,26.3,9,2,-0.9106046300942162,-0.41327860778290443,0.8660254037844387,-0.4999999999999998
2023-09-07,26.3,45844.38,0.0,17,1010.5,35.0,15.3,0,18.3,0.0,42857.28,59.648438,36.309315,986.0,19.7,0.9348426132058063,25.9,9,3,-0.9175836260593934,-0.3975428142825566,0.9612616959383189,0.27563735581699916
2023-09-08,25.9,45709.03,0.0,28,1011.9,33.2,18.4,4,21.0,0.0,42724.54,59.648438,36.309315,986.0,14.800000000000004,0.9347067745694888,26.0,9,4,-0.9242907221930934,-0.3816892202666586,0.838670567945424,-0.5446390350150271
2023-09-09,26.0,45573.61,0.0,29,1008.0,33.8,18.8,1,18.2,0.0,42591.56,59.648438,36.309315,986.0,14.999999999999996,0.9345662983467844,26.7,9,5,-0.9307239310379793,-0.3657225234972692,0.6560590289905073,-0.754709580222772
2023-09-10,26.7,45438.19,0.0,30,1005.0,35.0,19.7,0,21.6,0.0,42458.39,59.648438,36.309315,986.0,15.3,0.934420803293441,20.9,9,6,-0.9368813462954315,-0.34964745525122826,0.9743700647852352,0.22495105434386492
2023-09-11,20.9,45302.87,0.0,44,1014.4,26.8,14.7,1,21.8,0.0,42325.12,59.648438,36.309315,986.0,12.100000000000001,0.9342701687553129,20.0,9,0,-0.9427611433904206,-0.33346877891818705,0.6560590289905073,-0.754709580222772
2023-09-12,20.0,45167.71,0.0,35,1014.9,27.4,13.9,0,22.5,0.0,42191.82,59.648438,36.309315,986.0,13.499999999999998,0.934114658458443,21.4,9,1,-0.9483615800121716,-0.31719128858910595,0.6018150231520482,-0.7986355100472929
2023-09-13,21.4,45032.81,0.0,28,1014.4,28.9,15.0,0,18.8,0.0,42058.59,59.648438,36.309315,986.0,13.899999999999999,0.933954376819923,21.2,9,2,-0.9536809966304455,-0.300819807635668,0.6819983600624985,-0.7313537016191705
2023-09-14,21.2,44898.24,0.0,28,1015.0,28.9,14.8,0,16.9,0.0,41925.48,59.648438,36.309315,986.0,14.099999999999998,0.933788941392803,20.1,9,3,-0.9587178169872964,-0.2843591872810036,0.7313537016191706,-0.6819983600624984
2023-09-15,20.1,44763.91,0.0,30,1016.7,27.2,13.8,0,17.4,0.0,41626.36,59.648438,36.309315,986.0,13.399999999999999,0.9299089378027969,18.9,9,4,-0.9634705485641486,-0.26781430516217486,0.6293203910498374,-0.7771459614569709
2023-09-16,18.9,44628.93,0.0,30,1016.3,26.1,13.4,1,15.7,0.0,41415.57,59.648438,36.309315,986.0,12.700000000000001,0.9279982737654701,19.2,9,5,-0.9679377830240642,-0.25119006388481957,0.6560590289905073,-0.754709580222772
2023-09-17,19.2,44493.22,0.0,25,1014.6,26.2,13.1,0,19.2,0.0,41207.39,59.648438,36.309315,986.0,13.1,0.9261498718231677,19.8,9,6,-0.9721181966290612,-0.23449138957041052,0.777145961456971,-0.6293203910498373
2023-09-18,19.8,44356.86,0.0,24,1014.1,26.5,12.6,0,16.4,0.0,41001.95,59.648438,36.309315,986.0,13.9,0.9243654758249343,19.2,9,0,-0.9760105506323682,-0.21772323039653224,0.8290375725550417,-0.5591929034707467
2023-09-19,19.2,44219.94,0.0,29,1018.5,27.0,11.9,0,22.7,0.0,40522.52,59.648438,36.309315,986.0,15.1,0.9163856848290611,17.2,9,1,-0.9796136916454901,-0.20089055513063528,0.9743700647852352,-0.22495105434386503
2023-09-20,17.2,44082.56,0.0,48,1022.7,23.0,12.6,11,18.4,0.0,40193.07,59.648438,36.309315,986.0,10.4,0.9117680552127645,16.9,9,2,-0.9829265519799822,-0.18399835165767986,0.788010753606722,-0.6156614753256583
2023-09-21,16.9,43944.79,0.0,37,1021.5,23.5,11.2,0,18.1,0.0,40138.37,59.648438,36.309315,986.0,12.3,0.9133817683506964,16.5,9,3,-0.9859481499638303,-0.1670516255021195,0.7547095802227721,-0.6560590289905072
2023-09-22,16.5,43806.72,0.0,34,1023.1,23.1,11.1,0,16.4,0.0,39822.11,59.648438,36.309315,986.0,12.000000000000002,0.9090411242841281,16.0,9,4,-0.9886775902323404,-0.15005539834465262,0.8480480961564261,-0.5299192642332048
2023-09-23,16.0,43668.44,0.0,35,1023.0,23.2,10.1,0,21.4,0.0,39642.59,59.648438,36.309315,986.0,13.1,0.9078087057838566,16.2,9,5,-0.9911140639934546,-0.13301470653419636,0.8090169943749475,-0.587785252292473
2023-09-24,16.2,43530.04,0.0,31,1021.6,23.5,9.0,0,20.1,0.0,39467.37,59.648438,36.309315,986.0,14.5,0.9066697388745796,16.6,9,6,-0.9932568492674143,-0.11593459959550066,0.8746197071393959,-0.484809620246337
2023-09-25,16.6,43391.59,0.0,30,1018.5,23.9,8.1,0,17.2,0.0,39296.71,59.648438,36.309315,986.0,15.799999999999999,0.9056296392918536,17.7,9,0,-0.9951053111006974,-0.09882013873287211,0.838670567945424,-0.5446390350150271
2023-09-26,17.7,43253.17,0.0,29,1018.2,24.5,8.7,24,13.1,0.0,38511.23,59.648438,36.309315,986.0,15.8,0.8903678042557345,17.7,9,1,-0.99665890175417,-0.08167639533042288,0.8660254037844387,-0.4999999999999998
2023-09-27,17.7,43114.89,0.0,30,1019.9,24.2,10.4,38,18.4,0.0,34587.5,59.648438,36.309315,986.0,13.799999999999999,0.802217053087692,17.3,9,2,-0.9979171608653922,-0.06450844944931625,0.8910065241883679,-0.45399049973954675
2023-09-28,17.3,42976.82,0.0,32,1020.5,24.0,10.9,3,23.3,0.0,37990.67,59.648438,36.309315,986.0,13.1,0.8839804806404941,17.0,9,3,-0.9988797155850335,-0.04732138832243232,0.90630778703665,-0.42261826174069933
2023-09-29,17.0,42839.05,0.0,32,1019.8,23.4,10.1,0,12.6,0.0,38174.86,59.648438,36.309315,986.0,13.299999999999999,0.8911229357327017,16.7,9,4,-0.9995462806873573,-0.03012030484690836,0.9876883405951378,0.15643446504023092
2023-09-30,16.7,42701.65,0.0,31,1018.1,23.9,9.2,0,13.0,0.0,38177.73,59.648438,36.309315,986.0,14.7,0.8940574895817843,17.4,9,5,-0.9999166586547379,-0.012910296075008843,0.8290375725550417,-0.5591929034707467
2023-10-01,17.4,42564.73,0.0,26,1014.7,25.4,9.4,0,12.3,0.0,37943.21,59.648438,36.309315,986.0,15.999999999999998,0.8914237210009319,20.2,10,6,-0.9999907397361901,0.004303538296243821,0.6427876096865395,-0.7660444431189779
2023-10-02,20.2,42428.36,0.0,21,1012.1,28.0,10.6,40,13.5,0.0,37751.12,59.648438,36.309315,986.0,17.4,0.889761470865242,22.7,10,0,-0.9997685019798909,0.021516097436222233,0.7071067811865476,-0.7071067811865475
2023-10-03,22.7,42292.62,0.0,20,1012.3,31.2,14.1,36,21.9,0.0,37471.25,59.648438,36.309315,986.0,17.1,0.8859997323410088,21.5,10,1,-0.9992500112396835,0.03872228089217399,0.6819983600624985,0.7313537016191705
2023-10-04,21.5,42157.62,0.0,24,1016.0,30.5,12.9,17,20.9,0.0,37331.72,59.648438,36.309315,986.0,17.6,0.8855272190413026,21.2,10,2,-0.9984354211555643,0.05591699010060302,0.9455185755993168,-0.32556815445715664
2023-10-05,21.2,42023.26,0.0,36,1014.2,30.4,14.5,55,26.6,0.9,36076.22,59.648438,36.309315,986.0,15.899999999999999,0.8584821834384101,15.1,10,3,-0.9973249731081555,0.07309512989807776,-0.5735764363510465,0.8191520442889916
2023-10-06,15.1,41888.55,0.0,60,1021.2,21.5,10.4,16,24.5,0.0,36666.09,59.648438,36.309315,986.0,11.1,0.8753248799492939,15.0,10,4,-0.9959189961471792,0.0902516100310407,0.7193398003386511,-0.6946583704589974
2023-10-07,15.0,41753.43,0.0,51,1019.1,22.2,8.9,1,9.9,0.0,36928.77,59.648438,36.309315,986.0,13.299999999999999,0.8844487746276173,16.0,10,5,-0.994217906893952,0.10738134666416306,-0.275637355816999,-0.9612616959383189
2023-10-08,16.0,41617.98,0.0,40,1020.5,23.2,9.1,0,19.6,0.0,37055.77,59.648438,36.309315,986.0,14.1,0.8903788699019028,19.3,10,6,-0.9922222094179324,0.12447926388678869,0.45399049973954686,-0.8910065241883678
2023-10-09,19.3,41482.31,0.0,32,1014.0,28.0,9.3,11,10.0,0.0,36926.37,59.648438,36.309315,986.0,18.7,0.8901714971996498,19.4,10,0,-0.989932495087353,0.141540295217043,-0.8386705679454243,0.5446390350150266
2023-10-10,19.4,41346.51,0.0,42,1017.3,29.3,11.5,16,23.1,0.0,36800.02,59.648438,36.309315,986.0,17.8,0.8900393285914577,20.7,10,1,-0.9873494423939864,0.15855938510313475,0.7071067811865476,-0.7071067811865475
2023-10-11,20.7,41210.67,0.0,44,1015.5,31.1,10.8,8,13.5,0.0,36676.86,59.648438,36.309315,986.0,20.3,0.8899845598239485,14.9,10,2,-0.9844738167520923,0.17553149042142777,-0.9743700647852352,0.22495105434386492
2023-10-12,14.9,41074.9,0.0,66,1025.3,23.5,8.1,67,20.9,4.1,29357.07,59.648438,36.309315,986.0,15.4,0.7147204253692644,7.9,10,3,-0.9813064702716093,0.19245158197082995,0.5591929034707469,-0.8290375725550416
2023-10-13,7.9,40939.3,0.0,76,1029.7,11.6,3.0,70,16.7,0.5,14565.94,59.648438,36.309315,986.0,8.6,0.3557935773205697,11.6,10,4,-0.9778483415056567,0.20931464596304888,0.5446390350150273,-0.8386705679454239
2023-10-14,11.6,40803.96,0.0,62,1021.6,19.9,3.2,30,19.8,0.1,36000.0,59.648438,36.309315,986.0,16.7,0.8822673093493867,11.8,10,5,-0.9741004551724206,0.22611568550828803,0.3583679495453002,-0.9335804264972017
2023-10-15,11.8,40668.99,0.0,59,1021.1,17.8,5.8,4,15.4,0.0,36219.69,59.648438,36.309315,986.0,12.0,0.8905972339121282,12.6,10,6,-0.970063921851507,0.2428497220959358,0.6018150231520482,-0.7986355100472929
2023-10-16,12.6,40534.5,0.0,51,1015.2,21.1,4.8,10,9.7,0.0,36297.04,59.648438,36.309315,986.0,16.3,0.8954604102677965,15.7,10,0,-0.965739937654855,0.25951179706979943,-0.45399049973954664,-0.8910065241883679
2023-10-17,15.7,40400.57,0.0,53,1013.4,24.5,8.9,56,19.4,1.2,27929.95,59.648438,36.309315,986.0,15.6,0.6913256421877216,14.9,10,1,-0.9611297838723007,0.27609697309746883,-0.7431448254773946,0.6691306063588578
2023-10-18,14.9,40267.34,0.0,63,1020.5,21.4,9.3,3,14.8,0.0,35926.63,59.648438,36.309315,986.0,12.099999999999998,0.8922027131665514,15.8,10,2,-0.9562348265919058,0.2926003356333479,-0.15643446504023073,-0.9876883405951378
2023-10-19,15.8,40134.89,0.0,58,1016.6,24.0,8.9,16,11.0,0.0,35852.82,59.648438,36.309315,986.0,15.1,0.8933080419555155,17.0,10,3,-0.9510565162951536,0.30901699437494723,-0.9510565162951536,0.30901699437494723
2023-10-20,17.0,40003.34,0.0,57,1019.0,25.9,10.9,41,23.2,4.1,35779.46,59.648438,36.309315,986.0,14.999999999999998,0.8944118166133128,13.6,10,4,-0.9455963874271428,0.3253420847119795,0.838670567945424,0.5446390350150271
2023-10-21,13.6,39872.8,0.0,73,1021.1,19.4,8.0,26,11.6,0.5,31619.21,59.648438,36.309315,986.0,11.399999999999999,0.7930019963483877,16.3,10,5,-0.9398560579418953,0.341570769167856,0.37460659341591224,-0.9271838545667873
2023-10-22,16.3,39743.39,0.0,52,1019.4,25.9,7.2,24,9.4,0.0,32460.82,59.648438,36.309315,986.0,18.7,0.8167602210078204,14.8,10,6,-0.9338372288229252,0.35769823883312546,-0.8386705679454242,-0.544639035015027
2023-10-23,14.8,39615.21,0.0,53,1023.2,21.2,9.0,6,13.9,0.0,35403.55,59.648438,36.309315,986.0,12.2,0.8936857838188919,15.8,10,0,-0.9275416835791965,0.3737197147904692,0.6293203910498374,-0.7771459614569709
2023-10-24,15.8,39488.39,0.0,48,1016.1,23.9,7.5,22,10.5,0.0,35329.42,59.648438,36.309315,986.0,16.4,0.8946786637794045,16.0,10,1,-0.9209712877166347,0.38963044953078774,-0.9335804264972017,0.3583679495453004
2023-10-25,16.0,39362.86,0.0,54,1016.4,25.2,9.9,97,23.4,0.9,22172.18,59.648438,36.309315,986.0,15.299999999999999,0.5632766521538323,15.9,10,2,-0.9141279881853337,0.4054257283599973,-0.8386705679454243,0.5446390350150266
2023-10-26,15.9,39237.51,0.0,60,1019.1,22.1,10.6,13,9.8,0.0,35184.75,59.648438,36.309315,986.0,11.500000000000002,0.89671210023266,17.1,10,3,-0.9070138128026362,0.42110087079608916,0.01745240643728344,-0.9998476951563913
2023-10-27,17.1,39112.27,0.0,46,1015.8,25.9,9.9,8,11.6,0.0,35113.29,59.648438,36.309315,986.0,15.999999999999998,0.8977563818208456,18.2,10,4,-0.8996308696522434,0.4366512319560638,-0.7771459614569708,0.6293203910498375
2023-10-28,18.2,38987.26,0.0,36,1014.7,27.1,10.6,49,12.2,0.0,35042.48,59.648438,36.309315,986.0,16.5,0.8988187423276219,18.1,10,5,-0.8919813464595487,0.45207220393230374,-0.7071067811865477,0.7071067811865474
2023-10-29,18.1,38862.59,0.0,38,1016.9,27.1,11.1,1,11.2,0.0,34972.38,59.648438,36.309315,986.0,16.0,0.8998983341048551,18.9,10,6,-0.8840675099433637,0.46735921715800205,-0.798635510047293,0.6018150231520479
2023-10-30,18.9,38738.38,0.0,41,1019.9,27.7,11.1,43,18.5,0.0,34430.71,59.648438,36.309315,986.0,16.6,0.8888009772220729,12.9,10,0,-0.8758917051442433,0.48250774176121763,-0.6293203910498378,0.7771459614569706
2023-10-31,12.9,38614.76,0.0,55,1029.6,18.5,7.3,38,18.8,0.0,34715.88,59.648438,36.309315,986.0,11.2,0.8990313548498035,11.5,10,1,-0.8674563547295971,0.4975132889071803,0.6427876096865395,-0.7660444431189779
2023-11-01,11.5,38491.83,0.0,40,1027.0,20.1,4.2,12,16.2,0.0,34767.25,59.648438,36.309315,986.0,15.900000000000002,0.9032371285023341,12.0,11,2,-0.858763958275803,0.5123714121284235,0.5150380749100544,-0.8571673007021122
2023-11-02,12.0,38369.73,0.0,30,1021.6,21.6,3.1,2,11.5,0.0,34700.87,59.648438,36.309315,986.0,18.5,0.9043813964810281,14.3,11,3,-0.8498170915275277,0.5270777086423724,-0.6691306063588582,-0.7431448254773942
2023-11-03,14.3,38248.57,0.0,22,1014.7,23.5,4.9,91,10.9,0.0,34527.51,59.648438,36.309315,986.0,18.6,0.9027137485139968,15.5,11,4,-0.8406184056344783,0.5416278206559811,-0.8480480961564261,0.5299192642332047
2023-11-04,15.5,38128.51,0.0,26,1014.3,22.4,9.0,64,10.5,0.0,29885.24,59.648438,36.309315,986.0,13.399999999999999,0.7838029862693296,14.2,11,5,-0.8311706263658079,0.5560174366570446,-0.9998476951563913,0.01745240643728313
2023-11-05,14.2,38009.65,0.0,45,1017.5,20.4,8.4,48,15.5,0.0,33398.95,59.648438,36.309315,986.0,11.999999999999998,0.8786965941543791,13.6,11,6,-0.8214765533024145,0.5702422926917867,0.03489949670250114,-0.9993908270190958
2023-11-06,13.6,37892.13,0.0,55,1015.6,21.2,7.3,14,8.2,0.0,33801.96,59.648438,36.309315,986.0,13.899999999999999,0.89205753279111,15.0,11,0,-0.8115390590073611,0.5842981736283683,-0.8191520442889918,0.573576436351046
2023-11-07,15.0,37776.1,0.0,50,1015.0,22.2,7.4,34,21.8,0.0,32400.0,59.648438,36.309315,986.0,14.799999999999999,0.857685150134609,12.4,11,1,-0.801361088174677,0.5981809144059158,-0.7193398003386511,0.6946583704589973
2023-11-08,12.4,37661.69,0.0,69,1023.7,17.4,8.9,60,23.7,0.3,32400.0,59.648438,36.309315,986.0,8.499999999999998,0.8602906561017309,9.9,11,2,-0.7909456567567774,0.6118864012687242,-0.8829475928589271,0.4694715627858904
2023-11-09,9.9,37549.04,0.0,66,1024.8,14.9,5.1,41,7.9,0.0,27388.19,59.648438,36.309315,986.0,9.8,0.7293978754183862,13.5,11,3,-0.780295851070776,0.6254105729852457,0.6691306063588583,-0.7431448254773941
2023-11-10,13.5,37438.28,0.0,48,1020.2,22.7,4.3,20,18.4,0.0,33510.08,59.648438,36.309315,986.0,18.4,0.8950753079468395,11.1,11,4,-0.7694148268839381,0.6387494220515268,-0.7880107536067218,0.6156614753256585
2023-11-11,11.1,37329.58,0.0,72,1028.7,15.6,7.9,55,19.4,0.0,31855.25,59.648438,36.309315,986.0,7.699999999999999,0.8533514172942743,11.3,11,5,-0.7583058084785625,0.6518989958787125,0.4383711467890773,-0.898794046299167
2023-11-12,11.3,37223.08,0.0,74,1025.9,18.5,7.0,24,9.2,0.0,25928.56,59.648438,36.309315,986.0,11.5,0.6965721267557655,12.3,11,6,-0.7469720876965551,0.6648553979642866,-0.5446390350150271,-0.838670567945424
2023-11-13,12.3,37118.92,0.0,62,1022.5,21.5,5.7,10,9.3,0.0,33059.98,59.648438,36.309315,986.0,15.8,0.8906503745259831,12.8,11,0,-0.7354170229639858,0.6776147890466887,-0.7660444431189779,-0.6427876096865395
2023-11-14,12.8,37017.06,0.0,51,1017.7,21.0,5.5,51,10.0,0.0,32991.35,59.648438,36.309315,986.0,15.5,0.8912471708990395,14.1,11,1,-0.7236440382959124,0.690173388242972,-0.9563047559630354,0.2923717047227367
2023-11-15,14.1,36916.45,0.0,38,1016.0,22.8,8.2,14,9.4,0.0,32922.01,59.648438,36.309315,986.0,14.600000000000001,0.8917978299646907,13.9,11,2,-0.711656622281775,0.7025274741691566,-0.8829475928589271,0.4694715627858904
2023-11-16,13.9,36817.0,0.0,42,1014.0,22.1,6.7,83,8.8,0.0,29802.62,59.648438,36.309315,986.0,15.400000000000002,0.809479859847353,13.9,11,3,-0.6994583270516471,0.7146733860429608,-0.891006524188368,0.45399049973954664
2023-11-17,13.9,36718.85,0.0,40,1012.8,22.2,7.8,47,12.5,0.0,32492.07,59.648438,36.309315,986.0,14.399999999999999,0.8848880071135126,11.0,11,4,-0.6870527672236675,0.7266075247685652,-0.4848096202463369,0.8746197071393959
2023-11-18,11.0,36622.09,0.0,72,1020.3,15.7,5.7,14,21.7,0.0,32268.43,59.648438,36.309315,986.0,10.0,0.8811192916624913,11.9,11,5,-0.6744436188329457,0.7383263540031063,-0.0348994967025009,-0.9993908270190958
2023-11-19,11.9,36526.86,0.0,65,1016.9,20.4,5.3,7,9.6,0.0,31850.54,59.648438,36.309315,986.0,15.099999999999998,0.8719758555758694,15.5,11,6,-0.661634618242279,0.749826401204568,-0.7880107536067218,0.6156614753256585
2023-11-20,15.5,36433.29,0.0,48,1009.9,23.5,5.8,37,24.2,0.0,32245.33,59.648438,36.309315,986.0,17.7,0.8850512813967666,15.9,11,0,-0.6486295610349818,0.7611042586607742,-0.22495105434386498,-0.9743700647852352
2023-11-21,15.9,36341.48,0.0,45,1007.8,21.1,8.2,53,28.0,0.0,28727.94,59.648438,36.309315,986.0,12.900000000000002,0.7905000016510059,8.2,11,1,-0.6354323008901775,0.7721565844991641,-0.913545457642601,-0.4067366430758001
2023-11-22,8.2,36251.59,0.0,68,1022.5,14.1,1.9,40,27.8,0.0,31287.09,59.648438,36.309315,986.0,12.2,0.8630542825845708,7.4,11,2,-0.622046748440868,0.7829801036770624,-0.9335804264972017,0.3583679495453004
2023-11-23,7.4,36163.73,0.0,49,1019.5,12.1,1.5,25,14.9,0.0,31841.14,59.648438,36.309315,986.0,10.6,0.880471677008981,9.8,11,3,-0.6084768701151264,0.7935716089521472,-0.9563047559630354,0.2923717047227367
2023-11-24,9.8,36078.04,0.0,42,1016.0,17.2,3.6,89,17.7,0.0,27126.96,59.648438,36.309315,986.0,13.6,0.7518967216622632,8.5,11,4,-0.594726686960764,0.8039279618328208,-0.2419218955996675,-0.9702957262759965
2023-11-25,8.5,35994.64,0.0,42,1016.5,17.0,1.9,1,9.2,0.0,31812.39,59.648438,36.309315,986.0,15.1,0.8838090893533037,9.9,11,5,-0.5808002734538013,0.8140460935082175,-0.8480480961564261,0.5299192642332047
2023-11-26,9.9,35913.68,0.0,31,1013.6,19.3,3.2,40,14.6,0.0,24174.61,59.648438,36.309315,986.0,16.1,0.6731309629088414,11.1,11,6,-0.5667017562911184,0.8239230057575536,-0.9510565162951536,0.30901699437494723
2023-11-27,11.1,35835.28,0.0,40,1011.2,20.0,4.2,9,11.6,0.0,31588.52,59.648438,36.309315,986.0,15.8,0.8814922054466995,11.9,11,0,-0.5524353131676203,0.8335557718385695,-0.4226182617406992,0.90630778703665
2023-11-28,11.9,35759.59,0.0,55,1014.3,19.5,5.5,58,18.1,1.1,29050.65,59.648438,36.309315,986.0,14.0,0.8123876699928608,7.4,11,1,-0.5380051715382992,0.8429415373547832,-0.05233595624294437,0.9986295347545738
2023-11-29,7.4,35686.74,0.0,86,1026.2,9.2,5.6,100,15.9,2.7,0.0,59.648438,36.309315,986.0,3.5999999999999996,0.0,8.2,11,2,-0.5234156073655503,0.8520775211013093,0.5299192642332049,-0.848048096156426
2023-11-30,8.2,35616.88,0.0,69,1021.5,14.6,3.9,19,7.2,0.0,29166.63,59.648438,36.309315,986.0,10.7,0.8188990725745771,10.2,11,3,-0.5086709438521042,0.8609610158889945,-0.9961946980917455,-0.08715574274765825
2023-12-01,10.2,35550.13,0.0,44,1020.5,18.5,2.5,47,10.5,0.0,31164.54,59.648438,36.309315,986.0,16.0,0.8766364567443214,9.6,12,4,-0.49377555015997737,0.8695893893466109,-0.9396926207859083,0.342020143325669
2023-12-02,9.6,35486.65,0.0,50,1021.7,16.4,4.0,0,10.8,0.0,31199.46,59.648438,36.309315,986.0,12.399999999999999,0.8791886526341596,9.5,12,5,-0.4787338401157883,0.8779600847008883,-0.891006524188368,0.45399049973954664
2023-12-03,9.5,35426.57,0.0,40,1021.8,18.2,2.3,0,9.8,0.0,31234.36,59.648438,36.309315,986.0,15.899999999999999,0.8816648069513927,9.6,12,6,-0.4635502709028512,0.8860706215341378,-0.898794046299167,0.4383711467890774
2023-12-04,9.6,35369.9,0.0,30,1020.8,18.5,2.7,0,9.8,0.0,31180.16,59.648438,36.309315,986.0,15.8,0.8815450425361677,10.2,12,0,-0.4482293417404106,0.893918596519257,-0.9510565162951536,0.30901699437494723
2023-12-05,10.2,35315.95,0.0,31,1019.2,20.4,3.0,0,11.9,0.0,31126.84,59.648438,36.309315,986.0,17.4,0.8813819251641256,6.7,12,1,-0.4327755925504317,0.9015016841318838,-0.8571673007021123,0.5150380749100542
2023-12-06,6.7,35264.66,0.0,60,1023.5,13.4,0.8,44,9.7,0.0,31074.03,59.648438,36.309315,986.0,12.6,0.8811663007668299,7.9,12,2,-0.41719360261231697,0.9088176373395028,-0.34202014332566866,-0.9396926207859084
2023-12-07,7.9,35216.09,0.0,42,1016.8,14.4,0.5,76,10.4,0.0,26702.21,59.648438,36.309315,986.0,13.9,0.7582389186306601,7.7,12,3,-0.4014879892059737,0.9158642882672868,-1.0,-1.8369701987210297e-16
2023-12-08,7.7,35170.29,0.0,58,1023.2,15.5,0.9,10,16.7,0.0,30704.85,59.648438,36.309315,986.0,14.6,0.8730337452434995,4.3,12,4,-0.38566340624360745,0.9226395488404875,-0.1045284632676535,-0.9945218953682733
2023-12-09,4.3,35127.33,0.0,83,1027.4,10.4,-0.9,77,10.9,0.0,26858.12,59.648438,36.309315,986.0,11.3,0.7645932668381,8.0,12,5,-0.3697245428906732,0.9291414114031743,-0.13917310096006552,-0.9902680687415703
2023-12-10,8.0,35087.26,0.0,54,1018.0,16.6,0.2,41,10.5,0.0,29077.39,59.648438,36.309315,986.0,16.400000000000002,0.8287164628984993,8.2,12,6,-0.3536761221763721,0.935367949313148,-0.9975640502598243,0.06975647374412522
2023-12-11,8.2,35050.14,0.0,62,1023.4,17.1,3.3,31,22.5,0.0,30396.18,59.648438,36.309315,986.0,13.8,0.8672199312185344,2.2,12,0,-0.33752289959411347,0.941317317512847,-0.5446390350150271,-0.838670567945424
2023-12-12,2.2,35016.04,0.0,76,1027.9,6.4,-1.9,100,13.2,0.0,8063.34,59.648438,36.309315,986.0,8.3,0.23027561083434905,0.9,12,1,-0.32126966169236515,0.9469877530760751,0.48480962024633717,-0.8746197071393957
2023-12-13,0.9,34985.01,0.0,82,1020.0,6.9,-2.8,87,8.3,0.0,21935.95,59.648438,36.309315,986.0,9.7,0.6270099679834306,4.6,12,2,-0.3049212246562894,0.9523775757303973,-0.2079116908177595,-0.9781476007338056
2023-12-14,4.6,34957.1,0.0,69,1013.9,11.9,-2.3,89,17.4,0.5,10800.0,59.648438,36.309315,986.0,14.2,0.3089501131386757,4.6,12,3,-0.2884824328806098,0.9574851883550389,-0.9816271834476639,0.1908089953765451
2023-12-15,4.6,34932.38,0.0,67,1023.1,9.0,0.1,82,20.8,0.0,13804.66,59.648438,36.309315,986.0,8.9,0.39518234944197905,4.3,12,4,-0.27195815753410524,0.9623090774541487,-0.7431448254773946,0.6691306063588578
2023-12-16,4.3,34910.89,0.0,67,1027.2,10.7,-1.1,0,8.0,0.0,30156.63,59.648438,36.309315,986.0,11.799999999999999,0.8638172787918039,5.9,12,5,-0.2553532951161881,0.9668478136052773,-0.7193398003386512,-0.6946583704589973
2023-12-17,5.9,34892.69,0.0,52,1022.7,11.4,-1.6,0,15.6,0.0,30034.31,59.648438,36.309315,986.0,13.0,0.8607622398846291,6.0,12,6,-0.23867276600594997,0.9711000518829505,-0.992546151641322,0.12186934340514768
2023-12-18,6.0,34877.83,0.0,65,1025.3,12.2,1.5,87,19.2,0.8,28974.88,59.648438,36.309315,986.0,10.7,0.8307535187825619,0.8,12,0,-0.22192151300416674,0.9750645322571945,0.4694715627858907,-0.882947592858927
2023-12-19,0.8,34866.36,0.0,89,1031.3,3.4,-2.0,63,12.8,0.5,4383.89,59.648438,36.309315,986.0,5.4,0.1257340886745849,0.9,12,1,-0.20510449986861926,0.9787400799669153,-0.32556815445715676,-0.9455185755993167
2023-12-20,0.9,34858.33,0.0,85,1032.3,6.5,-3.1,45,9.1,0.0,22914.32,59.648438,36.309315,986.0,9.6,0.6573556449778288,2.7,12,2,-0.1882267098432439,0.9821256058680006,0.258819045102521,-0.9659258262890682
2023-12-21,2.7,34853.79,0.0,68,1023.3,10.3,-3.5,24,7.4,0.0,29392.09,59.648438,36.309315,986.0,13.8,0.8432968121974683,4.9,12,3,-0.1712931441814778,0.9852201067560606,-0.9961946980917455,0.08715574274765789
2023-12-22,4.9,34852.79,0.0,50,1015.4,10.9,-2.0,5,16.1,0.0,30103.38,59.648438,36.309315,986.0,12.9,0.8637294173579791,7.8,12,4,-0.154308820664281,0.9880226656636976,-0.9659258262890684,0.2588190451025203
2023-12-23,7.8,34855.36,0.0,54,1012.1,13.9,0.2,59,20.0,1.2,22196.69,59.648438,36.309315,986.0,13.700000000000001,0.6368228588085161,9.0,12,5,-0.13727877211326517,0.9905324521322227,-0.1736481776669304,0.984807753012208
2023-12-24,9.0,34861.55,0.0,63,1013.5,17.8,1.7,2,13.5,0.0,29796.61,59.648438,36.309315,986.0,16.1,0.8547127135769924,10.3,12,6,-0.12020804489935275,0.9927487224577402,0.5150380749100542,0.8571673007021123
2023-12-25,10.3,34871.43,0.0,57,1015.7,20.0,2.7,31,14.3,0.0,29799.92,59.648438,36.309315,986.0,17.3,0.8545654709313613,6.6,12,0,-0.10310169744743544,0.9946708199115211,0.8987940462991669,-0.4383711467890775
2023-12-26,6.6,34884.92,0.0,63,1021.8,14.3,2.5,25,14.2,0.0,29528.62,59.648438,36.309315,986.0,11.8,0.846458011083299,6.6,12,1,-0.0859647987374467,0.9962981749346077,-0.7431448254773946,0.6691306063588578
2023-12-27,6.6,34901.98,0.0,53,1025.7,15.0,0.5,1,11.0,0.0,30128.66,59.648438,36.309315,986.0,14.5,0.8632364123754582,10.2,12,2,-0.06880242680232064,0.9976303053065857,-0.891006524188368,0.45399049973954664
2023-12-28,10.2,34922.54,0.0,42,1017.1,18.4,1.5,60,14.5,0.5,27791.62,59.648438,36.309315,986.0,16.9,0.7958075214460345,1.8,12,3,-0.05161966722325418,0.9986668162884759,-0.9271838545667874,0.37460659341591196
2023-12-29,1.8,34946.53,0.0,78,1033.2,7.1,-1.8,92,19.9,0.2,0.0,59.648438,36.309315,986.0,8.9,0.0,2.3,12,4,-0.034421611622745804,0.9994074007397048,0.45399049973954686,-0.8910065241883678
2023-12-30,2.3,34973.9,0.0,71,1027.7,9.8,-4.0,1,10.7,0.0,30289.61,59.648438,36.309315,986.0,13.8,0.8660632643199643,5.3,12,5,-0.01721335615583528,0.9998518392091162,-0.9848077530122081,0.17364817766692997
2023-12-31,5.3,35004.57,0.0,39,1020.4,13.2,-2.2,0,10.5,0.0,30542.86,59.648438,36.309315,986.0,15.399999999999999,0.8725392141654646,7.3,12,6,6.432490598706546e-16,1.0,-0.9659258262890684,0.2588190451025203
2024-01-01,7.3,35038.47,0.0,50,1021.4,14.1,1.1,70,13.9,0.0,29571.22,59.648438,36.309315,986.0,13.0,0.843964362599166,4.1,1,0,0.017213356155834685,0.9998518392091162,-0.8571673007021121,-0.5150380749100544
2024-01-02,4.1,35075.55,0.0,69,1024.7,9.8,-0.9,8,10.0,0.0,30388.3,59.648438,36.309315,986.0,10.700000000000001,0.8663670277443973,5.4,1,1,0.03442161162274574,0.9994074007397048,0.01745240643728344,-0.9998476951563913
2024-01-03,5.4,35115.72,0.0,55,1014.3,12.2,-2.2,71,13.1,0.0,30216.52,59.648438,36.309315,986.0,14.399999999999999,0.8604841364494306,7.3,1,2,0.051619667223253764,0.998666816288476,-0.9902680687415704,0.13917310096006547
2024-01-04,7.3,35158.93,0.0,56,1016.2,14.1,1.0,34,11.7,0.1,19562.08,59.648438,36.309315,986.0,13.1,0.5563900835434981,6.5,1,3,0.06880242680231986,0.9976303053065857,-0.9563047559630354,0.2923717047227367
2024-01-05,6.5,35205.09,0.0,52,1015.4,15.2,0.4,42,10.6,0.0,31013.95,59.648438,36.309315,986.0,14.799999999999999,0.8809507375211938,7.8,1,4,0.08596479873744647,0.9962981749346078,-0.7660444431189781,0.6427876096865393
2024-01-06,7.8,35254.14,0.0,52,1015.2,14.6,0.4,61,22.7,2.0,28803.89,59.648438,36.309315,986.0,14.2,0.8170356729734437,2.6,1,5,0.10310169744743485,0.9946708199115211,-0.6560590289905074,0.7547095802227719
2024-01-07,2.6,35306.01,0.14,86,1026.5,6.8,-2.9,70,18.5,5.0,15050.34,59.648438,36.309315,986.0,9.7,0.4262826640563462,4.9,1,6,0.1202080448993527,0.9927487224577402,-0.2588190451025207,0.9659258262890683
2024-01-08,4.9,35360.62,0.0,47,1021.2,12.4,-4.0,15,15.6,0.0,31215.57,59.648438,36.309315,986.0,16.4,0.8827777906609103,8.1,1,0,0.13727877211326478,0.9905324521322229,-0.9612616959383188,0.2756373558169994
2024-01-09,8.1,35417.9,0.0,35,1017.3,16.2,1.8,53,17.5,0.0,30903.81,59.648438,36.309315,986.0,14.399999999999999,0.8725477795126193,6.0,1,1,0.15430882066428117,0.9880226656636976,-0.9396926207859083,0.342020143325669
2024-01-10,6.0,35477.78,0.0,51,1015.3,15.6,0.0,48,16.1,0.0,31330.79,59.648438,36.309315,986.0,15.6,0.8831102171556394,4.8,1,2,0.1712931441814776,0.9852201067560606,0.12186934340514748,0.992546151641322
2024-01-11,4.8,35540.19,0.0,67,1020.4,9.9,0.6,85,18.8,0.0,29664.31,59.648438,36.309315,986.0,9.3,0.8346694263592851,5.3,1,3,0.1882267098432442,0.9821256058680006,0.37460659341591224,-0.9271838545667873
2024-01-12,5.3,35605.05,0.0,67,1010.1,14.0,-1.5,78,12.2,0.0,27515.24,59.648438,36.309315,986.0,15.5,0.7727903766460095,7.6,1,4,0.2051044998686192,0.9787400799669153,-0.6946583704589976,0.7193398003386509
2024-01-13,7.6,35672.44,0.0,55,1010.9,15.8,0.7,35,12.7,0.0,31413.83,59.648438,36.309315,986.0,15.100000000000001,0.8806190437211472,4.9,1,5,0.2219215130041655,0.9750645322571948,0.4067366430758002,0.9135454576426009
2024-01-14,4.9,35743.1,0.0,74,1017.0,11.9,-0.6,71,20.0,0.0,29949.24,59.648438,36.309315,986.0,12.5,0.8379027001015581,1.9,1,6,0.2386727660059501,0.9711000518829505,0.8910065241883679,-0.45399049973954675
2024-01-15,1.9,35817.04,0.0,79,1022.8,7.9,-1.8,39,19.2,0.0,26860.89,59.648438,36.309315,986.0,9.700000000000001,0.7499472318203849,2.4,1,0,0.255353295116187,0.9668478136052775,0.2249510543438652,-0.9743700647852351
2024-01-16,2.4,35894.11,0.0,82,1023.4,10.6,-2.6,46,17.2,0.0,29682.11,59.648438,36.309315,986.0,13.2,0.8269353941356953,5.0,1,1,0.2719581575341055,0.9623090774541486,0.3090169943749475,-0.9510565162951535
2024-01-17,5.0,35974.16,0.0,58,1019.0,13.8,-2.8,56,12.4,0.0,27223.19,59.648438,36.309315,986.0,16.6,0.7567428954560717,6.1,1,2,0.288482432880609,0.9574851883550393,-0.9659258262890684,0.2588190451025203
2024-01-18,6.1,36057.04,0.0,55,1023.2,13.7,-0.4,79,12.3,0.0,26562.89,59.648438,36.309315,986.0,14.1,0.7366908098945448,1.9,1,3,0.30492122465628907,0.9523775757303974,-0.9335804264972017,0.3583679495453004
2024-01-19,1.9,36142.6,0.0,81,1028.5,7.3,-2.7,38,8.4,0.0,20558.69,59.648438,36.309315,986.0,10.0,0.5688215568332107,3.7,1,4,0.3212696616923644,0.9469877530760753,0.6427876096865395,-0.7660444431189779
2024-01-20,3.7,36230.72,0.0,59,1023.9,12.5,-3.7,16,9.8,0.0,31958.81,59.648438,36.309315,986.0,16.2,0.8820914958355782,6.2,1,5,0.3375228995941133,0.9413173175128471,-0.9563047559630354,0.2923717047227367
2024-01-21,6.2,36321.24,0.0,35,1019.1,14.2,-1.2,88,11.3,0.0,25200.0,59.648438,36.309315,986.0,15.399999999999999,0.6938089118102796,6.9,1,6,0.3536761221763716,0.9353679493131483,-0.992546151641322,0.12186934340514768
2024-01-22,6.9,36414.03,0.0,40,1022.8,14.7,-0.2,33,11.1,0.0,32412.81,59.648438,36.309315,986.0,14.899999999999999,0.8901187262162414,3.6,1,0,0.3697245428906731,0.9291414114031743,-0.8910065241883678,-0.4539904997395469
2024-01-23,3.6,36508.93,0.0,78,1027.0,9.3,-0.6,43,14.8,0.0,32377.66,59.648438,36.309315,986.0,9.9,0.8868422054549394,2.0,1,1,0.38566340624360707,0.9226395488404876,0.2249510543438652,-0.9743700647852351
2024-01-24,2.0,36605.84,0.14,92,1020.9,5.8,-0.5,78,9.5,2.4,19675.29,59.648438,36.309315,986.0,6.3,0.5374904660021462,0.3,1,2,0.401487989205973,0.9158642882672872,-0.5446390350150271,-0.838670567945424
2024-01-25,0.3,36704.59,1.05,91,1024.6,2.0,-3.0,100,15.7,2.5,0.0,59.648438,36.309315,986.0,5.0,0.0,2.7,1,3,0.4171936026123168,0.9088176373395029,0.12186934340514755,-0.992546151641322
2024-01-26,2.7,36805.06,0.0,82,1020.5,10.6,-3.8,89,10.5,0.0,23492.52,59.648438,36.309315,986.0,14.399999999999999,0.6382959299618042,6.9,1,4,0.4327755925504312,0.901501684131884,-0.9271838545667873,-0.3746065934159123
2024-01-27,6.9,36907.13,0.0,73,1012.1,13.8,1.8,71,9.6,1.0,26875.66,59.648438,36.309315,986.0,12.0,0.7281969635677443,6.7,1,5,0.4482293417404106,0.893918596519257,-0.6427876096865396,0.7660444431189778
2024-01-28,6.7,37010.66,0.0,77,1013.0,13.0,3.9,75,21.3,6.9,30847.21,59.648438,36.309315,986.0,9.1,0.8334682494178703,2.9,1,6,0.4635502709028509,0.886070621534138,-0.8480480961564261,0.5299192642332047
2024-01-29,2.9,37115.52,0.0,86,1025.3,5.8,0.6,99,14.2,1.4,2432.73,59.648438,36.309315,986.0,5.2,0.065544817909058,1.8,1,0,0.47873384011578846,0.8779600847008882,-0.17364817766693047,-0.984807753012208
2024-01-30,1.8,37221.61,0.0,84,1029.3,6.6,-3.7,64,13.9,0.0,28983.3,59.648438,36.309315,986.0,10.3,0.7786686282511691,0.4,1,1,0.49377555015997715,0.869589389346611,0.37460659341591224,-0.9271838545667873
2024-01-31,0.4,37328.78,0.0,72,1030.4,6.8,-4.1,45,10.7,0.0,32275.57,59.648438,36.309315,986.0,10.899999999999999,0.8646296503662858,-0.9,1,2,0.5086709438521044,0.8609610158889943,-0.9659258262890683,-0.25881904510252063
2024-02-01,-0.9,37436.91,0.0,77,1027.7,5.1,-5.8,30,9.5,0.0,31295.2,59.648438,36.309315,986.0,10.899999999999999,0.8359450606366817,-0.9,2,3,0.5234156073655503,0.8520775211013093,-0.34202014332566866,-0.9396926207859084
2024-02-02,-0.9,37546.11,4.83,85,1016.2,2.2,-4.1,100,23.0,6.9,4855.86,59.648438,36.309315,986.0,6.3,0.1293305751248265,-1.1,2,4,0.5380051715382996,0.8429415373547828,-0.984807753012208,-0.17364817766693033
2024-02-03,-1.1,37657.46,0.07,67,1020.2,4.8,-7.0,61,26.2,0.1,28800.0,59.648438,36.309315,986.0,11.8,0.7647887032210882,-2.4,2,5,0.5524353131676196,0.8335557718385699,-0.8480480961564261,0.5299192642332047
2024-02-04,-2.4,37771.0,0.0,73,1022.9,2.0,-9.8,25,15.3,0.0,33655.09,59.648438,36.309315,986.0,11.8,0.891029890656853,1.1,2,6,0.5667017562911176,0.8239230057575542,-0.9876883405951378,0.15643446504023067
2024-02-05,1.1,37886.59,0.0,66,1018.1,7.4,-3.7,11,12.8,0.0,34061.39,59.648438,36.309315,986.0,11.100000000000001,0.8990355162605028,3.8,2,0,0.5808002734538009,0.8140460935082178,-0.9205048534524405,0.3907311284892735
2024-02-06,3.8,38004.08,0.0,66,1012.8,10.9,-1.4,70,15.8,0.3,30132.66,59.648438,36.309315,986.0,12.3,0.7928796066106586,4.3,2,1,0.5947266869607634,0.8039279618328213,0.35836794954530027,0.9335804264972017
2024-02-07,4.3,38123.33,0.0,67,1020.6,12.4,-2.2,19,13.0,0.0,34359.19,59.648438,36.309315,986.0,14.600000000000001,0.9012641340617412,5.6,2,2,0.6084768701151261,0.7935716089521474,-0.20791169081775987,0.9781476007338056
2024-02-08,5.6,38244.19,0.0,58,1020.7,14.4,-0.7,6,10.6,0.0,34373.5,59.648438,36.309315,986.0,15.1,0.8987901168778839,7.2,2,3,0.6220467484408675,0.7829801036770629,-0.6819983600624983,0.7313537016191707
2024-02-09,7.2,38366.53,0.0,52,1018.7,15.4,-0.1,4,13.1,0.0,34648.23,59.648438,36.309315,986.0,15.5,0.9030847981300368,8.0,2,4,0.6354323008901774,0.7721565844991642,-0.898794046299167,0.4383711467890774
2024-02-10,8.0,38490.2,0.0,48,1020.7,16.2,0.5,60,11.4,0.0,34542.52,59.648438,36.309315,986.0,15.7,0.8974367501338003,8.9,2,5,0.6486295610349814,0.7611042586607747,-0.8746197071393956,0.4848096202463373
2024-02-11,8.9,38615.07,0.0,46,1022.7,16.6,1.4,70,7.9,0.0,34264.8,59.648438,36.309315,986.0,15.200000000000001,0.8873426877123363,8.6,2,6,0.6616346182422783,0.7498264012045686,-0.7547095802227722,0.656059028990507
2024-02-12,8.6,38741.01,0.0,50,1023.1,17.0,0.3,1,10.8,0.0,34844.97,59.648438,36.309315,986.0,16.7,0.8994337008766679,9.7,2,0,0.6744436188329455,0.7383263540031065,-0.992546151641322,0.12186934340514768
2024-02-13,9.7,38867.89,0.0,43,1020.3,17.8,1.3,1,11.6,0.0,34912.92,59.648438,36.309315,986.0,16.5,0.898245827082458,10.8,2,1,0.6870527672236669,0.7266075247685656,-0.945518575599317,0.3255681544571563
2024-02-14,10.8,38995.58,0.0,39,1017.7,20.9,3.7,41,11.5,0.0,34981.9,59.648438,36.309315,986.0,17.2,0.8970734631976239,11.2,2,2,0.699458327051647,0.7146733860429609,-0.8480480961564261,0.5299192642332047
2024-02-15,11.2,39123.96,0.0,42,1017.0,21.1,3.0,46,11.0,0.0,35051.82,59.648438,36.309315,986.0,18.1,0.8959169777292483,9.1,2,3,0.7116566222817746,0.7025274741691571,-0.4383711467890778,0.8987940462991668
2024-02-16,9.1,39252.9,0.0,62,1019.1,16.8,2.0,98,20.6,1.0,5994.26,59.648438,36.309315,986.0,14.8,0.15270871706294312,4.0,2,4,0.7236440382959124,0.6901733882429719,0.3420201433256689,-0.9396926207859083
2024-02-17,4.0,39382.28,0.28,82,1017.1,11.8,0.2,79,20.4,1.6,25200.0,59.648438,36.309315,986.0,11.600000000000001,0.6398816929847637,1.1,2,5,0.7354170229639855,0.6776147890466889,0.5591929034707469,-0.8290375725550416
2024-02-18,1.1,39511.98,0.77,88,1019.4,3.6,-2.0,93,17.9,2.3,4044.83,59.648438,36.309315,986.0,5.6,0.1023697116671956,-0.2,2,6,0.7469720876965552,0.6648553979642865,0.7313537016191706,-0.6819983600624984
2024-02-19,-0.2,39641.89,0.0,74,1023.7,5.8,-4.0,80,18.4,0.0,21810.23,59.648438,36.309315,986.0,9.8,0.5501813864071566,0.5,2,0,0.7583058084785624,0.6518989958787126,0.39073112848927377,-0.9205048534524404
2024-02-20,0.5,39771.88,0.0,72,1025.6,6.9,-4.3,40,16.3,0.0,32826.25,59.648438,36.309315,986.0,11.2,0.8253632968821187,2.0,2,1,0.7694148268839378,0.6387494220515272,0.4694715627858907,-0.882947592858927
2024-02-21,2.0,39901.85,0.0,71,1026.2,8.8,-3.5,23,14.0,0.0,32544.8,59.648438,36.309315,986.0,12.3,0.81562133084055,3.0,2,2,0.7802958510707755,0.6254105729852463,0.6691306063588583,-0.7431448254773941
2024-02-22,3.0,40031.88,0.0,69,1026.0,10.1,-3.2,9,14.5,0.0,35698.02,59.648438,36.309315,986.0,13.3,0.891739783392636,4.1,2,3,0.7909456567567772,0.6118864012687243,-0.43837114678907746,-0.8987940462991669
2024-02-23,4.1,40163.08,0.0,68,1024.7,11.8,-2.6,32,13.2,0.0,34582.15,59.648438,36.309315,986.0,14.4,0.861043276561459,4.6,2,4,0.8013610881746766,0.5981809144059165,-0.06975647374412527,-0.9975640502598242
2024-02-24,4.6,40295.54,0.07,75,1025.3,10.9,-1.4,78,16.4,4.6,35711.88,59.648438,36.309315,986.0,12.3,0.8862489496356172,-1.4,2,5,0.8115390590073611,0.5842981736283684,0.5591929034707469,-0.8290375725550416
2024-02-25,-1.4,40429.13,2.94,82,1028.4,1.1,-5.2,100,16.9,4.3,0.0,59.648438,36.309315,986.0,6.300000000000001,0.0,-4.5,2,6,0.8214765533024142,0.5702422926917871,0.4383711467890773,-0.898794046299167
2024-02-26,-4.5,40563.75,2.87,73,1030.9,-2.3,-6.3,99,17.0,4.2,3600.0,59.648438,36.309315,986.0,4.0,0.08874919108810206,-3.5,2,0,0.8311706263658079,0.5560174366570446,0.5299192642332049,-0.848048096156426
2024-02-27,-3.5,40699.29,0.14,66,1031.6,1.0,-6.3,84,10.4,0.2,36042.82,59.648438,36.309315,986.0,7.3,0.8855884218127638,-2.2,2,1,0.8406184056344782,0.5416278206559814,0.24192189559966773,-0.9702957262759965
2024-02-28,-2.2,40835.63,1.33,68,1029.9,2.7,-6.8,98,12.2,1.8,32192.53,59.648438,36.309315,986.0,9.5,0.7883441494596753,-3.0,2,2,0.8498170915275278,0.5270777086423722,0.3090169943749475,-0.9510565162951535
2024-02-29,-3.0,40972.67,4.27,79,1028.8,-1.4,-4.0,100,16.2,6.1,0.0,59.648438,36.309315,986.0,2.6,0.0,-1.9,2,3,0.8587639582758029,0.5123714121284237,0.2923717047227366,-0.9563047559630355
2024-03-01,-1.9,41110.3,0.98,73,1028.2,1.9,-5.2,99,14.3,1.4,9151.25,59.648438,36.309315,986.0,7.1,0.2226023648574688,-2.0,3,4,0.8674563547295969,0.49751328890718066,0.03489949670250097,0.9993908270190958
2024-03-02,-2.0,41248.41,0.0,71,1025.9,4.2,-5.9,35,12.2,0.0,35342.89,59.648438,36.309315,986.0,10.100000000000001,0.8568303602490374,-0.3,3,5,0.8758917051442429,0.48250774176121847,0.9945218953682733,0.10452846326765346
2024-03-03,-0.3,41386.9,0.0,68,1022.4,6.4,-6.2,9,11.0,0.0,37059.02,59.648438,36.309315,986.0,12.600000000000001,0.8954287467773618,2.6,3,6,0.8840675099433636,0.4673592171580022,0.8910065241883679,-0.45399049973954675
2024-03-04,2.6,41525.67,0.0,65,1019.2,10.1,-4.1,81,11.3,0.0,35416.96,59.648438,36.309315,986.0,14.2,0.8528931622295318,2.1,3,0,0.8919813464595485,0.45207220393230435,0.5150380749100544,-0.8571673007021122
2024-03-05,2.1,41664.62,0.0,89,1019.5,5.7,-1.6,100,6.8,6.0,290.15,59.648438,36.309315,986.0,7.300000000000001,0.00696394206883442,4.4,3,1,0.8996308696522433,0.43665123195606403,-0.9993908270190958,0.03489949670250128
2024-03-06,4.4,41803.64,0.0,72,1018.4,11.2,-0.4,51,7.9,0.0,30132.95,59.648438,36.309315,986.0,11.6,0.7208212012159707,6.7,3,2,0.9070138128026359,0.4211008707960896,-0.6018150231520483,0.7986355100472928
2024-03-07,6.7,41942.64,0.0,66,1015.4,15.1,-1.1,20,7.7,0.0,37201.43,59.648438,36.309315,986.0,16.2,0.8869596668211635,9.4,3,3,0.9141279881853337,0.40542572835999735,-0.24192189559966787,0.9702957262759965
2024-03-08,9.4,42081.52,0.0,62,1013.6,17.8,2.4,61,13.3,0.0,36516.14,59.648438,36.309315,986.0,15.4,0.8677476478986501,7.5,3,4,0.9209712877166346,0.38963044953078796,-0.9986295347545738,0.052335956242943946
2024-03-09,7.5,42220.17,0.0,85,1016.4,11.8,4.8,91,16.0,0.6,12443.29,59.648438,36.309315,986.0,7.000000000000001,0.29472382512907935,9.5,3,5,0.9275416835791966,0.37371971479046906,0.49999999999999994,-0.8660254037844387
2024-03-10,9.5,42358.5,0.0,82,1017.0,15.2,5.1,70,12.8,0.0,28250.71,59.648438,36.309315,986.0,10.1,0.6669431164937379,10.9,3,6,0.9338372288229252,0.35769823883312546,0.37460659341591224,-0.9271838545667873
2024-03-11,10.9,42496.41,0.14,69,1017.5,19.2,4.1,73,23.9,6.1,36776.41,59.648438,36.309315,986.0,15.1,0.8654003949980716,4.3,3,0,0.9398560579418954,0.3415707691678556,0.4694715627858907,-0.882947592858927
2024-03-12,4.3,42633.8,0.42,90,1026.1,5.7,2.2,92,15.8,14.9,1042.08,59.648438,36.309315,986.0,3.5,0.024442578423691998,5.6,3,1,0.9455963874271426,0.3253420847119801,0.4694715627858907,-0.882947592858927
2024-03-13,5.6,42770.77,0.0,73,1025.6,11.6,0.9,30,7.6,0.2,33749.01,59.648438,36.309315,986.0,10.7,0.7890671596513227,6.1,3,2,0.9510565162951535,0.30901699437494745,-0.9816271834476639,0.1908089953765451
2024-03-14,6.1,42908.31,0.0,73,1028.9,11.4,0.2,62,19.5,0.0,38078.61,59.648438,36.309315,986.0,11.200000000000001,0.8874413837319625,8.7,3,3,0.9562348265919056,0.29260033563334836,0.5299192642332049,-0.848048096156426
2024-03-15,8.7,43046.52,0.0,75,1022.3,16.9,1.5,75,10.9,0.0,34964.2,59.648438,36.309315,986.0,15.399999999999999,0.8122421975109718,11.5,3,4,0.9611297838723007,0.27609697309746883,-0.2588190451025208,-0.9659258262890683
2024-03-16,11.5,43185.32,0.0,73,1015.8,18.8,3.4,79,15.0,0.2,32222.53,59.648438,36.309315,986.0,15.4,0.7461454494258697,12.6,3,5,0.9657399376548549,0.2595117970697999,-0.9961946980917455,0.08715574274765789
2024-03-17,12.6,43324.61,0.0,70,1017.6,19.4,7.3,25,24.0,0.4,38244.62,59.648438,36.309315,986.0,12.099999999999998,0.8827458573775967,12.5,3,6,0.9700639218515071,0.2428497220959356,0.37460659341591224,-0.9271838545667873
2024-03-18,12.5,43464.3,0.0,72,1019.5,18.8,6.8,51,16.6,0.0,37336.46,59.648438,36.309315,986.0,12.0,0.859014409526899,18.6,3,0,0.9741004551724205,0.22611568550828828,0.3420201433256689,-0.9396926207859083
2024-03-19,18.6,43604.31,0.0,48,1008.6,28.6,6.5,83,27.8,0.0,36105.39,59.648438,36.309315,986.0,22.1,0.8280234224552573,14.7,3,1,0.9778483415056568,0.20931464596304847,-0.2419218955996675,-0.9702957262759965
2024-03-20,14.7,43744.54,0.0,66,1007.7,22.2,6.4,40,21.3,1.1,34967.55,59.648438,36.309315,986.0,15.799999999999999,0.7993580455983764,11.7,3,2,0.9813064702716093,0.19245158197082998,-0.9702957262759966,0.24192189559966742
2024-03-21,11.7,43884.91,0.0,64,1016.2,18.5,6.2,24,17.7,0.0,38735.92,59.648438,36.309315,986.0,12.3,0.8826706036311798,11.9,3,3,0.9844738167520922,0.1755314904214282,-0.9816271834476639,0.1908089953765451
2024-03-22,11.9,44025.34,0.0,68,1014.9,18.1,6.9,78,12.6,0.0,37164.29,59.648438,36.309315,986.0,11.200000000000001,0.8441567969719258,15.2,3,4,0.9873494423939864,0.15855938510313475,0.4694715627858907,-0.882947592858927
2024-03-23,15.2,44165.72,0.0,51,1010.1,22.4,8.1,36,9.7,0.3,36418.83,59.648438,36.309315,986.0,14.299999999999999,0.8245949573560671,16.4,3,5,0.989932495087353,0.141540295217043,-0.9743700647852351,-0.22495105434386525
2024-03-24,16.4,44305.98,0.0,48,1013.0,25.0,7.2,52,14.3,0.0,36913.9,59.648438,36.309315,986.0,17.8,0.8331584133789615,19.3,3,6,0.9922222094179323,0.12447926388678915,0.29237170472273677,0.9563047559630354
2024-03-25,19.3,44446.02,0.0,42,1006.0,25.4,13.0,94,25.4,0.0,12752.63,59.648438,36.309315,986.0,12.399999999999999,0.2869240035440744,15.9,3,0,0.994217906893952,0.10738134666416309,0.01745240643728344,-0.9998476951563913
2024-03-26,15.9,44585.75,0.0,42,1008.2,22.1,6.1,17,21.4,0.0,37567.68,59.648438,36.309315,986.0,16.0,0.8425938780888512,14.5,3,1,0.995918996147179,0.09025161003104117,-0.6018150231520484,-0.7986355100472928
2024-03-27,14.5,44725.09,0.0,36,1013.1,22.6,5.7,26,24.1,0.0,40741.57,59.648438,36.309315,986.0,16.900000000000002,0.9109332144440627,8.8,3,2,0.9973249731081555,0.07309512989807777,-0.984807753012208,-0.17364817766693033
2024-03-28,8.8,44863.95,0.0,63,1021.4,14.2,5.6,100,16.3,1.1,22407.45,59.648438,36.309315,986.0,8.6,0.49945334728662993,9.3,3,3,0.9984354211555643,0.055916990100603484,0.48480962024633717,-0.8746197071393957
2024-03-29,9.3,45002.22,0.0,45,1020.8,15.1,4.2,54,18.2,0.0,36378.17,59.648438,36.309315,986.0,10.899999999999999,0.8083638984921188,10.6,3,4,0.9992500112396835,0.03872228089217446,0.9781476007338057,-0.20791169081775934
2024-03-30,10.6,45139.82,0.0,37,1021.8,18.0,3.7,6,9.9,0.0,41348.3,59.648438,36.309315,986.0,14.3,0.916004981854159,13.5,3,5,0.9997685019798909,0.021516097436222254,0.5446390350150273,-0.8386705679454239
2024-03-31,13.5,45276.65,0.0,36,1019.8,21.4,4.5,68,18.1,0.0,38672.36,59.648438,36.309315,986.0,16.9,0.85413474715996,8.8,3,6,0.9999907397361901,0.004303538296244289,-0.29237170472273716,0.9563047559630353
2024-04-01,8.8,45412.62,0.0,70,1021.5,16.6,4.4,57,21.4,10.8,30673.55,59.648438,36.309315,986.0,12.200000000000001,0.6754410998528603,8.7,4,0,0.9999166586547379,-0.01291029607500882,-0.9396926207859083,0.342020143325669
2024-04-02,8.7,45547.81,0.0,62,1021.8,13.6,4.0,29,10.5,0.6,39355.91,59.648438,36.309315,986.0,9.6,0.8640571302989102,10.5,4,1,0.9995462806873573,-0.030120304846908114,0.9975640502598242,-0.06975647374412533
2024-04-03,10.5,45683.17,0.0,53,1017.5,17.6,3.0,4,13.9,0.0,42175.89,59.648438,36.309315,986.0,14.600000000000001,0.923225993292497,14.7,4,2,0.9988797155850336,-0.04732138832243185,0.9271838545667874,-0.37460659341591207
2024-04-04,14.7,45818.77,0.0,37,1013.5,23.1,4.8,19,15.3,0.0,41387.64,59.648438,36.309315,986.0,18.3,0.9032900708596063,14.9,4,3,0.9979171608653922,-0.06450844944931623,-0.8191520442889918,0.573576436351046
2024-04-05,14.9,45954.55,0.0,45,1015.2,24.1,8.1,55,22.3,0.0,42677.59,59.648438,36.309315,986.0,16.0,0.9286912830176771,15.0,4,4,0.9966589017541702,-0.08167639533042241,0.6156614753256584,-0.7880107536067219
2024-04-06,15.0,46090.4,0.0,48,1017.5,23.0,8.1,6,19.2,0.0,42690.04,59.648438,36.309315,986.0,14.9,0.9262241160849114,16.7,4,5,0.9951053111006976,-0.09882013873287143,0.7431448254773942,-0.6691306063588582
2024-04-07,16.7,46226.25,0.0,36,1016.4,25.0,7.9,57,17.4,0.0,37775.94,59.648438,36.309315,986.0,17.1,0.8171967226413565,16.2,4,6,0.9932568492674143,-0.11593459959550041,0.5591929034707469,-0.8290375725550416
2024-04-08,16.2,46362.01,0.0,41,1017.2,22.5,10.6,93,23.1,0.2,22041.5,59.648438,36.309315,986.0,11.9,0.47542157900401644,15.0,4,0,0.9911140639934547,-0.1330147065341959,0.5446390350150273,-0.8386705679454239
2024-04-09,15.0,46497.57,0.0,50,1022.0,20.6,9.2,18,17.7,0.0,42719.96,59.648438,36.309315,986.0,11.400000000000002,0.91875682965798,15.7,4,1,0.9886775902323405,-0.1500553983446526,0.9135454576426009,-0.40673664307580026
2024-04-10,15.7,46632.86,0.0,46,1016.5,23.4,7.5,29,16.6,0.0,43200.0,59.648438,36.309315,986.0,15.899999999999999,0.9263853857558811,16.4,4,2,0.9859481499638304,-0.16705162550211924,0.7193398003386511,-0.6946583704589974
2024-04-11,16.4,46767.79,0.0,50,1010.0,22.4,8.9,56,15.5,0.4,35558.47,59.648438,36.309315,986.0,13.499999999999998,0.760319655899926,11.0,4,3,0.9829265519799822,-0.18399835165768005,-0.10452846326765342,0.9945218953682733
2024-04-12,11.0,46902.25,0.0,79,1013.0,13.8,9.1,100,14.7,8.3,0.0,59.648438,36.309315,986.0,4.700000000000001,0.0,10.6,4,4,0.9796136916454901,-0.20089055513063506,-0.7771459614569706,-0.6293203910498378
2024-04-13,10.6,47036.15,0.0,78,1014.3,14.2,8.4,98,16.8,7.0,11869.91,59.648438,36.309315,986.0,5.799999999999999,0.25235717634202626,8.8,4,5,0.9760105506323683,-0.21772323039653177,0.8829475928589269,-0.4694715627858909
2024-04-14,8.8,47169.4,0.0,85,1016.1,10.6,6.8,95,12.4,3.3,0.0,59.648438,36.309315,986.0,3.8,0.0,11.5,4,6,0.9721181966290613,-0.23449138957040985,0.37460659341591224,-0.9271838545667873
2024-04-15,11.5,47301.9,0.0,72,1020.0,17.0,6.8,21,13.0,0.0,43185.62,59.648438,36.309315,986.0,10.2,0.9129785484304014,13.0,4,0,0.9679377830240642,-0.25119006388481935,0.9975640502598242,-0.06975647374412533
2024-04-16,13.0,47433.54,0.0,67,1021.7,19.4,6.3,88,15.9,0.0,38592.62,59.648438,36.309315,986.0,13.099999999999998,0.8136145857973072,13.0,4,1,0.9634705485641488,-0.2678143051621742,0.8090169943749475,-0.587785252292473
2024-04-17,13.0,47564.23,0.0,61,1017.4,17.6,7.4,99,14.7,0.0,29516.72,59.648438,36.309315,986.0,10.200000000000001,0.6205654963824706,15.3,4,2,0.9587178169872964,-0.2843591872810034,0.754709580222772,0.6560590289905073
2024-04-18,15.3,47693.86,0.0,45,1012.1,22.5,9.4,68,17.8,0.0,39600.0,59.648438,36.309315,986.0,13.1,0.8302955558640043,16.4,4,3,0.9536809966304457,-0.30081980763566735,-0.5000000000000004,0.8660254037844384
2024-04-19,16.4,47822.33,0.0,37,1009.1,23.7,8.2,23,13.8,0.0,43200.0,59.648438,36.309315,986.0,15.5,0.9033436890256079,17.5,4,4,0.9483615800121715,-0.3171912885891061,-0.1564344650402311,0.9876883405951377
2024-04-20,17.5,47949.53,0.0,38,1010.6,25.0,8.6,3,11.8,0.0,43200.0,59.648438,36.309315,986.0,16.4,0.9009473085554749,18.5,4,5,0.9427611433904207,-0.3334687789181868,-0.9563047559630354,0.2923717047227367
2024-04-21,18.5,48075.34,0.0,43,1010.3,26.5,10.1,19,13.8,0.1,43200.0,59.648438,36.309315,986.0,16.4,0.8985895887579787,19.6,4,6,0.9368813462954315,-0.3496474552512284,-0.9135454576426011,0.40673664307579976
2024-04-22,19.6,48199.83,0.0,43,1013.1,26.9,12.2,61,18.4,0.7,37092.83,59.648438,36.309315,986.0,14.7,0.769563502609864,19.2,4,0,0.9307239310379795,-0.36572252349726897,-0.8386705679454243,0.5446390350150266
2024-04-23,19.2,48323.91,0.0,39,1014.2,27.0,13.0,55,22.3,0.0,42561.79,59.648438,36.309315,986.0,14.0,0.8807604765425645,16.9,4,1,0.9242907221930933,-0.3816892202666588,0.374606593415912,0.9271838545667874
2024-04-24,16.9,48447.66,0.0,61,1015.3,23.2,10.9,90,23.2,16.0,25200.0,59.648438,36.309315,986.0,12.299999999999999,0.5201489607547609,14.2,4,2,0.9175836260593937,-0.39754281428255595,0.9135454576426009,0.4067366430758002
2024-04-25,14.2,48570.99,0.0,77,1017.8,17.5,11.9,99,11.2,3.4,2617.25,59.648438,36.309315,986.0,5.6,0.05388504537379205,13.2,4,3,0.9106046300942162,-0.4132786077829042,0.6946583704589971,-0.7193398003386513
2024-04-26,13.2,48693.8,0.0,72,1016.6,17.9,8.0,60,10.2,0.9,17434.1,59.648438,36.309315,986.0,9.899999999999999,0.3580353145575001,14.5,4,4,0.9033558023246845,-0.4288919379124835,-0.9335804264972017,0.3583679495453004
2024-04-27,14.5,48816.0,0.0,49,1018.2,20.9,7.1,24,17.2,0.3,43200.0,59.648438,36.309315,986.0,13.799999999999999,0.8849557522123894,12.5,4,5,0.895839290734909,-0.4443781781046132,-0.27563735581699894,0.9612616959383189
2024-04-28,12.5,48937.48,0.0,38,1021.3,20.0,5.1,2,16.7,0.0,43200.0,59.648438,36.309315,986.0,14.9,0.8827589814596092,12.0,4,6,0.8880573226294932,-0.45973273945210397,0.5877852522924732,-0.8090169943749473
2024-04-29,12.0,49058.14,0.0,30,1022.3,18.8,4.6,0,16.1,0.0,43200.0,59.648438,36.309315,986.0,14.200000000000001,0.8805878086694685,14.4,4,0,0.8800122039735357,-0.47495107206704995,0.6156614753256584,-0.7880107536067219
2024-04-30,14.4,49177.89,0.0,31,1019.8,22.8,4.7,17,9.2,0.0,43200.0,59.648438,36.309315,986.0,18.1,0.8784435444464982,16.4,4,1,0.8717063187093218,-0.4900286664290592,0.7193398003386511,-0.6946583704589974
2024-05-01,16.4,49296.62,0.0,34,1015.0,24.2,6.4,94,14.1,0.0,42867.57,59.648438,36.309315,986.0,17.799999999999997,0.8695843650132605,16.1,5,2,0.8631421280499114,-0.5049610547215204,0.6560590289905073,-0.754709580222772
2024-05-02,16.1,49414.21,0.0,48,1007.7,20.5,9.9,100,12.2,0.6,8924.53,59.648438,36.309315,986.0,10.6,0.18060655022108016,16.7,5,3,0.854322169749827,-0.5197438121555155,-0.9563047559630354,0.2923717047227367
2024-05-03,16.7,49530.57,0.0,69,1003.3,22.2,12.1,72,10.9,0.2,21921.43,59.648438,36.309315,986.0,10.1,0.4425838426652469,17.2,5,4,0.8452490573530633,-0.5343725582809786,-0.891006524188368,0.45399049973954664
2024-05-04,17.2,49645.57,0.0,64,1004.3,24.0,10.8,38,11.4,0.7,30813.05,59.648438,36.309315,986.0,13.2,0.6206606148343146,18.8,5,5,0.8359254794186372,-0.548842958284719,-0.7660444431189781,0.6427876096865393
2024-05-05,18.8,49759.12,0.0,58,1009.7,26.9,9.5,6,21.3,0.1,43200.0,59.648438,36.309315,986.0,17.4,0.8681825562831497,22.7,5,6,0.8263541987239096,-0.5631507242749186,-0.27563735581699894,0.9612616959383189
2024-05-06,22.7,49871.08,0.0,42,1010.4,31.2,11.9,60,18.2,0.0,37989.15,59.648438,36.309315,986.0,19.299999999999997,0.7617470886934873,23.7,5,0,0.8165380514459161,-0.5772916165517272,-0.9961946980917455,0.08715574274765789
2024-05-07,23.7,49981.35,0.0,37,1009.1,31.3,15.9,56,18.5,0.2,41386.52,59.648438,36.309315,986.0,15.4,0.8280392586434739,22.1,5,1,0.8064799463209448,-0.5912614448635781,-0.9876883405951378,0.15643446504023067
2024-05-08,22.1,50089.81,0.0,54,1009.9,32.0,14.4,58,18.0,7.6,43246.46,59.648438,36.309315,986.0,17.6,0.8633783997184258,14.4,5,2,0.7961828637826158,-0.6050560696488488,0.4383711467890773,-0.898794046299167
2024-05-09,14.4,50196.33,0.0,81,1015.7,18.4,10.5,100,17.7,22.7,4933.67,59.648438,36.309315,986.0,7.899999999999999,0.09828746444212157,12.9,5,3,0.7856498550787147,-0.6186714032625031,0.6691306063588583,-0.7431448254773941
2024-05-10,12.9,50300.78,0.0,76,1019.9,17.9,8.3,51,12.5,6.4,24734.86,59.648438,36.309315,986.0,9.599999999999998,0.49173909430430307,15.1,5,4,0.7748840413670407,-0.6321034111873487,0.6427876096865395,-0.7660444431189779
2024-05-11,15.1,50403.05,0.0,68,1020.7,21.9,8.1,3,15.3,0.0,43350.42,59.648438,36.309315,986.0,13.799999999999999,0.8600753327427605,18.5,5,5,0.7638886127905428,-0.6453481132295501,0.6156614753256584,-0.7880107536067219
2024-05-12,18.5,50503.16,0.0,58,1013.5,26.9,9.4,10,12.4,0.0,43536.3,59.648438,36.309315,986.0,17.5,0.8620510082933425,23.0,5,6,0.7526668275320085,-0.6584015846980488,-0.6156614753256582,0.788010753606722
2024-05-13,23.0,50601.91,0.0,45,1007.4,31.9,13.4,68,10.9,0.0,41941.9,59.648438,36.309315,986.0,18.5,0.8288600173392664,22.2,5,0,0.7412220108485958,-0.6712599575675313,0.838670567945424,0.5446390350150271
2024-05-14,22.2,50699.36,0.0,56,1009.1,28.9,17.0,92,16.7,0.4,36921.36,59.648438,36.309315,986.0,11.899999999999999,0.7282411454503568,20.0,5,1,0.7295575540864875,-0.6839194216246106,0.6293203910498374,-0.7771459614569709
2024-05-15,20.0,50795.42,0.0,70,1015.2,24.5,15.8,73,16.8,0.6,30924.1,59.648438,36.309315,986.0,8.7,0.6087970135890204,18.8,5,2,0.717676913675962,-0.6963762255968722,0.5877852522924732,-0.8090169943749473
2024-05-16,18.8,50890.01,0.0,77,1016.6,23.9,14.9,80,15.5,1.3,30988.36,59.648438,36.309315,986.0,8.999999999999998,0.6089281570194228,17.0,5,3,0.705583610107178,-0.7086266782644596,0.39073112848927377,-0.9205048534524404
2024-05-17,17.0,50983.02,0.0,80,1012.5,22.6,11.6,46,16.2,1.6,31963.6,59.648438,36.309315,986.0,11.000000000000002,0.6269459910378005,14.2,5,4,0.6932812268869777,-0.7206671495538609,-0.9876883405951377,-0.15643446504023104
2024-05-18,14.2,51074.36,0.0,84,1014.6,19.5,9.2,92,19.8,28.2,6611.74,59.648438,36.309315,986.0,10.3,0.129453212923275,11.9,5,5,0.6807734094770161,-0.7324940716135789,0.7193398003386511,-0.6946583704589974
2024-05-19,11.9,51163.92,0.0,75,1019.4,15.4,8.9,99,16.6,0.8,10249.02,59.648438,36.309315,986.0,6.5,0.20031733299559534,14.6,5,6,0.6680638642135335,-0.7441039398713607,0.6427876096865395,-0.7660444431189779
2024-05-20,14.6,51251.62,0.0,70,1017.2,20.1,9.2,18,19.1,0.0,43991.71,59.648438,36.309315,986.0,10.900000000000002,0.8583476971069401,16.4,5,0,0.6551563572090853,-0.7554933140726803,0.6156614753256584,-0.7880107536067219
2024-05-21,16.4,51337.35,0.0,60,1017.2,23.0,10.9,53,16.6,0.0,43200.0,59.648438,36.309315,986.0,12.1,0.8414925974948064,16.0,5,1,0.6420547132365637,-0.766658819300159,0.6427876096865395,-0.7660444431189779
2024-05-22,16.0,51421.02,0.0,59,1016.9,21.2,10.6,39,15.9,0.0,43965.54,59.648438,36.309315,986.0,10.6,0.8550110441216453,17.6,5,2,0.6287628145958344,-0.7775971469736269,0.8191520442889917,-0.5735764363510462
2024-05-23,17.6,51502.5,0.0,60,1012.3,24.6,9.9,33,13.5,0.6,40454.0,59.648438,36.309315,986.0,14.700000000000001,0.7854764331828552,17.3,5,3,0.6152845999633276,-0.7883050558305255,0.7193398003386511,-0.6946583704589974
2024-05-24,17.3,51581.72,0.0,71,1014.4,23.9,11.1,57,16.3,0.2,31597.63,59.648438,36.309315,986.0,12.799999999999999,0.6125741832571694,17.5,5,4,0.6016240632249226,-0.7987793728863649,0.8090169943749475,-0.587785252292473
2024-05-25,17.5,51658.55,0.0,62,1019.2,22.0,13.1,78,16.6,0.0,14796.24,59.648438,36.309315,986.0,8.9,0.28642383497020335,17.6,5,5,0.5877852522924732,-0.8090169943749473,0.6819983600624985,-0.7313537016191705
2024-05-26,17.6,51732.9,0.0,53,1018.9,23.2,10.8,6,17.0,0.0,44538.95,59.648438,36.309315,986.0,12.399999999999999,0.8609405233420124,21.1,5,6,0.5737722679043246,-0.8190148866680801,0.9205048534524403,-0.3907311284892738
2024-05-27,21.1,51804.66,0.0,41,1013.7,29.9,11.1,13,17.9,0.0,44688.45,59.648438,36.309315,986.0,18.799999999999997,0.8626337862269532,21.1,5,0,0.5595892624101765,-0.8287700871745038,0.8480480961564261,-0.5299192642332048
2024-05-28,21.1,51873.72,0.0,32,1016.1,27.4,14.0,14,19.5,0.0,44219.92,59.648438,36.309315,986.0,13.399999999999999,0.8524532267976925,21.3,5,1,0.545240438540651,-0.8382797052177744,0.9902680687415704,-0.13917310096006535
2024-05-29,21.3,51939.97,0.0,32,1014.9,28.0,13.3,3,14.9,0.0,44985.66,59.648438,36.309315,986.0,14.7,0.8661087020265896,21.9,5,2,0.5307300481619334,-0.8475409228928311,0.9271838545667874,0.37460659341591196
2024-05-30,21.9,52003.31,0.0,34,1015.8,29.2,13.3,0,17.0,0.0,45294.98,59.648438,36.309315,986.0,15.899999999999999,0.8710018650735887,22.6,5,3,0.5160623910158528,-0.8565509959010036,0.9702957262759965,-0.24192189559966779
2024-05-31,22.6,52063.63,0.0,28,1016.5,30.6,13.6,0,18.3,0.0,45294.2,59.648438,36.309315,986.0,17.0,0.8699777560650304,23.4,5,4,0.5012418134457758,-0.865307254363206,0.9986295347545738,-0.05233595624294384
2024-06-01,23.4,52120.91,0.0,23,1013.4,31.5,13.9,0,13.3,0.0,45608.48,59.648438,36.309315,986.0,17.6,0.8750514908507929,24.5,6,5,0.48627270710868997,-0.8738071036110808,0.984807753012208,-0.1736481776669303
2024-06-02,24.5,52175.65,0.0,22,1011.4,32.9,15.2,2,21.3,0.0,45608.98,59.648438,36.309315,986.0,17.7,0.8741430149887927,23.2,6,6,0.4711595076738638,-0.8820480249558537,0.7986355100472928,0.6018150231520484
2024-06-03,23.2,52227.88,0.0,34,1014.2,30.0,16.5,0,21.1,0.0,45609.29,59.648438,36.309315,986.0,13.5,0.8732747720183167,23.2,6,0,0.4559066935084588,-0.8900275764346767,0.4694715627858908,0.882947592858927
2024-06-04,23.2,52277.57,0.0,37,1014.2,29.5,16.5,16,19.0,0.0,44970.32,59.648438,36.309315,986.0,13.0,0.8602220799474803,22.2,6,1,0.440518784350495,-0.8977433935342337,0.7431448254773942,0.6691306063588582
2024-06-05,22.2,52324.66,0.0,40,1014.4,28.0,16.5,27,17.9,0.4,41367.03,59.648438,36.309315,986.0,11.5,0.7905838279694507,23.5,6,2,0.42500033996955416,-0.9051931898913974,-0.3420201433256686,0.9396926207859084
2024-06-06,23.5,52369.11,0.0,21,1014.3,30.1,15.6,0,14.4,0.0,45932.21,59.648438,36.309315,986.0,14.500000000000002,0.8770859386382545,24.4,6,3,0.4093559588156213,-0.9123747579707273,0.20791169081775934,0.9781476007338057
2024-06-07,24.4,52410.86,0.0,16,1012.2,32.0,15.6,0,15.4,0.0,46418.17,59.648438,36.309315,986.0,16.4,0.8856593843337048,25.9,6,4,0.39359027665646673,-0.9192859697186104,0.0697564737441253,0.9975640502598242
2024-06-08,25.9,52449.88,0.0,19,1009.9,33.2,16.0,2,19.5,0.0,46094.2,59.648438,36.309315,986.0,17.200000000000003,0.8788237456406002,27.3,6,5,0.3777079652039649,-0.9259247771938498,-0.22495105434386534,0.9743700647852351
2024-06-09,27.3,52486.12,0.0,18,1010.0,34.5,18.5,0,15.6,0.0,46261.49,59.648438,36.309315,986.0,16.0,0.881404264594144,28.5,6,6,0.36171373072976765,-0.9322892131745133,0.20791169081775934,0.9781476007338057
2024-06-10,28.5,52519.53,0.0,17,1010.0,36.2,18.7,0,17.0,0.0,46263.29,59.648438,36.309315,986.0,17.500000000000004,0.8808778372540653,29.6,6,0,0.3456123126707335,-0.9383773917408641,0.0697564737441253,0.9975640502598242
2024-06-11,29.6,52550.08,0.0,19,1009.7,37.3,20.6,6,20.1,0.0,46264.84,59.648438,36.309315,986.0,16.699999999999996,0.880395234412583,29.6,6,1,0.3294084822245304,-0.9441875088341993,0.3255681544571567,0.9455185755993168
2024-06-12,29.6,52577.71,0.0,22,1009.5,37.4,21.0,38,21.7,0.0,40569.37,59.648438,36.309315,986.0,16.4,0.7716077782771446,28.6,6,2,0.3131070409358269,-0.9497178427914316,0.573576436351046,0.8191520442889918
2024-06-13,28.6,52602.39,0.0,23,1008.9,35.7,21.0,24,21.3,0.0,46105.45,59.648438,36.309315,986.0,14.700000000000003,0.8764896423907734,27.0,6,3,0.29671281927349075,-0.9549667548552551,0.8191520442889918,0.573576436351046
2024-06-14,27.0,52624.07,0.0,22,1008.4,33.2,20.6,27,22.4,0.0,45938.84,59.648438,36.309315,986.0,12.600000000000001,0.8729625055606682,27.1,6,4,0.28023067519921585,-0.9599326896597447,0.9876883405951378,0.15643446504023092
2024-06-15,27.1,52642.73,0.0,24,1007.7,33.0,21.4,43,17.7,0.0,45770.95,59.648438,36.309315,986.0,11.600000000000001,0.869463836696919,27.5,6,5,0.26366549272800704,-0.9646141756912435,0.9986295347545738,-0.05233595624294384
2024-06-16,27.5,52658.31,0.0,26,1008.4,34.7,20.4,13,16.5,0.0,42339.12,59.648438,36.309315,986.0,14.300000000000004,0.8040349187051389,28.3,6,6,0.24702218048093552,-0.9690098257244062,0.992546151641322,0.12186934340514749
2024-06-17,28.3,52670.78,0.0,25,1011.1,34.6,20.0,11,19.1,0.0,44044.19,59.648438,36.309315,986.0,14.600000000000001,0.8362167790186514,28.8,6,0,0.23030567023061221,-0.9731183372332619,0.12186934340514748,0.992546151641322
2024-06-18,28.8,52680.1,0.0,21,1011.0,35.0,21.5,28,23.2,0.0,41445.64,59.648438,36.309315,986.0,13.5,0.7867418626767982,29.4,6,1,0.21352091543979612,-0.9769384927771817,-0.1564344650402311,0.9876883405951377
2024-06-19,29.4,52686.25,0.0,20,1009.5,35.2,23.0,24,23.5,0.0,39001.32,59.648438,36.309315,986.0,12.200000000000003,0.7402561389356805,27.8,6,2,0.19667288979357647,-0.980469160361632,-0.29237170472273716,0.9563047559630353
2024-06-20,27.8,52689.17,0.0,30,1008.7,33.2,21.8,9,23.0,0.0,45097.03,59.648438,36.309315,986.0,11.400000000000002,0.8559070108714941,27.9,6,3,0.1797665857255624,-0.9837092937736097,-0.3420201433256686,0.9396926207859084
2024-06-21,27.9,52688.86,0.0,30,1006.5,33.8,21.2,23,20.1,0.0,46108.48,59.648438,36.309315,986.0,12.599999999999998,0.8751087041928788,26.8,6,4,0.16280701293851715,-0.986657932891657,-0.24192189559966787,0.9702957262759965
2024-06-22,26.8,52685.25,0.0,34,1006.9,33.5,21.1,21,15.5,0.0,40993.39,59.648438,36.309315,986.0,12.399999999999999,0.7780809619390626,26.8,6,5,0.1457991969198751,-0.9893142039703663,0.25881904510252074,0.9659258262890683
2024-06-23,26.8,52678.4,0.0,37,1009.7,33.0,20.8,34,18.0,0.0,41646.43,59.648438,36.309315,986.0,12.2,0.7905788710363261,25.6,6,6,0.12874817745258132,-0.99167731989929,0.9612616959383189,-0.27563735581699905
2024-06-24,25.6,52668.34,0.0,41,1010.4,32.0,20.2,9,18.7,0.0,46130.88,59.648438,36.309315,986.0,11.8,0.8758749563779683,27.1,6,0,0.11165900712169512,-0.993746580436178,0.9205048534524403,-0.3907311284892738
2024-06-25,27.1,52655.12,0.0,29,1006.4,33.5,18.9,23,17.4,0.0,46473.72,59.648438,36.309315,986.0,14.600000000000001,0.8826059080294566,28.1,6,1,0.09453674981719912,-0.9955213724144752,0.9961946980917455,0.08715574274765814
2024-06-26,28.1,52638.76,0.0,21,1003.5,34.3,19.0,0,17.4,0.0,46803.69,59.648438,36.309315,986.0,15.299999999999997,0.8891487945384732,28.3,6,2,0.07738647923346301,-0.9970011699250151,0.9455185755993167,0.32556815445715676
2024-06-27,28.3,52619.34,0.0,29,1004.9,36.7,20.4,29,23.1,0.0,46289.68,59.648438,36.309315,986.0,16.300000000000004,0.8797084874116627,24.1,6,3,0.06021327736579302,-0.9981855344718586,0.9876883405951378,0.15643446504023092
2024-06-28,24.1,52596.88,0.0,47,1009.3,28.7,19.0,38,21.2,0.0,43777.75,59.648438,36.309315,986.0,9.7,0.8323259858759684,23.7,6,4,0.04302223300453059,-0.99907411510223,0.838670567945424,-0.5446390350150271
2024-06-29,23.7,52571.43,0.0,39,1007.8,29.2,18.3,45,19.4,0.4,24962.3,59.648438,36.309315,986.0,10.899999999999999,0.47482634579276234,25.8,6,5,0.02581844022713308,-0.9996666485105112,0.6819983600624985,-0.7313537016191705
2024-06-30,25.8,52543.04,0.0,34,1009.0,31.6,19.6,6,19.1,0.0,46303.29,59.648438,36.309315,986.0,12.0,0.8812449755476653,25.2,6,6,0.008606996888688698,-0.9999629591162655,0.9659258262890683,-0.25881904510252085
2024-07-01,25.2,52511.77,0.0,32,1009.1,30.4,20.2,0,19.2,0.0,46319.29,59.648438,36.309315,986.0,10.2,0.8820744377879475,25.3,7,0,-0.008606996888688009,-0.9999629591162655,0.9563047559630355,-0.29237170472273666
2024-07-02,25.3,52477.66,0.0,28,1006.3,31.3,18.8,1,19.6,0.0,46490.15,59.648438,36.309315,986.0,12.5,0.8859036397583276,25.2,7,1,-0.02581844022713239,-0.9996666485105112,0.984807753012208,-0.1736481776669303
2024-07-03,25.2,52440.75,0.0,20,1005.8,32.8,18.4,47,20.5,0.0,31633.56,59.648438,36.309315,986.0,14.399999999999999,0.6032247822542584,27.3,7,2,-0.04302223300453034,-0.99907411510223,0.7071067811865476,-0.7071067811865475
2024-07-04,27.3,52401.11,0.0,17,1006.5,34.8,19.5,34,16.3,0.0,40723.8,59.648438,36.309315,986.0,15.299999999999997,0.7771552930844404,28.3,7,3,-0.060213277365792774,-0.9981855344718586,0.9271838545667874,-0.37460659341591207
2024-07-05,28.3,52358.79,0.0,19,1006.1,35.0,20.5,0,20.6,0.0,46657.85,59.648438,36.309315,986.0,14.5,0.8911178046704288,28.0,7,4,-0.07738647923346322,-0.9970011699250151,0.6819983600624985,0.7313537016191705
2024-07-06,28.0,52313.83,0.0,21,1005.4,35.5,20.5,0,25.1,0.0,46486.2,59.648438,36.309315,986.0,15.0,0.8886024976569292,26.9,7,5,-0.09453674981719933,-0.9955213724144752,0.0697564737441253,0.9975640502598242
2024-07-07,26.9,52266.3,0.0,21,1007.4,33.7,18.9,0,22.0,0.0,46484.3,59.648438,36.309315,986.0,14.800000000000004,0.8893742239263158,28.6,7,6,-0.11165900712169444,-0.9937465804361781,0.6691306063588582,0.7431448254773942
2024-07-08,28.6,52216.23,0.0,21,1008.3,35.3,19.9,8,27.6,0.0,44981.95,59.648438,36.309315,986.0,15.399999999999999,0.8614553367793882,29.2,7,0,-0.12874817745258066,-0.99167731989929,0.6560590289905073,0.754709580222772
2024-07-09,29.2,52163.7,0.0,26,1009.4,36.0,21.1,15,24.1,0.0,42620.52,59.648438,36.309315,986.0,14.899999999999999,0.817053238171372,29.7,7,1,-0.14579919691987442,-0.9893142039703664,0.9510565162951535,0.30901699437494745
2024-07-10,29.7,52108.74,0.0,24,1010.6,37.5,24.0,8,23.8,0.0,43473.79,59.648438,36.309315,986.0,13.5,0.8342897947637959,28.8,7,2,-0.16280701293851646,-0.9866579328916572,0.9781476007338057,-0.20791169081775934
2024-07-11,28.8,52051.32,0.0,21,1008.1,36.5,20.6,0,24.7,0.0,46016.24,59.648438,36.309315,986.0,15.899999999999999,0.8840551978316784,27.7,7,3,-0.17976658572556214,-0.9837092937736098,0.7313537016191705,0.6819983600624985
2024-07-12,27.7,51990.9,0.0,33,1005.8,34.3,22.2,25,21.2,0.2,40785.25,59.648438,36.309315,986.0,12.099999999999998,0.7844690128464789,26.0,7,4,-0.19667288979357622,-0.9804691603616321,-0.544639035015027,0.838670567945424
2024-07-13,26.0,51927.5,0.0,46,1005.0,31.0,21.3,21,15.0,0.7,44590.63,59.648438,36.309315,986.0,9.7,0.8587093543883298,26.5,7,5,-0.2135209154397959,-0.9769384927771817,0.1908089953765448,0.981627183447664
2024-07-14,26.5,51861.21,0.0,29,1005.0,35.2,18.4,6,18.9,0.0,45043.96,59.648438,36.309315,986.0,16.800000000000004,0.8685481885208617,24.5,7,6,-0.23030567023061196,-0.973118337233262,0.6018150231520483,0.7986355100472928
2024-07-15,24.5,51792.16,0.0,25,1008.9,31.0,18.1,0,20.5,0.0,45705.64,59.648438,36.309315,986.0,12.899999999999999,0.8824818273653773,26.0,7,0,-0.24702218048093527,-0.9690098257244063,0.9743700647852352,-0.22495105434386503
2024-07-16,26.0,51720.45,0.0,29,1009.4,32.7,18.1,0,19.1,0.0,45541.3,59.648438,36.309315,986.0,14.600000000000001,0.8805279149736711,27.5,7,1,-0.2636654927280072,-0.9646141756912435,0.984807753012208,0.17364817766693041
2024-07-17,27.5,51646.18,0.0,28,1008.9,35.2,19.5,5,28.5,0.0,45078.75,59.648438,36.309315,986.0,15.700000000000003,0.8728380298407356,28.1,7,2,-0.2802306751992161,-0.9599326896597445,0.981627183447664,0.19080899537654492
2024-07-18,28.1,51569.48,0.0,28,1007.3,33.5,21.0,36,19.3,0.0,40704.93,59.648438,36.309315,986.0,12.5,0.7893220951617119,27.3,7,3,-0.2967128192734901,-0.9549667548552553,0.8090169943749475,0.5877852522924731
2024-07-19,27.3,51490.45,0.0,28,1005.7,34.8,21.1,6,22.5,0.0,44628.58,59.648438,36.309315,986.0,13.699999999999996,0.866735093595026,27.8,7,4,-0.3131070409358267,-0.9497178427914317,0.8290375725550417,-0.5591929034707467
2024-07-20,27.8,51409.18,0.0,26,1005.4,33.8,19.9,0,18.0,0.0,45274.98,59.648438,36.309315,986.0,13.899999999999999,0.880678898204562,28.2,7,5,-0.3294084822245302,-0.9441875088341994,0.9876883405951378,0.15643446504023092
2024-07-21,28.2,51325.79,0.0,23,1005.1,35.1,20.6,0,20.3,0.0,45117.39,59.648438,36.309315,986.0,14.5,0.8790393679278974,29.1,7,6,-0.3456123126707333,-0.9383773917408642,0.9876883405951378,0.15643446504023092
2024-07-22,29.1,51240.39,0.0,21,1005.6,35.3,21.0,1,20.0,0.0,44961.59,59.648438,36.309315,986.0,14.299999999999997,0.8774638522462456,29.6,7,0,-0.3617137307297674,-0.9322892131745134,0.8090169943749475,0.5877852522924731
2024-07-23,29.6,51153.07,0.0,27,1004.1,36.0,21.4,11,20.2,0.0,43896.8,59.648438,36.309315,986.0,14.600000000000001,0.8581459529213008,29.6,7,1,-0.37770796520396466,-0.9259247771938499,0.9135454576426009,0.4067366430758002
2024-07-24,29.6,51063.95,0.0,32,1000.8,36.1,21.5,5,15.7,0.0,44686.04,59.648438,36.309315,986.0,14.600000000000001,0.8750995565364608,30.0,7,2,-0.39359027665646645,-0.9192859697186105,1.0,6.123233995736766e-17
2024-07-25,30.0,50973.11,0.0,31,1000.5,37.1,22.8,2,20.7,0.0,44536.64,59.648438,36.309315,986.0,14.3,0.8737281284190821,29.6,7,3,-0.4093559588156211,-0.9123747579707274,0.9335804264972017,0.3583679495453004
2024-07-26,29.6,50880.66,0.0,32,1004.2,35.2,23.0,0,17.7,0.0,44453.24,59.648438,36.309315,986.0,12.200000000000003,0.8736765600131758,31.3,7,4,-0.42500033996955394,-0.9051931898913975,0.9702957262759965,-0.24192189559966779
2024-07-27,31.3,50786.7,0.0,28,1003.5,39.1,21.7,0,19.6,0.0,44451.98,59.648438,36.309315,986.0,17.400000000000002,0.8752681312233322,31.4,7,5,-0.4405187843504952,-0.8977433935342336,0.9876883405951378,-0.1564344650402308
2024-07-28,31.4,50691.32,0.0,25,1005.1,38.4,24.1,0,21.1,0.0,44450.43,59.648438,36.309315,986.0,14.299999999999997,0.8768844449108841,29.0,7,6,-0.455906693508459,-0.8900275764346766,0.8290375725550417,0.5591929034707468
2024-07-29,29.0,50594.62,0.0,32,1005.8,35.2,23.0,0,26.2,0.0,44299.86,59.648438,36.309315,986.0,12.200000000000003,0.8755844000804829,26.6,7,0,-0.47115950767386394,-0.8820480249558535,0.6560590289905073,0.754709580222772
2024-07-30,26.6,50496.69,0.0,33,1007.7,32.2,21.6,1,18.0,0.0,44152.04,59.648438,36.309315,986.0,10.600000000000001,0.8743551309996754,29.0,7,1,-0.4862727071086902,-0.8738071036110807,0.8290375725550417,-0.5591929034707467
2024-07-31,29.0,50397.47,0.0,25,1004.6,36.2,21.5,0,15.5,0.0,44298.13,59.648438,36.309315,986.0,14.700000000000003,0.8789752739572045,29.4,7,2,-0.5012418134457756,-0.8653072543632061,0.8910065241883679,-0.45399049973954675
2024-08-01,29.4,50296.16,0.0,27,1006.4,36.2,21.2,7,23.8,0.0,44009.05,59.648438,36.309315,986.0,15.000000000000004,0.8749982105989801,28.4,8,3,-0.5160623910158526,-0.8565509959010037,0.9743700647852352,-0.22495105434386503
2024-08-02,28.4,50192.71,0.0,33,1006.4,34.4,23.0,1,20.1,0.0,44010.7,59.648438,36.309315,986.0,11.399999999999999,0.8768345044529374,28.7,8,4,-0.5307300481619331,-0.8475409228928312,0.9925461516413221,-0.12186934340514737
2024-08-03,28.7,50087.27,0.0,25,1005.4,34.5,22.8,0,17.3,0.0,44011.98,59.648438,36.309315,986.0,11.7,0.8787059067104277,28.7,8,5,-0.5452404385406507,-0.8382797052177745,0.984807753012208,-0.1736481776669303
2024-08-04,28.7,49979.95,0.0,21,1006.3,34.7,22.0,0,18.4,0.0,43874.62,59.648438,36.309315,986.0,12.700000000000003,0.87784441561066,29.4,8,6,-0.5595892624101763,-0.828770087174504,0.9205048534524403,-0.3907311284892738
2024-08-05,29.4,49870.86,0.0,20,1006.6,35.9,20.5,0,18.8,0.0,43877.03,59.648438,36.309315,986.0,15.399999999999999,0.8798129809672421,28.8,8,0,-0.5737722679043243,-0.8190148866680802,0.9986295347545738,-0.05233595624294384
2024-08-06,28.8,49760.13,0.0,20,1006.1,35.8,21.8,0,16.5,0.0,43878.98,59.648438,36.309315,986.0,13.999999999999996,0.8818099952713148,28.9,8,1,-0.5877852522924734,-0.8090169943749472,0.8829475928589269,-0.4694715627858909
2024-08-07,28.9,49647.87,0.0,17,1005.3,36.7,19.0,0,19.2,0.0,43748.56,59.648438,36.309315,986.0,17.700000000000003,0.8811769769780656,30.6,8,2,-0.6016240632249227,-0.7987793728863648,0.9925461516413221,-0.12186934340514737
2024-08-08,30.6,49534.19,0.0,16,1005.6,39.2,19.9,0,19.8,0.0,43622.16,59.648438,36.309315,986.0,19.300000000000004,0.8806474881289066,29.2,8,3,-0.6152845999633277,-0.7883050558305253,0.9135454576426009,-0.40673664307580026
2024-08-09,29.2,49419.21,0.0,41,1009.9,36.0,23.5,0,21.8,0.0,43372.91,59.648438,36.309315,986.0,12.5,0.8776528398572135,28.8,8,4,-0.6287628145958345,-0.7775971469736268,0.9986295347545738,0.052335956242943966
2024-08-10,28.8,49303.03,0.0,32,1010.0,34.5,23.0,1,17.8,0.0,43382.37,59.648438,36.309315,986.0,11.5,0.879912857282808,28.9,8,5,-0.6420547132365636,-0.7666588193001592,0.90630778703665,-0.42261826174069933
2024-08-11,28.9,49185.75,0.0,23,1008.4,35.2,22.3,0,17.3,0.0,43391.4,59.648438,36.309315,986.0,12.900000000000002,0.8821945380521797,29.2,8,6,-0.655156357209085,-0.7554933140726804,0.9563047559630355,-0.29237170472273666
2024-08-12,29.2,49067.49,0.0,21,1007.1,35.8,21.0,0,16.3,0.0,43280.73,59.648438,36.309315,986.0,14.799999999999997,0.8820652941489366,29.6,8,0,-0.6680638642135333,-0.7441039398713608,0.9743700647852352,-0.22495105434386503
2024-08-13,29.6,48948.35,0.0,29,1008.0,36.4,23.1,21,20.5,0.0,37132.87,59.648438,36.309315,986.0,13.299999999999997,0.7586133138297819,29.6,8,1,-0.6807734094770159,-0.7324940716135792,0.9743700647852352,-0.22495105434386503
2024-08-14,29.6,48828.42,0.0,34,1008.5,36.5,22.6,5,18.6,0.0,43200.0,59.648438,36.309315,986.0,13.899999999999999,0.8847306548112759,29.9,8,2,-0.6932812268869771,-0.7206671495538615,0.8829475928589269,-0.4694715627858909
2024-08-15,29.9,48707.81,0.0,36,1008.9,36.2,23.6,3,24.0,0.0,43200.0,59.648438,36.309315,986.0,12.600000000000001,0.8869214197887362,27.3,8,3,-0.7055836101071774,-0.70862667826446,0.8829475928589269,0.46947156278589086
2024-08-16,27.3,48586.62,0.0,39,1008.4,32.0,22.1,7,19.2,0.0,43200.0,59.648438,36.309315,986.0,9.899999999999999,0.8891336750735078,24.9,8,4,-0.7176769136759615,-0.6963762255968726,0.9396926207859084,-0.3420201433256687
2024-08-17,24.9,48464.93,0.0,43,1011.4,31.0,19.1,9,25.8,0.0,43200.0,59.648438,36.309315,986.0,11.899999999999999,0.891366189943945,22.8,8,5,-0.7295575540864876,-0.6839194216246105,0.9781476007338057,-0.20791169081775934
2024-08-18,22.8,48342.84,0.0,44,1015.7,28.2,18.1,23,20.6,0.0,43200.0,59.648438,36.309315,986.0,10.099999999999998,0.8936173381621767,23.1,8,6,-0.7412220108485957,-0.6712599575675315,0.9135454576426009,-0.40673664307580026
2024-08-19,23.1,48220.45,0.0,28,1013.3,29.4,16.2,8,16.5,0.0,43200.0,59.648438,36.309315,986.0,13.2,0.8958854593849706,22.9,8,0,-0.7526668275320083,-0.6584015846980489,0.9659258262890683,-0.25881904510252085
2024-08-20,22.9,48097.68,0.0,20,1011.6,30.6,14.6,0,25.3,0.0,43200.0,59.648438,36.309315,986.0,16.0,0.8981722195332499,23.8,8,1,-0.7638886127905429,-0.64534811322955,0.9335804264972017,-0.35836794954530027
2024-08-21,23.8,47973.64,0.0,20,1012.5,31.0,15.9,0,19.2,0.0,43200.0,59.648438,36.309315,986.0,15.1,0.9004945215747648,24.8,8,2,-0.7748840413670406,-0.6321034111873488,0.9612616959383189,0.27563735581699916
2024-08-22,24.8,47848.29,0.0,23,1010.4,31.9,16.4,0,14.5,0.0,43200.0,59.648438,36.309315,986.0,15.5,0.9028535816013488,26.0,8,3,-0.7856498550787144,-0.6186714032625032,0.9205048534524403,-0.3907311284892738
2024-08-23,26.0,47721.71,0.0,21,1009.9,33.5,17.7,0,17.4,0.0,43200.0,59.648438,36.309315,986.0,15.8,0.9052483659952671,27.0,8,4,-0.7961828637826154,-0.6050560696488494,0.9510565162951536,-0.30901699437494734
2024-08-24,27.0,47594.02,0.0,20,1011.8,34.2,18.4,0,18.9,0.0,43200.0,59.648438,36.309315,986.0,15.800000000000004,0.9076770569075695,27.3,8,5,-0.8064799463209447,-0.5912614448635782,0.754709580222772,0.6560590289905073
2024-08-25,27.3,47465.31,0.0,21,1011.1,34.8,19.2,0,16.6,0.0,43200.0,59.648438,36.309315,986.0,15.599999999999998,0.9101383726346673,28.1,8,6,-0.8165380514459157,-0.5772916165517278,0.6293203910498374,0.7771459614569709
2024-08-26,28.1,47335.69,0.0,22,1009.5,36.0,19.6,0,19.3,0.0,43200.0,59.648438,36.309315,986.0,16.4,0.9126306176164327,27.8,8,0,-0.8263541987239094,-0.5631507242749187,0.9925461516413221,-0.12186934340514737
2024-08-27,27.8,47205.24,0.0,20,1009.5,36.3,20.0,7,23.2,0.0,43200.0,59.648438,36.309315,986.0,16.299999999999997,0.9151526398340524,25.1,8,1,-0.8359254794186365,-0.5488429582847199,0.9271838545667874,-0.37460659341591207
2024-08-28,25.1,47074.08,0.0,21,1013.2,31.7,18.6,0,25.3,0.0,43200.0,59.648438,36.309315,986.0,13.099999999999998,0.9177024808557065,20.8,8,2,-0.8452490573530634,-0.5343725582809785,0.9205048534524404,0.3907311284892737
2024-08-29,20.8,46942.28,0.0,29,1015.5,27.2,13.5,0,25.1,0.0,43200.0,59.648438,36.309315,986.0,13.7,0.9202791172478201,20.6,8,3,-0.8543221697498269,-0.5197438121555157,0.8571673007021123,-0.5150380749100543
2024-08-30,20.6,46809.94,0.0,29,1014.5,27.5,13.0,0,18.1,0.0,43200.0,59.648438,36.309315,986.0,14.5,0.9228809094820458,22.1,8,4,-0.8631421280499115,-0.5049610547215202,0.9998476951563913,0.0174524064372836
2024-08-31,22.1,46677.16,0.0,24,1013.4,29.9,13.2,0,18.2,0.0,43200.0,59.648438,36.309315,986.0,16.7,0.9255061790391703,23.2,8,5,-0.8717063187093217,-0.4900286664290594,0.9743700647852352,-0.22495105434386503
2024-09-01,23.2,46544.01,0.0,23,1015.6,30.3,14.9,0,21.8,0.0,43200.0,59.648438,36.309315,986.0,15.4,0.9281538053983746,21.8,9,6,-0.8800122039735356,-0.4749510720670502,0.48480962024633706,0.8746197071393957
2024-09-02,21.8,46410.6,0.0,22,1018.2,28.5,15.0,0,23.1,0.0,43200.0,59.648438,36.309315,986.0,13.5,0.9308218381145686,20.6,9,0,-0.888057322629493,-0.4597327394521046,0.984807753012208,-0.1736481776669303
2024-09-03,20.6,46276.99,0.0,16,1015.5,29.5,11.5,0,13.5,0.0,43200.0,59.648438,36.309315,986.0,18.0,0.9335092883093736,22.6,9,1,-0.8958392907349089,-0.4443781781046134,0.838670567945424,-0.5446390350150271
2024-09-04,22.6,46143.29,0.0,14,1011.6,32.5,10.4,0,11.8,0.0,43149.93,59.648438,36.309315,986.0,22.1,0.9351290295945521,24.3,9,2,-0.9033558023246842,-0.4288919379124841,0.7986355100472927,-0.6018150231520484
2024-09-05,24.3,46009.57,0.0,13,1007.7,34.8,12.9,0,16.4,0.0,43019.24,59.648438,36.309315,986.0,21.9,0.9350063475924683,23.1,9,3,-0.9106046300942162,-0.41327860778290443,0.8987940462991669,-0.4383711467890775
2024-09-06,23.1,45875.92,0.0,21,1013.3,31.3,15.8,0,22.2,0.0,42888.42,59.648438,36.309315,986.0,15.5,0.934878690171227,19.8,9,4,-0.9175836260593934,-0.3975428142825566,0.9945218953682733,-0.10452846326765355
2024-09-07,19.8,45742.42,0.0,26,1018.9,26.4,13.9,0,17.0,0.0,42757.56,59.648438,36.309315,986.0,12.499999999999998,0.9347463470450404,19.9,9,5,-0.9242907221930934,-0.3816892202666586,0.6946583704589971,-0.7193398003386513
2024-09-08,19.9,45609.15,0.0,20,1018.8,27.1,13.4,0,16.7,0.0,42626.75,59.648438,36.309315,986.0,13.700000000000001,0.9346096123255969,18.7,9,6,-0.9307239310379793,-0.3657225234972692,0.8290375725550417,-0.5591929034707467
2024-09-09,18.7,45476.04,0.0,20,1019.0,25.9,12.2,0,18.4,0.0,42495.84,59.648438,36.309315,986.0,13.7,0.9344665894391859,18.4,9,0,-0.9368813462954315,-0.34964745525122826,0.8090169943749475,-0.587785252292473
2024-09-10,18.4,45342.17,0.0,22,1017.2,26.0,10.7,0,12.6,0.0,42363.93,59.648438,36.309315,986.0,15.3,0.9343163328971684,19.7,9,1,-0.9427611433904206,-0.33346877891818705,0.8480480961564261,-0.5299192642332048
2024-09-11,19.7,45207.49,0.0,22,1013.8,27.8,10.4,0,14.3,0.0,42231.04,59.648438,36.309315,986.0,17.4,0.9341602464547357,21.6,9,2,-0.9483615800121716,-0.31719128858910595,0.7193398003386511,-0.6946583704589974
2024-09-12,21.6,45072.07,0.0,17,1011.4,30.0,12.4,0,19.0,0.0,42097.23,59.648438,36.309315,986.0,17.6,0.9339981500738707,21.4,9,3,-0.9536809966304455,-0.300819807635668,0.6819983600624985,-0.7313537016191705
2024-09-13,21.4,44936.01,0.0,19,1011.0,28.5,14.8,1,19.3,0.0,41855.48,59.648438,36.309315,986.0,13.7,0.9314462944084266,20.6,9,4,-0.9587178169872964,-0.2843591872810036,0.9396926207859084,-0.3420201433256687
2024-09-14,20.6,44799.4,0.0,22,1010.1,27.4,13.0,20,18.0,0.0,41641.88,59.648438,36.309315,986.0,14.399999999999999,0.929518698911146,20.4,9,5,-0.9634705485641486,-0.26781430516217486,0.9335804264972017,-0.35836794954530027
2024-09-15,20.4,44662.31,0.0,28,1011.0,26.6,12.9,69,11.9,0.0,37095.39,59.648438,36.309315,986.0,13.700000000000001,0.8305748180065026,19.0,9,6,-0.9679377830240642,-0.25119006388481957,0.9271838545667874,0.37460659341591196
2024-09-16,19.0,44524.84,0.0,52,1013.0,26.1,13.6,30,19.4,0.0,39397.46,59.648438,36.309315,986.0,12.500000000000002,0.8848422588379881,19.5,9,0,-0.9721181966290612,-0.23449138957041052,-0.9975640502598243,0.06975647374412522
2024-09-17,19.5,44387.07,0.0,45,1014.9,26.1,14.0,3,17.1,0.0,40733.49,59.648438,36.309315,986.0,12.100000000000001,0.9176881916287783,19.0,9,1,-0.9760105506323682,-0.21772323039653224,0.8571673007021123,-0.5150380749100543
2024-09-18,19.0,44249.08,0.0,41,1015.8,25.9,12.1,8,19.0,0.0,40397.31,59.648438,36.309315,986.0,13.799999999999999,0.9129525404821975,18.0,9,2,-0.9796136916454901,-0.20089055513063528,0.8290375725550417,-0.5591929034707467
2024-09-19,18.0,44110.96,0.0,43,1017.7,24.8,10.8,25,17.4,0.0,40206.27,59.648438,36.309315,986.0,14.0,0.9114802761037166,19.0,9,3,-0.9829265519799822,-0.18399835165767986,0.777145961456971,-0.6293203910498373
2024-09-20,19.0,43972.8,0.0,32,1016.5,25.3,12.7,1,19.1,0.0,40018.8,59.648438,36.309315,986.0,12.600000000000001,0.9100807772077284,20.8,9,4,-0.9859481499638303,-0.1670516255021195,0.5591929034707469,-0.8290375725550416
2024-09-21,20.8,43834.66,0.0,28,1014.2,29.0,12.1,4,17.8,0.0,39835.16,59.648438,36.309315,986.0,16.9,0.9087594154944968,21.2,9,5,-0.9886775902323404,-0.15005539834465262,0.3583679495453002,-0.9335804264972017
2024-09-22,21.2,43696.64,0.0,27,1016.4,28.4,15.1,0,16.3,0.0,39602.13,59.648438,36.309315,986.0,13.299999999999999,0.9062969143622942,23.0,9,6,-0.9911140639934546,-0.13301470653419636,0.6156614753256584,-0.7880107536067219
2024-09-23,23.0,43558.82,0.0,26,1015.2,31.4,14.7,0,16.2,0.0,39465.46,59.648438,36.309315,986.0,16.7,0.906026839110885,25.2,9,0,-0.9932568492674143,-0.11593459959550066,0.5591929034707469,-0.8290375725550416
2024-09-24,25.2,43421.28,0.0,22,1011.2,35.3,14.4,0,15.0,0.0,39309.23,59.648438,36.309315,986.0,20.9,0.9052987383144855,23.8,9,1,-0.9951053111006974,-0.09882013873287211,0.4383711467890773,-0.898794046299167
2024-09-25,23.8,43284.11,0.0,45,1012.4,31.9,17.6,0,21.6,0.0,38794.71,59.648438,36.309315,986.0,14.299999999999997,0.896280644328831,19.9,9,2,-0.99665890175417,-0.08167639533042288,0.9396926207859083,0.3420201433256688
2024-09-26,19.9,43147.38,0.0,52,1016.3,26.0,15.9,56,19.0,0.0,28678.15,59.648438,36.309315,986.0,10.1,0.6646556523246604,16.7,9,3,-0.9979171608653922,-0.06450844944931625,0.838670567945424,-0.5446390350150271
2024-09-27,16.7,43011.18,0.0,37,1019.6,23.0,10.4,29,23.9,0.0,33781.33,59.648438,36.309315,986.0,12.6,0.7854081194703331,14.9,9,4,-0.9988797155850335,-0.04732138832243232,0.788010753606722,-0.6156614753256583
2024-09-28,14.9,42875.59,0.0,24,1019.4,21.8,9.2,60,19.0,0.0,37423.02,59.648438,36.309315,986.0,12.600000000000001,0.8728281056890412,11.9,9,5,-0.9995462806873573,-0.03012030484690836,0.777145961456971,-0.6293203910498373
2024-09-29,11.9,42740.53,0.0,37,1020.3,16.6,6.1,73,14.8,0.1,6266.09,59.648438,36.309315,986.0,10.500000000000002,0.14660768128050822,13.9,9,6,-0.9999166586547379,-0.012910296075008843,0.6819983600624985,-0.7313537016191705
2024-09-30,13.9,42605.05,0.0,33,1017.4,21.5,5.7,3,11.6,0.0,37940.66,59.648438,36.309315,986.0,15.8,0.8905202552279601,18.2,9,0,-0.9999907397361901,0.004303538296243821,0.10452846326765373,-0.9945218953682733
2024-10-01,18.2,42469.05,0.0,28,1011.9,27.0,8.1,15,8.9,0.0,36000.0,59.648438,36.309315,986.0,18.9,0.8476761312061372,21.4,10,1,-0.9997685019798909,0.021516097436222233,-0.8191520442889918,0.573576436351046
2024-10-02,21.4,42332.64,0.0,29,1010.0,31.3,11.9,0,13.8,0.0,37608.86,59.648438,36.309315,986.0,19.4,0.8884128180996981,23.9,10,2,-0.9992500112396835,0.03872228089217399,-0.529919264233205,0.8480480961564258
2024-10-03,23.9,42195.91,0.0,27,1009.6,34.1,14.6,10,19.4,0.0,37467.55,59.648438,36.309315,986.0,19.5,0.8879426939719987,19.3,10,3,-0.9984354211555643,0.05591699010060302,0.898794046299167,0.43837114678907746
2024-10-04,19.3,42058.96,0.0,44,1014.2,26.5,14.2,18,18.5,0.0,37195.21,59.648438,36.309315,986.0,12.3,0.8843587668358894,18.0,10,4,-0.9973249731081555,0.07309512989807776,0.9961946980917455,-0.08715574274765824
2024-10-05,18.0,41921.86,0.0,48,1017.0,23.8,12.4,36,19.6,0.0,35130.18,59.648438,36.309315,986.0,11.4,0.8379919211599867,16.6,10,5,-0.9959189961471792,0.0902516100310407,0.8480480961564261,-0.5299192642332048
2024-10-06,16.6,41784.73,0.0,58,1021.7,20.2,13.9,87,15.4,0.0,17284.14,59.648438,36.309315,986.0,6.299999999999999,0.41364728215307356,16.7,10,6,-0.994217906893952,0.10738134666416306,0.7547095802227721,-0.6560590289905072
2024-10-07,16.7,41647.64,0.0,52,1022.8,22.1,10.4,8,11.7,0.0,36799.91,59.648438,36.309315,986.0,11.700000000000001,0.8836013277102858,17.4,10,0,-0.9922222094179324,0.12447926388678869,0.8660254037844387,-0.4999999999999998
2024-10-08,17.4,41510.7,0.0,42,1018.4,25.5,9.7,2,10.5,0.0,36926.84,59.648438,36.309315,986.0,15.8,0.8895740134471353,19.3,10,1,-0.989932495087353,0.141540295217043,0.05233595624294381,-0.9986295347545738
2024-10-09,19.3,41374.01,0.0,33,1015.0,28.3,10.6,11,17.9,0.0,36800.23,59.648438,36.309315,986.0,17.700000000000003,0.8894528231612068,19.0,10,2,-0.9873494423939864,0.15855938510313475,-0.3090169943749477,0.9510565162951535
2024-10-10,19.0,41237.64,0.0,31,1012.7,27.7,10.1,0,10.0,0.0,36799.3,59.648438,36.309315,986.0,17.6,0.8923716294142925,20.1,10,3,-0.9844738167520923,0.17553149042142777,-0.7771459614569708,0.6293203910498375
2024-10-11,20.1,41101.73,0.0,37,1013.7,30.3,12.4,0,22.6,0.0,36797.59,59.648438,36.309315,986.0,17.9,0.8952808069149399,19.0,10,4,-0.9813064702716093,0.19245158197082995,0.20791169081775931,-0.9781476007338057
2024-10-12,19.0,40966.33,0.0,48,1014.7,26.5,12.1,5,15.7,0.0,36558.36,59.648438,36.309315,986.0,14.4,0.8924001735083421,17.0,10,5,-0.9778483415056567,0.20931464596304888,0.3090169943749475,-0.9510565162951535
2024-10-13,17.0,40831.58,0.0,48,1015.7,23.6,10.9,35,19.1,0.1,29040.06,59.648438,36.309315,986.0,12.700000000000001,0.7112156815876339,16.8,10,6,-0.9741004551724206,0.22611568550828803,0.5150380749100544,-0.8571673007021122
2024-10-14,16.8,40697.55,0.0,51,1015.8,25.0,9.1,6,17.4,0.0,36331.83,59.648438,36.309315,986.0,15.9,0.8927276949103815,14.4,10,0,-0.970063921851507,0.2428497220959358,0.15643446504023098,-0.9876883405951377
2024-10-15,14.4,40564.37,0.0,62,1020.1,21.4,9.1,15,17.9,0.0,36312.1,59.648438,36.309315,986.0,12.299999999999999,0.8951722903622069,13.2,10,1,-0.965739937654855,0.25951179706979943,0.6018150231520482,-0.7986355100472929
2024-10-16,13.2,40432.12,0.0,65,1021.5,19.8,7.8,7,18.4,0.0,36016.14,59.648438,36.309315,986.0,12.0,0.8907803993458665,15.9,10,2,-0.9611297838723007,0.27609697309746883,0.49999999999999994,-0.8660254037844387
2024-10-17,15.9,40300.92,0.0,53,1017.5,24.8,7.4,1,17.6,0.0,36050.34,59.648438,36.309315,986.0,17.4,0.8945289586441202,19.8,10,3,-0.9562348265919058,0.2926003356333479,0.13917310096006533,-0.9902680687415704
2024-10-18,19.8,40170.88,0.0,36,1013.2,29.6,10.2,1,10.4,0.0,35872.43,59.648438,36.309315,986.0,19.400000000000002,0.8929958716363695,21.9,10,4,-0.9510565162951536,0.30901699437494723,-0.9063077870366498,0.4226182617406996
2024-10-19,21.9,40041.9,0.0,25,1012.5,32.0,12.8,3,13.4,0.0,35801.66,59.648438,36.309315,986.0,19.2,0.8941049250909673,18.8,10,5,-0.9455963874271428,0.3253420847119795,-0.3420201433256686,0.9396926207859084
2024-10-20,18.8,39912.93,0.0,42,1014.1,27.8,10.8,11,17.4,0.0,35730.59,59.648438,36.309315,986.0,17.0,0.8952134057810338,13.9,10,6,-0.9398560579418953,0.341570769167856,0.45399049973954686,-0.8910065241883678
2024-10-21,13.9,39783.9,0.0,63,1015.7,19.9,9.2,43,19.5,0.1,34132.22,59.648438,36.309315,986.0,10.7,0.8579405236791767,10.9,10,0,-0.9338372288229252,0.35769823883312546,0.4694715627858907,-0.882947592858927
2024-10-22,10.9,39654.9,0.0,71,1020.5,15.2,8.4,88,18.5,2.9,23257.5,59.648438,36.309315,986.0,6.799999999999999,0.5864975072437454,9.4,10,1,-0.9275416835791965,0.3737197147904692,0.5299192642332049,-0.848048096156426
2024-10-23,9.4,39526.05,0.0,77,1025.4,11.9,7.8,99,16.3,0.3,4171.46,59.648438,36.309315,986.0,4.1000000000000005,0.10553698130726444,10.1,10,2,-0.9209712877166347,0.38963044953078774,0.4694715627858907,-0.882947592858927
2024-10-24,10.1,39397.46,0.0,68,1023.4,14.1,7.0,60,14.9,0.8,28078.56,59.648438,36.309315,986.0,7.1,0.7126997527251757,7.2,10,3,-0.9141279881853337,0.4054257283599973,0.40673664307580043,-0.9135454576426008
2024-10-25,7.2,39269.25,0.0,84,1020.1,10.8,3.5,69,24.2,16.7,7841.56,59.648438,36.309315,986.0,7.300000000000001,0.19968703247451888,8.8,10,4,-0.9070138128026362,0.42110087079608916,-0.9396926207859083,0.342020143325669
2024-10-26,8.8,39141.53,0.0,72,1022.3,14.4,2.3,72,11.2,0.0,28832.78,59.648438,36.309315,986.0,12.100000000000001,0.7366288440947505,11.1,10,5,-0.8996308696522434,0.4366512319560638,-0.9816271834476639,0.1908089953765451
2024-10-27,11.1,39014.43,0.0,68,1024.3,15.9,7.2,86,18.5,0.6,22680.74,59.648438,36.309315,986.0,8.7,0.5813423392319201,6.4,10,6,-0.8919813464595487,0.45207220393230374,0.4383711467890773,-0.898794046299167
2024-10-28,6.4,38888.04,0.0,81,1026.9,10.1,2.3,78,13.0,0.4,10818.96,59.648438,36.309315,986.0,7.8,0.27820790145247737,6.5,10,0,-0.8840675099433637,0.46735921715800205,0.37460659341591224,-0.9271838545667873
2024-10-29,6.5,38762.52,0.0,77,1023.9,13.4,1.5,27,12.2,0.0,31315.53,59.648438,36.309315,986.0,11.9,0.8078816857108362,7.9,10,1,-0.8758917051442433,0.48250774176121763,-0.39073112848927355,-0.9205048534524404
2024-10-30,7.9,38637.98,0.0,71,1023.9,15.4,1.6,39,11.1,0.0,31374.99,59.648438,36.309315,986.0,13.8,0.8120245934181859,9.5,10,2,-0.8674563547295971,0.4975132889071803,-0.46947156278589086,-0.8829475928589269
2024-10-31,9.5,38514.54,0.0,63,1022.4,16.4,2.2,75,10.9,0.0,30118.77,59.648438,36.309315,986.0,14.2,0.7820103784181247,13.7,10,3,-0.858763958275803,0.5123714121284235,-0.5150380749100542,-0.8571673007021123
2024-11-01,13.7,38392.32,0.0,50,1021.8,22.5,5.8,56,14.2,0.0,32400.0,59.648438,36.309315,986.0,16.7,0.8439187837567513,13.7,11,4,-0.8498170915275277,0.5270777086423724,-0.754709580222772,-0.6560590289905073
2024-11-02,13.7,38271.48,0.0,50,1021.1,20.4,7.5,37,9.4,0.0,34246.82,59.648438,36.309315,986.0,12.899999999999999,0.8948391857330836,15.7,11,5,-0.8406184056344783,0.5416278206559811,-0.9986295347545738,0.052335956242943946
2024-11-03,15.7,38152.14,0.0,51,1015.1,24.0,8.9,29,11.4,0.0,34235.11,59.648438,36.309315,986.0,15.1,0.8973313161463551,14.8,11,6,-0.8311706263658079,0.5560174366570446,-0.3907311284892739,0.9205048534524403
2024-11-04,14.8,38034.43,0.0,64,1015.3,24.6,8.9,40,27.9,0.3,33536.19,59.648438,36.309315,986.0,15.700000000000001,0.8817324198101563,17.1,11,0,-0.8214765533024145,0.5702422926917867,0.9925461516413221,-0.12186934340514737
2024-11-05,17.1,37918.5,0.0,63,1012.9,27.5,8.7,53,22.3,0.1,33397.84,59.648438,36.309315,986.0,18.8,0.8807795667022692,7.2,11,1,-0.8115390590073611,0.5842981736283683,-0.9998476951563913,0.01745240643728313
2024-11-06,7.2,37804.47,0.0,78,1029.8,11.4,3.5,100,20.5,0.6,0.0,59.648438,36.309315,986.0,7.9,0.0,7.7,11,2,-0.801361088174677,0.5981809144059158,0.4694715627858907,-0.882947592858927
2024-11-07,7.7,37692.51,0.0,75,1030.7,13.1,4.2,64,17.1,0.1,22346.66,59.648438,36.309315,986.0,8.899999999999999,0.5928673893036043,6.5,11,3,-0.7909456567567774,0.6118864012687242,0.5150380749100544,-0.8571673007021122
2024-11-08,6.5,37582.55,0.0,77,1031.2,11.4,3.0,40,13.9,0.0,29660.68,59.648438,36.309315,986.0,8.4,0.7892141432659572,6.0,11,4,-0.780295851070776,0.6254105729852457,0.4383711467890773,-0.898794046299167
2024-11-09,6.0,37473.51,0.0,75,1030.3,11.4,1.5,52,12.6,0.0,32605.57,59.648438,36.309315,986.0,9.9,0.8700965028362702,6.2,11,5,-0.7694148268839381,0.6387494220515268,0.05233595624294381,-0.9986295347545738
2024-11-10,6.2,37365.29,0.0,68,1028.5,13.1,0.9,1,8.6,0.0,33343.57,59.648438,36.309315,986.0,12.2,0.8923674886505631,8.8,11,6,-0.7583058084785625,0.6518989958787125,-0.32556815445715676,-0.9455185755993167
2024-11-11,8.8,37258.03,0.0,65,1023.4,17.3,0.6,15,10.3,0.0,33272.98,59.648438,36.309315,986.0,16.7,0.8930418489651762,10.1,11,0,-0.7469720876965551,0.6648553979642866,-0.9063077870366502,-0.42261826174069916
2024-11-12,10.1,37151.84,0.0,67,1020.8,17.3,4.5,83,16.0,0.0,25095.6,59.648438,36.309315,986.0,12.8,0.6754874051998502,5.0,11,1,-0.7354170229639858,0.6776147890466887,-0.3090169943749473,-0.9510565162951536
2024-11-13,5.0,37046.86,0.0,85,1028.9,7.3,2.4,100,15.4,1.7,0.0,59.648438,36.309315,986.0,4.9,0.0,2.9,11,2,-0.7236440382959124,0.690173388242972,0.6018150231520482,-0.7986355100472929
2024-11-14,2.9,36943.2,0.0,84,1028.4,5.4,0.2,88,8.1,0.0,7422.51,59.648438,36.309315,986.0,5.2,0.20091681283700386,4.9,11,3,-0.711656622281775,0.7025274741691566,0.5735764363510459,-0.8191520442889919
2024-11-15,4.9,36841.0,0.0,66,1022.7,12.6,-0.9,28,7.4,0.0,28383.58,59.648438,36.309315,986.0,13.5,0.7704345701799626,7.5,11,4,-0.6994583270516471,0.7146733860429608,-0.9335804264972017,0.3583679495453004
2024-11-16,7.5,36740.39,0.0,63,1016.7,13.9,0.9,11,8.1,0.0,32569.57,59.648438,36.309315,986.0,13.0,0.8864786138633803,9.8,11,5,-0.6870527672236675,0.7266075247685652,-0.9961946980917455,0.08715574274765789
2024-11-17,9.8,36641.51,0.0,63,1017.7,17.1,4.1,16,9.9,0.0,31947.53,59.648438,36.309315,986.0,13.000000000000002,0.8718944715979225,8.3,11,6,-0.6744436188329457,0.7383263540031063,-0.9455185755993168,-0.32556815445715664
2024-11-18,8.3,36544.49,0.0,74,1018.8,14.9,3.0,14,10.0,0.0,32214.46,59.648438,36.309315,986.0,11.9,0.8815134648205516,8.8,11,0,-0.661634618242279,0.749826401204568,-0.882947592858927,-0.46947156278589075
2024-11-19,8.8,36449.46,0.0,82,1017.4,13.8,4.4,37,10.8,7.2,22227.32,59.648438,36.309315,986.0,9.4,0.609812052085271,10.9,11,1,-0.6486295610349818,0.7611042586607742,-0.9612616959383188,0.2756373558169994
2024-11-20,10.9,36356.58,0.0,79,1020.2,17.5,5.7,71,10.5,4.8,26680.48,59.648438,36.309315,986.0,11.8,0.7338556046800881,9.6,11,2,-0.6354323008901775,0.7721565844991641,-0.913545457642601,-0.4067366430758001
2024-11-21,9.6,36265.97,0.0,85,1022.1,14.6,5.7,68,10.5,0.0,25002.02,59.648438,36.309315,986.0,8.899999999999999,0.68940717703125,10.3,11,3,-0.622046748440868,0.7829801036770624,0.3255681544571566,-0.9455185755993168
2024-11-22,10.3,36177.79,0.0,81,1021.9,17.4,5.8,54,15.9,0.9,25289.82,59.648438,36.309315,986.0,11.599999999999998,0.6990426999548618,9.9,11,4,-0.6084768701151264,0.7935716089521472,-0.8191520442889918,0.573576436351046
2024-11-23,9.9,36092.18,0.0,83,1024.3,14.1,7.7,68,9.8,0.1,18982.05,59.648438,36.309315,986.0,6.3999999999999995,0.5259324873144265,9.0,11,5,-0.594726686960764,0.8039279618328208,0.7313537016191706,-0.6819983600624984
2024-11-24,9.0,36009.29,0.0,70,1017.1,14.8,5.3,26,8.1,0.0,23950.55,59.648438,36.309315,986.0,9.5,0.6651214172787078,9.8,11,6,-0.5808002734538013,0.8140460935082175,-0.9902680687415704,0.13917310096006547
2024-11-25,9.8,35929.25,0.0,50,1017.8,17.1,4.5,13,10.7,0.0,31665.92,59.648438,36.309315,986.0,12.600000000000001,0.8813409687093384,10.9,11,0,-0.5667017562911184,0.8239230057575536,-0.9993908270190958,0.03489949670250128
2024-11-26,10.9,35852.24,0.0,48,1018.3,19.0,3.2,0,9.9,0.0,31605.21,59.648438,36.309315,986.0,15.8,0.8815407349722082,13.2,11,1,-0.5524353131676203,0.8335557718385695,-0.992546151641322,0.12186934340514768
2024-11-27,13.2,35778.39,0.0,50,1012.5,22.1,5.2,65,10.4,0.0,31269.21,59.648438,36.309315,986.0,16.900000000000002,0.8739691752479639,11.5,11,2,-0.5380051715382992,0.8429415373547832,-0.6946583704589976,0.7193398003386509
2024-11-28,11.5,35707.71,0.0,67,1013.8,20.2,5.9,71,14.2,2.0,28814.5,59.648438,36.309315,986.0,14.299999999999999,0.8069545764766209,5.7,11,3,-0.5234156073655503,0.8520775211013093,0.6156614753256584,-0.7880107536067219
2024-11-29,5.7,35639.36,0.0,72,1021.7,10.2,0.2,57,17.5,0.3,16805.55,59.648438,36.309315,986.0,10.0,0.4715446629793576,4.8,11,4,-0.5086709438521042,0.8609610158889945,-0.34202014332566866,-0.9396926207859084
2024-11-30,4.8,35573.27,0.0,66,1026.7,10.6,-0.8,52,15.8,0.0,31094.77,59.648438,36.309315,986.0,11.4,0.8741049107939755,2.5,11,5,-0.49377555015997737,0.8695893893466109,-0.9659258262890683,-0.25881904510252063
2024-12-01,2.5,35509.53,0.0,71,1029.7,4.3,1.2,86,11.4,0.0,7906.34,59.648438,36.309315,986.0,3.0999999999999996,0.2226540311854311,2.0,12,6,-0.4787338401157883,0.8779600847008883,0.7071067811865476,-0.7071067811865475
2024-12-02,2.0,35448.22,0.0,69,1029.2,4.8,-0.6,80,8.7,0.0,24398.86,59.648438,36.309315,986.0,5.3999999999999995,0.68829577338439,0.5,12,0,-0.4635502709028512,0.8860706215341378,0.6560590289905073,-0.754709580222772
2024-12-03,0.5,35389.43,0.0,77,1028.3,6.1,-3.7,30,9.1,0.0,28985.63,59.648438,36.309315,986.0,9.8,0.8190476647970878,2.2,12,1,-0.4482293417404106,0.893918596519257,-0.8910065241883678,-0.4539904997395469
2024-12-04,2.2,35333.24,0.0,71,1026.2,9.0,-3.3,25,10.1,0.0,31142.16,59.648438,36.309315,986.0,12.3,0.8813842149771717,2.7,12,2,-0.4327755925504317,0.9015016841318838,-0.7431448254773944,-0.6691306063588581
2024-12-05,2.7,35279.73,0.0,73,1027.6,10.0,-3.1,27,12.4,0.0,30830.53,59.648438,36.309315,986.0,13.1,0.8738879237454481,2.0,12,3,-0.41719360261231697,0.9088176373395028,-0.7313537016191705,-0.6819983600624986
2024-12-06,2.0,35229.0,0.0,83,1031.4,6.9,-1.5,66,13.0,0.0,25677.37,59.648438,36.309315,986.0,8.4,0.7288702489426324,2.1,12,4,-0.4014879892059737,0.9158642882672868,0.3090169943749475,-0.9510565162951535
2024-12-07,2.1,35181.12,0.0,79,1033.8,7.2,-1.0,73,14.8,0.3,25297.73,59.648438,36.309315,986.0,8.2,0.7190711950045933,-1.1,12,5,-0.38566340624360745,0.9226395488404875,0.5150380749100544,-0.8571673007021122
2024-12-08,-1.1,35136.18,0.0,82,1037.4,1.9,-4.6,91,11.2,0.0,6933.46,59.648438,36.309315,986.0,6.5,0.19733107013909879,-0.8,12,6,-0.3697245428906732,0.9291414114031743,0.6018150231520482,-0.7986355100472929
2024-12-09,-0.8,35094.27,0.0,73,1029.0,3.7,-5.2,91,10.7,0.0,10800.0,59.648438,36.309315,986.0,8.9,0.30774254600537354,0.8,12,0,-0.3536761221763721,0.935367949313148,-0.5000000000000001,-0.8660254037844386
2024-12-10,0.8,35055.46,0.0,74,1032.6,5.0,-3.3,92,14.1,0.0,18000.0,59.648438,36.309315,986.0,8.3,0.5134720810966394,1.3,12,1,-0.33752289959411347,0.941317317512847,0.6691306063588583,-0.7431448254773941
2024-12-11,1.3,35019.84,0.0,59,1030.1,7.1,-3.4,4,7.9,0.0,30348.52,59.648438,36.309315,986.0,10.5,0.8666093277410749,4.6,12,2,-0.32126966169236515,0.9469877530760751,-0.9063077870366498,0.4226182617406996
2024-12-12,4.6,34987.5,0.0,37,1018.2,10.8,-2.3,26,15.1,0.0,30489.19,59.648438,36.309315,986.0,13.100000000000001,0.8714309396212933,7.1,12,3,-0.3049212246562894,0.9523775757303973,-0.9396926207859083,0.342020143325669
2024-12-13,7.1,34958.51,0.0,45,1012.8,16.2,1.1,50,8.6,0.1,28639.04,59.648438,36.309315,986.0,15.1,0.8192294236796706,5.6,12,4,-0.2884824328806098,0.9574851883550389,-0.8090169943749473,-0.5877852522924732
2024-12-14,5.6,34932.96,5.11,54,1015.0,13.2,-2.0,93,24.1,7.9,19471.31,59.648438,36.309315,986.0,15.2,0.5573907850923598,-7.3,12,5,-0.27195815753410524,0.9623090774541487,-0.544639035015027,0.838670567945424
2024-12-15,-7.3,34910.91,4.27,90,1041.2,-2.7,-13.4,91,15.6,6.1,2863.31,59.648438,36.309315,986.0,10.7,0.08201762715437666,-8.7,12,6,-0.2553532951161881,0.9668478136052773,0.45399049973954686,-0.8910065241883678
2024-12-16,-8.7,34892.46,0.0,69,1032.5,-4.4,-13.7,42,11.1,0.0,27041.4,59.648438,36.309315,986.0,9.299999999999999,0.7749926488416122,-3.2,12,0,-0.23867276600594997,0.9711000518829505,-1.0,-1.8369701987210297e-16
2024-12-17,-3.2,34877.68,0.0,68,1023.1,0.2,-7.2,70,15.8,0.0,19916.48,59.648438,36.309315,986.0,7.4,0.5710379818841161,-4.3,12,1,-0.22192151300416674,0.9750645322571945,-0.9876883405951378,0.15643446504023067
2024-12-18,-4.3,34866.6,0.0,71,1020.8,-1.6,-7.9,0,9.3,0.0,30120.91,59.648438,36.309315,986.0,6.300000000000001,0.8638900839198546,-4.4,12,2,-0.20510449986861926,0.9787400799669153,-0.9781476007338056,0.20791169081775943
2024-12-19,-4.4,34859.07,0.0,72,1022.6,0.0,-7.6,9,12.1,0.0,30116.35,59.648438,36.309315,986.0,7.6,0.8639458826641101,-3.1,12,3,-0.1882267098432439,0.9821256058680006,-0.9876883405951378,0.15643446504023067
2024-12-20,-3.1,34855.03,0.0,78,1026.9,1.6,-7.1,39,11.3,0.0,29790.71,59.648438,36.309315,986.0,8.7,0.8547033240252555,-0.9,12,4,-0.1712931441814778,0.9852201067560606,-0.9993908270190958,-0.03489949670250076
2024-12-21,-0.9,34854.44,0.0,82,1023.8,2.7,-7.0,91,11.1,0.0,24491.5,59.648438,36.309315,986.0,9.7,0.7026794864585401,-0.7,12,5,-0.154308820664281,0.9880226656636976,-0.017452406437283637,-0.9998476951563913
2024-12-22,-0.7,34857.29,0.0,87,1024.4,3.7,-3.7,32,9.5,0.0,24177.34,59.648438,36.309315,986.0,7.4,0.6936092851739192,2.0,12,6,-0.13727877211326517,0.9905324521322227,-0.9063077870366498,0.4226182617406996
2024-12-23,2.0,34863.54,0.0,57,1021.6,10.6,-4.0,0,9.3,0.0,30106.38,59.648438,36.309315,986.0,14.6,0.8635491404487324,1.9,12,0,-0.12020804489935275,0.9927487224577402,-0.9271838545667874,0.37460659341591196
2024-12-24,1.9,34873.15,0.0,50,1021.9,8.9,-3.3,59,7.6,0.0,29389.23,59.648438,36.309315,986.0,12.2,0.8427466403235727,3.3,12,1,-0.10310169744743544,0.9946708199115211,-0.9659258262890684,0.2588190451025203
2024-12-25,3.3,34886.11,0.0,54,1023.4,10.6,-0.9,49,13.9,0.0,29417.26,59.648438,36.309315,986.0,11.5,0.8432370361728493,2.9,12,2,-0.0859647987374467,0.9962981749346077,-0.9563047559630354,0.2923717047227367
2024-12-26,2.9,34902.35,0.0,63,1029.0,10.1,-1.7,2,11.8,0.0,30128.33,59.648438,36.309315,986.0,11.799999999999999,0.8632178062508686,2.3,12,3,-0.06880242680232064,0.9976303053065857,-0.945518575599317,0.3255681544571563
2024-12-27,2.3,34921.86,0.0,65,1027.1,9.5,-3.0,13,10.5,0.0,30248.56,59.648438,36.309315,986.0,12.5,0.8661783765240454,3.8,12,4,-0.05161966722325418,0.9986668162884759,-0.9902680687415704,0.13917310096006547
2024-12-28,3.8,34944.6,0.0,52,1018.7,10.3,-1.5,20,9.9,0.5,29275.11,59.648438,36.309315,986.0,11.8,0.8377577651482633,4.2,12,5,-0.034421611622745804,0.9994074007397048,-0.9961946980917455,0.08715574274765789
2024-12-29,4.2,34970.52,0.0,64,1019.2,11.9,-0.6,8,8.5,0.0,30004.42,59.648438,36.309315,986.0,12.5,0.8579918171076667,4.5,12,6,-0.01721335615583528,0.9998518392091162,-0.7880107536067218,0.6156614753256585
2024-12-30,4.5,34999.59,0.0,79,1024.3,9.9,-0.9,59,14.2,0.0,30084.75,59.648438,36.309315,986.0,10.8,0.8595743550138731,3.9,12,0,6.432490598706546e-16,1.0,-0.13917310096006552,-0.9902680687415703
2024-12-31,3.9,35031.75,0.0,89,1025.8,5.8,2.3,100,7.0,2.9,0.0,59.648438,36.309315,986.0,3.5,0.0,2.8,12,1,0.017213356155833904,0.9998518392091162,-0.052335956242943564,-0.9986295347545738
2025-01-01,2.8,35066.98,0.0,85,1028.7,5.3,0.3,97,10.4,0.5,3867.09,59.648438,36.309315,986.0,5.0,0.11027724657213138,1.1,1,2,0.017213356155834685,0.9998518392091162,0.7313537016191706,-0.6819983600624984
2025-01-02,1.1,35105.23,0.21,83,1032.0,4.6,-0.9,92,9.6,0.6,7355.34,59.648438,36.309315,986.0,5.5,0.20952262668553942,1.2,1,3,0.03442161162274574,0.9994074007397048,0.17364817766693028,-0.984807753012208
2025-01-03,1.2,35146.45,0.0,84,1027.6,4.9,-1.1,100,11.5,0.0,15891.74,59.648438,36.309315,986.0,6.0,0.4521577570423187,0.8,1,4,0.051619667223253764,0.998666816288476,0.8746197071393959,-0.484809620246337
2025-01-04,0.8,35190.6,0.0,77,1021.5,6.7,-2.3,43,8.0,0.0,25504.09,59.648438,36.309315,986.0,9.0,0.7247415503003644,2.5,1,5,0.06880242680231986,0.9976303053065857,-0.9925461516413221,-0.12186934340514717
2025-01-05,2.5,35237.63,0.0,54,1022.9,9.1,-1.9,1,6.8,0.0,31089.14,59.648438,36.309315,986.0,11.0,0.8822710267404477,3.2,1,6,0.08596479873744647,0.9962981749346078,-0.9659258262890684,0.2588190451025203
2025-01-06,3.2,35287.5,0.0,46,1024.5,7.9,-2.2,53,14.2,0.0,30774.38,59.648438,36.309315,986.0,10.100000000000001,0.872104286220333,2.4,1,0,0.10310169744743485,0.9946708199115211,-0.9945218953682734,0.10452846326765299
2025-01-07,2.4,35340.27,0.0,81,1034.9,6.2,0.4,99,11.8,0.0,15316.39,59.648438,36.309315,986.0,5.8,0.4333976508951403,0.9,1,1,0.1202080448993527,0.9927487224577402,0.3420201433256689,-0.9396926207859083
2025-01-08,0.9,35396.53,0.0,83,1036.8,4.2,-2.5,88,10.3,0.0,10862.62,59.648438,36.309315,986.0,6.7,0.3068837538594885,1.0,1,2,0.13727877211326478,0.9905324521322229,0.5735764363510459,-0.8191520442889919
2025-01-09,1.0,35456.28,0.0,79,1030.7,8.9,-3.3,86,12.3,0.0,28413.09,59.648438,36.309315,986.0,12.2,0.8013556413701607,1.2,1,3,0.15430882066428117,0.9880226656636976,0.838670567945424,-0.5446390350150271
2025-01-10,1.2,35519.37,0.0,66,1028.6,9.1,-4.2,34,7.1,0.0,30996.74,59.648438,36.309315,986.0,13.3,0.8726714465937881,1.6,1,4,0.1712931441814776,0.9852201067560606,-0.9902680687415703,-0.13917310096006583
2025-01-11,1.6,35585.68,0.0,39,1023.7,10.1,-4.7,0,9.0,0.0,31520.71,59.648438,36.309315,986.0,14.8,0.8857695005406669,5.3,1,5,0.1882267098432442,0.9821256058680006,-0.9659258262890684,0.2588190451025203
2025-01-12,5.3,35655.06,0.0,39,1019.7,13.9,-2.0,0,11.7,0.0,31583.42,59.648438,36.309315,986.0,15.9,0.8858047076628114,5.1,1,6,0.2051044998686192,0.9787400799669153,-0.9945218953682734,0.10452846326765299
2025-01-13,5.1,35727.4,0.0,53,1022.4,10.9,-0.6,91,11.5,0.0,23185.73,59.648438,36.309315,986.0,11.5,0.6489621411017874,4.1,1,0,0.2219215130041655,0.9750645322571948,-0.8090169943749476,0.5877852522924729
2025-01-14,4.1,35802.54,0.0,68,1025.0,9.9,-0.4,83,9.0,0.0,23307.14,59.648438,36.309315,986.0,10.3,0.650991242520782,4.9,1,1,0.2386727660059501,0.9711000518829505,-0.992546151641322,0.12186934340514768
2025-01-15,4.9,35880.38,0.0,62,1024.0,11.4,-1.0,54,9.4,0.0,30311.17,59.648438,36.309315,986.0,12.4,0.8447839738598086,4.1,1,2,0.255353295116187,0.9668478136052775,-0.8746197071393956,0.4848096202463373
2025-01-16,4.1,35960.76,0.0,72,1021.1,10.8,-0.6,42,11.5,0.0,31550.26,59.648438,36.309315,986.0,11.4,0.8773524252546385,1.1,1,3,0.2719581575341055,0.9623090774541486,0.9781476007338056,0.20791169081775945
2025-01-17,1.1,36043.57,0.77,94,1023.6,3.0,-1.3,91,9.7,3.1,0.0,59.648438,36.309315,986.0,4.3,0.0,1.3,1,4,0.288482432880609,0.9574851883550393,0.6560590289905073,-0.754709580222772
2025-01-18,1.3,36128.67,0.0,74,1022.0,6.3,-3.0,36,8.5,0.0,20807.63,59.648438,36.309315,986.0,9.3,0.5759312479534952,1.7,1,5,0.30492122465628907,0.9523775757303974,-0.9063077870366502,-0.42261826174069916
2025-01-19,1.7,36215.94,0.0,63,1016.7,8.7,-3.4,70,8.7,0.0,30833.24,59.648438,36.309315,986.0,12.1,0.8513720753900078,4.5,1,6,0.3212696616923644,0.9469877530760753,-0.3090169943749477,0.9510565162951535
2025-01-20,4.5,36305.26,0.0,60,1016.9,11.2,-1.5,55,12.8,0.0,32015.67,59.648438,36.309315,986.0,12.7,0.8818465974351924,2.0,1,0,0.3375228995941133,0.9413173175128471,-0.7313537016191703,0.6819983600624986
2025-01-21,2.0,36396.5,0.14,77,1025.6,4.1,-0.8,79,16.2,1.8,727.98,59.648438,36.309315,986.0,4.8999999999999995,0.020001373758465786,1.0,1,1,0.3536761221763716,0.9353679493131483,-0.5591929034707466,0.8290375725550418
2025-01-22,1.0,36489.54,0.0,66,1034.2,6.7,-3.1,21,11.1,0.0,32257.81,59.648438,36.309315,986.0,9.8,0.8840289573395554,0.5,1,2,0.3697245428906731,0.9291414114031743,-0.5591929034707466,0.8290375725550418
2025-01-23,0.5,36584.25,0.0,83,1036.3,4.9,-2.3,70,10.7,0.0,18801.76,59.648438,36.309315,986.0,7.2,0.5139304482120037,1.6,1,3,0.38566340624360707,0.9226395488404876,0.15643446504023098,-0.9876883405951377
2025-01-24,1.6,36680.52,0.0,56,1026.1,9.3,-4.0,57,9.9,0.0,26931.88,59.648438,36.309315,986.0,13.3,0.7342284133376518,4.4,1,4,0.401487989205973,0.9158642882672872,-0.9961946980917455,0.08715574274765789
2025-01-25,4.4,36778.24,0.0,48,1022.0,13.2,-1.5,49,9.4,0.0,32913.52,59.648438,36.309315,986.0,14.7,0.8949182995162357,3.0,1,5,0.4171936026123168,0.9088176373395029,-0.8191520442889916,-0.5735764363510464
2025-01-26,3.0,36877.29,0.0,75,1027.8,9.8,-2.5,3,12.7,0.0,32872.94,59.648438,36.309315,986.0,12.3,0.8914142009892809,1.4,1,6,0.4327755925504312,0.901501684131884,0.24192189559966773,-0.9702957262759965
2025-01-27,1.4,36977.74,0.0,79,1027.8,5.9,-3.5,96,12.1,0.0,12876.65,59.648438,36.309315,986.0,9.4,0.3482270685012118,0.8,1,0,0.4482293417404106,0.893918596519257,0.3255681544571566,-0.9455185755993168
2025-01-28,0.8,37080.65,1.19,80,1027.0,3.2,-0.9,99,12.3,1.7,8976.54,59.648438,36.309315,986.0,4.1000000000000005,0.24208151690976293,1.7,1,1,0.4635502709028509,0.886070621534138,0.5735764363510459,-0.8191520442889919
2025-01-29,1.7,37186.05,0.0,72,1031.2,6.9,-0.9,48,14.2,0.0,32240.77,59.648438,36.309315,986.0,7.800000000000001,0.8670124952771268,1.4,1,2,0.47873384011578846,0.8779600847008882,0.838670567945424,-0.5446390350150271
2025-01-30,1.4,37293.79,0.0,69,1032.2,6.3,-2.4,61,12.9,0.0,32424.47,59.648438,36.309315,986.0,8.7,0.8694334901333439,1.0,1,3,0.49377555015997715,0.869589389346611,0.6293203910498374,-0.7771459614569709
2025-01-31,1.0,37403.7,0.0,71,1032.0,7.1,-3.2,17,12.4,0.0,32732.73,59.648438,36.309315,986.0,10.3,0.8751201084384701,1.4,1,4,0.5086709438521044,0.8609610158889943,0.8191520442889917,-0.5735764363510462
2025-02-01,1.4,37515.64,0.0,68,1027.9,9.1,-4.4,18,13.2,0.0,33004.54,59.648438,36.309315,986.0,13.5,0.8797541505356167,1.4,2,5,0.5234156073655503,0.8520775211013093,0.3090169943749475,-0.9510565162951535
2025-02-02,1.4,37629.48,0.0,70,1025.4,7.9,-4.0,47,12.4,0.0,33517.49,59.648438,36.309315,986.0,11.9,0.8907242406751301,1.2,2,6,0.5380051715382996,0.8429415373547828,0.2923717047227366,-0.9563047559630355
2025-02-03,1.2,37745.04,0.0,73,1022.9,7.4,-3.2,36,13.4,0.0,32738.24,59.648438,36.309315,986.0,10.600000000000001,0.8673521077206435,2.2,2,0,0.5524353131676196,0.8335557718385699,-0.1045284632676535,-0.9945218953682733
2025-02-04,2.2,37862.21,0.0,59,1020.6,9.4,-4.2,5,9.2,0.0,34059.49,59.648438,36.309315,986.0,13.600000000000001,0.899564235685133,4.2,2,1,0.5667017562911176,0.8239230057575542,-0.9396926207859083,0.342020143325669
2025-02-05,4.2,37980.82,0.0,44,1020.1,12.2,-2.5,25,8.0,0.0,34206.73,59.648438,36.309315,986.0,14.7,0.9006316872568839,5.2,2,2,0.5808002734538009,0.8140460935082178,-0.9135454576426011,0.40673664307579976
2025-02-06,5.2,38100.75,0.0,61,1015.0,12.3,-2.5,76,9.9,0.3,33809.04,59.648438,36.309315,986.0,14.8,0.8873589102576721,6.8,2,3,0.5947266869607634,0.8039279618328213,-0.8746197071393959,-0.48480962024633684
2025-02-07,6.8,38221.86,0.28,66,1013.4,15.6,1.4,57,17.5,2.3,34232.54,59.648438,36.309315,986.0,14.2,0.89562726670026,2.0,2,4,0.6084768701151261,0.7935716089521474,-0.06975647374412527,-0.9975640502598242
2025-02-08,2.0,38344.03,1.61,82,1023.2,5.2,-0.4,97,16.6,3.8,655.79,59.648438,36.309315,986.0,5.6000000000000005,0.017102792794601925,-2.3,2,5,0.6220467484408675,0.7829801036770629,-0.981627183447664,-0.1908089953765446
2025-02-09,-2.3,38467.1,6.44,92,1024.6,-0.4,-4.3,100,11.3,9.8,0.0,59.648438,36.309315,986.0,3.9,0.0,-5.7,2,6,0.6354323008901774,0.7721565844991642,0.5299192642332049,-0.848048096156426
2025-02-10,-5.7,38590.96,0.28,86,1029.0,-2.0,-10.4,75,10.6,0.4,28006.98,59.648438,36.309315,986.0,8.4,0.7257393959621632,-7.0,2,0,0.6486295610349814,0.7611042586607747,-0.9063077870366502,-0.42261826174069916
2025-02-11,-7.0,38715.49,0.0,80,1030.5,-1.2,-11.6,25,10.1,0.0,32400.0,59.648438,36.309315,986.0,10.4,0.8368743363444451,-5.2,2,1,0.6616346182422783,0.7498264012045686,-0.9925461516413221,-0.12186934340514717
2025-02-12,-5.2,38840.55,0.0,77,1029.6,1.0,-9.8,22,9.3,0.0,34898.39,59.648438,36.309315,986.0,10.8,0.8985040119153822,-2.0,2,2,0.6744436188329455,0.7383263540031065,-0.9902680687415703,-0.13917310096006583
2025-02-13,-2.0,38966.04,0.07,74,1025.6,2.7,-6.3,84,8.9,0.1,28768.02,59.648438,36.309315,986.0,9.0,0.738284413812643,0.1,2,3,0.6870527672236669,0.7266075247685656,-0.9205048534524403,-0.3907311284892738
2025-02-14,0.1,39091.81,0.0,77,1021.2,6.4,-4.9,19,10.6,0.0,34746.62,59.648438,36.309315,986.0,11.3,0.8888465384437304,1.8,2,4,0.699458327051647,0.7146733860429609,-0.9902680687415704,0.13917310096006547
2025-02-15,1.8,39217.77,0.0,82,1020.6,7.1,-3.4,63,18.5,0.5,30228.91,59.648438,36.309315,986.0,10.5,0.7707962487413232,3.3,2,5,0.7116566222817746,0.7025274741691571,-0.9876883405951378,0.15643446504023067
2025-02-16,3.3,39343.99,0.0,80,1023.4,9.4,-1.0,62,11.3,0.1,31460.32,59.648438,36.309315,986.0,10.4,0.7996220007172633,4.0,2,6,0.7236440382959124,0.6901733882429719,-0.6293203910498376,-0.7771459614569708
2025-02-17,4.0,39471.61,0.0,80,1018.7,9.6,-1.8,92,21.1,4.1,25898.38,59.648438,36.309315,986.0,11.4,0.6561267706080396,4.8,2,0,0.7354170229639855,0.6776147890466889,-0.945518575599317,0.3255681544571563
2025-02-18,4.8,39600.69,1.47,76,1021.3,9.1,1.9,77,20.9,2.9,21600.0,59.648438,36.309315,986.0,7.199999999999999,0.5454450414879134,5.2,2,1,0.7469720876965552,0.6648553979642865,-0.9986295347545738,-0.052335956242944306
2025-02-19,5.2,39731.11,0.0,74,1021.6,11.2,-0.3,28,9.7,0.0,34125.11,59.648438,36.309315,986.0,11.5,0.8589015006124924,6.2,2,2,0.7583058084785624,0.6518989958787126,-0.9993908270190958,-0.03489949670250076
2025-02-20,6.2,39862.76,0.0,63,1016.5,13.6,-1.4,70,8.5,0.0,32947.43,59.648438,36.309315,986.0,15.0,0.826521545422344,8.0,2,3,0.7694148268839378,0.6387494220515272,-0.9205048534524405,0.3907311284892735
2025-02-21,8.0,39995.51,0.0,65,1013.4,16.4,1.5,15,9.5,0.0,35678.65,59.648438,36.309315,986.0,14.899999999999999,0.8920663844516546,5.8,2,4,0.7802958510707755,0.6254105729852463,-0.3907311284892739,0.9205048534524403
2025-02-22,5.8,40129.24,0.0,82,1018.4,11.9,0.4,79,20.8,0.2,31987.78,59.648438,36.309315,986.0,11.5,0.7971190084835895,3.8,2,5,0.7909456567567772,0.6118864012687243,0.5446390350150273,-0.8386705679454239
2025-02-23,3.8,40263.83,0.0,88,1014.9,13.4,-1.2,84,19.7,0.4,22861.12,59.648438,36.309315,986.0,14.6,0.5677830449810661,1.0,2,6,0.8013610881746766,0.5981809144059165,0.6691306063588583,-0.7431448254773941
2025-02-24,1.0,40399.17,0.42,91,1015.8,9.1,-2.3,92,19.9,1.0,21127.18,59.648438,36.309315,986.0,11.399999999999999,0.5229607439954831,-2.5,2,0,0.8115390590073611,0.5842981736283684,0.5150380749100544,-0.8571673007021122
2025-02-25,-2.5,40535.16,5.11,89,1021.6,-0.7,-6.8,97,17.4,7.5,0.0,59.648438,36.309315,986.0,6.1,0.0,-4.7,2,1,0.8214765533024142,0.5702422926917871,0.5877852522924732,-0.8090169943749473
2025-02-26,-4.7,40671.66,0.0,67,1024.0,-0.2,-7.4,41,11.4,0.0,32961.12,59.648438,36.309315,986.0,7.2,0.8104198353349727,-2.2,2,2,0.8311706263658079,0.5560174366570446,-0.9816271834476639,0.1908089953765451
2025-02-27,-2.2,40808.59,0.0,67,1020.9,3.7,-9.1,17,14.4,0.0,36678.86,59.648438,36.309315,986.0,12.8,0.8988024335072592,0.8,2,3,0.8406184056344782,0.5416278206559814,-0.9848077530122081,0.17364817766692997
2025-02-28,0.8,40945.82,0.0,68,1022.3,6.0,-3.4,48,12.3,0.0,36437.15,59.648438,36.309315,986.0,9.4,0.8898869286291007,1.2,2,4,0.8498170915275278,0.5270777086423722,-0.9063077870366502,-0.42261826174069916
2025-03-01,1.2,41083.25,0.0,73,1021.0,9.1,-5.1,60,14.6,0.1,36644.12,59.648438,36.309315,986.0,14.2,0.8919479349856694,-4.3,3,5,0.8587639582758029,0.5123714121284237,0.258819045102521,-0.9659258262890682
2025-03-02,-4.3,41220.77,3.01,87,1026.7,-1.8,-8.4,85,14.8,4.4,0.0,59.648438,36.309315,986.0,6.6000000000000005,0.0,-4.1,3,6,0.8674563547295969,0.49751328890718066,0.4694715627858907,-0.882947592858927
2025-03-03,-4.1,41358.29,0.0,61,1029.7,2.3,-8.9,6,8.9,0.0,37185.7,59.648438,36.309315,986.0,11.2,0.8991111576421558,1.2,3,0,0.8758917051442429,0.48250774176121847,-0.8480480961564261,0.5299192642332047
2025-03-04,1.2,41495.7,0.0,46,1025.6,8.8,-7.2,66,10.0,0.0,36931.77,59.648438,36.309315,986.0,16.0,0.8900143870328733,4.4,3,1,0.8840675099433636,0.4673592171580022,-0.9945218953682734,0.10452846326765299
2025-03-05,4.4,41632.88,0.0,60,1023.3,10.8,-1.5,80,8.9,0.0,22598.48,59.648438,36.309315,986.0,12.3,0.5428036686388259,7.2,3,2,0.8919813464595485,0.45207220393230435,-0.7313537016191705,-0.6819983600624986
2025-03-06,7.2,41769.75,0.0,62,1020.8,15.1,-0.3,70,12.6,0.0,36131.41,59.648438,36.309315,986.0,15.4,0.8650137958690202,9.0,3,3,0.8996308696522433,0.43665123195606403,-0.9816271834476639,0.1908089953765451
2025-03-07,9.0,41906.2,0.0,58,1023.7,17.5,2.0,48,13.2,0.0,36930.62,59.648438,36.309315,986.0,15.5,0.8812686428261213,10.3,3,4,0.9070138128026359,0.4211008707960896,-0.8746197071393956,0.4848096202463373
2025-03-08,10.3,42042.32,0.0,59,1017.9,17.3,2.0,91,13.3,0.5,29627.28,59.648438,36.309315,986.0,15.3,0.7047013580601641,8.1,3,5,0.9141279881853337,0.40542572835999735,-0.0348994967025009,-0.9993908270190958
2025-03-09,8.1,42179.13,0.0,84,1019.7,11.1,5.9,100,12.7,6.7,3749.97,59.648438,36.309315,986.0,5.199999999999999,0.08890581669180943,8.7,3,6,0.9209712877166346,0.38963044953078796,0.39073112848927377,-0.9205048534524404
2025-03-10,8.7,42316.75,0.0,85,1021.5,13.0,5.6,96,13.3,0.7,16042.42,59.648438,36.309315,986.0,7.4,0.3791033101549623,10.0,3,0,0.9275416835791966,0.37371971479046906,0.24192189559966773,-0.9702957262759965
2025-03-11,10.0,42455.06,0.0,85,1021.5,14.2,7.9,99,13.8,0.8,6710.09,59.648438,36.309315,986.0,6.299999999999999,0.15805159620549353,10.2,3,1,0.9338372288229252,0.35769823883312546,0.39073112848927377,-0.9205048534524404
2025-03-12,10.2,42593.99,0.0,76,1022.0,14.5,4.9,73,11.0,0.0,22908.89,59.648438,36.309315,986.0,9.6,0.5378432497166854,9.3,3,2,0.9398560579418954,0.3415707691678556,0.7071067811865476,-0.7071067811865475
2025-03-13,9.3,42733.43,0.0,69,1022.8,16.2,3.3,31,13.3,0.0,34325.5,59.648438,36.309315,986.0,12.899999999999999,0.8032470129357742,9.8,3,3,0.9455963874271426,0.3253420847119801,0.3255681544571566,-0.9455185755993168
2025-03-14,9.8,42873.3,0.0,54,1023.6,18.4,2.3,0,10.7,0.0,38369.82,59.648438,36.309315,986.0,16.099999999999998,0.8949584006829424,11.7,3,4,0.9510565162951535,0.30901699437494745,-0.0348994967025009,-0.9993908270190958
2025-03-15,11.7,43013.49,0.0,36,1022.5,21.3,2.0,0,12.8,0.0,38553.5,59.648438,36.309315,986.0,19.3,0.8963118314742654,13.4,3,5,0.9562348265919056,0.29260033563334836,-0.19080899537654472,-0.981627183447664
2025-03-16,13.4,43153.93,0.0,34,1021.1,22.5,4.8,8,14.0,0.0,38653.13,59.648438,36.309315,986.0,17.7,0.8957035894529188,14.6,3,6,0.9611297838723007,0.27609697309746883,-0.4226182617406993,-0.90630778703665
2025-03-17,14.6,43294.52,0.0,31,1015.6,24.1,4.4,0,11.3,0.0,38954.41,59.648438,36.309315,986.0,19.700000000000003,0.8997538256573813,15.4,3,0,0.9657399376548549,0.2595117970697999,-0.8386705679454243,0.5446390350150266
2025-03-18,15.4,43435.17,0.0,30,1011.9,24.9,6.5,0,8.9,0.0,39110.27,59.648438,36.309315,986.0,18.4,0.9004286157968301,17.0,3,1,0.9700639218515071,0.2428497220959356,-0.6427876096865396,0.7660444431189778
2025-03-19,17.0,43575.79,0.0,25,1012.5,27.1,7.8,2,11.8,0.0,38832.56,59.648438,36.309315,986.0,19.3,0.8911498793251941,18.8,3,2,0.9741004551724205,0.22611568550828828,-0.7547095802227722,0.656059028990507
2025-03-20,18.8,43716.28,0.0,26,1015.0,29.1,9.6,50,11.1,0.0,38677.38,59.648438,36.309315,986.0,19.5,0.884736304186907,16.2,3,3,0.9778483415056568,0.20931464596304847,-0.29237170472273716,0.9563047559630353
2025-03-21,16.2,43856.57,0.0,51,1017.7,23.5,10.6,74,15.7,0.1,30983.55,59.648438,36.309315,986.0,12.9,0.7064745373384193,17.9,3,4,0.9813064702716093,0.19245158197082998,0.5299192642332049,-0.848048096156426
2025-03-22,17.9,43996.54,0.0,54,1013.3,27.0,9.1,49,10.0,0.0,39421.71,59.648438,36.309315,986.0,17.9,0.8960184141752965,13.9,3,5,0.9844738167520922,0.1755314904214282,-0.017452406437283637,-0.9998476951563913
2025-03-23,13.9,44136.13,0.0,74,1015.9,21.1,8.6,88,18.7,15.7,25482.29,59.648438,36.309315,986.0,12.500000000000002,0.5773566916718798,4.6,3,6,0.9873494423939864,0.15855938510313475,0.9510565162951536,-0.30901699437494734
2025-03-24,4.6,44275.23,0.0,94,1024.8,8.2,2.2,100,15.4,14.6,0.0,59.648438,36.309315,986.0,5.999999999999999,0.0,3.5,3,0,0.989932495087353,0.141540295217043,0.4694715627858907,-0.882947592858927
2025-03-25,3.5,44413.75,0.07,84,1024.8,6.4,1.7,96,10.8,3.6,8635.59,59.648438,36.309315,986.0,4.7,0.19443505671104105,3.1,3,1,0.9922222094179323,0.12447926388678915,0.6018150231520482,-0.7986355100472929
2025-03-26,3.1,44551.61,1.19,84,1022.9,7.0,1.1,93,12.2,5.3,18356.71,59.648438,36.309315,986.0,5.9,0.41203247200269527,4.5,3,2,0.994217906893952,0.10738134666416309,-0.5735764363510465,0.8191520442889916
2025-03-27,4.5,44688.69,0.07,69,1021.6,10.4,-1.2,17,9.6,0.2,40021.9,59.648438,36.309315,986.0,11.6,0.8955711165397777,8.0,3,3,0.995918996147179,0.09025161003104117,-0.8290375725550416,0.559192903470747
2025-03-28,8.0,44825.09,0.0,61,1019.4,15.4,-0.2,13,11.6,0.0,40495.68,59.648438,36.309315,986.0,15.6,0.9034154755740592,11.7,3,4,0.9973249731081555,0.07309512989807777,-0.9848077530122081,0.17364817766692997
2025-03-29,11.7,44961.76,0.0,66,1017.6,19.8,3.0,6,11.4,0.0,40690.55,59.648438,36.309315,986.0,16.8,0.9050034963044151,13.8,3,5,0.9984354211555643,0.055916990100603484,-0.7880107536067221,-0.6156614753256581
2025-03-30,13.8,45098.79,0.0,71,1018.5,21.9,5.3,3,11.3,0.0,41185.33,59.648438,36.309315,986.0,16.599999999999998,0.9132247228805918,16.7,3,6,0.9992500112396835,0.03872228089217446,-0.13917310096006552,-0.9902680687415703
2025-03-31,16.7,45236.11,0.0,56,1015.1,25.5,8.8,23,10.3,0.0,41391.09,59.648438,36.309315,986.0,16.7,0.915001090942612,17.5,3,0,0.9997685019798909,0.021516097436222254,-0.9563047559630354,0.2923717047227367
2025-04-01,17.5,45373.61,0.0,50,1016.1,26.1,9.9,60,14.4,2.1,33479.93,59.648438,36.309315,986.0,16.200000000000003,0.7378723006611112,16.2,4,1,0.9999907397361901,0.004303538296244289,-0.8290375725550416,0.559192903470747
2025-04-02,16.2,45511.23,0.0,59,1016.7,23.5,9.4,38,12.2,0.0,38863.36,59.648438,36.309315,986.0,14.1,0.8539290192772201,18.8,4,2,0.9999166586547379,-0.01291029607500882,0.9135454576426009,-0.40673664307580026
2025-04-03,18.8,45648.85,0.0,58,1010.0,29.3,8.3,80,15.8,0.0,37316.98,59.648438,36.309315,986.0,21.0,0.8174790821674589,19.4,4,3,0.9995462806873573,-0.030120304846908114,-0.8746197071393956,0.4848096202463373
2025-04-04,19.4,45786.41,0.0,53,1013.5,27.8,13.1,88,11.5,0.0,38272.03,59.648438,36.309315,986.0,14.700000000000001,0.8358818697513082,18.5,4,4,0.9988797155850336,-0.04732138832243185,0.9205048534524403,-0.3907311284892738
2025-04-05,18.5,45923.82,0.0,57,1014.2,25.2,11.6,48,11.1,0.0,41872.19,59.648438,36.309315,986.0,13.6,0.9117749786494243,21.3,4,5,0.9979171608653922,-0.06450844944931623,0.777145961456971,-0.6293203910498373
2025-04-06,21.3,46060.99,0.0,45,1012.7,30.1,13.2,87,10.9,0.0,40987.96,59.648438,36.309315,986.0,16.900000000000002,0.8898627667360167,18.9,4,6,0.9966589017541702,-0.08167639533042241,-0.6946583704589976,0.7193398003386509
2025-04-07,18.9,46197.82,0.0,55,1017.2,24.8,13.1,98,9.2,0.0,11500.59,59.648438,36.309315,986.0,11.700000000000001,0.24894226610692885,15.3,4,0,0.9951053111006976,-0.09882013873287143,0.5150380749100544,-0.8571673007021122
2025-04-08,15.3,46334.21,0.0,83,1017.1,20.0,10.4,68,13.6,8.2,15006.75,59.648438,36.309315,986.0,9.6,0.3238805625476295,17.2,4,1,0.9932568492674143,-0.11593459959550041,-0.8571673007021123,0.5150380749100542
2025-04-09,17.2,46470.09,0.0,68,1016.3,24.9,9.2,25,11.9,0.0,42381.86,59.648438,36.309315,986.0,15.7,0.9120244871486155,18.9,4,2,0.9911140639934547,-0.1330147065341959,-0.587785252292473,-0.8090169943749475
2025-04-10,18.9,46605.36,0.0,57,1009.7,27.9,10.7,3,9.7,0.0,43200.0,59.648438,36.309315,986.0,17.2,0.9269320095371004,20.7,4,3,0.9886775902323405,-0.1500553983446526,-0.8191520442889918,0.573576436351046
2025-04-11,20.7,46739.91,0.0,48,1005.3,30.2,11.8,69,14.6,0.0,39903.04,59.648438,36.309315,986.0,18.4,0.8537252211225909,20.3,4,4,0.9859481499638304,-0.16705162550211924,0.20791169081775931,-0.9781476007338057
2025-04-12,20.3,46873.67,0.0,56,1007.0,26.8,14.1,50,13.0,0.3,38914.55,59.648438,36.309315,986.0,12.700000000000001,0.8302006222256547,19.2,4,5,0.9829265519799822,-0.18399835165768005,0.788010753606722,-0.6156614753256583
2025-04-13,19.2,47006.5,0.0,59,1014.2,24.6,14.6,27,11.1,5.5,41724.96,59.648438,36.309315,986.0,10.000000000000002,0.8876423473349431,21.2,4,6,0.9796136916454901,-0.20089055513063506,0.8660254037844387,-0.4999999999999998
2025-04-14,21.2,47138.34,0.0,53,1017.0,26.9,13.9,49,14.4,0.0,43200.0,59.648438,36.309315,986.0,12.999999999999998,0.9164514490752115,19.5,4,0,0.9760105506323683,-0.21772323039653177,0.6156614753256584,-0.7880107536067219
2025-04-15,19.5,47269.07,0.0,65,1014.5,27.2,13.6,48,15.2,5.2,30562.25,59.648438,36.309315,986.0,13.6,0.6465591559131585,18.7,4,1,0.9721181966290613,-0.23449138957040985,0.9993908270190958,-0.034899496702500955
2025-04-16,18.7,47398.58,0.0,65,1009.9,25.9,12.0,51,19.2,1.7,42583.89,59.648438,36.309315,986.0,13.899999999999999,0.8984212185259558,10.9,4,2,0.9679377830240642,-0.25119006388481935,0.6427876096865395,-0.7660444431189779
2025-04-17,10.9,47526.95,0.0,76,1016.9,13.9,7.6,100,18.3,6.3,736.37,59.648438,36.309315,986.0,6.300000000000001,0.015493735659452165,8.2,4,3,0.9634705485641488,-0.2678143051621742,0.6560590289905073,0.754709580222772
2025-04-18,8.2,47655.08,0.0,79,1021.2,12.5,5.7,97,18.2,8.1,5359.57,59.648438,36.309315,986.0,6.8,0.11246586932599839,8.7,4,4,0.9587178169872964,-0.2843591872810034,-0.7071067811865477,0.7071067811865474
2025-04-19,8.7,47783.09,0.0,73,1022.7,13.2,4.3,49,7.3,0.9,31611.68,59.648438,36.309315,986.0,8.899999999999999,0.6615662570168652,10.3,4,5,0.9536809966304457,-0.30081980763566735,0.4383711467890773,-0.898794046299167
2025-04-20,10.3,47910.84,0.0,62,1021.0,17.0,3.6,3,16.6,0.0,43200.0,59.648438,36.309315,986.0,13.4,0.9016748610544086,12.4,4,6,0.9483615800121715,-0.3171912885891061,0.39073112848927377,-0.9205048534524404
2025-04-21,12.4,48038.28,0.0,63,1020.5,19.5,4.7,6,13.6,0.0,43200.0,59.648438,36.309315,986.0,14.8,0.8992828219494953,16.1,4,0,0.9427611433904207,-0.3334687789181868,0.5877852522924732,-0.8090169943749473
2025-04-22,16.1,48165.3,0.0,55,1018.7,24.3,6.8,18,11.2,0.0,43200.0,59.648438,36.309315,986.0,17.5,0.8969112618420314,17.7,4,1,0.9368813462954315,-0.3496474552512284,-0.9659258262890684,0.2588190451025203
2025-04-23,17.7,48291.8,0.0,52,1016.0,26.0,9.4,22,11.7,0.5,39550.4,59.648438,36.309315,986.0,16.6,0.8189879027081202,20.2,4,2,0.9307239310379795,-0.36572252349726897,-0.6819983600624983,0.7313537016191707
2025-04-24,20.2,48417.68,0.0,46,1010.8,28.5,10.9,48,17.2,0.0,43200.0,59.648438,36.309315,986.0,17.6,0.8922360592246469,22.8,4,3,0.9242907221930933,-0.3816892202666588,-0.8090169943749476,0.5877852522924729
2025-04-25,22.8,48542.84,0.0,37,1010.4,31.1,13.8,2,14.0,0.0,43200.0,59.648438,36.309315,986.0,17.3,0.8899355703127383,23.9,4,4,0.9175836260593937,-0.39754281428255595,-0.529919264233205,0.8480480961564258
2025-04-26,23.9,48667.19,0.0,37,1010.2,32.5,14.2,18,14.1,0.0,43200.0,59.648438,36.309315,986.0,18.3,0.8876616874736346,25.3,4,5,0.9106046300942162,-0.4132786077829042,-0.6018150231520483,0.7986355100472928
2025-04-27,25.3,48790.62,0.0,35,1011.0,35.1,16.0,81,18.0,0.0,38305.98,59.648438,36.309315,986.0,19.1,0.7851095149026596,24.0,4,6,0.9033558023246845,-0.4288919379124835,-0.6946583704589976,0.7193398003386509
2025-04-28,24.0,48913.01,0.0,42,1013.1,32.2,17.0,82,11.2,0.1,25737.54,59.648438,36.309315,986.0,15.200000000000003,0.5261900668145346,18.1,4,0,0.895839290734909,-0.4443781781046132,-0.5877852522924734,0.8090169943749473
2025-04-29,18.1,49034.27,0.0,59,1019.0,24.8,10.7,62,15.1,0.0,39807.17,59.648438,36.309315,986.0,14.100000000000001,0.8118234451129792,15.3,4,1,0.8880573226294932,-0.45973273945210397,0.7986355100472927,-0.6018150231520484
2025-04-30,15.3,49154.29,0.0,57,1019.4,21.7,9.8,48,16.0,0.0,40845.1,59.648438,36.309315,986.0,11.899999999999999,0.8309569724229563,17.4,4,2,0.8800122039735357,-0.47495107206704995,0.6691306063588583,-0.7431448254773941
2025-05-01,17.4,49272.94,0.0,50,1019.4,23.6,10.8,69,14.9,0.0,34877.02,59.648438,36.309315,986.0,12.8,0.7078331433034033,19.1,5,3,0.8717063187093218,-0.4900286664290592,0.7547095802227721,-0.6560590289905072
2025-05-02,19.1,49390.11,0.0,45,1018.3,26.3,11.6,5,14.0,0.0,43200.0,59.648438,36.309315,986.0,14.700000000000001,0.8746690379916141,22.1,5,4,0.8631421280499114,-0.5049610547215204,0.9271838545667874,-0.37460659341591207
2025-05-03,22.1,49505.7,0.0,33,1013.6,29.7,12.6,0,13.2,0.0,43200.0,59.648438,36.309315,986.0,17.1,0.8726267884304232,22.6,5,5,0.854322169749827,-0.5197438121555155,0.9063077870366499,0.42261826174069944
2025-05-04,22.6,49619.58,0.0,29,1013.5,30.7,12.6,0,14.8,0.0,43200.0,59.648438,36.309315,986.0,18.1,0.8706240560681892,23.3,5,6,0.8452490573530633,-0.5343725582809786,0.7193398003386511,-0.6946583704589974
2025-05-05,23.3,49731.63,0.0,22,1011.0,31.9,13.6,0,12.8,0.0,43200.0,59.648438,36.309315,986.0,18.299999999999997,0.8686624588818023,25.5,5,0,0.8359254794186372,-0.548842958284719,0.9925461516413221,-0.12186934340514737
2025-05-06,25.5,49841.72,0.0,17,1005.2,34.5,14.4,33,20.5,0.0,43268.67,59.648438,36.309315,986.0,20.1,0.8681215255011263,21.2,5,1,0.8263541987239096,-0.5631507242749186,-0.19080899537654467,0.981627183447664
2025-05-07,21.2,49949.89,0.0,54,1009.2,27.6,15.3,53,19.3,0.8,39913.98,59.648438,36.309315,986.0,12.3,0.79908043841538,17.9,5,2,0.8165380514459161,-0.5772916165517272,0.052335956242943835,0.9986295347545738
2025-05-08,17.9,50056.99,0.0,60,1014.1,23.1,13.4,45,12.1,0.2,26328.43,59.648438,36.309315,986.0,9.700000000000001,0.5259691004193421,20.3,5,3,0.8064799463209448,-0.5912614448635781,-0.12186934340514723,0.9925461516413221
2025-05-09,20.3,50163.09,0.0,44,1016.2,26.8,12.6,5,10.1,0.0,43239.27,59.648438,36.309315,986.0,14.200000000000001,0.8619738138141012,21.8,5,4,0.7961828637826158,-0.6050560696488488,0.9659258262890683,0.25881904510252074
2025-05-10,21.8,50268.09,0.0,33,1016.2,28.5,12.9,9,15.0,0.0,43361.08,59.648438,36.309315,986.0,15.6,0.8625965299258437,22.5,5,5,0.7856498550787147,-0.6186714032625031,0.7986355100472928,0.6018150231520484
2025-05-11,22.5,50371.89,0.0,29,1013.6,29.4,14.1,10,12.2,0.0,43352.98,59.648438,36.309315,986.0,15.299999999999999,0.8606581964663229,24.4,5,6,0.7748840413670407,-0.6321034111873487,0.9135454576426009,-0.40673664307580026
2025-05-12,24.4,50474.41,0.0,24,1009.6,31.5,14.9,1,12.8,0.0,43540.44,59.648438,36.309315,986.0,16.6,0.8626240504841959,25.3,5,0,0.7638886127905428,-0.6453481132295501,0.5150380749100542,0.8571673007021123
2025-05-13,25.3,50575.52,0.0,21,1007.6,33.0,15.4,10,15.4,0.0,43662.81,59.648438,36.309315,986.0,17.6,0.8633190523794911,28.2,5,1,0.7526668275320085,-0.6584015846980488,0.9986295347545738,0.052335956242943966
2025-05-14,28.2,50675.15,0.0,19,1005.6,38.2,17.0,16,13.0,0.0,43606.27,59.648438,36.309315,986.0,21.200000000000003,0.8605059876487785,26.9,5,2,0.7412220108485958,-0.6712599575675313,-0.7880107536067218,0.6156614753256585
2025-05-15,26.9,50773.17,0.0,32,1009.9,34.3,19.5,20,17.0,0.0,43635.64,59.648438,36.309315,986.0,14.799999999999997,0.859423195360857,25.4,5,3,0.7295575540864875,-0.6839194216246106,0.8480480961564261,-0.5299192642332048
2025-05-16,25.4,50869.49,0.0,43,1011.7,33.7,18.3,30,20.8,0.0,42988.55,59.648438,36.309315,986.0,15.400000000000002,0.8450753093848593,20.9,5,4,0.717676913675962,-0.6963762255968722,0.8987940462991669,-0.4383711467890775
2025-05-17,20.9,50964.0,0.0,51,1017.7,25.5,16.9,66,16.9,0.0,25657.72,59.648438,36.309315,986.0,8.600000000000001,0.5034479240248019,21.1,5,5,0.705583610107178,-0.7086266782644596,0.7071067811865476,-0.7071067811865475
2025-05-18,21.1,51056.59,0.0,40,1016.9,27.1,15.1,2,16.2,0.0,43868.18,59.648438,36.309315,986.0,12.000000000000002,0.8592070093204424,24.8,5,6,0.6932812268869777,-0.7206671495538609,0.8290375725550417,-0.5591929034707467
2023-01-01,8.7,34744.6,0.0,91,1032.9,13.6,4.3,65,9.2,0.0,20479.83,49.5894,37.223198,4.0,9.3,0.5894392222100702,6.9,1,6,0.017213356155834685,0.9998518392091162,-0.4226182617406993,-0.90630778703665
2023-01-02,6.9,34783.74,0.0,82,1031.6,12.7,2.8,12,7.8,0.0,29900.18,49.5894,37.223198,4.0,9.899999999999999,0.8596022164379105,7.2,1,0,0.03442161162274574,0.9994074007397048,-0.5735764363510462,-0.8191520442889918
2023-01-03,7.2,34826.39,0.0,80,1029.1,13.8,2.0,5,8.9,0.0,29898.28,49.5894,37.223198,4.0,11.8,0.858494951673142,13.9,1,1,0.051619667223253764,0.998666816288476,-0.6691306063588582,-0.7431448254773942
2023-01-04,13.9,34872.45,0.0,35,1018.0,18.1,6.1,64,25.0,0.0,26583.02,49.5894,37.223198,4.0,12.000000000000002,0.7622928701596821,8.8,1,2,0.06880242680231986,0.9976303053065857,-0.48480962024633695,-0.8746197071393959
2023-01-05,8.8,34921.81,0.0,93,1021.1,11.1,6.1,92,14.0,7.2,10938.31,49.5894,37.223198,4.0,5.0,0.3132228827772673,12.4,1,3,0.08596479873744647,0.9962981749346078,-0.9271838545667874,0.37460659341591196
2023-01-06,12.4,34974.38,0.0,59,1015.0,17.2,4.6,19,28.5,0.0,29750.25,49.5894,37.223198,4.0,12.6,0.8506298038735783,12.3,1,4,0.10310169744743485,0.9946708199115211,1.2246467991473532e-16,-1.0
2023-01-07,12.3,35030.07,0.0,62,1015.9,16.4,8.3,65,30.8,0.6,29419.34,49.5894,37.223198,4.0,8.099999999999998,0.8398310365922763,5.0,1,5,0.1202080448993527,0.9927487224577402,-0.275637355816999,-0.9612616959383189
2023-01-08,5.0,35088.76,0.0,96,1024.9,8.2,2.8,100,23.7,18.0,0.0,49.5894,37.223198,4.0,5.3999999999999995,0.0,2.6,1,6,0.13727877211326478,0.9905324521322229,-0.9271838545667874,0.37460659341591196
2023-01-09,2.6,35150.37,4.83,98,1030.6,3.8,1.5,100,32.4,33.0,0.0,49.5894,37.223198,4.0,2.3,0.0,3.0,1,0,0.15430882066428117,0.9880226656636976,-0.9335804264972017,0.3583679495453004
2023-01-10,3.0,35214.78,0.0,94,1035.3,3.8,2.0,100,23.9,3.2,0.0,49.5894,37.223198,4.0,1.7999999999999998,0.0,3.9,1,1,0.1712931441814776,0.9852201067560606,-0.9205048534524405,0.3907311284892735
2023-01-11,3.9,35281.9,0.0,87,1039.1,6.2,2.5,92,15.0,0.3,7081.76,49.5894,37.223198,4.0,3.7,0.20071934901465058,4.4,1,2,0.1882267098432442,0.9821256058680006,-0.9396926207859084,-0.34202014332566855
2023-01-12,4.4,35351.64,0.0,90,1037.3,6.3,2.9,92,7.6,0.5,7792.91,49.5894,37.223198,4.0,3.4,0.22043984380922638,4.1,1,3,0.2051044998686192,0.9787400799669153,-0.9925461516413221,-0.12186934340514717
2023-01-13,4.1,35423.88,0.0,87,1032.3,8.9,0.7,56,9.4,0.0,19818.83,49.5894,37.223198,4.0,8.200000000000001,0.5594765452005823,3.9,1,4,0.2219215130041655,0.9750645322571948,-0.48480962024633695,-0.8746197071393959
2023-01-14,3.9,35498.54,0.0,85,1028.7,9.2,0.7,85,9.2,0.0,24234.03,49.5894,37.223198,4.0,8.5,0.6826768086800189,3.6,1,5,0.2386727660059501,0.9711000518829505,-0.5150380749100542,-0.8571673007021123
2023-01-15,3.6,35575.52,0.0,95,1026.3,6.2,1.7,85,10.1,3.6,2493.08,49.5894,37.223198,4.0,4.5,0.07007852590770283,4.4,1,6,0.255353295116187,0.9668478136052775,-0.5299192642332048,-0.8480480961564261
2023-01-16,4.4,35654.71,0.0,91,1024.5,10.5,0.6,80,9.8,0.0,27165.76,49.5894,37.223198,4.0,9.9,0.7619122410475362,6.7,1,0,0.2719581575341055,0.9623090774541486,-0.7986355100472928,-0.6018150231520483
2023-01-17,6.7,35736.03,0.0,90,1024.8,11.8,1.7,65,9.9,0.0,30325.0,49.5894,37.223198,4.0,10.100000000000001,0.8485833485140907,7.6,1,1,0.288482432880609,0.9574851883550393,-0.9563047559630353,-0.2923717047227371
2023-01-18,7.6,35819.54,0.0,91,1025.7,12.3,5.1,63,8.9,0.0,28423.67,49.5894,37.223198,4.0,7.200000000000001,0.7935241491096758,7.6,1,2,0.30492122465628907,0.9523775757303974,-0.913545457642601,-0.4067366430758001
2023-01-19,7.6,35906.17,0.0,94,1029.2,11.3,5.4,91,11.3,0.0,14835.29,49.5894,37.223198,4.0,5.9,0.41316826606680696,7.6,1,3,0.3212696616923644,0.9469877530760753,-0.8290375725550416,0.559192903470747
2023-01-20,7.6,35995.93,0.0,91,1029.8,12.2,5.2,80,8.6,0.0,21331.93,49.5894,37.223198,4.0,6.999999999999999,0.5926206101634268,7.7,1,4,0.3375228995941133,0.9413173175128471,-0.8571673007021121,-0.5150380749100544
2023-01-21,7.7,36088.65,0.0,88,1031.4,11.0,6.1,83,7.0,0.5,21600.0,49.5894,37.223198,4.0,4.9,0.5985261294063369,6.7,1,5,0.3536761221763716,0.9353679493131483,-0.9816271834476639,0.1908089953765451
2023-01-22,6.7,36184.18,0.0,92,1034.1,8.2,5.2,93,8.4,5.2,15127.62,49.5894,37.223198,4.0,2.999999999999999,0.41807275997411025,5.7,1,6,0.3697245428906731,0.9291414114031743,-0.9271838545667874,0.37460659341591196
2023-01-23,5.7,36282.35,0.0,93,1034.7,7.2,4.8,100,13.4,7.2,2984.5,49.5894,37.223198,4.0,2.4000000000000004,0.0822576266421552,4.9,1,0,0.38566340624360707,0.9226395488404876,-0.9702957262759966,0.24192189559966742
2023-01-24,4.9,36383.01,0.0,93,1034.9,5.6,4.1,100,14.5,14.3,0.0,49.5894,37.223198,4.0,1.5,0.0,4.5,1,1,0.401487989205973,0.9158642882672872,-0.9816271834476639,0.1908089953765451
2023-01-25,4.5,36486.01,0.0,95,1030.7,5.3,3.2,100,10.6,4.3,0.0,49.5894,37.223198,4.0,2.0999999999999996,0.0,5.4,1,2,0.4171936026123168,0.9088176373395029,-0.9961946980917455,-0.08715574274765825
2023-01-26,5.4,36591.18,0.0,93,1028.4,6.8,4.7,100,15.3,2.9,0.0,49.5894,37.223198,4.0,2.0999999999999996,0.0,5.5,1,3,0.4327755925504312,0.901501684131884,-0.9961946980917455,0.08715574274765789
2023-01-27,5.5,36698.39,0.0,91,1025.3,9.9,2.0,70,8.0,0.0,7957.49,49.5894,37.223198,4.0,7.9,0.21683485297311408,5.6,1,4,0.4482293417404106,0.893918596519257,-0.882947592858927,-0.46947156278589075
2023-01-28,5.6,36807.48,0.0,84,1016.9,13.2,0.5,70,8.0,0.0,27106.12,49.5894,37.223198,4.0,12.7,0.7364296604929215,7.5,1,5,0.4635502709028509,0.886070621534138,-0.8660254037844385,-0.5000000000000004
2023-01-29,7.5,36918.31,0.0,89,1014.0,12.1,4.3,95,10.7,0.0,18491.25,49.5894,37.223198,4.0,7.8,0.5008693518202757,8.4,1,6,0.47873384011578846,0.8779600847008882,-1.0,-1.8369701987210297e-16
2023-01-30,8.4,37030.73,0.0,91,1014.9,11.6,5.8,100,9.5,5.8,9671.51,49.5894,37.223198,4.0,5.8,0.2611752455325617,7.5,1,0,0.49377555015997715,0.869589389346611,-1.0,-1.8369701987210297e-16
2023-01-31,7.5,37144.61,0.0,95,1010.0,9.4,6.2,100,11.0,26.7,484.0,49.5894,37.223198,4.0,3.2,0.013030154307717862,8.1,1,1,0.5086709438521044,0.8609610158889943,-0.46947156278589086,-0.8829475928589269
2023-02-01,8.1,37259.81,0.0,90,1011.1,13.2,4.9,74,9.6,0.0,21660.38,49.5894,37.223198,4.0,8.299999999999999,0.5813336138858465,11.8,2,2,0.5234156073655503,0.8520775211013093,-0.5735764363510462,-0.8191520442889918
2023-02-02,11.8,37376.18,0.0,58,1011.1,17.6,5.2,68,26.6,0.0,29890.35,49.5894,37.223198,4.0,12.400000000000002,0.7997165574438051,8.8,2,3,0.5380051715382996,0.8429415373547828,-0.19080899537654472,-0.981627183447664
2023-02-03,8.8,37493.61,0.0,89,1019.0,12.5,6.8,77,14.6,0.0,22783.0,49.5894,37.223198,4.0,5.7,0.6076502102624954,7.8,2,4,0.5524353131676196,0.8335557718385699,-0.7660444431189781,0.6427876096865393
2023-02-04,7.8,37611.96,0.0,76,1017.9,13.9,3.3,59,14.5,0.0,30743.53,49.5894,37.223198,4.0,10.600000000000001,0.817387075813119,7.3,2,5,0.5667017562911176,0.8239230057575542,0.7547095802227721,-0.6560590289905072
2023-02-05,7.3,37731.09,0.0,88,1014.2,12.1,2.8,69,11.8,0.0,21286.44,49.5894,37.223198,4.0,9.3,0.5641618092665757,9.0,2,6,0.5808002734538009,0.8140460935082178,-0.891006524188368,0.45399049973954664
2023-02-06,9.0,37850.88,0.0,91,1013.0,14.1,6.2,82,9.5,0.0,19800.39,49.5894,37.223198,4.0,7.8999999999999995,0.5231157109161002,9.6,2,0,0.5947266869607634,0.8039279618328213,-0.9945218953682734,-0.10452846326765336
2023-02-07,9.6,37971.44,0.0,90,1008.1,13.8,7.3,76,13.0,1.0,25789.54,49.5894,37.223198,4.0,6.500000000000001,0.6791825645801159,5.9,2,1,0.6084768701151261,0.7935716089521474,-0.6156614753256582,0.788010753606722
2023-02-08,5.9,38093.9,0.07,94,1019.2,8.2,2.3,100,21.5,44.4,0.0,49.5894,37.223198,4.0,5.8999999999999995,0.0,2.0,2,2,0.6220467484408675,0.7829801036770629,-0.8090169943749476,0.5877852522924729
2023-02-09,2.0,38218.34,9.38,99,1030.4,4.4,0.7,100,15.3,47.5,0.0,49.5894,37.223198,4.0,3.7,0.0,0.8,2,3,0.6354323008901774,0.7721565844991642,-0.891006524188368,0.45399049973954664
2023-02-10,0.8,38344.61,6.58,97,1035.3,1.7,-0.7,100,11.6,13.7,1130.02,49.5894,37.223198,4.0,2.4,0.029470113270157135,0.7,2,4,0.6486295610349814,0.7611042586607747,-0.8386705679454242,-0.544639035015027
2023-02-11,0.7,38472.56,0.0,95,1031.9,3.3,-2.3,93,8.8,0.3,31407.99,49.5894,37.223198,4.0,5.6,0.8163737999238939,1.4,2,5,0.6616346182422783,0.7498264012045686,-0.374606593415912,-0.9271838545667874
2023-02-12,1.4,38602.06,0.0,98,1024.8,3.4,-0.8,99,9.9,3.2,0.0,49.5894,37.223198,4.0,4.2,0.0,3.7,2,6,0.6744436188329455,0.7383263540031065,-0.08715574274765794,-0.9961946980917455
2023-02-13,3.7,38732.96,0.0,94,1022.1,8.6,-0.1,60,18.7,3.0,31932.12,49.5894,37.223198,4.0,8.7,0.8244172405104077,2.5,2,0,0.6870527672236669,0.7266075247685656,-0.6018150231520484,-0.7986355100472928
2023-02-14,2.5,38865.12,0.0,92,1024.7,5.3,0.0,96,18.9,5.4,0.0,49.5894,37.223198,4.0,5.3,0.0,3.8,2,1,0.699458327051647,0.7146733860429609,-0.7313537016191705,-0.6819983600624986
2023-02-15,3.8,38998.43,0.0,92,1014.3,9.1,-0.5,87,9.8,0.0,27154.35,49.5894,37.223198,4.0,9.6,0.6962934148887532,4.5,2,2,0.7116566222817746,0.7025274741691571,-0.5150380749100542,-0.8571673007021123
2023-02-16,4.5,39132.73,0.0,93,1021.7,7.4,2.0,100,11.5,7.7,8147.31,49.5894,37.223198,4.0,5.4,0.20819682143310728,4.9,2,3,0.7236440382959124,0.6901733882429719,-0.8910065241883678,-0.4539904997395469
2023-02-17,4.9,39267.91,0.0,76,1027.3,11.7,0.2,31,10.8,0.0,28602.02,49.5894,37.223198,4.0,11.5,0.7283815206869935,5.2,2,4,0.7354170229639855,0.6776147890466889,-0.08715574274765794,-0.9961946980917455
2023-02-18,5.2,39403.83,0.0,80,1022.7,12.6,-0.4,34,8.9,0.0,35868.68,49.5894,37.223198,4.0,13.0,0.9102841018246196,11.1,2,5,0.7469720876965552,0.6648553979642865,-0.9205048534524403,-0.3907311284892738
2023-02-19,11.1,39540.38,0.0,50,1015.8,18.7,3.5,68,20.3,0.0,32721.15,49.5894,37.223198,4.0,15.2,0.8275375704532937,14.5,2,6,0.7583058084785624,0.6518989958787126,-0.6427876096865393,-0.766044443118978
2023-02-20,14.5,39677.42,0.0,45,1012.8,19.8,5.5,27,26.6,0.0,35615.74,49.5894,37.223198,4.0,14.3,0.8976324569490657,11.3,2,0,0.7694148268839378,0.6387494220515272,-0.22495105434386498,-0.9743700647852352
2023-02-21,11.3,39814.84,0.0,68,1011.8,16.8,5.5,69,28.3,0.0,35865.67,49.5894,37.223198,4.0,11.3,0.900811606928472,10.6,2,1,0.7802958510707755,0.6254105729852463,-0.9271838545667873,-0.3746065934159123
2023-02-22,10.6,39952.52,0.0,85,1010.5,16.8,6.2,72,13.2,0.0,27593.36,49.5894,37.223198,4.0,10.600000000000001,0.6906538060678026,9.4,2,2,0.7909456567567772,0.6118864012687243,-0.20791169081775987,0.9781476007338056
2023-02-23,9.4,40090.34,0.0,88,1015.0,13.9,6.7,93,16.6,4.6,26452.42,49.5894,37.223198,4.0,7.2,0.6598202958617961,4.2,2,3,0.8013610881746766,0.5981809144059165,-0.7771459614569708,0.6293203910498375
2023-02-24,4.2,40228.18,0.0,95,1028.6,7.9,2.8,98,27.7,24.3,0.0,49.5894,37.223198,4.0,5.1000000000000005,0.0,6.0,2,4,0.8115390590073611,0.5842981736283684,-0.8191520442889918,0.573576436351046
2023-02-25,6.0,40365.94,0.0,80,1025.9,12.2,2.5,32,10.0,0.0,36000.0,49.5894,37.223198,4.0,9.7,0.8918409926784808,8.9,2,5,0.8214765533024142,0.5702422926917871,0.10452846326765373,-0.9945218953682733
2023-02-26,8.9,40503.5,0.0,86,1024.7,17.0,3.5,57,9.2,0.0,29551.46,49.5894,37.223198,4.0,13.5,0.7296026269334749,10.3,2,6,0.8311706263658079,0.5560174366570446,-0.7771459614569706,-0.6293203910498378
2023-02-27,10.3,40640.94,0.0,85,1025.0,17.8,5.8,19,7.9,0.0,36000.0,49.5894,37.223198,4.0,12.0,0.8858062830239655,10.8,2,0,0.8406184056344782,0.5416278206559814,-0.9876883405951377,-0.15643446504023104
2023-02-28,10.8,40779.39,0.0,90,1023.1,17.8,6.2,63,8.5,0.0,25687.19,49.5894,37.223198,4.0,11.600000000000001,0.6299061854529947,10.9,2,1,0.8498170915275278,0.5270777086423722,-0.9455185755993168,-0.32556815445715664
2023-03-01,10.9,40918.95,0.0,84,1017.3,18.9,5.4,75,8.3,0.0,36000.0,49.5894,37.223198,4.0,13.499999999999998,0.8797879710989652,10.3,3,2,0.8587639582758029,0.5123714121284237,-0.961261695938319,-0.2756373558169989
2023-03-02,10.3,41059.5,0.0,87,1017.7,14.6,6.2,90,10.3,0.1,15955.02,49.5894,37.223198,4.0,8.399999999999999,0.38858291016695284,10.4,3,3,0.8674563547295969,0.49751328890718066,-0.5000000000000004,0.8660254037844384
2023-03-03,10.4,41200.93,0.0,86,1021.1,16.1,8.1,97,10.2,0.5,12112.56,49.5894,37.223198,4.0,8.000000000000002,0.29398753863080274,12.7,3,4,0.8758917051442429,0.48250774176121847,-0.374606593415912,-0.9271838545667874
2023-03-04,12.7,41343.13,0.0,81,1014.2,26.4,7.9,84,19.1,0.0,27448.72,49.5894,37.223198,4.0,18.5,0.6639245746512178,11.9,3,5,0.8840675099433636,0.4673592171580022,-0.7193398003386512,-0.6946583704589973
2023-03-05,11.9,41486.01,0.0,86,1015.3,20.2,7.9,82,12.3,0.0,27309.34,49.5894,37.223198,4.0,12.299999999999999,0.6582782967077335,21.9,3,6,0.8919813464595485,0.45207220393230435,-0.6946583704589973,-0.7193398003386511
2023-03-06,21.9,41629.45,0.0,40,1005.7,29.2,8.1,83,26.4,0.0,36000.0,49.5894,37.223198,4.0,21.1,0.8647724147208287,9.1,3,0,0.8996308696522433,0.43665123195606403,-0.17364817766693047,-0.984807753012208
2023-03-07,9.1,41773.36,0.0,84,1020.6,12.8,5.3,93,14.0,10.2,2749.4,49.5894,37.223198,4.0,7.500000000000001,0.06581706618763729,10.0,3,1,0.9070138128026359,0.4211008707960896,-0.9961946980917455,0.08715574274765789
2023-03-08,10.0,41917.63,0.0,90,1020.2,12.8,7.6,98,9.5,10.2,285.65,49.5894,37.223198,4.0,5.200000000000001,0.00681455511678499,10.2,3,2,0.9141279881853337,0.40542572835999735,0.984807753012208,-0.1736481776669303
2023-03-09,10.2,42062.17,0.0,91,1013.9,12.8,8.3,100,8.6,26.3,48.77,49.5894,37.223198,4.0,4.5,0.0011594741783412508,12.9,3,3,0.9209712877166346,0.38963044953078796,-0.6691306063588582,-0.7431448254773942
2023-03-10,12.9,42206.86,0.0,88,1014.2,19.2,8.4,45,9.0,0.0,26696.36,49.5894,37.223198,4.0,10.799999999999999,0.63251234514958,14.5,3,4,0.9275416835791966,0.37371971479046906,0.13917310096006533,-0.9902680687415704
2023-03-11,14.5,42351.62,0.0,71,1014.5,22.0,8.6,15,15.9,0.0,36402.98,49.5894,37.223198,4.0,13.4,0.8595416184788209,17.0,3,5,0.9338372288229252,0.35769823883312546,-0.43837114678907746,-0.8987940462991669
2023-03-12,17.0,42496.35,0.0,61,1011.3,27.4,9.9,75,14.9,0.0,36390.52,49.5894,37.223198,4.0,17.5,0.8563210722803252,16.8,3,6,0.9398560579418954,0.3415707691678556,-0.5591929034707467,-0.8290375725550417
2023-03-13,16.8,42640.93,0.0,69,1012.8,24.0,11.2,87,24.2,0.0,12580.47,49.5894,37.223198,4.0,12.8,0.29503273028988813,10.9,3,0,0.9455963874271426,0.3253420847119801,-0.9781476007338056,-0.2079116908177598
2023-03-14,10.9,42785.29,0.0,85,1023.2,12.7,9.3,99,11.9,0.2,0.0,49.5894,37.223198,4.0,3.3999999999999986,0.0,11.3,3,1,0.9510565162951535,0.30901699437494745,-0.3907311284892739,0.9205048534524403
2023-03-15,11.3,42929.31,0.0,84,1017.6,14.1,9.6,99,12.7,0.6,3812.91,49.5894,37.223198,4.0,4.5,0.08881833879929586,11.9,3,2,0.9562348265919056,0.29260033563334836,0.9205048534524404,0.3907311284892737
2023-03-16,11.9,43072.91,0.0,88,1010.2,16.1,8.9,100,11.6,5.5,12908.31,49.5894,37.223198,4.0,7.200000000000001,0.29968511530797426,13.3,3,3,0.9611297838723007,0.27609697309746883,0.9993908270190958,-0.034899496702500955
2023-03-17,13.3,43215.98,0.0,83,1011.9,17.0,9.6,92,13.8,0.4,14327.43,49.5894,37.223198,4.0,7.4,0.3315308365100132,13.4,3,4,0.9657399376548549,0.2595117970697999,-0.7431448254773946,0.6691306063588578
2023-03-18,13.4,43358.42,0.0,88,1015.3,18.6,9.9,68,13.0,0.1,36000.0,49.5894,37.223198,4.0,8.700000000000001,0.8302885575627525,12.5,3,5,0.9700639218515071,0.2428497220959356,-0.4226182617406992,0.90630778703665
2023-03-19,12.5,43500.32,0.0,91,1015.1,14.6,11.2,100,9.5,5.2,9.79,49.5894,37.223198,4.0,3.4000000000000004,0.0002250558156813559,12.3,3,6,0.9741004551724205,0.22611568550828828,-0.24192189559966787,0.9702957262759965
2023-03-20,12.3,43642.71,0.0,92,1012.1,15.4,10.8,100,9.9,11.0,509.49,49.5894,37.223198,4.0,4.6,0.01167411464595118,11.3,3,0,0.9778483415056568,0.20931464596304847,-0.35836794954530077,0.9335804264972015
2023-03-21,11.3,43785.69,0.0,96,1012.1,12.4,9.8,100,11.2,15.9,0.0,49.5894,37.223198,4.0,2.5999999999999996,0.0,10.1,3,1,0.9813064702716093,0.19245158197082998,-0.529919264233205,0.8480480961564258
2023-03-22,10.1,43929.15,0.0,88,1015.7,11.8,9.6,100,13.0,10.9,0.0,49.5894,37.223198,4.0,2.200000000000001,0.0,12.8,3,2,0.9844738167520922,0.1755314904214282,-0.913545457642601,-0.4067366430758001
2023-03-23,12.8,44073.02,0.0,73,1016.4,19.7,7.4,37,8.8,0.0,30949.54,49.5894,37.223198,4.0,12.299999999999999,0.7022332483682762,13.1,3,3,0.9873494423939864,0.15855938510313475,-0.9205048534524403,-0.3907311284892738
2023-03-24,13.1,44217.2,0.0,81,1014.7,20.5,7.1,65,8.3,0.0,37200.08,49.5894,37.223198,4.0,13.4,0.8413033842034322,13.4,3,4,0.989932495087353,0.141540295217043,-0.9612616959383188,0.2756373558169994
2023-03-25,13.4,44361.6,0.0,85,1015.7,18.2,9.6,51,10.1,0.0,38138.71,49.5894,37.223198,4.0,8.6,0.8597234996032604,15.5,3,5,0.9922222094179323,0.12447926388678915,-0.7771459614569708,0.6293203910498375
2023-03-26,15.5,44506.13,0.0,83,1009.3,21.2,11.3,93,9.8,0.0,33175.38,49.5894,37.223198,4.0,9.899999999999999,0.7454114747788675,14.7,3,6,0.994217906893952,0.10738134666416309,-0.4383711467890778,0.8987940462991668
2023-03-27,14.7,44650.71,0.0,81,1007.4,19.3,11.1,98,10.9,4.1,32607.04,49.5894,37.223198,4.0,8.200000000000001,0.7302692387198323,14.4,3,0,0.995918996147179,0.09025161003104117,-0.9702957262759966,0.24192189559966742
2023-03-28,14.4,44795.23,0.0,82,1011.3,19.9,10.7,56,13.5,0.7,28252.84,49.5894,37.223198,4.0,9.2,0.6307109038172144,21.0,3,1,0.9973249731081555,0.07309512989807777,-0.5299192642332048,-0.8480480961564261
2023-03-29,21.0,44939.62,0.0,55,1004.7,27.7,11.6,1,27.0,0.0,31564.94,49.5894,37.223198,4.0,16.1,0.7023855564421773,18.9,3,2,0.9984354211555643,0.055916990100603484,-0.2588190451025208,-0.9659258262890683
2023-03-30,18.9,45083.78,0.0,56,1008.4,29.0,9.6,67,22.3,1.6,36106.82,49.5894,37.223198,4.0,19.4,0.8008827121417059,7.5,3,3,0.9992500112396835,0.03872228089217446,-0.7660444431189779,-0.6427876096865395
2023-03-31,7.5,45227.61,0.0,90,1015.1,9.4,5.8,100,17.4,15.7,0.0,49.5894,37.223198,4.0,3.6000000000000005,0.0,7.3,3,4,0.9997685019798909,0.021516097436222254,-0.9945218953682734,-0.10452846326765336
2023-04-01,7.3,45371.03,0.0,88,1015.4,9.6,5.2,92,16.1,12.8,24406.62,49.5894,37.223198,4.0,4.3999999999999995,0.5379340076696517,9.3,4,5,0.9999907397361901,0.004303538296244289,-0.9271838545667873,-0.3746065934159123
2023-04-02,9.3,45513.93,0.0,83,1012.6,14.6,4.0,87,12.4,0.7,28171.69,49.5894,37.223198,4.0,10.6,0.6189685223842458,11.5,4,6,0.9999166586547379,-0.01291029607500882,-0.8290375725550416,0.559192903470747
2023-04-03,11.5,45656.22,0.0,84,1015.2,18.0,5.8,47,11.8,0.1,37583.51,49.5894,37.223198,4.0,12.2,0.823184880395267,13.8,4,0,0.9995462806873573,-0.030120304846908114,0.9876883405951378,0.15643446504023092
2023-04-04,13.8,45797.81,0.0,84,1017.7,20.2,8.2,32,8.0,0.0,39454.66,49.5894,37.223198,4.0,12.0,0.8614966523508439,15.2,4,1,0.9988797155850336,-0.04732138832243185,-0.9998476951563913,-0.017452406437283498
2023-04-05,15.2,45938.6,0.0,86,1009.9,22.4,10.4,35,8.0,0.0,31493.97,49.5894,37.223198,4.0,11.999999999999998,0.6855666041194116,13.6,4,2,0.9979171608653922,-0.06450844944931623,-0.9975640502598243,0.06975647374412522
2023-04-06,13.6,46078.48,0.0,81,1009.4,19.3,8.1,27,14.4,0.0,35224.61,49.5894,37.223198,4.0,11.200000000000001,0.7644481762419246,13.7,4,3,0.9966589017541702,-0.08167639533042241,-0.8386705679454243,0.5446390350150266
2023-04-07,13.7,46217.36,0.0,81,1013.4,20.7,8.5,23,12.0,0.0,39131.26,49.5894,37.223198,4.0,12.2,0.8466788237147254,14.8,4,4,0.9951053111006976,-0.09882013873287143,-0.945518575599317,0.3255681544571563
2023-04-08,14.8,46355.32,0.0,82,1014.3,24.5,9.2,71,21.4,0.0,32555.59,49.5894,37.223198,4.0,15.3,0.7023053664606349,13.8,4,5,0.9932568492674143,-0.11593459959550041,-0.9702957262759965,-0.24192189559966779
2023-04-09,13.8,46493.31,0.0,71,1022.8,18.9,9.5,71,13.5,0.0,37496.75,49.5894,37.223198,4.0,9.399999999999999,0.8064977520421756,14.4,4,6,0.9911140639934547,-0.1330147065341959,-0.945518575599317,0.3255681544571563
2023-04-10,14.4,46631.45,0.0,81,1019.4,20.5,9.9,98,9.6,0.0,27039.77,49.5894,37.223198,4.0,10.6,0.579861230993246,16.1,4,0,0.9886775902323405,-0.1500553983446526,0.838670567945424,0.5446390350150271
2023-04-11,16.1,46769.63,0.0,83,1010.5,22.1,11.7,82,10.3,0.0,32725.67,49.5894,37.223198,4.0,10.400000000000002,0.6997205237672396,21.6,4,1,0.9859481499638304,-0.16705162550211924,0.9925461516413221,-0.12186934340514737
2023-04-12,21.6,46907.77,0.0,62,1001.5,30.0,11.6,93,25.9,0.4,21600.0,49.5894,37.223198,4.0,18.4,0.460478082842139,22.0,4,2,0.9829265519799822,-0.18399835165768005,0.0871557427476582,-0.9961946980917455
2023-04-13,22.0,47045.77,0.0,45,1001.6,27.1,18.0,57,30.2,2.5,34106.97,49.5894,37.223198,4.0,9.100000000000001,0.7249742112840326,17.6,4,3,0.9796136916454901,-0.20089055513063506,-0.13917310096006552,-0.9902680687415703
2023-04-14,17.6,47183.54,0.0,57,1012.4,23.2,12.1,24,22.0,0.0,39999.63,49.5894,37.223198,4.0,11.1,0.847745421390595,17.3,4,4,0.9760105506323683,-0.21772323039653177,-0.6427876096865393,-0.766044443118978
2023-04-15,17.3,47320.98,0.0,65,1016.2,23.2,12.4,4,19.4,0.0,40466.95,49.5894,37.223198,4.0,10.799999999999999,0.8551587477689598,12.1,4,5,0.9721181966290613,-0.23449138957040985,-0.9902680687415703,-0.13917310096006583
2023-04-16,12.1,47458.0,0.0,89,1024.2,14.5,9.6,97,17.7,4.2,0.0,49.5894,37.223198,4.0,4.9,0.0,11.3,4,6,0.9679377830240642,-0.25119006388481935,0.6156614753256583,0.7880107536067219
2023-04-17,11.3,47594.49,0.0,85,1026.4,13.6,9.9,97,11.7,1.2,0.0,49.5894,37.223198,4.0,3.6999999999999993,0.0,13.1,4,0,0.9634705485641488,-0.2678143051621742,0.8829475928589269,0.46947156278589086
2023-04-18,13.1,47730.37,0.0,82,1023.4,17.5,10.2,72,10.8,0.0,8471.12,49.5894,37.223198,4.0,7.300000000000001,0.17747861581630311,15.1,4,1,0.9587178169872964,-0.2843591872810034,0.8746197071393957,0.4848096202463371
2023-04-19,15.1,47865.52,0.0,82,1015.7,22.1,9.2,45,13.4,0.0,39677.08,49.5894,37.223198,4.0,12.900000000000002,0.8289282138792183,17.8,4,2,0.9536809966304457,-0.30081980763566735,0.6691306063588582,0.7431448254773942
2023-04-20,17.8,47999.84,0.0,82,1007.3,25.4,12.3,51,10.6,0.0,36063.24,49.5894,37.223198,4.0,13.099999999999998,0.7513200044000147,20.0,4,3,0.9483615800121715,-0.3171912885891061,-0.40673664307580015,0.913545457642601
2023-04-21,20.0,48133.23,0.0,77,1003.8,32.0,13.4,79,14.0,0.5,35693.07,49.5894,37.223198,4.0,18.6,0.7415473675878389,16.7,4,4,0.9427611433904207,-0.3334687789181868,-0.8660254037844385,-0.5000000000000004
2023-04-22,16.7,48265.58,0.0,76,1011.7,22.1,12.9,65,12.1,0.0,38092.9,49.5894,37.223198,4.0,9.200000000000001,0.7892353101319822,17.6,4,5,0.9368813462954315,-0.3496474552512284,-0.8290375725550416,0.559192903470747
2023-04-23,17.6,48396.77,0.0,72,1014.1,23.8,12.2,76,11.9,0.0,30871.2,49.5894,37.223198,4.0,11.600000000000001,0.6378772798267323,17.6,4,6,0.9307239310379795,-0.36572252349726897,-0.8290375725550416,0.559192903470747
2023-04-24,17.6,48526.7,0.0,77,1011.2,23.5,13.0,78,13.7,0.1,36000.0,49.5894,37.223198,4.0,10.5,0.7418596360354197,17.9,4,0,0.9242907221930933,-0.3816892202666588,-0.6560590289905074,0.7547095802227719
2023-04-25,17.9,48655.25,0.0,80,1011.2,22.0,14.5,98,15.1,3.0,29556.89,49.5894,37.223198,4.0,7.5,0.6074758633446544,17.4,4,1,0.9175836260593937,-0.39754281428255595,-0.4383711467890778,0.8987940462991668
2023-04-26,17.4,48782.3,0.0,86,1014.0,21.5,13.9,52,11.0,5.7,26598.01,49.5894,37.223198,4.0,7.6,0.5452389493730307,18.3,4,2,0.9106046300942162,-0.4132786077829042,-0.3090169943749477,0.9510565162951535
2023-04-27,18.3,48907.75,0.0,86,1011.7,24.5,14.1,61,9.7,0.1,33471.76,49.5894,37.223198,4.0,10.4,0.6843856035086464,19.7,4,3,0.9033558023246845,-0.4288919379124835,0.13917310096006544,0.9902680687415704
2023-04-28,19.7,49031.61,0.0,83,1009.4,25.4,15.1,31,11.0,0.0,31717.58,49.5894,37.223198,4.0,10.299999999999999,0.6468802472527416,20.5,4,4,0.895839290734909,-0.4443781781046132,-0.1736481776669304,0.984807753012208
2023-04-29,20.5,49154.86,0.0,81,1006.6,27.5,14.6,40,17.9,0.0,40210.34,49.5894,37.223198,4.0,12.9,0.8180338627757254,21.2,4,5,0.8880573226294932,-0.45973273945210397,-0.6293203910498378,0.7771459614569706
2023-04-30,21.2,49277.54,0.0,79,1005.2,29.0,16.4,49,18.5,1.5,30033.03,49.5894,37.223198,4.0,12.600000000000001,0.609466909265357,17.7,4,6,0.8800122039735357,-0.47495107206704995,-0.6691306063588582,-0.7431448254773942
2023-05-01,17.7,49399.57,0.0,82,1010.9,20.5,15.4,81,17.7,0.3,26068.15,49.5894,37.223198,4.0,5.1,0.5276999374690914,15.7,5,0,0.8717063187093218,-0.4900286664290592,-0.4383711467890778,0.8987940462991668
2023-05-02,15.7,49520.85,0.0,87,1018.3,19.0,13.8,71,12.5,5.5,21831.09,49.5894,37.223198,4.0,5.199999999999999,0.4408464313516428,13.9,5,1,0.8631421280499114,-0.5049610547215204,0.6156614753256583,0.7880107536067219
2023-05-03,13.9,49641.27,0.0,93,1021.5,15.4,12.3,100,21.7,35.4,0.0,49.5894,37.223198,4.0,3.0999999999999996,0.0,12.7,5,2,0.854322169749827,-0.5197438121555155,0.15643446504023087,0.9876883405951378
2023-05-04,12.7,49760.73,0.0,90,1022.9,16.5,9.6,56,14.0,70.4,13058.59,49.5894,37.223198,4.0,6.9,0.2624276211381947,16.0,5,3,0.8452490573530633,-0.5343725582809786,-0.9205048534524405,0.3907311284892735
2023-05-05,16.0,49879.12,0.0,78,1016.4,23.3,9.3,2,14.1,0.0,43232.09,49.5894,37.223198,4.0,14.0,0.8667372239125308,17.1,5,4,0.8359254794186372,-0.548842958284719,0.9455185755993168,-0.32556815445715664
2023-05-06,17.1,49996.34,0.0,85,1015.2,22.6,12.6,22,13.7,0.0,42557.28,49.5894,37.223198,4.0,10.000000000000002,0.8512079084188963,18.8,5,5,0.8263541987239096,-0.5631507242749186,-0.798635510047293,0.6018150231520479
2023-05-07,18.8,50112.27,0.0,83,1012.8,25.1,13.4,64,12.8,0.0,38414.23,49.5894,37.223198,4.0,11.700000000000001,0.7665633586345222,17.8,5,6,0.8165380514459161,-0.5772916165517272,0.7431448254773942,0.6691306063588582
2023-05-08,17.8,50226.8,0.0,85,1009.9,21.4,13.9,46,16.7,0.1,35416.71,49.5894,37.223198,4.0,7.499999999999998,0.705135704444639,18.2,5,0,0.8064799463209448,-0.5912614448635781,-0.6946583704589976,0.7193398003386509
2023-05-09,18.2,50339.82,0.0,81,1015.0,23.2,14.6,72,14.2,2.3,29667.89,49.5894,37.223198,4.0,8.6,0.5893523258525756,17.0,5,1,0.7961828637826158,-0.6050560696488488,0.8191520442889918,0.573576436351046
2023-05-10,17.0,50451.21,0.0,92,1015.8,18.8,14.4,84,11.9,9.6,5981.56,49.5894,37.223198,4.0,4.4,0.11856127930331108,19.1,5,2,0.7856498550787147,-0.6186714032625031,0.7986355100472928,0.6018150231520484
2023-05-11,19.1,50560.86,0.0,87,1016.3,26.0,15.2,74,11.5,0.0,26616.77,49.5894,37.223198,4.0,10.8,0.5264303257499972,17.9,5,3,0.7748840413670407,-0.6321034111873487,-0.12186934340514723,0.9925461516413221
2023-05-12,17.9,50668.62,0.0,89,1019.9,20.2,15.9,96,12.1,2.6,2982.62,49.5894,37.223198,4.0,4.299999999999999,0.05886523059045223,16.9,5,4,0.7638886127905428,-0.6453481132295501,0.754709580222772,0.6560590289905073
2023-05-13,16.9,50774.41,0.0,90,1015.8,19.5,14.7,100,11.7,4.6,80.64,49.5894,37.223198,4.0,4.800000000000001,0.0015882016157351703,14.4,5,5,0.7526668275320085,-0.6584015846980488,0.3255681544571567,0.9455185755993168
2023-05-14,14.4,50878.07,0.0,92,1015.2,15.8,12.9,100,15.4,7.8,0.0,49.5894,37.223198,4.0,2.9000000000000004,0.0,12.4,5,6,0.7412220108485958,-0.6712599575675313,-0.3907311284892739,0.9205048534524403
2023-05-15,12.4,50979.49,0.0,93,1018.2,13.8,10.1,80,17.4,26.1,0.0,49.5894,37.223198,4.0,3.700000000000001,0.0,15.3,5,0,0.7295575540864875,-0.6839194216246106,-0.2588190451025207,0.9659258262890683
2023-05-16,15.3,51078.53,0.0,72,1018.3,21.4,9.6,7,11.4,0.0,44909.77,49.5894,37.223198,4.0,11.799999999999999,0.8792298838670572,17.4,5,1,0.717676913675962,-0.6963762255968722,0.5877852522924732,-0.8090169943749473
2023-05-17,17.4,51175.07,0.0,75,1012.6,24.5,8.9,34,20.4,1.1,45396.36,49.5894,37.223198,4.0,15.6,0.8870795877758447,18.2,5,2,0.705583610107178,-0.7086266782644596,-0.034899496702500823,0.9993908270190958
2023-05-18,18.2,51269.12,0.0,81,1013.6,23.0,14.9,59,14.4,0.1,42928.0,49.5894,37.223198,4.0,8.1,0.8373071353672542,19.8,5,3,0.6932812268869777,-0.7206671495538609,0.9510565162951536,-0.30901699437494734
2023-05-19,19.8,51361.46,0.0,82,1013.5,25.5,15.0,88,13.6,0.0,28050.27,49.5894,37.223198,4.0,10.5,0.5461345919683748,19.5,5,4,0.6807734094770161,-0.7324940716135789,-0.5150380749100545,0.8571673007021121
2023-05-20,19.5,51452.12,0.0,81,1013.6,24.0,16.0,76,15.8,1.0,43133.94,49.5894,37.223198,4.0,8.0,0.8383316372580955,19.6,5,5,0.6680638642135335,-0.7441039398713607,-0.27563735581699894,0.9612616959383189
2023-05-21,19.6,51541.05,0.0,83,1009.8,24.5,14.9,79,11.0,0.1,37233.08,49.5894,37.223198,4.0,9.6,0.7223966139611048,21.2,5,6,0.6551563572090853,-0.7554933140726803,0.03489949670250097,0.9993908270190958
2023-05-22,21.2,51628.14,0.0,85,1009.9,26.9,15.9,68,12.6,0.0,37352.88,49.5894,37.223198,4.0,10.999999999999998,0.7234984642096345,23.3,5,0,0.6420547132365637,-0.766658819300159,-0.4848096202463369,0.8746197071393959
2023-05-23,23.3,51713.3,0.0,84,1012.8,28.7,18.9,29,8.4,0.0,37530.81,49.5894,37.223198,4.0,9.8,0.7257477283406782,23.8,5,1,0.6287628145958344,-0.7775971469736269,-0.13917310096006588,0.9902680687415703
2023-05-24,23.8,51796.43,0.0,79,1012.0,30.1,19.4,71,15.6,0.0,37441.38,49.5894,37.223198,4.0,10.700000000000003,0.7228563821869576,23.8,5,2,0.6152845999633276,-0.7883050558305255,-0.8660254037844386,0.5000000000000001
2023-05-25,23.8,51877.45,0.0,79,1011.4,28.1,19.5,86,12.0,0.0,32208.23,49.5894,37.223198,4.0,8.600000000000001,0.6208522199915377,24.1,5,3,0.6016240632249226,-0.7987793728863649,-0.9396926207859083,0.342020143325669
2023-05-26,24.1,51956.25,0.0,76,1010.2,27.7,20.1,75,14.3,11.8,36148.48,49.5894,37.223198,4.0,7.599999999999998,0.6957484421989656,24.0,5,4,0.5877852522924732,-0.8090169943749473,-0.6691306063588581,0.7431448254773942
2023-05-27,24.0,52032.75,0.0,79,1010.0,30.5,19.4,24,12.4,0.0,42469.12,49.5894,37.223198,4.0,11.100000000000001,0.8161997972430826,23.7,5,5,0.5737722679043246,-0.8190148866680801,-0.4694715627858908,0.882947592858927
2023-05-28,23.7,52106.86,0.0,81,1012.2,28.5,19.5,44,13.2,0.0,45618.99,49.5894,37.223198,4.0,9.0,0.8754891390500213,24.7,5,6,0.5595892624101765,-0.8287700871745038,-0.4694715627858908,0.882947592858927
2023-05-29,24.7,52178.46,0.0,78,1010.3,30.4,19.9,63,11.6,0.0,44195.2,49.5894,37.223198,4.0,10.5,0.8470008505425418,25.7,5,0,0.545240438540651,-0.8382797052177744,-0.5591929034707466,0.8290375725550418
2023-05-30,25.7,52247.46,0.0,76,1008.8,31.2,21.0,94,11.6,0.1,31375.42,49.5894,37.223198,4.0,10.2,0.6005156997105696,24.4,5,1,0.5307300481619334,-0.8475409228928311,-0.6560590289905074,0.7547095802227719
2023-05-31,24.4,52313.77,0.0,80,1009.6,29.4,20.0,65,15.3,5.6,33261.48,49.5894,37.223198,4.0,9.399999999999999,0.6358073600889403,22.7,5,2,0.5160623910158528,-0.8565509959010036,-0.8746197071393956,0.4848096202463373
2023-06-01,22.7,52377.3,0.0,81,1011.8,26.1,19.6,33,16.2,3.7,42026.61,49.5894,37.223198,4.0,6.5,0.8023821388273163,23.5,6,3,0.5012418134457758,-0.865307254363206,-0.35836794954530077,0.9335804264972015
2023-06-02,23.5,52437.92,0.0,81,1013.9,28.6,19.4,55,13.7,0.0,42020.98,49.5894,37.223198,4.0,9.200000000000003,0.8013471930236745,24.4,6,4,0.48627270710868997,-0.8738071036110808,0.4067366430758002,0.9135454576426009
2023-06-03,24.4,52495.57,0.0,78,1013.2,31.3,19.9,36,12.5,0.0,44430.84,49.5894,37.223198,4.0,11.400000000000002,0.8463731320566669,25.5,6,5,0.4711595076738638,-0.8820480249558537,0.6946583704589973,0.7193398003386512
2023-06-04,25.5,52550.12,0.0,78,1010.5,31.4,20.2,24,12.2,0.0,44721.94,49.5894,37.223198,4.0,11.2,0.8510340223771135,24.3,6,6,0.4559066935084588,-0.8900275764346767,-0.24192189559966787,0.9702957262759965
2023-06-05,24.3,52601.5,0.0,79,1010.6,28.6,20.7,85,13.1,0.2,38033.48,49.5894,37.223198,4.0,7.900000000000002,0.7230493426993527,23.3,6,0,0.440518784350495,-0.8977433935342337,-0.6427876096865396,0.7660444431189778
2023-06-06,23.3,52649.59,0.0,77,1014.5,26.2,20.9,92,19.1,0.1,31213.25,49.5894,37.223198,4.0,5.300000000000001,0.5928488711877908,20.3,6,1,0.42500033996955416,-0.9051931898913974,-0.3420201433256686,0.9396926207859084
2023-06-07,20.3,52694.37,0.0,89,1017.2,23.1,17.9,100,17.1,17.6,600.53,49.5894,37.223198,4.0,5.200000000000003,0.011396473665023416,18.9,6,2,0.4093559588156213,-0.9123747579707273,-0.5591929034707466,0.8290375725550418
2023-06-08,18.9,52736.23,0.0,93,1019.7,21.4,17.4,100,12.1,20.7,0.0,49.5894,37.223198,4.0,4.0,0.0,21.1,6,3,0.39359027665646673,-0.9192859697186104,-0.898794046299167,0.4383711467890774
2023-06-09,21.1,52775.21,0.0,78,1015.5,25.6,16.5,62,13.7,0.4,43133.75,49.5894,37.223198,4.0,9.100000000000001,0.8173108169536417,22.7,6,4,0.3777079652039649,-0.9259247771938498,0.9743700647852352,-0.22495105434386503
2023-06-10,22.7,52811.28,0.0,80,1009.4,27.5,17.6,54,8.4,0.0,44480.09,49.5894,37.223198,4.0,9.899999999999999,0.842246012594279,23.8,6,5,0.36171373072976765,-0.9322892131745133,0.9993908270190958,0.03489949670250108
2023-06-11,23.8,52844.41,0.0,83,1006.3,29.5,19.8,41,16.1,0.6,37191.93,49.5894,37.223198,4.0,9.7,0.7038006479777141,25.8,6,6,0.3456123126707335,-0.9383773917408641,-0.9335804264972017,0.3583679495453004
2023-06-12,25.8,52874.58,0.0,77,1005.3,31.9,20.4,9,10.9,0.0,45572.12,49.5894,37.223198,4.0,11.5,0.8618909124195407,25.9,6,0,0.3294084822245304,-0.9441875088341993,0.9781476007338057,-0.20791169081775934
2023-06-13,25.9,52901.76,0.0,80,1004.7,32.3,20.5,42,14.0,0.0,43381.63,49.5894,37.223198,4.0,11.799999999999997,0.8200413369989958,25.8,6,1,0.3131070409358269,-0.9497178427914316,-0.3907311284892739,0.9205048534524403
2023-06-14,25.8,52925.93,0.0,81,1005.3,31.1,22.1,53,13.4,0.0,38765.2,49.5894,37.223198,4.0,9.0,0.7324424908546717,25.6,6,2,0.29671281927349075,-0.9549667548552551,-0.8191520442889918,0.573576436351046
2023-06-15,25.6,52947.05,0.0,74,1005.4,30.3,21.6,4,14.3,0.0,46029.52,49.5894,37.223198,4.0,8.7,0.8693500393317474,24.2,6,3,0.28023067519921585,-0.9599326896597447,-0.8660254037844386,0.5000000000000001
2023-06-16,24.2,52965.12,0.0,75,1006.9,28.1,20.6,26,11.9,1.0,45737.44,49.5894,37.223198,4.0,7.5,0.8635388723748761,25.1,6,4,0.26366549272800704,-0.9646141756912435,-0.3255681544571567,0.9455185755993168
2023-06-17,25.1,52980.11,0.0,71,1004.8,31.1,20.1,3,13.6,0.0,45895.47,49.5894,37.223198,4.0,11.0,0.8662773633350327,26.7,6,5,0.24702218048093552,-0.9690098257244062,0.8290375725550417,0.5591929034707468
2023-06-18,26.7,52991.99,0.0,72,1002.5,33.5,20.2,9,12.0,0.2,46055.71,49.5894,37.223198,4.0,13.3,0.8691070103236357,25.1,6,6,0.23030567023061221,-0.9731183372332619,-0.9816271834476639,0.1908089953765451
2023-06-19,25.1,53000.77,0.0,77,1008.7,28.5,22.0,45,14.1,0.1,37660.39,49.5894,37.223198,4.0,6.5,0.7105630729515817,24.2,6,0,0.21352091543979612,-0.9769384927771817,-0.7193398003386511,0.6946583704589973
2023-06-20,24.2,53006.4,0.0,80,1007.7,28.7,20.2,79,14.7,4.2,34828.2,49.5894,37.223198,4.0,8.5,0.6570565063841347,21.0,6,1,0.19667288979357647,-0.980469160361632,-0.08715574274765832,0.9961946980917455
2023-06-21,21.0,53008.89,0.0,82,1012.6,23.9,18.2,66,16.5,3.5,19480.23,49.5894,37.223198,4.0,5.699999999999999,0.36748986820889856,22.4,6,2,0.1797665857255624,-0.9837092937736097,-0.8386705679454243,0.5446390350150266
2023-06-22,22.4,53008.21,0.0,67,1013.9,26.4,19.0,29,11.2,0.0,36925.2,49.5894,37.223198,4.0,7.399999999999999,0.6965939804418976,21.5,6,3,0.16280701293851715,-0.986657932891657,-0.6819983600624983,0.7313537016191707
2023-06-23,21.5,53004.35,0.0,72,1016.7,25.0,20.2,79,14.3,0.4,2865.53,49.5894,37.223198,4.0,4.800000000000001,0.05406216659576054,22.0,6,4,0.1457991969198751,-0.9893142039703663,-0.9975640502598242,-0.06975647374412558
2023-06-24,22.0,52997.3,0.0,73,1015.2,24.5,19.7,73,11.6,0.4,16027.97,49.5894,37.223198,4.0,4.800000000000001,0.3024299351099018,23.6,6,5,0.12874817745258132,-0.99167731989929,-0.9975640502598243,0.06975647374412522
2023-06-25,23.6,52987.05,0.0,60,1012.7,28.8,18.4,9,12.1,0.0,45341.15,49.5894,37.223198,4.0,10.400000000000002,0.8557024782470434,25.0,6,6,0.11165900712169512,-0.993746580436178,-0.9612616959383188,0.2756373558169994
2023-06-26,25.0,52973.59,0.0,61,1006.6,30.9,17.8,0,8.0,0.0,45883.12,49.5894,37.223198,4.0,13.099999999999998,0.866150849885764,25.6,6,0,0.09453674981719912,-0.9955213724144752,-0.2588190451025208,-0.9659258262890683
2023-06-27,25.6,52956.89,0.0,69,1004.3,31.5,20.6,16,15.8,0.0,43187.18,49.5894,37.223198,4.0,10.899999999999999,0.8155157902965978,25.3,6,1,0.07738647923346301,-0.9970011699250151,-0.7193398003386511,0.6946583704589973
2023-06-28,25.3,52936.76,0.0,71,1010.7,29.8,21.0,30,12.0,0.1,36443.75,49.5894,37.223198,4.0,8.8,0.6884393755870212,25.1,6,2,0.06021327736579302,-0.9981855344718586,-0.3090169943749477,0.9510565162951535
2023-06-29,25.1,52913.22,0.0,71,1007.6,29.5,20.7,29,10.7,0.0,43514.43,49.5894,37.223198,4.0,8.8,0.8223735013669552,25.8,6,3,0.04302223300453059,-0.99907411510223,0.6560590289905073,0.754709580222772
2023-06-30,25.8,52886.35,0.0,70,1004.9,31.5,21.2,21,13.3,0.0,42058.97,49.5894,37.223198,4.0,10.3,0.7952708023904089,22.5,6,4,0.02581844022713308,-0.9996666485105112,-0.4226182617406992,0.90630778703665
2023-07-01,22.5,52856.2,0.0,89,1009.2,25.1,20.9,87,16.2,2.8,8081.45,49.5894,37.223198,4.0,4.200000000000003,0.15289502461395257,22.8,7,5,0.008606996888688698,-0.9999629591162655,-0.40673664307580015,0.913545457642601
2023-07-02,22.8,52822.86,0.0,87,1012.8,25.5,20.7,54,10.6,1.9,13580.48,49.5894,37.223198,4.0,4.800000000000001,0.25709475026532075,24.6,7,6,-0.008606996888688009,-0.9999629591162655,0.25881904510252074,0.9659258262890683
2023-07-03,24.6,52786.39,0.0,75,1012.6,28.4,20.8,36,9.1,0.0,37360.46,49.5894,37.223198,4.0,7.599999999999998,0.7077669073410778,25.9,7,0,-0.02581844022713239,-0.9996666485105112,0.8480480961564261,-0.5299192642332048
2023-07-04,25.9,52746.85,0.0,68,1012.2,30.5,21.4,40,10.7,0.0,42849.98,49.5894,37.223198,4.0,9.100000000000001,0.8123704069532115,26.0,7,1,-0.04302223300453034,-0.99907411510223,-0.6691306063588581,0.7431448254773942
2023-07-05,26.0,52704.32,0.0,71,1012.6,30.3,22.4,27,14.9,0.1,44186.0,49.5894,37.223198,4.0,7.900000000000002,0.8383752982677701,26.1,7,2,-0.060213277365792774,-0.9981855344718586,-0.529919264233205,0.8480480961564258
2023-07-06,26.1,52658.89,0.0,61,1012.5,30.4,22.5,22,12.6,0.0,44705.61,49.5894,37.223198,4.0,7.899999999999999,0.8489660530254246,27.2,7,3,-0.07738647923346322,-0.9970011699250151,-0.7313537016191703,0.6819983600624986
2023-07-07,27.2,52610.61,0.0,60,1010.3,33.3,21.8,0,13.0,0.0,44901.76,49.5894,37.223198,4.0,11.499999999999996,0.8534734723661254,28.2,7,4,-0.09453674981719933,-0.9955213724144752,-0.9063077870366498,0.4226182617406996
2023-07-08,28.2,52559.55,0.0,67,1004.4,34.2,22.8,9,13.6,0.0,44934.13,49.5894,37.223198,4.0,11.400000000000002,0.8549184686702986,28.3,7,5,-0.11165900712169444,-0.9937465804361781,-0.9702957262759966,0.24192189559966742
2023-07-09,28.3,52505.79,0.0,62,1000.2,33.7,24.1,1,11.0,0.0,44798.11,49.5894,37.223198,4.0,9.600000000000001,0.8532032372048873,28.5,7,6,-0.12874817745258066,-0.99167731989929,-0.8571673007021123,0.5150380749100542
2023-07-10,28.5,52449.41,0.0,58,1000.5,34.5,23.0,0,16.8,0.0,45003.39,49.5894,37.223198,4.0,11.5,0.8580342467150726,26.8,7,0,-0.14579919691987442,-0.9893142039703664,-0.8090169943749476,0.5877852522924729
2023-07-11,26.8,52390.48,0.0,75,1009.6,30.4,23.4,65,15.8,1.0,35245.15,49.5894,37.223198,4.0,7.0,0.6727395893299699,23.0,7,1,-0.16280701293851646,-0.9866579328916572,0.39073112848927377,0.9205048534524404
2023-07-12,23.0,52329.08,0.0,83,1017.0,24.8,21.6,98,13.0,10.2,2173.97,49.5894,37.223198,4.0,3.1999999999999993,0.04154420448438994,24.5,7,2,-0.17976658572556214,-0.9837092937736098,-0.6819983600624983,0.7313537016191707
2023-07-13,24.5,52265.27,0.0,82,1016.7,27.2,22.4,79,8.5,0.3,16541.56,49.5894,37.223198,4.0,4.800000000000001,0.3164923858615865,24.5,7,3,-0.19667288979357622,-0.9804691603616321,-0.35836794954530077,0.9335804264972015
2023-07-14,24.5,52199.13,0.0,81,1013.9,27.3,22.1,65,9.0,0.4,17209.07,49.5894,37.223198,4.0,5.199999999999999,0.32968116518417073,25.8,7,4,-0.2135209154397959,-0.9769384927771817,-0.6560590289905074,0.7547095802227719
2023-07-15,25.8,52130.73,0.0,68,1009.0,30.0,22.0,6,10.6,0.0,43700.96,49.5894,37.223198,4.0,8.0,0.8382955696189176,25.2,7,5,-0.23030567023061196,-0.973118337233262,-0.656059028990507,-0.7547095802227721
2023-07-16,25.2,52060.16,0.0,81,1010.3,29.0,22.1,55,16.3,1.9,34009.04,49.5894,37.223198,4.0,6.899999999999999,0.6532642235444531,21.9,7,6,-0.24702218048093527,-0.9690098257244063,-0.7660444431189781,0.6427876096865393
2023-07-17,21.9,51987.34,0.0,92,1013.3,23.4,20.1,95,14.8,5.6,0.0,49.5894,37.223198,4.0,3.299999999999997,0.0,20.7,7,0,-0.2636654927280072,-0.9646141756912435,0.03489949670250097,0.9993908270190958
2023-07-18,20.7,51911.63,0.0,93,1014.3,22.1,19.2,95,10.0,3.9,0.0,49.5894,37.223198,4.0,2.900000000000002,0.0,22.7,7,1,-0.2802306751992161,-0.9599326896597445,-0.6293203910498378,0.7771459614569706
2023-07-19,22.7,51833.04,0.0,79,1011.9,25.1,19.1,72,6.9,0.0,2398.01,49.5894,37.223198,4.0,6.0,0.046264120337144034,24.5,7,2,-0.2967128192734901,-0.9549667548552553,-0.35836794954530043,-0.9335804264972017
2023-07-20,24.5,51751.68,0.0,79,1011.2,28.1,21.8,57,7.6,0.0,23238.72,49.5894,37.223198,4.0,6.300000000000001,0.4490428136825703,26.3,7,3,-0.3131070409358267,-0.9497178427914317,0.05233595624294381,-0.9986295347545738
2023-07-21,26.3,51667.69,0.0,76,1009.8,30.7,23.0,29,10.1,0.1,42286.01,49.5894,37.223198,4.0,7.699999999999999,0.8184226931763352,26.9,7,4,-0.3294084822245302,-0.9441875088341994,-0.9945218953682734,-0.10452846326765336
2023-07-22,26.9,51581.17,0.0,71,1011.7,32.0,22.7,4,13.0,0.0,43910.16,49.5894,37.223198,4.0,9.3,0.851282745234356,26.8,7,5,-0.3456123126707333,-0.9383773917408642,-0.8090169943749476,0.5877852522924729
2023-07-23,26.8,51492.25,0.0,68,1009.4,31.2,23.5,35,12.3,0.0,40629.18,49.5894,37.223198,4.0,7.699999999999999,0.7890348547596968,27.0,7,6,-0.3617137307297674,-0.9322892131745134,-0.945518575599317,0.3255681544571563
2023-07-24,27.0,51401.05,0.0,67,1005.0,31.5,22.9,22,12.5,0.0,43948.73,49.5894,37.223198,4.0,8.600000000000001,0.855016191303485,25.5,7,0,-0.37770796520396466,-0.9259247771938499,-0.9702957262759966,0.24192189559966742
2023-07-25,25.5,51307.7,0.0,72,1009.2,28.6,22.5,49,15.1,8.3,35567.01,49.5894,37.223198,4.0,6.100000000000001,0.6932099860254894,24.5,7,1,-0.39359027665646645,-0.9192859697186105,-0.9135454576426011,0.40673664307579976
2023-07-26,24.5,51212.3,0.0,79,1012.8,27.9,21.6,44,11.9,5.9,34872.77,49.5894,37.223198,4.0,6.299999999999997,0.6809452026173399,26.1,7,2,-0.4093559588156211,-0.9123747579707274,-0.9271838545667874,0.37460659341591196
2023-07-27,26.1,51114.96,0.0,71,1010.2,31.4,21.4,11,13.8,0.0,41385.16,49.5894,37.223198,4.0,10.0,0.8096486821079387,27.7,7,3,-0.42500033996955394,-0.9051931898913975,0.9986295347545738,-0.05233595624294384
2023-07-28,27.7,51015.82,0.0,70,1004.6,34.3,21.9,2,7.6,0.0,43806.01,49.5894,37.223198,4.0,12.399999999999999,0.8586750149267424,25.6,7,4,-0.4405187843504952,-0.8977433935342336,0.788010753606722,0.6156614753256583
2023-07-29,25.6,50914.97,0.0,83,1009.1,28.9,23.5,85,15.7,3.4,11698.12,49.5894,37.223198,4.0,5.399999999999999,0.2297579670576257,23.7,7,5,-0.455906693508459,-0.8900275764346766,-0.1736481776669304,0.984807753012208
2023-07-30,23.7,50812.52,0.0,92,1010.2,24.9,21.8,100,14.5,5.7,0.0,49.5894,37.223198,4.0,3.099999999999998,0.0,24.2,7,6,-0.47115950767386394,-0.8820480249558535,-0.35836794954530077,0.9335804264972015
2023-07-31,24.2,50708.59,0.0,87,1009.4,27.5,22.0,99,11.8,1.3,12032.41,49.5894,37.223198,4.0,5.5,0.2372854382265411,26.3,7,0,-0.4862727071086902,-0.8738071036110807,-0.9063077870366498,0.4226182617406996
2023-08-01,26.3,50603.27,0.0,75,1008.0,29.9,23.5,49,11.2,0.0,36720.2,49.5894,37.223198,4.0,6.399999999999999,0.7256487574814829,27.2,8,1,-0.5012418134457756,-0.8653072543632061,-0.984807753012208,-0.17364817766693033
2023-08-02,27.2,50496.68,0.0,74,1006.1,33.0,22.5,8,11.9,0.0,43522.32,49.5894,37.223198,4.0,10.5,0.8618847813361196,27.6,8,2,-0.5160623910158526,-0.8565509959010037,-0.8090169943749476,0.5877852522924729
2023-08-03,27.6,50388.93,0.0,74,1007.4,32.2,23.8,26,12.2,0.0,41057.28,49.5894,37.223198,4.0,8.400000000000002,0.8148075380842578,27.2,8,3,-0.5307300481619331,-0.8475409228928312,-0.9271838545667874,0.37460659341591196
2023-08-04,27.2,50280.09,0.0,62,1010.9,31.1,23.6,23,16.2,0.0,43384.8,49.5894,37.223198,4.0,7.5,0.862862417310709,27.8,8,4,-0.5452404385406507,-0.8382797052177745,-0.9396926207859083,0.342020143325669
2023-08-05,27.8,50170.28,0.0,51,1012.7,33.5,24.2,29,12.0,0.0,42852.23,49.5894,37.223198,4.0,9.3,0.8541357552718463,27.8,8,5,-0.5595892624101763,-0.828770087174504,-0.656059028990507,-0.7547095802227721
2023-08-06,27.8,50059.43,0.0,53,1009.1,33.0,23.6,25,10.9,0.0,42923.07,49.5894,37.223198,4.0,9.399999999999999,0.8574422441486049,28.9,8,6,-0.5737722679043243,-0.8190148866680802,-0.9975640502598242,-0.06975647374412558
2023-08-07,28.9,49946.68,0.0,59,1005.4,35.4,22.6,20,10.9,0.0,42603.89,49.5894,37.223198,4.0,12.799999999999997,0.8529874257908634,29.1,8,0,-0.5877852522924734,-0.8090169943749472,-0.45399049973954697,0.8910065241883678
2023-08-08,29.1,49831.97,0.0,68,1008.1,34.3,24.8,8,15.5,0.1,42458.61,49.5894,37.223198,4.0,9.499999999999996,0.8520355506715869,30.1,8,1,-0.6016240632249227,-0.7987793728863648,-0.7880107536067218,0.6156614753256585
2023-08-09,30.1,49715.43,0.0,61,1010.6,36.8,24.9,1,15.1,0.0,43013.69,49.5894,37.223198,4.0,11.899999999999999,0.8651979878279239,30.1,8,2,-0.6152845999633277,-0.7883050558305253,0.7313537016191705,0.6819983600624985
2023-08-10,30.1,49597.2,0.0,61,1012.5,37.3,24.8,0,15.3,0.0,42827.98,49.5894,37.223198,4.0,12.499999999999996,0.8635160855854768,30.0,8,3,-0.6287628145958345,-0.7775971469736268,0.7071067811865476,0.7071067811865476
2023-08-11,30.0,49477.37,0.0,59,1012.6,37.1,24.0,0,13.2,0.0,42777.38,49.5894,37.223198,4.0,13.100000000000001,0.8645847586482466,29.9,8,4,-0.6420547132365636,-0.7666588193001592,0.42261826174069944,0.9063077870366499
2023-08-12,29.9,49356.07,0.0,62,1013.1,36.3,24.7,1,14.9,0.0,42476.35,49.5894,37.223198,4.0,11.599999999999998,0.8606104578423687,29.4,8,5,-0.655156357209085,-0.7554933140726804,-0.6691306063588581,0.7431448254773942
2023-08-13,29.4,49233.42,0.0,64,1014.5,35.3,24.0,1,13.4,0.0,42702.38,49.5894,37.223198,4.0,11.299999999999997,0.867345392621516,29.0,8,6,-0.6680638642135333,-0.7441039398713608,-0.7071067811865477,0.7071067811865474
2023-08-14,29.0,49109.54,0.0,64,1016.8,34.3,24.2,3,11.8,0.0,42498.06,49.5894,37.223198,4.0,10.099999999999998,0.865372797220255,28.8,8,0,-0.6807734094770159,-0.7324940716135792,-0.3090169943749477,0.9510565162951535
2023-08-15,28.8,48984.52,0.0,58,1015.6,35.5,22.7,6,16.6,0.0,42287.88,49.5894,37.223198,4.0,12.8,0.8632906885685518,27.3,8,1,-0.6932812268869771,-0.7206671495538615,0.8290375725550417,0.5591929034707468
2023-08-16,27.3,48858.49,0.0,55,1013.7,33.8,21.0,0,15.5,0.0,42537.84,49.5894,37.223198,4.0,12.799999999999997,0.8706335377945573,27.0,8,2,-0.7055836101071774,-0.70862667826446,0.45399049973954675,0.8910065241883679
2023-08-17,27.0,48731.54,0.0,55,1011.7,34.0,20.5,0,13.6,0.0,42488.63,49.5894,37.223198,4.0,13.5,0.8718917973862512,27.1,8,3,-0.7176769136759615,-0.6963762255968726,0.3255681544571567,0.9455185755993168
2023-08-18,27.1,48603.78,0.0,60,1011.5,33.2,21.6,28,14.4,0.0,41615.17,49.5894,37.223198,4.0,11.600000000000001,0.8562126237918121,27.1,8,4,-0.7295575540864876,-0.6839194216246105,-0.7071067811865477,0.7071067811865474
2023-08-19,27.1,48475.31,0.0,63,1012.5,31.7,23.0,46,13.7,0.0,36584.21,49.5894,37.223198,4.0,8.7,0.754697803892332,26.6,8,5,-0.7412220108485957,-0.6712599575675315,-0.7193398003386511,0.6946583704589973
2023-08-20,26.6,48346.24,0.0,70,1014.1,30.1,23.7,39,15.4,0.3,33095.7,49.5894,37.223198,4.0,6.400000000000002,0.6845558206801604,27.9,8,6,-0.7526668275320083,-0.6584015846980489,-0.9816271834476639,0.1908089953765451
2023-08-21,27.9,48216.66,0.0,64,1012.0,34.5,23.4,13,16.2,0.0,41542.52,49.5894,37.223198,4.0,11.100000000000001,0.8615802089983005,28.5,8,0,-0.7638886127905429,-0.64534811322955,0.9998476951563913,-0.017452406437283477
2023-08-22,28.5,48086.66,0.0,66,1010.2,34.7,22.9,10,10.6,0.0,41755.67,49.5894,37.223198,4.0,11.800000000000004,0.8683420724167574,29.4,8,1,-0.7748840413670406,-0.6321034111873488,-0.9659258262890684,0.2588190451025203
2023-08-23,29.4,47956.36,0.0,63,1010.8,35.8,25.1,10,16.6,0.0,40569.72,49.5894,37.223198,4.0,10.699999999999996,0.84597162920622,29.1,8,2,-0.7856498550787144,-0.6186714032625032,0.6691306063588582,0.7431448254773942
2023-08-24,29.1,47825.83,0.0,68,1008.7,35.5,24.5,29,13.2,0.0,38362.41,49.5894,37.223198,4.0,11.0,0.8021274277937257,26.0,8,3,-0.7961828637826154,-0.6050560696488494,0.17364817766693033,0.984807753012208
2023-08-25,26.0,47695.16,0.0,84,1008.8,29.2,22.4,96,15.6,8.5,27489.38,49.5894,37.223198,4.0,6.800000000000001,0.5763557560138177,22.0,8,4,-0.8064799463209447,-0.5912614448635782,-0.7547095802227722,0.656059028990507
2023-08-26,22.0,47564.29,0.0,94,1014.0,23.2,20.8,96,14.3,13.3,0.0,49.5894,37.223198,4.0,2.3999999999999986,0.0,22.7,8,5,-0.8165380514459157,-0.5772916165517278,-0.4383711467890778,0.8987940462991668
2023-08-27,22.7,47432.3,0.0,83,1013.9,25.9,20.8,73,9.4,0.3,11771.5,49.5894,37.223198,4.0,5.099999999999998,0.24817476698367988,24.7,8,6,-0.8263541987239094,-0.5631507242749187,-0.6819983600624983,0.7313537016191707
2023-08-28,24.7,47299.11,0.0,74,1006.1,30.4,21.1,25,9.9,0.0,40527.64,49.5894,37.223198,4.0,9.299999999999997,0.856837263956975,24.9,8,0,-0.8359254794186365,-0.5488429582847199,-0.9781476007338056,-0.2079116908177598
2023-08-29,24.9,47164.82,0.0,75,1004.5,29.0,21.4,61,16.3,0.1,32400.0,49.5894,37.223198,4.0,7.600000000000001,0.686952690585907,21.9,8,1,-0.8452490573530634,-0.5343725582809785,-0.945518575599317,0.3255681544571563
2023-08-30,21.9,47029.55,0.0,93,1012.8,23.5,20.6,94,20.9,10.7,12109.58,49.5894,37.223198,4.0,2.8999999999999986,0.25748874909498387,23.9,8,2,-0.8543221697498269,-0.5197438121555157,-0.8829475928589271,0.4694715627858904
2023-08-31,23.9,46893.39,0.0,81,1014.5,28.0,21.2,51,9.7,0.0,26028.3,49.5894,37.223198,4.0,6.800000000000001,0.5550526417475896,25.8,8,3,-0.8631421280499115,-0.5049610547215202,-0.1045284632676535,-0.9945218953682733
2023-09-01,25.8,46756.42,0.0,74,1013.4,32.0,21.0,11,12.5,0.0,39632.48,49.5894,37.223198,4.0,11.0,0.8476371800920602,26.4,9,4,-0.8717063187093217,-0.4900286664290594,-0.5000000000000004,0.8660254037844384
2023-09-02,26.4,46618.76,0.0,70,1013.0,32.3,21.9,10,13.0,0.0,40058.14,49.5894,37.223198,4.0,10.399999999999999,0.8592708171560118,25.6,9,5,-0.8800122039735356,-0.4749510720670502,-0.3090169943749477,0.9510565162951535
2023-09-03,25.6,46480.49,0.0,74,1013.2,29.0,23.0,61,9.6,0.0,18513.6,49.5894,37.223198,4.0,6.0,0.39830905397081656,25.9,9,6,-0.888057322629493,-0.4597327394521046,0.05233595624294381,-0.9986295347545738
2023-09-04,25.9,46341.71,0.0,75,1010.8,31.2,23.0,57,17.5,0.0,30718.66,49.5894,37.223198,4.0,8.2,0.6628728201872568,27.0,9,0,-0.8958392907349089,-0.4443781781046134,-0.961261695938319,-0.2756373558169989
2023-09-05,27.0,46202.5,0.0,73,1011.4,32.8,23.2,5,14.0,0.0,39955.78,49.5894,37.223198,4.0,9.599999999999998,0.8647969265732374,27.6,9,1,-0.9033558023246842,-0.4288919379124841,0.8290375725550417,0.5591929034707468
2023-09-06,27.6,46062.95,0.0,76,1009.9,33.7,22.5,9,12.0,0.0,39692.75,49.5894,37.223198,4.0,11.200000000000003,0.8617066427573571,25.2,9,2,-0.9106046300942162,-0.41327860778290443,-0.5877852522924734,0.8090169943749473
2023-09-07,25.2,45923.16,0.0,87,1012.6,28.2,23.0,83,14.6,8.2,23433.53,49.5894,37.223198,4.0,5.199999999999999,0.5102769495827377,23.4,9,3,-0.9175836260593934,-0.3975428142825566,-0.7880107536067218,0.6156614753256585
2023-09-08,23.4,45783.2,0.0,92,1012.4,24.2,22.2,100,10.0,9.4,727.95,49.5894,37.223198,4.0,2.0,0.015899937094829546,23.0,9,4,-0.9242907221930934,-0.3816892202666586,0.224951054343865,0.9743700647852352
2023-09-09,23.0,45643.18,0.0,86,1008.9,26.5,21.1,97,12.9,2.5,14400.0,49.5894,37.223198,4.0,5.399999999999999,0.3154907261062879,21.4,9,5,-0.9307239310379793,-0.3657225234972692,-0.7547095802227722,0.656059028990507
2023-09-10,21.4,45503.16,0.0,90,1010.9,25.0,18.6,92,18.7,9.7,18834.52,49.5894,37.223198,4.0,6.399999999999999,0.41391674775993575,20.4,9,6,-0.9368813462954315,-0.34964745525122826,-0.35836794954530077,0.9335804264972015
2023-09-11,20.4,45363.24,0.0,74,1015.0,23.5,18.5,79,15.1,0.3,27960.75,49.5894,37.223198,4.0,5.0,0.6163746240347912,21.1,9,0,-0.9427611433904206,-0.33346877891818705,0.8910065241883678,0.4539904997395468
2023-09-12,21.1,45223.5,0.0,78,1014.1,24.2,18.7,61,11.0,0.0,28864.58,49.5894,37.223198,4.0,5.5,0.6382650613066216,21.0,9,1,-0.9483615800121716,-0.31719128858910595,-0.9816271834476639,0.1908089953765451
2023-09-13,21.0,45084.02,0.0,85,1015.3,24.0,19.2,69,17.1,5.1,36080.15,49.5894,37.223198,4.0,4.800000000000001,0.800286886573114,18.6,9,2,-0.9536809966304455,-0.300819807635668,-0.8290375725550416,0.559192903470747
2023-09-14,18.6,44944.88,0.0,93,1017.3,19.6,17.5,100,17.1,19.1,0.0,49.5894,37.223198,4.0,2.1000000000000014,0.0,19.5,9,3,-0.9587178169872964,-0.2843591872810036,-0.9612616959383188,0.2756373558169994
2023-09-15,19.5,44806.0,0.0,88,1018.5,21.1,18.2,89,14.3,3.1,0.0,49.5894,37.223198,4.0,2.900000000000002,0.0,21.3,9,4,-0.9634705485641486,-0.26781430516217486,-0.882947592858927,-0.46947156278589075
2023-09-16,21.3,44666.45,0.0,77,1016.3,25.9,17.9,21,9.0,0.0,34415.37,49.5894,37.223198,4.0,8.0,0.7704970956948672,22.0,9,5,-0.9679377830240642,-0.25119006388481957,-0.992546151641322,0.12186934340514768
2023-09-17,22.0,44526.14,0.0,79,1014.3,26.0,19.1,68,11.2,1.3,30921.0,49.5894,37.223198,4.0,6.899999999999999,0.6944460040776047,18.5,9,6,-0.9721181966290612,-0.23449138957041052,-1.0,-1.8369701987210297e-16
2023-09-18,18.5,44385.16,0.0,95,1016.9,20.3,17.1,99,32.4,15.9,0.0,49.5894,37.223198,4.0,3.1999999999999993,0.0,16.8,9,0,-0.9760105506323682,-0.21772323039653224,-0.891006524188368,0.45399049973954664
2023-09-19,16.8,44243.61,0.0,95,1023.0,17.8,16.1,99,26.5,25.0,0.0,49.5894,37.223198,4.0,1.6999999999999993,0.0,18.9,9,1,-0.9796136916454901,-0.20089055513063528,-0.9063077870366498,0.4226182617406996
2023-09-20,18.9,44101.57,0.0,91,1021.7,21.0,17.1,100,6.9,1.2,0.0,49.5894,37.223198,4.0,3.8999999999999986,0.0,20.6,9,2,-0.9829265519799822,-0.18399835165767986,-0.9993908270190958,-0.03489949670250076
2023-09-21,20.6,43959.14,0.0,86,1020.3,24.0,18.9,63,9.4,0.4,21715.11,49.5894,37.223198,4.0,5.100000000000001,0.49398395873986617,21.6,9,3,-0.9859481499638303,-0.1670516255021195,-0.9993908270190958,0.03489949670250128
2023-09-22,21.6,43816.41,0.0,80,1021.5,25.8,18.0,34,8.5,0.0,33222.86,49.5894,37.223198,4.0,7.800000000000001,0.7582287092895105,21.5,9,4,-0.9886775902323404,-0.15005539834465262,-0.9396926207859084,-0.34202014332566855
2023-09-23,21.5,43673.45,0.0,77,1021.8,25.5,18.6,29,10.1,0.0,38189.71,49.5894,37.223198,4.0,6.899999999999999,0.8744376732316774,21.7,9,5,-0.9911140639934546,-0.13301470653419636,-0.9876883405951377,-0.15643446504023104
2023-09-24,21.7,43530.36,0.0,77,1019.4,25.8,18.4,56,11.3,0.0,36579.81,49.5894,37.223198,4.0,7.400000000000002,0.8403286809481934,20.8,9,6,-0.9932568492674143,-0.11593459959550066,-0.9455185755993168,-0.32556815445715664
2023-09-25,20.8,43387.23,0.0,87,1017.9,23.9,18.6,94,14.4,6.1,16521.87,49.5894,37.223198,4.0,5.299999999999997,0.38080029538645355,19.1,9,0,-0.9951053111006974,-0.09882013873287211,-0.9396926207859083,0.342020143325669
2023-09-26,19.1,43244.13,0.0,88,1020.8,21.5,18.0,99,17.5,13.0,1894.06,49.5894,37.223198,4.0,3.5,0.04379923934184825,19.9,9,1,-0.99665890175417,-0.08167639533042288,-0.9961946980917455,0.08715574274765789
2023-09-27,19.9,43101.17,0.0,86,1022.2,23.8,17.4,44,9.4,0.5,25560.18,49.5894,37.223198,4.0,6.400000000000002,0.5930275210626533,20.8,9,2,-0.9979171608653922,-0.06450844944931625,-0.9975640502598243,0.06975647374412522
2023-09-28,20.8,42958.43,0.0,80,1021.0,25.0,17.4,21,9.0,0.0,31786.23,49.5894,37.223198,4.0,7.600000000000001,0.7399299741633947,20.9,9,3,-0.9988797155850335,-0.04732138832243232,-0.2419218955996675,-0.9702957262759965
2023-09-29,20.9,42815.99,0.0,81,1019.1,25.3,17.9,12,9.8,0.0,38449.46,49.5894,37.223198,4.0,7.400000000000002,0.8980163719208641,21.2,9,4,-0.9995462806873573,-0.03012030484690836,-0.5877852522924734,0.8090169943749473
2023-09-30,21.2,42673.94,0.0,78,1015.9,25.1,18.0,73,13.4,0.0,35035.29,49.5894,37.223198,4.0,7.100000000000001,0.8209996545901316,21.5,9,5,-0.9999166586547379,-0.012910296075008843,1.2246467991473532e-16,-1.0
2023-10-01,21.5,42532.38,0.0,77,1013.3,25.8,18.6,54,10.4,0.0,36194.5,49.5894,37.223198,4.0,7.199999999999999,0.8509869421838139,21.0,10,6,-0.9999907397361901,0.004303538296243821,-0.7771459614569706,-0.6293203910498378
2023-10-02,21.0,42391.38,0.0,81,1009.4,26.5,17.4,67,10.9,0.0,26530.21,49.5894,37.223198,4.0,9.100000000000001,0.625839734398833,21.6,10,0,-0.9997685019798909,0.021516097436222233,-0.8660254037844385,-0.5000000000000004
2023-10-03,21.6,42251.05,0.0,84,1013.7,26.1,17.3,80,14.8,8.9,32798.55,49.5894,37.223198,4.0,8.8,0.7762777493103722,18.8,10,1,-0.9992500112396835,0.03872228089217399,-0.8829475928589271,0.4694715627858904
2023-10-04,18.8,42111.46,0.0,93,1018.7,20.2,17.4,94,21.7,20.4,0.0,49.5894,37.223198,4.0,2.8000000000000007,0.0,16.1,10,2,-0.9984354211555643,0.05591699010060302,-0.9612616959383188,0.2756373558169994
2023-10-05,16.1,41972.54,0.0,87,1023.3,19.8,12.6,67,20.7,24.8,18258.86,49.5894,37.223198,4.0,7.200000000000001,0.43501918158872444,17.3,10,3,-0.9973249731081555,0.07309512989807776,-0.9510565162951535,-0.30901699437494756
2023-10-06,17.3,41833.26,0.0,79,1019.6,22.5,12.9,17,10.5,0.0,36758.43,49.5894,37.223198,4.0,9.6,0.8786891100526232,18.7,10,4,-0.9959189961471792,0.0902516100310407,0.8660254037844387,-0.4999999999999998
2023-10-07,18.7,41693.55,0.0,80,1018.9,23.1,13.8,26,10.4,0.1,37087.45,49.5894,37.223198,4.0,9.3,0.8895248785483605,19.7,10,5,-0.994217906893952,0.10738134666416306,-0.9975640502598242,-0.06975647374412558
2023-10-08,19.7,41553.49,0.0,81,1015.0,24.7,16.3,8,10.5,0.0,36762.77,49.5894,37.223198,4.0,8.399999999999999,0.8847095635047741,20.8,10,6,-0.9922222094179324,0.12447926388678869,0.10452846326765373,-0.9945218953682733
2023-10-09,20.8,41413.2,0.0,84,1010.7,26.2,15.4,64,13.6,5.5,35472.13,49.5894,37.223198,4.0,10.799999999999999,0.8565416340683647,18.1,10,0,-0.989932495087353,0.141540295217043,-0.9993908270190958,0.03489949670250128
2023-10-10,18.1,41272.77,0.0,95,1017.6,19.0,17.4,100,16.8,38.8,0.0,49.5894,37.223198,4.0,1.6000000000000014,0.0,16.8,10,1,-0.9873494423939864,0.15855938510313475,-0.9743700647852352,0.22495105434386492
2023-10-11,16.8,41132.3,0.0,91,1019.3,18.2,14.7,100,15.5,4.9,0.0,49.5894,37.223198,4.0,3.5,0.0,14.7,10,2,-0.9844738167520923,0.17553149042142777,-0.945518575599317,0.3255681544571563
2023-10-12,14.7,40991.9,0.0,95,1030.5,15.8,13.6,99,19.8,49.8,0.0,49.5894,37.223198,4.0,2.200000000000001,0.0,16.1,10,3,-0.9813064702716093,0.19245158197082995,-0.27563735581699894,0.9612616959383189
2023-10-13,16.1,40851.66,0.0,89,1023.5,18.7,13.9,93,8.4,1.9,17858.13,49.5894,37.223198,4.0,4.799999999999999,0.43714576102904995,16.3,10,4,-0.9778483415056567,0.20931464596304888,-0.9925461516413221,-0.12186934340514717
2023-10-14,16.3,40711.7,0.0,92,1022.4,19.0,14.1,63,9.5,0.5,8661.83,49.5894,37.223198,4.0,4.9,0.21276021389428593,17.0,10,5,-0.9741004551724206,0.22611568550828803,-0.9702957262759965,-0.24192189559966779
2023-10-15,17.0,40572.11,0.0,86,1017.4,21.6,13.2,22,10.7,0.0,34016.5,49.5894,37.223198,4.0,8.400000000000002,0.8384207772284952,17.8,10,6,-0.970063921851507,0.2428497220959358,0.6427876096865395,-0.7660444431189779
2023-10-16,17.8,40433.01,0.0,87,1008.9,23.5,13.6,46,9.9,0.0,32518.01,49.5894,37.223198,4.0,9.9,0.8042441064862595,18.3,10,0,-0.965739937654855,0.25951179706979943,-0.7193398003386512,-0.6946583704589973
2023-10-17,18.3,40294.49,0.0,90,1016.6,23.0,15.8,84,12.5,18.5,26069.69,49.5894,37.223198,4.0,7.199999999999999,0.6469790286463484,17.7,10,1,-0.9611297838723007,0.27609697309746883,-0.19080899537654467,0.981627183447664
2023-10-18,17.7,40156.68,0.0,91,1018.5,20.2,16.5,94,10.6,6.1,15859.71,49.5894,37.223198,4.0,3.6999999999999993,0.394945747507015,18.5,10,2,-0.9562348265919058,0.2926003356333479,-0.8829475928589271,0.4694715627858904
2023-10-19,18.5,40019.68,0.0,88,1015.2,24.0,14.8,70,18.4,10.9,30930.58,49.5894,37.223198,4.0,9.2,0.772884240953451,16.3,10,3,-0.9510565162951536,0.30901699437494723,-0.9702957262759966,0.24192189559966742
2023-10-20,16.3,39883.6,0.0,93,1022.2,18.9,14.4,63,12.3,8.8,17248.78,49.5894,37.223198,4.0,4.499999999999998,0.432478011012045,18.0,10,4,-0.9455963874271428,0.3253420847119795,-0.9781476007338056,0.20791169081775943
2023-10-21,18.0,39748.56,0.0,87,1017.6,23.0,14.1,32,10.7,0.0,32470.2,49.5894,37.223198,4.0,8.9,0.8168899703536431,19.4,10,5,-0.9398560579418953,0.341570769167856,-0.9876883405951377,-0.15643446504023104
2023-10-22,19.4,39614.68,0.0,77,1021.2,25.5,15.1,14,10.1,0.0,33179.66,49.5894,37.223198,4.0,10.4,0.8375597127125601,18.4,10,6,-0.9338372288229252,0.35769823883312546,-0.9396926207859084,-0.34202014332566855
2023-10-23,18.4,39482.07,0.0,86,1020.3,22.4,15.0,28,8.8,0.0,32689.39,49.5894,37.223198,4.0,7.399999999999999,0.8279553225046205,18.4,10,0,-0.9275416835791965,0.3737197147904692,-0.8290375725550418,-0.5591929034707466
2023-10-24,18.4,39350.86,0.0,86,1013.1,23.5,14.4,43,10.1,0.0,32829.27,49.5894,37.223198,4.0,9.1,0.8342707122538109,19.0,10,1,-0.9209712877166347,0.38963044953078774,-0.8571673007021121,-0.5150380749100544
2023-10-25,19.0,39220.96,0.0,85,1016.0,23.0,15.4,60,13.0,0.2,32513.85,49.5894,37.223198,4.0,7.6,0.8289916921972333,19.0,10,2,-0.9141279881853337,0.4054257283599973,-0.9816271834476639,0.1908089953765451
2023-10-26,19.0,39091.27,0.0,87,1013.9,25.1,15.1,68,7.8,0.0,29987.1,49.5894,37.223198,4.0,10.000000000000002,0.7671047781256531,19.8,10,3,-0.9070138128026362,0.42110087079608916,-0.6946583704589973,-0.7193398003386511
2023-10-27,19.8,38961.67,0.0,86,1011.6,26.4,14.6,78,8.7,0.0,32720.65,49.5894,37.223198,4.0,11.799999999999999,0.8398164144401409,19.6,10,4,-0.8996308696522434,0.4366512319560638,-0.5591929034707467,-0.8290375725550417
2023-10-28,19.6,38832.3,0.0,78,1011.7,26.1,15.1,23,11.9,0.0,32400.0,49.5894,37.223198,4.0,11.000000000000002,0.8343569657218346,20.2,10,5,-0.8919813464595487,0.45207220393230374,-0.6018150231520484,-0.7986355100472928
2023-10-29,20.2,38703.29,0.0,76,1015.2,26.5,14.9,27,10.4,0.1,32990.4,49.5894,37.223198,4.0,11.6,0.8523926518908341,17.5,10,6,-0.8840675099433637,0.46735921715800205,-0.9902680687415703,-0.13917310096006583
2023-10-30,17.5,38574.74,0.0,88,1026.4,20.4,13.4,95,18.4,1.9,4684.48,49.5894,37.223198,4.0,6.999999999999998,0.12143905571366131,16.8,10,0,-0.8758917051442433,0.48250774176121763,-0.8660254037844386,0.5000000000000001
2023-10-31,16.8,38446.78,0.0,81,1026.5,20.4,13.5,99,6.7,0.0,24308.6,49.5894,37.223198,4.0,6.899999999999999,0.6322662131913258,17.2,10,1,-0.8674563547295971,0.4975132889071803,-0.48480962024633695,-0.8746197071393959
2023-11-01,17.2,38319.54,0.0,85,1020.8,21.4,14.2,98,7.7,0.0,16363.65,49.5894,37.223198,4.0,7.199999999999999,0.42703148315454725,18.0,11,2,-0.858763958275803,0.5123714121284235,-0.4067366430758002,-0.9135454576426009
2023-11-02,18.0,38193.15,0.0,94,1015.8,23.0,14.3,91,7.1,0.0,23662.77,49.5894,37.223198,4.0,8.7,0.6195553391118565,19.0,11,3,-0.8498170915275277,0.5270777086423724,-0.9510565162951535,-0.30901699437494756
2023-11-03,19.0,38067.74,0.0,90,1012.3,24.1,14.5,68,8.7,0.0,21836.89,49.5894,37.223198,4.0,9.600000000000001,0.5736324247249771,16.7,11,4,-0.8406184056344783,0.5416278206559811,-0.5000000000000001,-0.8660254037844386
2023-11-04,16.7,37943.43,0.0,96,1016.2,17.6,15.9,97,18.4,78.5,0.0,49.5894,37.223198,4.0,1.700000000000001,0.0,17.5,11,5,-0.8311706263658079,0.5560174366570446,-0.9925461516413221,-0.12186934340514717
2023-11-05,17.5,37820.38,0.0,89,1015.9,22.4,13.2,11,7.6,0.1,32400.0,49.5894,37.223198,4.0,9.2,0.8566809746491179,17.2,11,6,-0.8214765533024145,0.5702422926917867,0.7071067811865476,-0.7071067811865475
2023-11-06,17.2,37698.7,0.0,89,1011.3,23.0,12.3,49,7.9,0.0,32400.0,49.5894,37.223198,4.0,10.7,0.8594460816951248,18.1,11,0,-0.8115390590073611,0.5842981736283683,-0.7986355100472928,-0.6018150231520483
2023-11-07,18.1,37578.56,0.0,82,1018.8,22.9,14.9,61,12.6,5.6,32400.0,49.5894,37.223198,4.0,7.999999999999998,0.8621937615491387,15.7,11,1,-0.801361088174677,0.5981809144059158,0.9455185755993167,0.32556815445715676
2023-11-08,15.7,37460.08,0.0,90,1024.1,18.9,11.8,26,9.4,0.1,31592.43,49.5894,37.223198,4.0,7.099999999999998,0.8433625875865721,15.9,11,2,-0.7909456567567774,0.6118864012687242,0.7313537016191706,-0.6819983600624984
2023-11-09,15.9,37343.41,0.0,89,1015.4,21.9,11.4,39,7.3,0.0,32400.0,49.5894,37.223198,4.0,10.499999999999998,0.8676229621237053,16.3,11,3,-0.780295851070776,0.6254105729852457,-0.3090169943749473,-0.9510565162951536
2023-11-10,16.3,37228.71,0.0,94,1022.7,18.5,15.0,100,11.4,9.0,0.0,49.5894,37.223198,4.0,3.5,0.0,16.2,11,4,-0.7694148268839381,0.6387494220515268,-0.544639035015027,0.838670567945424
2023-11-11,16.2,37116.13,0.0,91,1025.7,18.6,13.8,86,9.5,4.7,24196.58,49.5894,37.223198,4.0,4.800000000000001,0.6519154879563145,16.7,11,5,-0.7583058084785625,0.6518989958787125,-0.9781476007338056,0.20791169081775943
2023-11-12,16.7,37005.81,0.0,91,1019.7,21.5,13.6,81,7.1,0.0,28800.0,49.5894,37.223198,4.0,7.9,0.7782561711255611,16.9,11,6,-0.7469720876965551,0.6648553979642866,-0.5446390350150271,-0.838670567945424
2023-11-13,16.9,36897.92,0.0,82,1017.2,22.9,11.8,58,9.4,0.0,28792.79,49.5894,37.223198,4.0,11.099999999999998,0.7803363983660868,18.8,11,0,-0.7354170229639858,0.6776147890466887,-0.8571673007021121,-0.5150380749100544
2023-11-14,18.8,36792.4,0.0,89,1012.7,24.8,14.6,57,13.9,0.0,32400.0,49.5894,37.223198,4.0,10.200000000000001,0.880616649090573,16.6,11,1,-0.7236440382959124,0.690173388242972,-0.9396926207859084,-0.34202014332566855
2023-11-15,16.6,36688.17,0.0,87,1014.6,19.4,14.0,96,9.0,0.4,9848.59,49.5894,37.223198,4.0,5.399999999999999,0.2684404809506716,19.7,11,2,-0.711656622281775,0.7025274741691566,-0.7986355100472928,-0.6018150231520483
2023-11-16,19.7,36585.14,0.0,62,1007.7,25.6,15.6,22,25.1,0.0,32400.0,49.5894,37.223198,4.0,10.000000000000002,0.8856054671377505,17.4,11,3,-0.6994583270516471,0.7146733860429608,-0.5000000000000001,-0.8660254037844386
2023-11-17,17.4,36483.43,0.0,74,1014.1,24.1,13.2,63,25.2,9.4,25200.0,49.5894,37.223198,4.0,10.900000000000002,0.6907245289162779,15.5,11,4,-0.6870527672236675,0.7266075247685652,-0.9659258262890683,-0.25881904510252063
2023-11-18,15.5,36383.17,0.0,90,1015.8,20.0,13.0,78,7.1,0.0,32159.29,49.5894,37.223198,4.0,7.0,0.8839056629754912,16.6,11,5,-0.6744436188329457,0.7383263540031063,-0.7071067811865475,-0.7071067811865477
2023-11-19,16.6,36284.49,0.0,80,1008.4,21.6,12.6,42,21.7,0.0,25200.0,49.5894,37.223198,4.0,9.000000000000002,0.6945116219078731,21.3,11,6,-0.661634618242279,0.749826401204568,0.13917310096006533,-0.9902680687415704
2023-11-20,21.3,36187.51,0.0,40,998.9,26.1,19.0,66,29.0,0.5,14776.31,49.5894,37.223198,4.0,7.100000000000001,0.40832624294957015,14.3,11,0,-0.6486295610349818,0.7611042586607742,-0.29237170472273677,-0.9563047559630354
2023-11-21,14.3,36092.37,0.0,70,1009.1,19.0,9.8,33,24.5,3.0,32400.0,49.5894,37.223198,4.0,9.2,0.8976966599865843,13.0,11,1,-0.6354323008901775,0.7721565844991641,-0.8290375725550418,-0.5591929034707466
2023-11-22,13.0,35999.2,0.0,63,1020.6,18.0,7.2,7,19.5,0.0,32369.5,49.5894,37.223198,4.0,10.8,0.8991727593946532,14.3,11,2,-0.622046748440868,0.7829801036770624,-0.5299192642332048,-0.8480480961564261
2023-11-23,14.3,35908.12,0.0,62,1012.3,22.7,7.2,91,25.7,0.2,25737.2,49.5894,37.223198,4.0,15.5,0.7167515314084948,13.4,11,3,-0.6084768701151264,0.7935716089521472,-0.5299192642332048,-0.8480480961564261
2023-11-24,13.4,35819.29,0.0,85,1012.7,18.7,9.6,33,9.4,0.4,30535.7,49.5894,37.223198,4.0,9.1,0.8524931677875246,16.4,11,4,-0.594726686960764,0.8039279618328208,-0.5446390350150271,-0.838670567945424
2023-11-25,16.4,35732.84,0.0,57,1008.4,24.5,7.2,51,35.9,0.0,32275.7,49.5894,37.223198,4.0,17.3,0.9032503433816065,23.0,11,5,-0.5808002734538013,0.8140460935082175,-0.32556815445715676,-0.9455185755993167
2023-11-26,23.0,35648.89,0.0,27,1004.7,24.7,20.5,29,31.9,0.0,29117.67,49.5894,37.223198,4.0,4.199999999999999,0.8167903685079675,21.6,11,6,-0.5667017562911184,0.8239230057575536,-0.1045284632676535,-0.9945218953682733
2023-11-27,21.6,35567.62,0.0,51,1003.5,26.5,15.5,51,36.1,1.3,32158.28,49.5894,37.223198,4.0,11.0,0.9041448373548749,11.2,11,0,-0.5524353131676203,0.8335557718385695,-0.34202014332566866,-0.9396926207859084
2023-11-28,11.2,35489.14,0.0,93,1019.8,15.1,9.9,100,19.6,16.8,0.0,49.5894,37.223198,4.0,5.199999999999999,0.0,11.7,11,1,-0.5380051715382992,0.8429415373547832,-0.9335804264972017,0.3583679495453004
2023-11-29,11.7,35413.6,0.0,88,1021.4,16.2,8.5,54,9.2,0.7,24978.39,49.5894,37.223198,4.0,7.699999999999999,0.7053332617977275,12.3,11,2,-0.5234156073655503,0.8520775211013093,-0.8571673007021121,-0.5150380749100544
2023-11-30,12.3,35341.14,0.0,90,1016.9,18.0,8.6,76,10.0,0.0,31291.09,49.5894,37.223198,4.0,9.4,0.8854012632303316,13.7,11,3,-0.5086709438521042,0.8609610158889945,-0.6293203910498376,-0.7771459614569708
2023-12-01,13.7,35271.93,0.0,85,1022.2,18.3,9.4,25,10.4,0.0,31831.48,49.5894,37.223198,4.0,8.9,0.9024592643498669,12.2,12,4,-0.49377555015997737,0.8695893893466109,-0.08715574274765794,-0.9961946980917455
2023-12-02,12.2,35206.09,0.0,88,1017.9,18.3,8.9,26,8.7,0.0,31250.68,49.5894,37.223198,4.0,9.4,0.8876498355824235,12.3,12,5,-0.4787338401157883,0.8779600847008883,-0.7193398003386512,-0.6946583704589973
2023-12-03,12.3,35143.78,0.0,77,1017.3,19.5,6.0,0,9.7,0.0,31689.21,49.5894,37.223198,4.0,13.5,0.9017018089687564,12.5,12,6,-0.4635502709028512,0.8860706215341378,-0.46947156278589086,-0.8829475928589269
2023-12-04,12.5,35085.0,0.0,76,1017.2,19.9,6.3,29,10.5,0.0,31623.97,49.5894,37.223198,4.0,13.599999999999998,0.901352999857489,12.5,12,0,-0.4482293417404106,0.893918596519257,-0.7431448254773944,-0.6691306063588581
2023-12-05,12.5,35029.05,0.0,80,1022.2,18.4,5.3,40,14.8,0.3,31562.04,49.5894,37.223198,4.0,13.099999999999998,0.9010247209102159,12.1,12,1,-0.4327755925504317,0.9015016841318838,-0.9781476007338056,-0.2079116908177598
2023-12-06,12.1,34975.84,0.0,91,1020.0,16.9,8.9,81,9.0,0.5,17428.65,49.5894,37.223198,4.0,7.999999999999998,0.49830540167155396,12.9,12,2,-0.41719360261231697,0.9088176373395028,-0.3090169943749473,-0.9510565162951536
2023-12-07,12.9,34925.45,0.0,91,1016.8,17.2,8.4,89,13.7,1.7,19842.08,49.5894,37.223198,4.0,8.799999999999999,0.5681266812596546,13.2,12,3,-0.4014879892059737,0.9158642882672868,-0.9902680687415704,0.13917310096006547
2023-12-08,13.2,34877.94,0.0,94,1023.4,14.4,12.4,100,13.4,15.0,3600.0,49.5894,37.223198,4.0,2.0,0.10321710513866357,13.3,12,4,-0.38566340624360745,0.9226395488404875,-0.9876883405951378,0.15643446504023067
2023-12-09,13.3,34833.37,0.0,89,1020.1,16.8,9.9,99,13.4,0.5,9908.09,49.5894,37.223198,4.0,6.9,0.2844424757064849,16.8,12,5,-0.3697245428906732,0.9291414114031743,-0.587785252292473,-0.8090169943749475
2023-12-10,16.8,34791.8,0.0,70,1015.2,24.0,10.7,85,33.0,0.0,29969.69,49.5894,37.223198,4.0,13.3,0.8614009622957133,13.1,12,6,-0.3536761221763721,0.935367949313148,-0.6427876096865393,-0.766044443118978
2023-12-11,13.1,34753.3,0.0,89,1025.0,14.3,11.1,99,14.9,1.4,378.11,49.5894,37.223198,4.0,3.200000000000001,0.010879830116852212,12.7,12,0,-0.33752289959411347,0.941317317512847,0.984807753012208,0.17364817766693041
2023-12-12,12.7,34717.92,0.0,88,1019.3,16.4,10.6,98,6.6,1.5,16704.42,49.5894,37.223198,4.0,5.799999999999999,0.4811469120269878,12.2,12,1,-0.32126966169236515,0.9469877530760751,-0.3090169943749473,-0.9510565162951536
2023-12-13,12.2,34685.72,0.0,94,1013.2,14.2,10.8,100,16.6,11.6,0.0,49.5894,37.223198,4.0,3.3999999999999986,0.0,10.4,12,2,-0.3049212246562894,0.9523775757303973,-0.9563047559630353,-0.2923717047227371
2023-12-14,10.4,34656.76,0.0,94,1020.3,11.6,9.8,100,19.1,30.6,0.0,49.5894,37.223198,4.0,1.799999999999999,0.0,10.1,12,3,-0.2884824328806098,0.9574851883550389,-0.5735764363510465,0.8191520442889916
2023-12-15,10.1,34631.11,0.0,90,1023.2,15.2,7.2,44,9.3,0.0,30499.15,49.5894,37.223198,4.0,7.999999999999999,0.880686469477877,10.8,12,4,-0.27195815753410524,0.9623090774541487,-0.275637355816999,-0.9612616959383189
2023-12-16,10.8,34608.81,0.0,92,1023.2,16.1,7.4,85,8.1,0.0,21934.37,49.5894,37.223198,4.0,8.700000000000001,0.6337799537169871,11.3,12,5,-0.2553532951161881,0.9668478136052773,-0.6819983600624984,-0.7313537016191706
2023-12-17,11.3,34589.92,0.0,91,1021.3,16.9,7.2,93,24.0,16.7,12953.86,49.5894,37.223198,4.0,9.7,0.3744981196834223,6.8,12,6,-0.23867276600594997,0.9711000518829505,-0.9396926207859083,0.342020143325669
2023-12-18,6.8,34574.5,0.0,84,1030.6,7.8,5.3,91,27.1,9.2,0.0,49.5894,37.223198,4.0,2.5,0.0,8.6,12,0,-0.22192151300416674,0.9750645322571945,-0.9659258262890683,-0.25881904510252063
2023-12-19,8.6,34562.61,0.0,78,1028.9,11.1,5.7,88,6.2,0.0,14139.22,49.5894,37.223198,4.0,5.3999999999999995,0.4090900542522685,8.1,12,1,-0.20510449986861926,0.9787400799669153,-0.8571673007021121,-0.5150380749100544
2023-12-20,8.1,34554.27,0.0,85,1027.2,13.1,4.7,32,7.6,0.0,30255.06,49.5894,37.223198,4.0,8.399999999999999,0.8755809339916601,8.6,12,2,-0.1882267098432439,0.9821256058680006,-0.7193398003386512,-0.6946583704589973
2023-12-21,8.6,34549.56,0.0,85,1017.5,14.6,4.2,24,8.2,0.0,30735.6,49.5894,37.223198,4.0,10.399999999999999,0.8896090138340401,16.2,12,3,-0.1712931441814778,0.9852201067560606,-0.17364817766693047,-0.984807753012208
2023-12-22,16.2,34548.52,0.0,43,1006.5,19.9,6.8,68,33.5,0.0,15832.44,49.5894,37.223198,4.0,13.099999999999998,0.4582668085347795,20.1,12,4,-0.154308820664281,0.9880226656636976,-0.275637355816999,-0.9612616959383189
2023-12-23,20.1,34551.18,0.0,34,1001.7,21.6,19.0,45,39.4,0.0,29869.36,49.5894,37.223198,4.0,2.6000000000000014,0.8644960895691551,19.0,12,5,-0.13727877211326517,0.9905324521322227,-0.052335956242943564,-0.9986295347545738
2023-12-24,19.0,34557.62,0.0,45,1005.5,23.0,11.8,52,33.3,0.0,28156.44,49.5894,37.223198,4.0,11.2,0.8147679151515641,10.6,12,6,-0.12020804489935275,0.9927487224577402,-0.12186934340514731,-0.9925461516413221
2023-12-25,10.6,34567.86,0.0,70,1016.7,17.9,5.8,60,25.7,0.0,18357.91,49.5894,37.223198,4.0,12.099999999999998,0.5310687442034305,15.8,12,0,-0.10310169744743544,0.9946708199115211,-0.6156614753256582,-0.788010753606722
2023-12-26,15.8,34581.86,0.0,54,1017.3,21.0,10.7,24,25.4,0.0,30807.12,49.5894,37.223198,4.0,10.3,0.8908462413531255,12.9,12,1,-0.0859647987374467,0.9962981749346077,-0.43837114678907746,-0.8987940462991669
2023-12-27,12.9,34599.56,0.0,85,1019.6,17.9,10.0,55,9.4,0.0,28800.0,49.5894,37.223198,4.0,7.899999999999999,0.8323805273824292,12.3,12,2,-0.06880242680232064,0.9976303053065857,-0.48480962024633695,-0.8746197071393959
2023-12-28,12.3,34620.9,0.0,79,1021.2,17.0,9.1,98,17.4,8.9,18000.0,49.5894,37.223198,4.0,7.9,0.5199171598658614,9.0,12,3,-0.05161966722325418,0.9986668162884759,-0.22495105434386534,0.9743700647852351
2023-12-29,9.0,34645.79,0.0,90,1028.7,12.9,5.8,62,9.0,0.5,20795.41,49.5894,37.223198,4.0,7.1000000000000005,0.6002290610201124,9.2,12,4,-0.034421611622745804,0.9994074007397048,-1.0,-1.8369701987210297e-16
2023-12-30,9.2,34674.19,0.0,89,1022.9,14.9,5.9,31,6.9,0.0,29616.87,49.5894,37.223198,4.0,9.0,0.8541474220450427,10.7,12,5,-0.01721335615583528,0.9998518392091162,-0.7771459614569706,-0.6293203910498378
2023-12-31,10.7,34706.01,0.0,91,1017.9,14.9,7.1,74,7.1,0.0,29470.83,49.5894,37.223198,4.0,7.800000000000001,0.8491563853061761,10.3,12,6,6.432490598706546e-16,1.0,-0.8571673007021121,-0.5150380749100544
2024-01-01,10.3,34741.19,0.0,90,1023.9,13.1,7.3,76,8.2,0.6,7895.69,49.5894,37.223198,4.0,5.8,0.2272717198230688,9.7,1,0,0.017213356155834685,0.9998518392091162,-0.6018150231520484,-0.7986355100472928
2024-01-02,9.7,34779.66,0.0,92,1018.9,15.8,6.1,78,8.3,0.0,29469.05,49.5894,37.223198,4.0,9.700000000000001,0.8473070179524468,12.0,1,1,0.03442161162274574,0.9994074007397048,-0.6156614753256582,-0.788010753606722
2024-01-03,12.0,34821.34,0.0,75,1011.8,19.6,6.6,66,25.5,0.0,4020.23,49.5894,37.223198,4.0,13.000000000000002,0.11545305263955954,11.5,1,2,0.051619667223253764,0.998666816288476,-0.6293203910498376,-0.7771459614569708
2024-01-04,11.5,34866.16,0.0,75,1012.6,17.0,6.8,57,22.6,0.0,29753.28,49.5894,37.223198,4.0,10.2,0.8533569512673606,16.7,1,3,0.06880242680231986,0.9976303053065857,-0.017452406437283637,-0.9998476951563913
2024-01-05,16.7,34914.05,0.0,56,1010.3,21.5,10.6,90,29.8,1.5,24313.63,49.5894,37.223198,4.0,10.9,0.6963852661034741,10.7,1,4,0.08596479873744647,0.9962981749346078,-0.2079116908177595,-0.9781476007338056
2024-01-06,10.7,34964.93,0.0,69,1022.0,13.4,7.3,58,21.2,6.7,12005.42,49.5894,37.223198,4.0,6.1000000000000005,0.34335604275484033,11.4,1,5,0.10310169744743485,0.9946708199115211,-0.48480962024633695,-0.8746197071393959
2024-01-07,11.4,35018.73,0.0,56,1019.5,18.3,4.8,4,26.1,0.0,30606.1,49.5894,37.223198,4.0,13.5,0.8739922892691996,14.6,1,6,0.1202080448993527,0.9927487224577402,0.10452846326765373,-0.9945218953682733
2024-01-08,14.6,35075.38,0.0,48,1012.3,20.8,7.9,87,30.7,0.0,19662.17,49.5894,37.223198,4.0,12.9,0.5605689802932997,17.2,1,0,0.13727877211326478,0.9905324521322229,-0.5000000000000001,-0.8660254037844386
2024-01-09,17.2,35134.79,0.0,36,1011.1,22.2,9.9,86,33.9,0.0,24843.12,49.5894,37.223198,4.0,12.299999999999999,0.7070803610893931,9.2,1,1,0.15430882066428117,0.9880226656636976,-0.48480962024633695,-0.8746197071393959
2024-01-10,9.2,35196.89,0.0,95,1017.8,11.2,7.2,100,14.0,15.9,0.0,49.5894,37.223198,4.0,3.999999999999999,0.0,7.9,1,2,0.1712931441814776,0.9852201067560606,-0.9993908270190958,0.03489949670250128
2024-01-11,7.9,35261.62,0.0,94,1018.4,9.2,5.6,99,12.3,6.5,0.0,49.5894,37.223198,4.0,3.5999999999999996,0.0,9.8,1,3,0.1882267098432442,0.9821256058680006,-0.9998476951563913,-0.017452406437283498
2024-01-12,9.8,35328.88,0.0,86,1005.8,16.7,5.8,72,27.6,0.0,16589.1,49.5894,37.223198,4.0,10.899999999999999,0.4695620127216034,7.6,1,4,0.2051044998686192,0.9787400799669153,0.15643446504023098,-0.9876883405951377
2024-01-13,7.6,35398.77,1.61,82,1012.4,17.0,1.3,91,24.4,20.6,3632.22,49.5894,37.223198,4.0,15.7,0.10260864996156646,1.4,1,5,0.2219215130041655,0.9750645322571948,-0.9659258262890683,-0.25881904510252063
2024-01-14,1.4,35472.04,3.85,97,1022.2,2.0,0.8,100,17.6,15.3,0.0,49.5894,37.223198,4.0,1.2,0.0,4.0,1,6,0.2386727660059501,0.9711000518829505,-0.7880107536067221,-0.6156614753256581
2024-01-15,4.0,35548.71,0.0,92,1022.3,6.9,1.6,98,8.8,0.0,0.0,49.5894,37.223198,4.0,5.300000000000001,0.0,6.8,1,0,0.255353295116187,0.9668478136052775,-0.754709580222772,-0.6560590289905073
2024-01-16,6.8,35628.61,0.0,87,1018.9,12.7,4.0,68,12.3,0.0,21600.0,49.5894,37.223198,4.0,8.7,0.6062543556989733,11.5,1,1,0.2719581575341055,0.9623090774541486,-0.6427876096865393,-0.766044443118978
2024-01-17,11.5,35711.6,0.0,65,1019.5,16.0,5.6,46,26.8,0.2,30947.53,49.5894,37.223198,4.0,10.4,0.8665960080198031,8.9,1,2,0.288482432880609,0.9574851883550393,-0.9455185755993168,-0.32556815445715664
2024-01-18,8.9,35797.52,0.0,93,1026.3,10.4,6.3,79,11.4,1.0,0.0,49.5894,37.223198,4.0,4.1000000000000005,0.0,8.9,1,3,0.30492122465628907,0.9523775757303974,-0.9993908270190958,0.03489949670250128
2024-01-19,8.9,35886.23,0.0,92,1021.4,15.4,5.7,81,6.5,0.0,21421.4,49.5894,37.223198,4.0,9.7,0.5969253387720025,10.2,1,4,0.3212696616923644,0.9469877530760753,-0.6018150231520484,-0.7986355100472928
2024-01-20,10.2,35977.56,0.0,90,1018.2,14.9,7.2,93,7.3,0.0,25200.0,49.5894,37.223198,4.0,7.7,0.7004366054840852,12.9,1,5,0.3375228995941133,0.9413173175128471,-0.4226182617406993,-0.90630778703665
2024-01-21,12.9,36071.39,0.0,71,1017.8,20.9,7.1,45,14.8,1.8,30488.77,49.5894,37.223198,4.0,13.799999999999999,0.8452341315374872,9.0,1,6,0.3536761221763716,0.9353679493131483,-0.9510565162951535,-0.30901699437494756
2024-01-22,9.0,36167.55,0.0,96,1027.2,11.3,5.2,100,19.8,26.5,0.0,49.5894,37.223198,4.0,6.1000000000000005,0.0,5.1,1,0,0.3697245428906731,0.9291414114031743,-0.7880107536067218,0.6156614753256585
2024-01-23,5.1,36265.91,0.0,94,1028.8,5.9,4.0,100,16.0,10.8,0.0,49.5894,37.223198,4.0,1.9000000000000004,0.0,1.9,1,1,0.38566340624360707,0.9226395488404876,-0.9902680687415703,-0.13917310096006583
2024-01-24,1.9,36366.33,7.42,98,1027.4,4.6,0.8,100,23.2,24.9,0.0,49.5894,37.223198,4.0,3.8,0.0,2.5,1,2,0.401487989205973,0.9158642882672872,-0.9975640502598242,-0.06975647374412558
2024-01-25,2.5,36468.66,0.0,89,1022.0,6.2,0.0,68,8.6,0.0,21347.41,49.5894,37.223198,4.0,6.2,0.585363158394084,4.3,1,3,0.4171936026123168,0.9088176373395029,-0.5446390350150271,-0.838670567945424
2024-01-26,4.3,36572.76,0.0,93,1017.0,8.3,-0.2,94,7.7,0.0,11969.37,49.5894,37.223198,4.0,8.5,0.3272755460621512,7.5,1,4,0.4327755925504312,0.901501684131884,-0.5591929034707467,-0.8290375725550417
2024-01-27,7.5,36678.51,0.0,93,1011.2,12.4,3.6,93,12.7,1.8,18000.0,49.5894,37.223198,4.0,8.8,0.49075057847224435,7.0,1,5,0.4482293417404106,0.893918596519257,-0.8746197071393959,-0.48480962024633684
2024-01-28,7.0,36785.77,0.0,88,1020.4,10.3,3.8,81,15.2,9.2,14349.78,49.5894,37.223198,4.0,6.500000000000001,0.39009051597941274,6.3,1,6,0.4635502709028509,0.886070621534138,-0.848048096156426,-0.529919264233205
2024-01-29,6.3,36894.4,0.0,94,1026.5,8.9,2.8,90,20.7,7.4,3871.67,49.5894,37.223198,4.0,6.1000000000000005,0.10493923197016349,5.0,1,0,0.47873384011578846,0.8779600847008882,-0.9781476007338056,0.20791169081775943
2024-01-30,5.0,37004.29,0.0,96,1032.6,6.1,4.3,100,25.1,18.9,0.0,49.5894,37.223198,4.0,1.7999999999999998,0.0,5.1,1,1,0.49377555015997715,0.869589389346611,-0.9271838545667874,0.37460659341591196
2024-01-31,5.1,37115.29,0.0,93,1031.3,6.1,4.3,100,13.3,9.4,0.0,49.5894,37.223198,4.0,1.7999999999999998,0.0,5.5,1,2,0.5086709438521044,0.8609610158889943,-0.9271838545667873,-0.3746065934159123
2024-02-01,5.5,37227.3,0.0,93,1024.9,6.2,4.7,100,15.2,7.0,0.0,49.5894,37.223198,4.0,1.5,0.0,5.1,2,3,0.5234156073655503,0.8520775211013093,-0.9455185755993168,-0.32556815445715664
2024-02-02,5.1,37340.39,0.0,94,1018.8,6.3,2.0,84,14.5,7.7,0.0,49.5894,37.223198,4.0,4.3,0.0,5.9,2,4,0.5380051715382996,0.8429415373547828,-0.9975640502598242,-0.06975647374412558
2024-02-03,5.9,37455.7,0.0,82,1018.2,13.2,0.8,7,10.4,0.0,32764.93,49.5894,37.223198,4.0,12.399999999999999,0.8747648555493557,10.2,2,5,0.5524353131676196,0.8335557718385699,-0.2419218955996675,-0.9702957262759965
2024-02-04,10.2,37573.27,0.0,52,1016.0,15.6,1.9,72,23.8,0.0,30122.27,49.5894,37.223198,4.0,13.7,0.8016941298960671,13.7,2,6,0.5667017562911176,0.8239230057575542,-0.46947156278589086,-0.8829475928589269
2024-02-05,13.7,37692.96,0.0,48,1010.4,17.8,5.7,60,29.3,0.0,28380.9,49.5894,37.223198,4.0,12.100000000000001,0.752949622422861,14.6,2,0,0.5808002734538009,0.8140460935082178,-0.12186934340514731,-0.9925461516413221
2024-02-06,14.6,37814.62,0.0,51,1008.4,19.5,7.2,47,34.7,0.0,32020.41,49.5894,37.223198,4.0,12.3,0.8467732850416055,12.6,2,1,0.5947266869607634,0.8039279618328213,-0.15643446504023073,-0.9876883405951378
2024-02-07,12.6,37938.08,0.0,60,1015.7,19.5,7.2,6,29.1,0.0,34272.34,49.5894,37.223198,4.0,12.3,0.9033757111588144,13.9,2,2,0.6084768701151261,0.7935716089521474,-0.275637355816999,-0.9612616959383189
2024-02-08,13.9,38063.2,0.0,55,1014.6,21.8,7.1,3,22.6,0.0,34662.31,49.5894,37.223198,4.0,14.700000000000001,0.9106514954076378,14.6,2,3,0.6220467484408675,0.7829801036770629,-0.6156614753256582,-0.788010753606722
2024-02-09,14.6,38189.84,0.0,55,1014.3,21.2,8.6,75,23.9,0.0,34414.35,49.5894,37.223198,4.0,12.6,0.9011388892962108,12.5,2,4,0.6354323008901774,0.7721565844991642,-0.5446390350150271,-0.838670567945424
2024-02-10,12.5,38317.86,0.0,70,1018.3,19.5,8.1,28,11.0,0.0,34974.41,49.5894,37.223198,4.0,11.4,0.9127443442822747,11.9,2,5,0.6486295610349814,0.7611042586607747,-0.9396926207859084,-0.34202014332566855
2024-02-11,11.9,38447.11,0.0,75,1020.5,19.1,6.3,12,9.1,0.0,33075.07,49.5894,37.223198,4.0,12.8,0.8602745433922081,12.2,2,6,0.6616346182422783,0.7498264012045686,-0.961261695938319,-0.2756373558169989
2024-02-12,12.2,38577.46,0.0,78,1019.8,20.0,6.4,14,8.7,0.0,35379.31,49.5894,37.223198,4.0,13.6,0.9170979634221641,12.0,2,0,0.6744436188329455,0.7383263540031065,-0.882947592858927,-0.46947156278589075
2024-02-13,12.0,38708.77,0.0,80,1014.9,19.8,6.8,98,6.6,0.0,34195.46,49.5894,37.223198,4.0,13.0,0.8834034251152905,14.7,2,1,0.6870527672236669,0.7266075247685656,-0.7771459614569706,-0.6293203910498378
2024-02-14,14.7,38840.92,0.0,74,1012.9,21.6,9.8,96,12.6,0.8,25907.78,49.5894,37.223198,4.0,11.8,0.6670228202627538,11.7,2,2,0.699458327051647,0.7146733860429609,-0.9876883405951377,-0.15643446504023104
2024-02-15,11.7,38973.77,0.0,93,1016.5,14.5,9.6,92,12.8,8.4,0.0,49.5894,37.223198,4.0,4.9,0.0,7.4,2,3,0.7116566222817746,0.7025274741691571,-0.9702957262759966,0.24192189559966742
2024-02-16,7.4,39107.19,0.0,96,1022.3,9.4,5.5,100,16.3,17.5,0.0,49.5894,37.223198,4.0,3.9000000000000004,0.0,5.0,2,4,0.7236440382959124,0.6901733882429719,-0.9612616959383188,0.2756373558169994
2024-02-17,5.0,39241.06,0.0,94,1023.8,5.9,3.2,100,15.3,25.8,0.0,49.5894,37.223198,4.0,2.7,0.0,5.8,2,5,0.7354170229639855,0.6776147890466889,-0.9975640502598242,-0.06975647374412558
2024-02-18,5.8,39375.26,0.0,93,1025.8,7.3,4.7,100,11.2,4.4,2064.98,49.5894,37.223198,4.0,2.5999999999999996,0.052443590213753506,6.7,2,6,0.7469720876965552,0.6648553979642865,-0.8090169943749476,0.5877852522924729
2024-02-19,6.7,39509.66,0.0,86,1024.3,10.9,3.1,46,8.5,0.0,27657.26,49.5894,37.223198,4.0,7.800000000000001,0.7000126045124153,7.9,2,0,0.7583058084785624,0.6518989958787126,0.9612616959383189,0.27563735581699916
2024-02-20,7.9,39644.15,0.0,84,1024.0,12.4,2.7,68,10.6,0.1,34345.17,49.5894,37.223198,4.0,9.7,0.8663363951554012,9.1,2,1,0.7694148268839378,0.6387494220515272,-0.9205048534524405,0.3907311284892735
2024-02-21,9.1,39778.6,0.0,85,1025.8,13.0,6.2,87,10.9,0.0,27449.18,49.5894,37.223198,4.0,6.8,0.6900489207764979,8.8,2,2,0.7802958510707755,0.6254105729852463,-0.7313537016191703,0.6819983600624986
2024-02-22,8.8,39913.12,0.0,87,1025.1,11.9,6.6,96,12.7,1.3,9094.13,49.5894,37.223198,4.0,5.300000000000001,0.2278481361517215,9.1,2,3,0.7909456567567772,0.6118864012687243,-0.7880107536067218,0.6156614753256585
2024-02-23,9.1,40048.84,0.0,87,1025.7,14.1,6.4,99,23.8,7.4,14024.14,49.5894,37.223198,4.0,7.699999999999999,0.3501759351831414,6.3,2,4,0.8013610881746766,0.5981809144059165,-0.8571673007021123,0.5150380749100542
2024-02-24,6.3,40185.85,0.0,93,1031.6,7.2,4.8,100,19.1,21.6,0.0,49.5894,37.223198,4.0,2.4000000000000004,0.0,3.0,2,5,0.8115390590073611,0.5842981736283684,-0.6946583704589976,0.7193398003386509
2024-02-25,3.0,40324.03,10.01,98,1034.0,5.1,0.5,100,18.1,52.3,0.0,49.5894,37.223198,4.0,4.6,0.0,0.4,2,6,0.8214765533024142,0.5702422926917871,-0.6819983600624983,0.7313537016191707
2024-02-26,0.4,40463.27,25.97,95,1034.3,1.0,-0.2,100,22.9,39.2,0.0,49.5894,37.223198,4.0,1.2,0.0,0.6,2,0,0.8311706263658079,0.5560174366570446,-0.9743700647852352,0.22495105434386492
2024-02-27,0.6,40603.45,2.38,92,1032.7,1.8,-0.6,98,8.7,5.1,7396.53,49.5894,37.223198,4.0,2.4,0.18216506232844748,0.9,2,1,0.8406184056344782,0.5416278206559814,-0.7660444431189779,-0.6427876096865395
2024-02-28,0.9,40744.46,0.14,91,1032.6,2.2,-0.9,88,10.2,1.3,21357.36,49.5894,37.223198,4.0,3.1,0.5241782563813584,-0.1,2,2,0.8498170915275278,0.5270777086423722,-0.7071067811865475,-0.7071067811865477
2024-02-29,-0.1,40886.18,0.0,83,1032.6,3.8,-4.9,47,9.2,0.3,25200.0,49.5894,37.223198,4.0,8.7,0.616345180694308,1.0,2,3,0.8587639582758029,0.5123714121284237,-0.12186934340514731,-0.9925461516413221
2024-03-01,1.0,41028.51,0.0,78,1030.5,7.2,-4.8,8,11.2,0.0,36000.0,49.5894,37.223198,4.0,12.0,0.877438639619133,2.9,3,4,0.8674563547295969,0.49751328890718066,-0.2079116908177595,-0.9781476007338056
2024-03-02,2.9,41171.33,0.0,78,1023.7,9.2,-3.6,33,9.4,0.0,36000.0,49.5894,37.223198,4.0,12.799999999999999,0.8743948762403352,5.2,3,5,0.8758917051442429,0.48250774176121847,-0.32556815445715676,-0.9455185755993167
2024-03-03,5.2,41314.54,0.0,85,1019.2,9.5,-0.2,86,9.3,0.0,30569.98,49.5894,37.223198,4.0,9.7,0.7399327210226714,6.6,3,6,0.8840675099433636,0.4673592171580022,-0.34202014332566866,-0.9396926207859084
2024-03-04,6.6,41458.04,0.0,94,1019.8,9.0,4.2,100,8.4,4.7,0.0,49.5894,37.223198,4.0,4.8,0.0,7.8,3,0,0.8919813464595485,0.45207220393230435,-0.48480962024633695,-0.8746197071393959
2024-03-05,7.8,41601.71,0.0,84,1018.5,13.2,4.0,52,7.9,0.0,23695.49,49.5894,37.223198,4.0,9.2,0.5695797119878006,9.8,3,1,0.8996308696522433,0.43665123195606403,0.05233595624294381,-0.9986295347545738
2024-03-06,9.8,41745.46,0.0,84,1012.8,18.4,3.0,49,10.6,0.0,32400.0,49.5894,37.223198,4.0,15.399999999999999,0.7761323027701695,11.5,3,2,0.9070138128026359,0.4211008707960896,-0.6427876096865393,-0.766044443118978
2024-03-07,11.5,41889.19,0.0,79,1010.7,21.4,5.8,70,16.6,0.0,36000.0,49.5894,37.223198,4.0,15.599999999999998,0.8594102678996657,9.6,3,3,0.9141279881853337,0.40542572835999735,-0.9205048534524405,0.3907311284892735
2024-03-08,9.6,42032.78,0.0,90,1016.9,12.2,7.8,98,8.0,3.4,2425.01,49.5894,37.223198,4.0,4.3999999999999995,0.057693305082366676,11.2,3,4,0.9209712877166346,0.38963044953078796,-0.798635510047293,0.6018150231520479
2024-03-09,11.2,42176.14,0.0,85,1015.4,17.0,7.6,76,12.1,0.1,29944.89,49.5894,37.223198,4.0,9.4,0.7099959835110562,9.4,3,5,0.9275416835791966,0.37371971479046906,-0.9848077530122081,0.17364817766692997
2024-03-10,9.4,42319.16,0.0,91,1018.1,14.6,6.8,100,22.7,15.1,10946.2,49.5894,37.223198,4.0,7.8,0.2586582531411304,8.7,3,6,0.9338372288229252,0.35769823883312546,-0.9396926207859083,0.342020143325669
2024-03-11,8.7,42461.74,0.0,90,1023.6,10.3,6.8,100,9.4,3.8,0.0,49.5894,37.223198,4.0,3.500000000000001,0.0,8.4,3,0,0.9398560579418954,0.3415707691678556,-0.8571673007021123,0.5150380749100542
2024-03-12,8.4,42603.8,0.0,90,1027.6,11.8,4.7,65,10.9,6.9,14171.35,49.5894,37.223198,4.0,7.1000000000000005,0.3326311268008957,9.3,3,1,0.9455963874271426,0.3253420847119801,0.9998476951563913,-0.017452406437283477
2024-03-13,9.3,42745.39,0.0,88,1025.1,13.9,4.4,100,13.7,1.7,3752.77,49.5894,37.223198,4.0,9.5,0.08779356089627444,10.8,3,2,0.9510565162951535,0.30901699437494745,-0.9998476951563913,-0.017452406437283498
2024-03-14,10.8,42887.59,0.0,83,1023.0,15.9,8.4,94,13.0,0.1,27062.32,49.5894,37.223198,4.0,7.5,0.6310058457469865,11.4,3,3,0.9562348265919056,0.29260033563334836,-0.9961946980917455,0.08715574274765789
2024-03-15,11.4,43030.49,0.0,85,1016.5,16.9,8.3,81,9.9,0.0,17914.33,49.5894,37.223198,4.0,8.599999999999998,0.4163171276924804,11.3,3,4,0.9611297838723007,0.27609697309746883,-0.9975640502598243,0.06975647374412522
2024-03-16,11.3,43173.98,0.0,89,1015.4,15.8,9.5,93,15.2,5.1,10780.06,49.5894,37.223198,4.0,6.300000000000001,0.2496888171996188,12.2,3,5,0.9657399376548549,0.2595117970697999,-0.5000000000000004,0.8660254037844384
2024-03-17,12.2,43317.98,0.0,84,1019.5,16.3,9.4,100,9.7,0.0,1547.38,49.5894,37.223198,4.0,6.9,0.03572142560664186,12.3,3,6,0.9700639218515071,0.2428497220959356,-0.7071067811865477,0.7071067811865474
2024-03-18,12.3,43462.4,0.0,92,1016.7,15.7,10.2,100,6.7,9.4,0.0,49.5894,37.223198,4.0,5.5,0.0,10.6,3,0,0.9741004551724205,0.22611568550828828,-0.961261695938319,-0.2756373558169989
2024-03-19,10.6,43607.14,0.0,95,1010.4,13.1,9.0,100,12.1,24.7,0.0,49.5894,37.223198,4.0,4.1,0.0,10.3,3,1,0.9778483415056568,0.20931464596304847,-0.9961946980917455,0.08715574274765789
2024-03-20,10.3,43752.12,0.0,91,1013.6,12.2,8.5,100,13.3,1.9,0.0,49.5894,37.223198,4.0,3.6999999999999993,0.0,11.6,3,2,0.9813064702716093,0.19245158197082998,-0.8191520442889918,0.573576436351046
2024-03-21,11.6,43897.24,0.0,87,1018.4,15.6,8.6,96,13.7,0.2,8.0,49.5894,37.223198,4.0,7.0,0.00018224380393847084,12.1,3,3,0.9844738167520922,0.1755314904214282,0.9702957262759965,0.24192189559966767
2024-03-22,12.1,44042.42,0.0,88,1012.0,16.4,8.9,100,8.8,1.5,2767.95,49.5894,37.223198,4.0,7.499999999999998,0.06284736397318767,12.3,3,4,0.9873494423939864,0.15855938510313475,-0.22495105434386498,-0.9743700647852352
2024-03-23,12.3,44187.55,0.0,85,1011.8,16.8,8.6,95,13.7,0.0,20050.95,49.5894,37.223198,4.0,8.200000000000001,0.45376921780003643,10.6,3,5,0.989932495087353,0.141540295217043,0.03489949670250097,0.9993908270190958
2024-03-24,10.6,44332.55,0.0,95,1014.3,12.3,9.0,100,11.9,12.7,0.0,49.5894,37.223198,4.0,3.3000000000000007,0.0,10.6,3,6,0.9922222094179323,0.12447926388678915,-0.891006524188368,0.45399049973954664
2024-03-25,10.6,44477.34,0.0,91,1006.2,13.0,8.4,98,10.1,3.3,0.0,49.5894,37.223198,4.0,4.6,0.0,16.7,3,0,0.994217906893952,0.10738134666416309,-0.961261695938319,-0.2756373558169989
2024-03-26,16.7,44621.81,0.0,51,1007.5,23.0,7.6,70,37.7,0.0,31594.26,49.5894,37.223198,4.0,15.4,0.708045236174866,10.3,3,1,0.995918996147179,0.09025161003104117,-0.13917310096006552,-0.9902680687415703
2024-03-27,10.3,44765.87,0.0,75,1019.1,16.1,7.2,36,15.9,0.0,30044.72,49.5894,37.223198,4.0,8.900000000000002,0.671152375682635,11.8,3,2,0.9973249731081555,0.07309512989807777,-0.9205048534524403,-0.3907311284892738
2024-03-28,11.8,44909.43,0.0,76,1021.1,18.0,6.7,8,11.4,0.0,39548.76,49.5894,37.223198,4.0,11.3,0.8806337555386475,13.1,3,3,0.9984354211555643,0.055916990100603484,-0.992546151641322,0.12186934340514768
2024-03-29,13.1,45052.38,0.0,73,1019.4,20.8,5.9,0,8.4,0.0,39984.82,49.5894,37.223198,4.0,14.9,0.8875184840401329,13.8,3,4,0.9992500112396835,0.03872228089217446,-0.9961946980917455,-0.08715574274765825
2024-03-30,13.8,45194.65,0.0,74,1018.7,20.5,8.4,27,11.7,0.4,39334.38,49.5894,37.223198,4.0,12.1,0.8703326610561205,13.9,3,5,0.9997685019798909,0.021516097436222254,-0.9135454576426011,0.40673664307579976
2024-03-31,13.9,45336.13,0.0,78,1024.6,19.2,9.5,18,13.0,0.0,39969.7,49.5894,37.223198,4.0,9.7,0.8816301700211289,13.9,3,6,0.9999907397361901,0.004303538296244289,0.13917310096006533,-0.9902680687415704
2024-04-01,13.9,45476.72,0.0,84,1024.1,19.1,10.0,21,10.2,0.0,37817.82,49.5894,37.223198,4.0,9.100000000000001,0.831586358910669,14.0,4,0,0.9999166586547379,-0.01291029607500882,-0.9135454576426011,0.40673664307579976
2024-04-02,14.0,45616.5,0.0,78,1020.0,20.9,8.8,52,12.4,0.0,38890.04,49.5894,37.223198,4.0,12.099999999999998,0.8525432683349227,15.3,4,1,0.9995462806873573,-0.030120304846908114,0.9659258262890683,-0.25881904510252085
2024-04-03,15.3,45756.46,0.0,78,1012.8,22.8,8.9,10,11.2,0.0,39349.94,49.5894,37.223198,4.0,13.9,0.8599865461620064,13.4,4,2,0.9988797155850336,-0.04732138832243185,-0.052335956242943564,-0.9986295347545738
2024-04-04,13.4,45896.69,0.0,73,1016.9,19.5,8.6,49,18.2,0.0,38620.97,49.5894,37.223198,4.0,10.9,0.8414761500230191,14.6,4,3,0.9979171608653922,-0.06450844944931623,-0.9510565162951536,0.30901699437494723
2024-04-05,14.6,46037.09,0.0,74,1015.7,21.2,8.9,29,10.2,0.0,40072.48,49.5894,37.223198,4.0,12.299999999999999,0.8704390307901739,13.1,4,4,0.9966589017541702,-0.08167639533042241,0.9876883405951378,-0.1564344650402308
2024-04-06,13.1,46177.58,0.0,80,1019.1,16.4,9.6,92,14.6,0.3,753.75,49.5894,37.223198,4.0,6.799999999999999,0.016322856243224524,12.8,4,5,0.9951053111006976,-0.09882013873287143,-0.5877852522924734,0.8090169943749473
2024-04-07,12.8,46318.06,0.0,79,1021.0,14.9,9.8,94,13.9,0.1,755.34,49.5894,37.223198,4.0,5.1,0.016307677825884763,12.7,4,6,0.9932568492674143,-0.11593459959550041,-0.5150380749100545,0.8571673007021121
2024-04-08,12.7,46458.45,0.0,86,1023.9,15.0,10.6,93,14.1,2.2,9960.51,49.5894,37.223198,4.0,4.4,0.21439608940892346,13.8,4,0,0.9911140639934547,-0.1330147065341959,-0.7547095802227722,0.656059028990507
2024-04-09,13.8,46598.66,0.0,83,1022.0,18.0,10.4,57,11.8,0.1,29977.57,49.5894,37.223198,4.0,7.6,0.6433139922907654,14.1,4,1,0.9886775902323405,-0.1500553983446526,0.8191520442889918,0.573576436351046
2024-04-10,14.1,46738.58,0.0,86,1015.3,17.1,10.0,100,7.3,7.4,8712.83,49.5894,37.223198,4.0,7.100000000000001,0.1864162325855856,13.1,4,2,0.9859481499638304,-0.16705162550211924,-0.24192189559966787,0.9702957262759965
2024-04-11,13.1,46878.12,0.0,92,1017.8,14.2,11.7,100,21.6,30.2,0.0,49.5894,37.223198,4.0,2.5,0.0,14.0,4,3,0.9829265519799822,-0.18399835165768005,-0.9902680687415703,-0.13917310096006583
2024-04-12,14.0,47017.2,0.0,81,1020.3,18.5,9.9,55,14.6,3.7,28006.36,49.5894,37.223198,4.0,8.6,0.5956620130505432,13.3,4,4,0.9796136916454901,-0.20089055513063506,-0.9205048534524403,-0.3907311284892738
2024-04-13,13.3,47155.7,0.0,76,1017.0,19.5,8.3,1,11.2,0.0,40631.64,49.5894,37.223198,4.0,11.2,0.8616485387768605,14.8,4,5,0.9760105506323683,-0.21772323039653177,0.9335804264972017,0.3583679495453004
2024-04-14,14.8,47293.54,0.0,73,1015.7,21.6,8.2,1,10.5,0.0,40785.93,49.5894,37.223198,4.0,13.400000000000002,0.8623996004528314,14.6,4,6,0.9721181966290613,-0.23449138957040985,-0.6691306063588581,0.7431448254773942
2024-04-15,14.6,47430.6,0.0,84,1019.7,19.9,9.7,78,11.4,0.0,39233.0,49.5894,37.223198,4.0,10.2,0.8271664284238446,16.1,4,0,0.9679377830240642,-0.25119006388481935,-0.798635510047293,0.6018150231520479
2024-04-16,16.1,47566.78,0.0,80,1019.6,23.0,10.4,11,14.6,0.0,40390.62,49.5894,37.223198,4.0,12.6,0.8491350476109588,17.1,4,1,0.9634705485641488,-0.2678143051621742,0.9205048534524403,-0.3907311284892738
2024-04-17,17.1,47701.99,0.0,83,1014.7,24.1,10.9,15,10.1,0.0,40034.95,49.5894,37.223198,4.0,13.200000000000001,0.8392721142241655,18.3,4,2,0.9587178169872964,-0.2843591872810034,0.788010753606722,-0.6156614753256583
2024-04-18,18.3,47836.1,0.0,77,1009.6,26.1,9.9,3,9.3,0.0,40934.77,49.5894,37.223198,4.0,16.200000000000003,0.8557296685975654,19.3,4,3,0.9536809966304457,-0.30081980763566735,-0.981627183447664,-0.1908089953765446
2024-04-19,19.3,47969.02,0.0,78,1008.3,25.4,14.2,31,11.6,0.0,40766.55,49.5894,37.223198,4.0,11.2,0.8498516334083958,19.8,4,4,0.9483615800121715,-0.3171912885891061,-0.9781476007338056,0.20791169081775943
2024-04-20,19.8,48100.63,0.0,72,1010.7,25.2,15.4,18,10.2,0.0,40928.34,49.5894,37.223198,4.0,9.799999999999999,0.8508898947893198,20.3,4,5,0.9427611433904207,-0.3334687789181868,-0.8191520442889918,0.573576436351046
2024-04-21,20.3,48230.82,0.0,75,1008.5,26.8,14.4,66,10.5,0.0,36191.8,49.5894,37.223198,4.0,12.4,0.7503874078856632,18.2,4,6,0.9368813462954315,-0.3496474552512284,-0.9848077530122081,0.17364817766692997
2024-04-22,18.2,48359.64,0.0,81,1017.4,21.6,15.9,95,18.7,16.8,15026.88,49.5894,37.223198,4.0,5.700000000000001,0.31073184167624074,17.4,4,0,0.9307239310379795,-0.36572252349726897,-0.9902680687415703,-0.13917310096006583
2024-04-23,17.4,48488.05,0.0,78,1021.4,20.4,15.3,97,13.1,5.8,7327.41,49.5894,37.223198,4.0,5.099999999999998,0.15111785274928563,18.3,4,1,0.9242907221930933,-0.3816892202666588,-0.3090169943749473,-0.9510565162951536
2024-04-24,18.3,48616.12,0.0,64,1019.9,24.3,12.9,20,11.2,0.0,40680.16,49.5894,37.223198,4.0,11.4,0.8367627856768496,18.1,4,2,0.9175836260593937,-0.39754281428255595,-0.5299192642332048,-0.8480480961564261
2024-04-25,18.1,48743.77,0.0,67,1017.0,25.4,11.3,4,13.2,0.0,42310.27,49.5894,37.223198,4.0,14.099999999999998,0.8680139020843074,18.7,4,3,0.9106046300942162,-0.4132786077829042,0.8191520442889917,-0.5735764363510462
2024-04-26,18.7,48870.88,0.0,74,1016.6,25.8,11.8,7,12.1,0.0,41963.88,49.5894,37.223198,4.0,14.0,0.8586683931208114,19.2,4,4,0.9033558023246845,-0.4288919379124835,0.90630778703665,-0.42261826174069933
2024-04-27,19.2,48997.36,0.0,75,1019.7,26.0,14.0,10,16.0,0.0,41886.38,49.5894,37.223198,4.0,12.0,0.8548701399422336,19.8,4,5,0.895839290734909,-0.4443781781046132,0.9993908270190958,-0.034899496702500955
2024-04-28,19.8,49123.12,0.0,73,1019.9,26.9,13.6,0,7.7,0.0,42291.3,49.5894,37.223198,4.0,13.299999999999999,0.8609245503950075,20.1,4,6,0.8880573226294932,-0.45973273945210397,-0.5150380749100545,0.8571673007021121
2024-04-29,20.1,49248.04,0.0,75,1018.2,27.3,14.2,4,12.7,0.0,41900.27,49.5894,37.223198,4.0,13.100000000000001,0.8508007628323888,20.3,4,0,0.8800122039735357,-0.47495107206704995,0.898794046299167,0.43837114678907746
2024-04-30,20.3,49372.0,0.0,73,1016.3,27.4,14.5,73,11.7,0.0,38328.32,49.5894,37.223198,4.0,12.899999999999999,0.7763169407761484,19.2,4,1,0.8717063187093218,-0.4900286664290592,-0.4848096202463369,0.8746197071393959
2024-05-01,19.2,49494.93,0.0,74,1014.1,23.9,15.1,83,12.6,0.0,34118.52,49.5894,37.223198,4.0,8.799999999999999,0.68933363477835,17.6,5,2,0.8631421280499114,-0.5049610547215204,-0.7660444431189781,0.6427876096865393
2024-05-02,17.6,49616.7,0.0,77,1008.3,21.7,13.9,91,12.2,0.3,26217.92,49.5894,37.223198,4.0,7.799999999999999,0.5284091848107593,17.3,5,3,0.854322169749827,-0.5197438121555155,-0.7771459614569708,0.6293203910498375
2024-05-03,17.3,49737.18,0.0,75,1003.2,24.4,12.8,94,17.8,6.3,25776.02,49.5894,37.223198,4.0,11.599999999999998,0.5182445003918598,16.9,5,4,0.8452490573530633,-0.5343725582809786,-0.6691306063588581,0.7431448254773942
2024-05-04,16.9,49856.28,0.0,77,1006.0,22.2,12.9,80,17.1,0.0,34359.03,49.5894,37.223198,4.0,9.299999999999999,0.6891615258900182,20.1,5,5,0.8359254794186372,-0.548842958284719,0.8829475928589269,-0.4694715627858909
2024-05-05,20.1,49973.86,0.0,77,1004.9,28.5,12.9,45,15.2,0.0,39009.7,49.5894,37.223198,4.0,15.6,0.7806020987772406,17.3,5,6,0.8263541987239096,-0.5631507242749186,0.9612616959383189,-0.27563735581699905
2024-05-06,17.3,50089.83,0.0,89,1012.6,20.9,14.2,98,15.2,16.1,1808.04,49.5894,37.223198,4.0,6.699999999999999,0.03609595001620089,16.2,5,0,0.8165380514459161,-0.5772916165517272,-0.5150380749100545,0.8571673007021121
2024-05-07,16.2,50204.05,0.0,89,1011.8,18.6,14.2,100,14.0,10.9,3929.0,49.5894,37.223198,4.0,4.400000000000002,0.07826061841624331,16.8,5,1,0.8064799463209448,-0.5912614448635781,-0.6946583704589976,0.7193398003386509
2024-05-08,16.8,50316.39,0.0,90,1014.7,22.6,14.6,92,15.5,43.6,22088.88,49.5894,37.223198,4.0,8.000000000000002,0.4389996977128129,16.3,5,2,0.7961828637826158,-0.6050560696488488,-0.8386705679454243,0.5446390350150266
2024-05-09,16.3,50426.73,0.0,87,1019.1,20.6,12.5,59,7.1,7.0,28849.71,49.5894,37.223198,4.0,8.100000000000001,0.5721114575543566,18.7,5,3,0.7856498550787147,-0.6186714032625031,0.777145961456971,-0.6293203910498373
2024-05-10,18.7,50534.94,0.0,82,1017.0,24.8,12.0,36,9.8,0.0,42318.62,49.5894,37.223198,4.0,12.8,0.8374130848874066,20.5,5,4,0.7748840413670407,-0.6321034111873487,-0.961261695938319,-0.2756373558169989
2024-05-11,20.5,50640.9,0.0,83,1013.5,26.7,15.1,44,11.4,0.0,43278.52,49.5894,37.223198,4.0,11.6,0.8546159329711754,22.3,5,5,0.7638886127905428,-0.6453481132295501,0.7986355100472927,-0.6018150231520484
2024-05-12,22.3,50744.63,0.0,81,1004.5,31.0,16.2,59,13.5,0.3,35347.46,49.5894,37.223198,4.0,14.8,0.6965753814738623,17.3,5,6,0.7526668275320085,-0.6584015846980488,-0.8746197071393956,0.4848096202463373
2024-05-13,17.3,50846.95,0.0,92,1009.9,18.9,15.9,97,15.0,16.8,4471.16,49.5894,37.223198,4.0,2.9999999999999982,0.08793369120468386,16.2,5,0,0.7412220108485958,-0.6712599575675313,-0.5591929034707466,0.8290375725550418
2024-05-14,16.2,50947.94,0.0,91,1012.1,18.5,14.1,100,21.7,12.4,1850.82,49.5894,37.223198,4.0,4.4,0.036327670951956055,16.1,5,1,0.7295575540864875,-0.6839194216246106,-0.8660254037844386,0.5000000000000001
2024-05-15,16.1,51047.5,0.0,92,1018.0,18.2,14.1,98,18.1,6.4,0.0,49.5894,37.223198,4.0,4.1,0.0,17.1,5,2,0.717676913675962,-0.6963762255968722,-0.5000000000000004,0.8660254037844384
2024-05-16,17.1,51145.52,0.0,91,1018.0,19.4,15.8,97,15.0,11.4,3957.46,49.5894,37.223198,4.0,3.599999999999998,0.07737647402939692,16.5,5,3,0.705583610107178,-0.7086266782644596,0.8746197071393957,0.4848096202463371
2024-05-17,16.5,51241.93,0.0,90,1016.2,20.6,13.9,99,16.3,15.1,5775.41,49.5894,37.223198,4.0,6.700000000000001,0.11270867432198592,15.4,5,4,0.6932812268869777,-0.7206671495538609,0.24192189559966773,0.9702957262759965
2024-05-18,15.4,51336.61,0.0,83,1019.1,18.2,13.2,86,17.9,2.1,11287.55,49.5894,37.223198,4.0,5.0,0.21987330289241924,16.8,5,5,0.6807734094770161,-0.7324940716135789,0.9612616959383189,0.27563735581699916
2024-05-19,16.8,51429.46,0.0,81,1016.6,20.9,12.7,65,19.4,0.6,33434.29,49.5894,37.223198,4.0,8.2,0.6500999621617649,16.5,5,6,0.6680638642135335,-0.7441039398713607,0.9205048534524404,0.3907311284892737
2024-05-20,16.5,51520.38,0.0,91,1017.2,19.6,14.2,100,10.2,6.2,9763.32,49.5894,37.223198,4.0,5.400000000000002,0.18950403704320504,15.7,5,0,0.6551563572090853,-0.7554933140726803,0.42261826174069944,0.9063077870366499
2024-05-21,15.7,51609.26,0.0,94,1020.0,16.6,13.9,100,11.2,5.9,0.0,49.5894,37.223198,4.0,2.700000000000001,0.0,16.2,5,1,0.6420547132365637,-0.766658819300159,0.3090169943749474,0.9510565162951535
2024-05-22,16.2,51696.01,0.0,94,1018.1,17.9,15.1,100,12.5,2.5,427.09,49.5894,37.223198,4.0,2.799999999999999,0.008261566028016474,18.4,5,2,0.6287628145958344,-0.7775971469736269,-0.3420201433256686,0.9396926207859084
2024-05-23,18.4,51780.5,0.0,84,1014.7,22.5,14.3,57,11.3,0.0,43766.92,49.5894,37.223198,4.0,8.2,0.8452394241075308,18.4,5,3,0.6152845999633276,-0.7883050558305255,0.9781476007338057,-0.20791169081775934
2024-05-24,18.4,51862.65,0.0,83,1015.8,22.2,14.1,69,14.8,0.2,41591.44,49.5894,37.223198,4.0,8.1,0.8019536217297034,17.4,5,4,0.6016240632249226,-0.7987793728863649,0.9063077870366499,0.42261826174069944
2024-05-25,17.4,51942.33,0.0,88,1019.4,20.1,15.1,87,11.6,13.1,11670.03,49.5894,37.223198,4.0,5.000000000000002,0.22467282464995314,18.3,5,5,0.5877852522924732,-0.8090169943749473,-0.3255681544571567,0.9455185755993168
2024-05-26,18.3,52019.44,0.0,87,1013.8,21.0,14.8,73,13.4,0.6,16436.73,49.5894,37.223198,4.0,6.199999999999999,0.31597283630888756,19.9,5,6,0.5737722679043246,-0.8190148866680801,-0.913545457642601,-0.4067366430758001
2024-05-27,19.9,52093.87,0.0,80,1016.0,23.9,16.4,26,12.6,0.0,45466.57,49.5894,37.223198,4.0,7.5,0.8727815767958879,20.0,5,0,0.5595892624101765,-0.8287700871745038,-0.7193398003386511,0.6946583704589973
2024-05-28,20.0,52165.5,0.0,80,1017.0,24.8,16.4,8,11.4,0.0,45129.48,49.5894,37.223198,4.0,8.400000000000002,0.8651212007936281,21.3,5,1,0.545240438540651,-0.8382797052177744,0.224951054343865,0.9743700647852352
2024-05-29,21.3,52234.23,0.0,84,1012.8,27.2,15.6,40,13.4,0.0,43436.94,49.5894,37.223198,4.0,11.6,0.8315799811732651,22.7,5,2,0.5307300481619334,-0.8475409228928311,0.24192189559966773,0.9702957262759965
2024-05-30,22.7,52299.93,0.0,86,1012.9,28.1,18.5,52,11.9,0.0,30990.68,49.5894,37.223198,4.0,9.600000000000001,0.5925568160416276,24.7,5,3,0.5160623910158528,-0.8565509959010036,0.052335956242943835,0.9986295347545738
2024-05-31,24.7,52362.5,0.0,80,1011.0,30.9,19.4,22,11.3,0.0,39600.0,49.5894,37.223198,4.0,11.5,0.7562664120315111,23.8,5,4,0.5012418134457758,-0.865307254363206,0.42261826174069944,0.9063077870366499
2024-06-01,23.8,52421.93,0.0,76,1010.8,27.2,19.1,2,14.7,0.0,44442.77,49.5894,37.223198,4.0,8.099999999999998,0.8477896559703162,22.1,6,5,0.48627270710868997,-0.8738071036110808,-0.8480480961564261,0.5299192642332047
2024-06-02,22.1,52478.72,0.0,76,1017.8,25.0,18.8,24,13.0,3.0,44537.43,49.5894,37.223198,4.0,6.199999999999999,0.8486759966706505,23.8,6,6,0.4711595076738638,-0.8820480249558537,0.8829475928589269,-0.4694715627858909
2024-06-03,23.8,52532.92,0.0,65,1017.3,29.1,18.2,2,11.4,0.0,45929.31,49.5894,37.223198,4.0,10.900000000000002,0.8742957749159955,23.7,6,0,0.4559066935084588,-0.8900275764346767,0.6156614753256584,-0.7880107536067219
2024-06-04,23.7,52584.48,0.0,66,1016.1,29.5,18.7,1,11.2,0.0,46216.35,49.5894,37.223198,4.0,10.8,0.878897157488293,23.9,6,1,0.440518784350495,-0.8977433935342337,0.39073112848927377,0.9205048534524404
2024-06-05,23.9,52633.34,0.0,69,1014.6,29.5,18.5,11,10.9,0.0,45287.96,49.5894,37.223198,4.0,11.0,0.8604424495956365,24.7,6,2,0.42500033996955416,-0.9051931898913974,0.6156614753256583,0.7880107536067219
2024-06-06,24.7,52679.46,0.0,69,1013.1,30.5,19.3,12,10.5,0.0,45893.78,49.5894,37.223198,4.0,11.2,0.8711892642787151,25.7,6,3,0.4093559588156213,-0.9123747579707273,0.9335804264972017,-0.35836794954530027
2024-06-07,25.7,52722.79,0.0,71,1010.8,32.5,19.9,11,12.0,0.0,45586.95,49.5894,37.223198,4.0,12.600000000000001,0.8646535966704341,24.5,6,4,0.39359027665646673,-0.9192859697186104,0.42261826174069944,0.9063077870366499
2024-06-08,24.5,52763.29,0.0,73,1010.9,29.2,20.2,33,10.9,0.0,45880.16,49.5894,37.223198,4.0,9.0,0.8695469899621499,24.6,6,5,0.3777079652039649,-0.9259247771938498,-0.6293203910498378,0.7771459614569706
2024-06-09,24.6,52800.9,0.0,74,1008.5,29.5,20.4,54,13.3,0.0,35076.16,49.5894,37.223198,4.0,9.100000000000001,0.664309888657201,25.2,6,6,0.36171373072976765,-0.9322892131745133,-2.4492935982947064e-16,1.0
2024-06-10,25.2,52835.58,0.0,80,1009.6,29.6,20.4,84,12.6,0.3,34768.23,49.5894,37.223198,4.0,9.200000000000003,0.6580457714290258,24.2,6,0,0.3456123126707335,-0.9383773917408641,-0.6018150231520483,0.7986355100472928
2024-06-11,24.2,52867.28,0.0,82,1010.6,28.4,21.1,72,9.7,0.8,19919.02,49.5894,37.223198,4.0,7.299999999999997,0.3767740651684747,24.9,6,1,0.3294084822245304,-0.9441875088341993,-0.13917310096006588,0.9902680687415703
2024-06-12,24.9,52895.96,0.0,75,1010.8,29.3,21.0,26,12.6,0.0,44819.24,49.5894,37.223198,4.0,8.3,0.8473093219217498,26.3,6,2,0.3131070409358269,-0.9497178427914316,-0.8090169943749476,0.5877852522924729
2024-06-13,26.3,52921.58,0.0,66,1010.5,31.8,21.5,29,10.9,0.0,45578.64,49.5894,37.223198,4.0,10.3,0.861248662643859,25.2,6,3,0.29671281927349075,-0.9549667548552551,-0.6156614753256582,0.788010753606722
2024-06-14,25.2,52944.09,0.0,74,1010.2,30.1,21.5,39,13.2,1.3,40393.86,49.5894,37.223198,4.0,8.600000000000001,0.7629531454785605,25.3,6,4,0.28023067519921585,-0.9599326896597447,0.8480480961564261,0.5299192642332049
2024-06-15,25.3,52963.45,0.0,76,1008.2,29.7,21.1,27,12.7,0.6,44383.3,49.5894,37.223198,4.0,8.599999999999998,0.8379986575647924,26.7,6,5,0.26366549272800704,-0.9646141756912435,0.981627183447664,0.19080899537654492
2024-06-16,26.7,52979.62,0.0,74,1008.9,32.9,21.0,37,13.7,0.0,41245.53,49.5894,37.223198,4.0,11.899999999999999,0.7785169089548019,27.9,6,6,0.24702218048093552,-0.9690098257244062,0.9945218953682733,-0.10452846326765355
2024-06-17,27.9,52992.57,0.0,74,1011.7,33.6,22.4,11,11.1,0.0,45752.62,49.5894,37.223198,4.0,11.200000000000003,0.863378016955962,27.7,6,0,0.23030567023061221,-0.9731183372332619,0.7771459614569709,0.6293203910498375
2024-06-18,27.7,53002.25,0.0,76,1013.1,33.6,23.0,27,10.6,0.0,39133.34,49.5894,37.223198,4.0,10.600000000000001,0.7383335613110763,27.1,6,1,0.21352091543979612,-0.9769384927771817,-0.13917310096006588,0.9902680687415703
2024-06-19,27.1,53008.62,0.0,75,1014.5,31.3,23.1,16,10.9,0.9,44220.64,49.5894,37.223198,4.0,8.2,0.8342160199605271,27.5,6,2,0.19667288979357647,-0.980469160361632,-0.5000000000000004,0.8660254037844384
2024-06-20,27.5,53011.66,0.0,66,1011.5,32.2,23.0,3,10.9,0.0,45785.14,49.5894,37.223198,4.0,9.200000000000003,0.8636805563153465,27.0,6,3,0.1797665857255624,-0.9837092937736097,-0.6156614753256582,0.788010753606722
2024-06-21,27.0,53011.33,0.0,68,1007.9,32.8,22.4,17,17.3,0.0,44503.91,49.5894,37.223198,4.0,10.399999999999999,0.8395169485466598,24.6,6,4,0.16280701293851715,-0.986657932891657,0.10452846326765347,0.9945218953682733
2024-06-22,24.6,53007.59,0.0,84,1008.6,27.6,22.1,72,14.8,3.4,28981.77,49.5894,37.223198,4.0,5.5,0.5467475506809497,24.0,6,5,0.1457991969198751,-0.9893142039703663,-0.5735764363510465,0.8191520442889916
2024-06-23,24.0,53000.48,0.0,86,1010.4,28.0,22.0,76,18.2,7.1,19722.36,49.5894,37.223198,4.0,6.0,0.3721166298871255,25.1,6,6,0.12874817745258132,-0.99167731989929,0.42261826174069944,0.9063077870366499
2024-06-24,25.1,52990.04,0.0,83,1008.7,29.0,22.2,75,12.9,0.4,14582.86,49.5894,37.223198,4.0,6.800000000000001,0.2752000187204992,26.6,6,0,0.11165900712169512,-0.993746580436178,0.6156614753256583,0.7880107536067219
2024-06-25,26.6,52976.31,0.0,73,1005.5,31.7,22.2,53,14.0,0.0,45254.43,49.5894,37.223198,4.0,9.5,0.854238998525945,26.6,6,1,0.09453674981719912,-0.9955213724144752,-0.8480480961564261,0.5299192642332047
2024-06-26,26.6,52959.34,0.0,73,1004.2,32.0,21.0,50,28.3,5.5,42612.4,49.5894,37.223198,4.0,11.0,0.8046248310496318,20.2,6,2,0.07738647923346301,-0.9970011699250151,-0.6427876096865396,0.7660444431189778
2024-06-27,20.2,52939.18,0.0,86,1012.8,23.1,18.4,54,28.6,22.6,19415.51,49.5894,37.223198,4.0,4.700000000000003,0.36675124170793727,21.5,6,3,0.06021327736579302,-0.9981855344718586,-0.798635510047293,0.6018150231520479
2024-06-28,21.5,52915.86,0.0,87,1009.6,23.0,19.6,85,7.3,0.1,0.0,49.5894,37.223198,4.0,3.3999999999999986,0.0,22.5,6,4,0.04302223300453059,-0.99907411510223,-0.5877852522924734,0.8090169943749473
2024-06-29,22.5,52889.45,0.0,78,1010.2,25.2,20.0,97,13.1,1.2,22974.54,49.5894,37.223198,4.0,5.199999999999999,0.4343879544975416,21.6,6,5,0.02581844022713308,-0.9996666485105112,-0.8571673007021123,0.5150380749100542
2024-06-30,21.6,52859.98,0.0,84,1013.2,23.3,20.0,88,9.0,1.0,6392.1,49.5894,37.223198,4.0,3.3000000000000007,0.12092513088351528,22.2,6,6,0.008606996888688698,-0.9999629591162655,-0.9998476951563913,0.01745240643728313
2024-07-01,22.2,52827.52,0.0,82,1010.8,25.3,19.6,88,10.8,20.3,14956.68,49.5894,37.223198,4.0,5.699999999999999,0.28312288746471537,21.0,7,0,-0.008606996888688009,-0.9999629591162655,-0.6946583704589976,0.7193398003386509
2024-07-02,21.0,52792.11,0.0,88,1007.2,22.7,19.5,98,9.2,15.6,3328.65,49.5894,37.223198,4.0,3.1999999999999993,0.0630520356166859,22.8,7,1,-0.02581844022713239,-0.9996666485105112,-0.19080899537654467,0.981627183447664
2024-07-03,22.8,52753.82,0.0,81,1005.8,26.4,20.0,35,9.2,0.0,33408.47,49.5894,37.223198,4.0,6.399999999999999,0.6332900631650941,24.9,7,2,-0.04302223300453034,-0.99907411510223,-0.9455185755993168,-0.32556815445715664
2024-07-04,24.9,52712.68,0.0,70,1006.1,30.2,20.1,0,9.3,0.0,45329.62,49.5894,37.223198,4.0,10.099999999999998,0.859937684822703,26.5,7,3,-0.060213277365792774,-0.9981855344718586,-0.35836794954530043,-0.9335804264972017
2024-07-05,26.5,52668.76,0.0,73,1005.9,32.3,20.4,1,7.9,0.0,45362.59,49.5894,37.223198,4.0,11.899999999999999,0.861280766815091,26.4,7,4,-0.07738647923346322,-0.9970011699250151,0.4383711467890774,0.898794046299167
2024-07-06,26.4,52622.1,0.0,76,1005.8,31.5,21.7,33,10.7,0.2,38777.07,49.5894,37.223198,4.0,9.8,0.7368970451578329,25.8,7,5,-0.09453674981719933,-0.9955213724144752,-0.27563735581699894,0.9612616959383189
2024-07-07,25.8,52572.78,0.0,77,1008.0,29.8,22.0,25,14.5,0.2,44424.55,49.5894,37.223198,4.0,7.800000000000001,0.8450104788067133,26.2,7,6,-0.11165900712169444,-0.9937465804361781,-0.4694715627858908,0.882947592858927
2024-07-08,26.2,52520.83,0.0,73,1009.1,30.8,22.1,15,12.6,0.0,44282.81,49.5894,37.223198,4.0,8.7,0.8431475664036535,27.2,7,0,-0.12874817745258066,-0.99167731989929,-0.5591929034707466,0.8290375725550418
2024-07-09,27.2,52466.32,0.0,65,1009.4,32.5,22.8,9,10.9,0.0,44823.55,49.5894,37.223198,4.0,9.7,0.8543299777838431,27.3,7,1,-0.14579919691987442,-0.9893142039703664,-0.8660254037844386,0.5000000000000001
2024-07-10,27.3,52409.31,0.0,70,1010.6,32.2,23.5,25,11.2,0.0,42371.68,49.5894,37.223198,4.0,8.700000000000003,0.808476203941628,27.4,7,2,-0.16280701293851646,-0.9866579328916572,-0.8290375725550416,0.559192903470747
2024-07-11,27.4,52349.73,0.0,70,1010.5,32.1,24.0,18,14.2,0.0,43815.5,49.5894,37.223198,4.0,8.100000000000001,0.836976618599561,26.5,7,3,-0.17976658572556214,-0.9837092937736098,-0.6156614753256582,0.788010753606722
2024-07-12,26.5,52287.05,0.0,75,1009.1,30.6,22.5,15,11.0,0.0,43014.86,49.5894,37.223198,4.0,8.100000000000001,0.8226675630007813,26.9,7,4,-0.19667288979357622,-0.9804691603616321,-0.45399049973954697,0.8910065241883678
2024-07-13,26.9,52221.28,0.0,70,1007.2,32.2,22.4,19,13.4,0.0,43636.15,49.5894,37.223198,4.0,9.800000000000004,0.83560092743801,26.1,7,5,-0.2135209154397959,-0.9769384927771817,0.6293203910498374,0.7771459614569709
2024-07-14,26.1,52152.52,0.0,66,1008.4,30.1,21.5,69,14.8,0.4,32104.3,49.5894,37.223198,4.0,8.600000000000001,0.6155848269652167,25.9,7,6,-0.23030567023061196,-0.973118337233262,0.5299192642332049,0.848048096156426
2024-07-15,25.9,52080.9,0.0,64,1009.5,31.0,21.0,2,13.5,0.0,44255.52,49.5894,37.223198,4.0,10.0,0.8497456841183619,26.2,7,0,-0.24702218048093527,-0.9690098257244063,0.754709580222772,0.6560590289905073
2024-07-16,26.2,52006.52,0.0,63,1009.4,32.3,20.8,14,16.2,0.0,43747.93,49.5894,37.223198,4.0,11.499999999999996,0.8412008725059859,26.6,7,1,-0.2636654927280072,-0.9646141756912435,0.5877852522924731,0.8090169943749475
2024-07-17,26.6,51929.5,0.0,68,1010.5,31.2,22.0,6,12.8,0.0,43914.93,49.5894,37.223198,4.0,9.2,0.845664410402565,26.1,7,2,-0.2802306751992161,-0.9599326896597445,0.24192189559966773,0.9702957262759965
2024-07-18,26.1,51849.95,0.0,71,1009.9,28.7,22.9,81,12.4,0.1,18208.35,49.5894,37.223198,4.0,5.800000000000001,0.3511739162718575,25.8,7,3,-0.2967128192734901,-0.9549667548552553,0.20791169081775934,0.9781476007338057
2024-07-19,25.8,51768.0,0.0,74,1007.3,29.5,23.0,72,10.0,0.9,21748.37,49.5894,37.223198,4.0,6.5,0.42011223149435944,26.5,7,4,-0.3131070409358267,-0.9497178427914317,-0.8191520442889918,0.573576436351046
2024-07-20,26.5,51683.73,0.0,75,1004.5,30.5,23.0,85,10.9,0.4,28735.49,49.5894,37.223198,4.0,7.5,0.5559871549518581,25.7,7,5,-0.3294084822245302,-0.9441875088341994,0.9986295347545738,0.052335956242943966
2024-07-21,25.7,51597.27,0.0,80,1006.9,29.4,23.4,93,12.9,1.0,9596.54,49.5894,37.223198,4.0,6.0,0.1859892974957784,26.4,7,6,-0.3456123126707333,-0.9383773917408642,-0.5591929034707466,0.8290375725550418
2024-07-22,26.4,51508.73,0.0,73,1007.9,30.9,23.0,44,8.7,0.0,37945.73,49.5894,37.223198,4.0,7.899999999999999,0.7366854123563132,27.8,7,0,-0.3617137307297674,-0.9322892131745134,-0.7431448254773946,0.6691306063588578
2024-07-23,27.8,51418.21,0.0,69,1005.0,33.2,22.8,10,15.5,0.0,43780.52,49.5894,37.223198,4.0,10.400000000000002,0.851459434313252,28.7,7,1,-0.37770796520396466,-0.9259247771938499,0.8480480961564261,0.5299192642332049
2024-07-24,28.7,51325.82,0.0,70,1000.8,35.1,23.6,26,17.1,0.2,43359.92,49.5894,37.223198,4.0,11.5,0.8447974138552486,25.9,7,2,-0.39359027665646645,-0.9192859697186105,0.5877852522924731,0.8090169943749475
2024-07-25,25.9,51231.66,0.0,81,1003.3,29.9,23.4,95,10.2,2.5,22711.04,49.5894,37.223198,4.0,6.5,0.4433008807444459,25.7,7,3,-0.4093559588156211,-0.9123747579707274,-0.06975647374412564,0.9975640502598242
2024-07-26,25.7,51135.84,0.0,82,1003.8,29.0,23.5,72,9.3,1.1,21600.0,49.5894,37.223198,4.0,5.5,0.4224043254202923,25.3,7,4,-0.42500033996955394,-0.9051931898913975,-0.27563735581699894,0.9612616959383189
2024-07-27,25.3,51038.45,0.0,82,1007.3,28.5,21.8,82,13.0,1.9,16105.26,49.5894,37.223198,4.0,6.699999999999999,0.3155515106747952,22.7,7,5,-0.4405187843504952,-0.8977433935342336,-0.6018150231520483,0.7986355100472928
2024-07-28,22.7,50939.61,0.0,91,1011.9,25.8,19.6,100,20.6,14.3,4068.03,49.5894,37.223198,4.0,6.199999999999999,0.07985985758430424,19.7,7,6,-0.455906693508459,-0.8900275764346766,-0.6018150231520483,0.7986355100472928
2024-07-29,19.7,50839.4,0.0,92,1013.9,20.6,19.1,100,16.8,20.1,0.0,49.5894,37.223198,4.0,1.5,0.0,22.5,7,0,-0.47115950767386394,-0.8820480249558535,-0.9563047559630354,0.2923717047227367
2024-07-30,22.5,50737.93,0.0,79,1007.4,26.5,19.0,52,9.1,0.1,29207.31,49.5894,37.223198,4.0,7.5,0.5756504059192009,24.8,7,1,-0.4862727071086902,-0.8738071036110807,0.5150380749100544,-0.8571673007021122
2024-07-31,24.8,50635.12,0.0,74,1006.0,28.9,19.9,2,11.2,0.0,42699.89,49.5894,37.223198,4.0,9.0,0.8432860433627885,25.7,7,2,-0.5012418134457756,-0.8653072543632061,-0.9743700647852352,0.22495105434386492
2024-08-01,25.7,50530.15,0.0,71,1010.2,29.5,22.1,52,12.0,0.0,36041.52,49.5894,37.223198,4.0,7.399999999999999,0.7132676233892041,23.6,8,3,-0.5160623910158526,-0.8565509959010037,-0.8829475928589271,0.4694715627858904
2024-08-02,23.6,50422.99,0.0,86,1008.1,25.6,21.6,71,11.3,3.6,1293.83,49.5894,37.223198,4.0,4.0,0.025659525545787744,25.5,8,4,-0.5307300481619331,-0.8475409228928312,-0.9816271834476639,0.1908089953765451
2024-08-03,25.5,50313.76,0.0,72,1005.7,30.1,21.4,27,10.4,0.0,42611.96,49.5894,37.223198,4.0,8.700000000000003,0.8469245788825959,26.5,8,5,-0.5452404385406507,-0.8382797052177745,-0.8290375725550416,0.559192903470747
2024-08-04,26.5,50202.59,0.0,72,1005.7,30.9,22.1,14,11.6,0.0,42833.58,49.5894,37.223198,4.0,8.799999999999997,0.8532145453053319,27.4,8,6,-0.5595892624101763,-0.828770087174504,-0.6946583704589976,0.7193398003386509
2024-08-05,27.4,50089.6,0.0,75,1004.4,32.4,22.2,2,10.8,0.0,43013.66,49.5894,37.223198,4.0,10.2,0.8587343480482975,27.7,8,0,-0.5737722679043243,-0.8190148866680802,0.7071067811865476,0.7071067811865476
2024-08-06,27.7,49974.91,0.0,72,1003.5,32.2,23.9,17,12.2,0.0,40679.36,49.5894,37.223198,4.0,8.300000000000004,0.8139956630237053,27.6,8,1,-0.5877852522924734,-0.8090169943749472,-0.8746197071393956,0.4848096202463373
2024-08-07,27.6,49858.65,0.0,70,1005.2,31.5,24.4,19,12.1,0.0,42296.87,49.5894,37.223198,4.0,7.100000000000001,0.848335644868042,26.7,8,2,-0.6016240632249227,-0.7987793728863648,-0.798635510047293,0.6018150231520479
2024-08-08,26.7,49740.93,0.0,72,1010.5,30.2,23.9,64,12.9,0.4,35755.77,49.5894,37.223198,4.0,6.300000000000001,0.7188399975633748,25.6,8,3,-0.6152845999633277,-0.7883050558305253,-0.22495105434386534,0.9743700647852351
2024-08-09,25.6,49621.86,0.0,81,1011.8,28.8,23.0,61,8.1,2.0,14830.66,49.5894,37.223198,4.0,5.800000000000001,0.298873520662063,26.8,8,4,-0.6287628145958345,-0.7775971469736268,-0.10452846326765342,0.9945218953682733
2024-08-10,26.8,49501.56,0.0,72,1009.6,30.1,23.0,39,11.9,0.0,36389.79,49.5894,37.223198,4.0,7.100000000000001,0.7351241051797156,26.5,8,5,-0.6420547132365636,-0.7666588193001592,0.9876883405951378,-0.1564344650402308
2024-08-11,26.5,49380.14,0.0,72,1009.7,29.6,23.3,79,14.6,0.2,17023.21,49.5894,37.223198,4.0,6.300000000000001,0.344737985757027,26.6,8,6,-0.655156357209085,-0.7554933140726804,-0.9510565162951536,0.30901699437494723
2024-08-12,26.6,49257.71,0.0,61,1007.9,31.1,23.1,26,10.0,0.0,40692.94,49.5894,37.223198,4.0,8.0,0.8261232607037559,26.8,8,0,-0.6680638642135333,-0.7441039398713608,-0.9335804264972016,-0.3583679495453007
2024-08-13,26.8,49134.37,0.0,67,1009.9,31.1,23.5,52,14.9,0.1,14383.42,49.5894,37.223198,4.0,7.600000000000001,0.29273642869543254,27.8,8,1,-0.6807734094770159,-0.7324940716135792,-0.7660444431189781,0.6427876096865393
2024-08-14,27.8,49010.23,0.0,69,1009.7,33.0,23.3,16,9.8,0.0,40631.88,49.5894,37.223198,4.0,9.7,0.8290489556976165,25.2,8,2,-0.6932812268869771,-0.7206671495538615,0.9961946980917455,-0.08715574274765824
2024-08-15,25.2,48885.38,0.0,84,1013.0,28.5,22.7,60,11.8,3.5,20940.37,49.5894,37.223198,4.0,5.800000000000001,0.4283564943138419,24.2,8,3,-0.7055836101071774,-0.70862667826446,-0.6691306063588581,0.7431448254773942
2024-08-16,24.2,48759.95,0.0,79,1011.5,27.6,21.0,95,11.9,0.8,5176.67,49.5894,37.223198,4.0,6.600000000000001,0.10616643372275814,22.8,8,4,-0.7176769136759615,-0.6963762255968726,-0.544639035015027,0.838670567945424
2024-08-17,22.8,48634.0,0.0,82,1014.8,26.4,20.7,90,9.0,0.6,6712.17,49.5894,37.223198,4.0,5.699999999999999,0.13801394086441585,23.1,8,5,-0.7295575540864876,-0.6839194216246105,-0.8386705679454243,0.5446390350150266
2024-08-18,23.1,48507.64,0.0,86,1014.5,25.8,21.2,88,10.1,10.4,12968.74,49.5894,37.223198,4.0,4.600000000000001,0.2673545857930833,25.0,8,6,-0.7412220108485957,-0.6712599575675315,-0.9816271834476639,0.1908089953765451
2024-08-19,25.0,48380.98,0.0,78,1011.6,29.0,22.3,55,9.7,0.6,24360.23,49.5894,37.223198,4.0,6.699999999999999,0.5035084035089822,26.3,8,0,-0.7526668275320083,-0.6584015846980489,-0.08715574274765794,-0.9961946980917455
2024-08-20,26.3,48253.94,0.0,70,1011.6,31.5,22.4,6,13.5,0.0,41515.08,49.5894,37.223198,4.0,9.100000000000001,0.8603459116499088,26.6,8,1,-0.7638886127905429,-0.64534811322955,0.6560590289905073,0.754709580222772
2024-08-21,26.6,48125.59,0.0,62,1010.0,32.7,21.5,1,11.5,0.0,41755.59,49.5894,37.223198,4.0,11.200000000000003,0.8676379863602711,27.5,8,2,-0.7748840413670406,-0.6321034111873488,0.8090169943749475,-0.587785252292473
2024-08-22,27.5,47995.88,0.0,71,1006.3,33.7,21.9,4,8.8,0.0,41755.45,49.5894,37.223198,4.0,11.800000000000004,0.8699798816065045,28.1,8,3,-0.7856498550787144,-0.6186714032625032,-0.6560590289905074,0.7547095802227719
2024-08-23,28.1,47864.92,0.0,75,1008.3,34.0,23.5,6,13.9,0.0,41250.06,49.5894,37.223198,4.0,10.5,0.8618015030632037,27.5,8,4,-0.7961828637826154,-0.6050560696488494,-0.24192189559966787,0.9702957262759965
2024-08-24,27.5,47732.8,0.0,71,1010.5,32.3,23.9,18,14.2,0.0,40596.93,49.5894,37.223198,4.0,8.399999999999999,0.8505038464116917,26.6,8,5,-0.8064799463209447,-0.5912614448635782,-0.4226182617406992,0.90630778703665
2024-08-25,26.6,47599.65,0.0,72,1009.0,29.8,23.6,60,14.3,0.0,33781.75,49.5894,37.223198,4.0,6.199999999999999,0.7097058486774588,26.2,8,6,-0.8165380514459157,-0.5772916165517278,-0.945518575599317,0.3255681544571563
2024-08-26,26.2,47465.55,0.0,70,1007.9,31.0,23.1,32,15.5,0.0,36812.85,49.5894,37.223198,4.0,7.899999999999999,0.7755698606673681,27.3,8,0,-0.8263541987239094,-0.5631507242749187,-0.9702957262759966,0.24192189559966742
2024-08-27,27.3,47330.62,0.0,57,1011.4,32.6,23.3,3,13.8,0.0,40939.36,49.5894,37.223198,4.0,9.3,0.8649656395796209,26.7,8,1,-0.8359254794186365,-0.5488429582847199,-0.9271838545667874,0.37460659341591196
2024-08-28,26.7,47194.93,0.0,64,1014.0,31.2,23.0,59,12.0,2.1,32721.88,49.5894,37.223198,4.0,8.2,0.6933346442086046,24.7,8,2,-0.8452490573530634,-0.5343725582809785,-0.9816271834476639,0.1908089953765451
2024-08-29,24.7,47058.61,0.0,87,1014.3,28.5,22.5,54,12.6,6.4,27977.88,49.5894,37.223198,4.0,6.0,0.594532647691889,25.8,8,3,-0.8543221697498269,-0.5197438121555157,-0.8191520442889918,0.573576436351046
2024-08-30,25.8,46921.73,0.0,72,1011.9,30.8,22.4,33,13.0,0.6,36411.85,49.5894,37.223198,4.0,8.400000000000002,0.7760125212774549,26.0,8,4,-0.8631421280499115,-0.5049610547215202,-0.5000000000000004,0.8660254037844384
2024-08-31,26.0,46784.39,0.0,64,1012.2,31.3,21.6,14,14.1,0.0,40192.81,49.5894,37.223198,4.0,9.7,0.8591072791587108,26.1,8,5,-0.8717063187093217,-0.4900286664290594,-0.7880107536067218,0.6156614753256585
2024-09-01,26.1,46646.68,0.0,64,1013.2,32.2,21.9,2,11.8,0.0,40354.48,49.5894,37.223198,4.0,10.300000000000004,0.865109371127806,26.5,9,6,-0.8800122039735356,-0.4749510720670502,-0.8660254037844385,-0.5000000000000004
2024-09-02,26.5,46508.7,0.0,70,1013.6,32.7,21.4,10,10.8,0.0,39922.62,49.5894,37.223198,4.0,11.300000000000004,0.8583903656735192,26.9,9,0,-0.888057322629493,-0.4597327394521046,0.6156614753256583,0.7880107536067219
2024-09-03,26.9,46370.54,0.0,71,1010.9,32.5,22.5,2,12.8,0.0,40082.58,49.5894,37.223198,4.0,10.0,0.8643975248077767,26.8,9,1,-0.8958392907349089,-0.4443781781046134,0.01745240643728351,0.9998476951563913
2024-09-04,26.8,46232.27,0.0,72,1008.5,32.5,22.5,42,14.4,0.0,39811.16,49.5894,37.223198,4.0,10.0,0.8611119462661039,25.8,9,2,-0.9033558023246842,-0.4288919379124841,-0.3420201433256686,0.9396926207859084
2024-09-05,25.8,46093.99,0.0,61,1010.2,30.1,22.4,8,16.2,0.0,39966.71,49.5894,37.223198,4.0,7.700000000000003,0.8670698717989048,23.9,9,3,-0.9106046300942162,-0.41327860778290443,-0.8480480961564261,0.5299192642332047
2024-09-06,23.9,45955.78,0.0,62,1015.6,28.9,20.4,31,22.5,13.9,39979.5,49.5894,37.223198,4.0,8.5,0.8699558575656859,23.1,9,4,-0.9175836260593934,-0.3975428142825566,-0.8191520442889918,0.573576436351046
2024-09-07,23.1,45817.74,0.0,71,1018.9,26.4,20.7,74,16.8,0.0,24971.45,49.5894,37.223198,4.0,5.699999999999999,0.545017061077216,23.1,9,5,-0.9242907221930934,-0.3816892202666586,-0.8660254037844386,0.5000000000000001
2024-09-08,23.1,45679.94,0.0,74,1017.8,26.1,20.6,59,8.2,0.0,33914.57,49.5894,37.223198,4.0,5.5,0.742439022468068,24.0,9,6,-0.9307239310379793,-0.3657225234972692,-0.9510565162951535,-0.30901699437494756
2024-09-09,24.0,45542.29,0.0,74,1015.6,28.7,20.8,10,11.6,0.0,39600.0,49.5894,37.223198,4.0,7.899999999999999,0.8695214931001494,25.2,9,0,-0.9368813462954315,-0.34964745525122826,-0.3090169943749473,-0.9510565162951536
2024-09-10,25.2,45403.88,0.0,76,1012.1,30.8,20.6,27,10.9,0.0,37248.39,49.5894,37.223198,4.0,10.2,0.8203790072566486,26.1,9,1,-0.9427611433904206,-0.33346877891818705,0.9876883405951378,-0.1564344650402308
2024-09-11,26.1,45264.62,0.0,81,1009.1,31.6,21.0,22,10.3,0.0,39029.53,49.5894,37.223198,4.0,10.600000000000001,0.8622524611937534,25.8,9,2,-0.9483615800121716,-0.31719128858910595,0.24192189559966773,0.9702957262759965
2024-09-12,25.8,45124.61,0.0,77,1010.5,30.0,22.8,35,13.3,0.0,38817.76,49.5894,37.223198,4.0,7.199999999999999,0.8602348031373568,24.8,9,3,-0.9536809966304455,-0.300819807635668,-0.8480480961564261,0.5299192642332047
2024-09-13,24.8,44983.93,0.0,71,1011.3,28.8,20.3,37,14.6,0.0,36000.0,49.5894,37.223198,4.0,8.5,0.8002857909480119,23.5,9,4,-0.9587178169872964,-0.2843591872810036,-0.8386705679454243,0.5446390350150266
2024-09-14,23.5,44842.69,0.0,69,1012.2,27.2,20.5,50,17.4,1.9,36396.98,49.5894,37.223198,4.0,6.699999999999999,0.8116591578248317,21.0,9,5,-0.9634705485641486,-0.26781430516217486,-0.9271838545667874,0.37460659341591196
2024-09-15,21.0,44700.96,0.0,67,1014.7,24.0,19.0,68,15.0,0.7,10420.86,49.5894,37.223198,4.0,5.0,0.2331238523736403,21.5,9,6,-0.9679377830240642,-0.25119006388481957,-0.9961946980917455,0.08715574274765789
2024-09-16,21.5,44558.83,0.0,67,1013.3,24.9,18.1,67,10.1,0.4,31265.66,49.5894,37.223198,4.0,6.799999999999997,0.7016714756648682,21.1,9,0,-0.9721181966290612,-0.23449138957041052,0.06975647374412552,-0.9975640502598242
2024-09-17,21.1,44416.39,0.0,81,1015.1,23.6,19.1,99,13.6,2.5,1470.88,49.5894,37.223198,4.0,4.5,0.03311570345991649,19.3,9,1,-0.9760105506323682,-0.21772323039653224,-0.9510565162951536,0.30901699437494723
2024-09-18,19.3,44273.74,0.0,90,1018.2,21.0,18.4,99,11.7,4.6,0.0,49.5894,37.223198,4.0,2.6000000000000014,0.0,19.4,9,2,-0.9796136916454901,-0.20089055513063528,-0.9993908270190958,0.03489949670250128
2024-09-19,19.4,44130.95,0.0,88,1017.8,20.9,18.2,98,10.7,5.1,7322.14,49.5894,37.223198,4.0,2.6999999999999993,0.16591847671532112,20.1,9,3,-0.9829265519799822,-0.18399835165767986,-0.9135454576426011,0.40673664307579976
2024-09-20,20.1,43988.1,0.0,82,1015.5,22.8,17.9,86,10.1,0.7,19496.57,49.5894,37.223198,4.0,4.900000000000002,0.44322373551028577,21.0,9,4,-0.9859481499638303,-0.1670516255021195,-0.848048096156426,-0.529919264233205
2024-09-21,21.0,43845.29,0.0,86,1015.2,24.0,18.0,56,14.8,0.0,35025.26,49.5894,37.223198,4.0,6.0,0.7988374577976335,22.1,9,5,-0.9886775902323404,-0.15005539834465262,-0.9135454576426011,0.40673664307579976
2024-09-22,22.1,43702.6,0.0,86,1014.4,25.5,20.0,63,7.6,0.0,19607.33,49.5894,37.223198,4.0,5.5,0.44865362701532635,23.7,9,6,-0.9911140639934546,-0.13301470653419636,-0.882947592858927,-0.46947156278589075
2024-09-23,23.7,43560.12,0.0,80,1010.8,29.5,19.6,37,10.5,0.0,37354.27,49.5894,37.223198,4.0,9.899999999999999,0.8575336798888523,22.9,9,0,-0.9932568492674143,-0.11593459959550066,0.48480962024633717,-0.8746197071393957
2024-09-24,22.9,43417.93,0.0,87,1012.8,25.5,20.1,83,12.4,2.2,13757.6,49.5894,37.223198,4.0,5.399999999999999,0.31686448432709713,21.3,9,1,-0.9951053111006974,-0.09882013873287211,-0.7431448254773946,0.6691306063588578
2024-09-25,21.3,43276.11,0.0,93,1017.4,22.9,19.2,94,10.2,3.5,0.0,49.5894,37.223198,4.0,3.6999999999999993,0.0,19.8,9,2,-0.99665890175417,-0.08167639533042288,-0.7071067811865477,0.7071067811865474
2024-09-26,19.8,43134.75,0.0,92,1019.6,22.2,18.0,91,17.0,4.0,5408.51,49.5894,37.223198,4.0,4.199999999999999,0.12538637641344855,18.9,9,3,-0.9979171608653922,-0.06450844944931625,-0.6560590289905074,0.7547095802227719
2024-09-27,18.9,42993.95,0.0,90,1020.5,20.8,17.5,99,13.4,10.0,4995.63,49.5894,37.223198,4.0,3.3000000000000007,0.11619379005650796,16.8,9,4,-0.9988797155850335,-0.04732138832243232,-0.8660254037844386,0.5000000000000001
2024-09-28,16.8,42853.77,0.0,89,1022.9,18.1,15.0,80,11.7,12.7,0.0,49.5894,37.223198,4.0,3.1000000000000014,0.0,17.4,9,5,-0.9995462806873573,-0.03012030484690836,-0.882947592858927,-0.46947156278589075
2024-09-29,17.4,42714.13,0.0,75,1022.3,21.1,14.4,26,11.4,0.7,32829.94,49.5894,37.223198,4.0,6.700000000000001,0.7685967149512352,17.7,9,6,-0.9999166586547379,-0.012910296075008843,-0.7193398003386512,-0.6946583704589973
2024-09-30,17.7,42574.06,0.0,75,1015.0,23.2,14.2,12,11.9,0.0,39186.28,49.5894,37.223198,4.0,9.0,0.9204261937903033,19.7,9,0,-0.9999907397361901,0.004303538296243821,0.24192189559966773,-0.9702957262759965
2024-10-01,19.7,42433.46,0.0,80,1007.9,26.0,14.2,11,9.9,0.0,39128.82,49.5894,37.223198,4.0,11.8,0.9221218349858814,21.3,10,1,-0.9997685019798909,0.021516097436222233,0.20791169081775931,-0.9781476007338057
2024-10-02,21.3,42292.42,0.0,85,1006.4,27.3,16.6,58,12.4,0.0,32599.36,49.5894,37.223198,4.0,10.7,0.7708085751536564,19.6,10,2,-0.9992500112396835,0.03872228089217399,-0.8987940462991668,-0.43837114678907774
2024-10-03,19.6,42151.06,0.0,80,1015.7,22.6,17.2,57,9.5,0.5,20321.76,49.5894,37.223198,4.0,5.400000000000002,0.48211741294287735,18.9,10,3,-0.9984354211555643,0.05591699010060302,-0.9902680687415703,-0.13917310096006583
2024-10-04,18.9,42009.45,0.0,90,1018.1,20.7,17.0,95,7.7,3.3,11501.81,49.5894,37.223198,4.0,3.6999999999999993,0.2737910160690035,18.0,10,4,-0.9973249731081555,0.07309512989807776,-0.22495105434386534,0.9743700647852351
2024-10-05,18.0,41867.71,0.0,92,1019.8,20.9,15.1,42,11.2,8.9,23245.12,49.5894,37.223198,4.0,5.799999999999999,0.555203998499082,18.7,10,5,-0.9959189961471792,0.0902516100310407,-0.9335804264972017,0.3583679495453004
2024-10-06,18.7,41725.91,0.0,81,1019.7,24.0,14.4,1,12.6,0.0,37250.63,49.5894,37.223198,4.0,9.6,0.8927457783425213,19.6,10,6,-0.994217906893952,0.10738134666416306,0.7313537016191706,-0.6819983600624984
2024-10-07,19.6,41584.16,0.0,82,1017.0,26.2,13.6,29,8.2,0.0,36763.11,49.5894,37.223198,4.0,12.6,0.8840652306070388,21.3,10,0,-0.9922222094179324,0.12447926388678869,-0.7660444431189779,-0.6427876096865395
2024-10-08,21.3,41442.56,0.0,88,1015.6,27.4,16.7,33,9.4,0.0,35308.82,49.5894,37.223198,4.0,10.7,0.8519941818266054,21.4,10,1,-0.989932495087353,0.141540295217043,-0.9563047559630353,-0.2923717047227371
2024-10-09,21.4,41301.21,0.0,84,1015.6,25.3,17.4,30,11.8,0.1,30065.58,49.5894,37.223198,4.0,7.900000000000002,0.7279588176714435,21.4,10,2,-0.9873494423939864,0.15855938510313475,-0.8746197071393959,-0.48480962024633684
2024-10-10,21.4,41160.2,0.0,87,1010.8,27.0,17.4,38,8.0,0.0,35019.0,49.5894,37.223198,4.0,9.600000000000001,0.850797615171938,21.7,10,3,-0.9844738167520923,0.17553149042142777,-0.8746197071393959,-0.48480962024633684
2024-10-11,21.7,41019.64,0.0,86,1013.7,25.4,19.1,89,12.7,0.3,28871.73,49.5894,37.223198,4.0,6.299999999999997,0.7038513746098211,21.8,10,4,-0.9813064702716093,0.19245158197082995,0.838670567945424,0.5446390350150271
2024-10-12,21.8,40879.62,0.0,83,1014.8,25.1,18.9,81,10.9,0.4,33326.25,49.5894,37.223198,4.0,6.200000000000003,0.8152289576077272,21.5,10,5,-0.9778483415056567,0.20931464596304888,0.9510565162951535,0.30901699437494745
2024-10-13,21.5,40740.26,0.0,83,1015.3,25.5,19.0,63,13.4,0.3,32779.58,49.5894,37.223198,4.0,6.5,0.804599185179476,18.5,10,6,-0.9741004551724206,0.22611568550828803,0.10452846326765347,0.9945218953682733
2024-10-14,18.5,40601.65,0.0,93,1017.3,19.5,16.7,99,17.6,4.8,111.26,49.5894,37.223198,4.0,2.8000000000000007,0.002740282722500194,18.4,10,0,-0.970063921851507,0.2428497220959358,-0.8660254037844386,0.5000000000000001
2024-10-15,18.4,40463.9,0.0,87,1019.3,21.0,16.7,96,13.9,0.2,8194.37,49.5894,37.223198,4.0,4.300000000000001,0.20251063293454166,19.2,10,1,-0.965739937654855,0.25951179706979943,-0.9271838545667874,0.37460659341591196
2024-10-16,19.2,40327.12,0.0,88,1017.9,22.0,17.0,81,11.1,0.0,5111.61,49.5894,37.223198,4.0,5.0,0.12675365858013166,19.7,10,2,-0.9611297838723007,0.27609697309746883,0.27563735581699916,0.9612616959383189
2024-10-17,19.7,40191.41,0.0,85,1011.0,25.2,16.0,31,10.3,0.0,33795.32,49.5894,37.223198,4.0,9.2,0.840859278139284,18.1,10,3,-0.9562348265919058,0.2926003356333479,0.49999999999999994,-0.8660254037844387
2024-10-18,18.1,40056.9,0.0,91,1010.7,23.1,15.4,99,20.0,4.5,365.97,49.5894,37.223198,4.0,7.700000000000001,0.009136253679141422,16.4,10,4,-0.9510565162951536,0.30901699437494723,-0.9205048534524405,0.3907311284892735
2024-10-19,16.4,39923.48,0.0,87,1015.8,18.5,14.9,100,14.7,1.9,90.11,49.5894,37.223198,4.0,3.5999999999999996,0.002257067770645244,13.5,10,5,-0.9455963874271428,0.3253420847119795,-0.9975640502598243,0.06975647374412522
2024-10-20,13.5,39790.07,0.0,93,1020.1,15.4,12.6,100,22.9,21.6,0.0,49.5894,37.223198,4.0,2.8000000000000007,0.0,12.6,10,6,-0.9398560579418953,0.341570769167856,-0.9702957262759966,0.24192189559966742
2024-10-21,12.6,39656.58,0.0,94,1019.6,13.9,10.4,99,25.1,45.8,0.0,49.5894,37.223198,4.0,3.5,0.0,10.9,10,0,-0.9338372288229252,0.35769823883312546,-0.9876883405951378,0.15643446504023067
2024-10-22,10.9,39523.12,0.0,95,1025.2,11.6,10.2,100,22.3,29.8,0.0,49.5894,37.223198,4.0,1.4000000000000004,0.0,10.2,10,1,-0.9275416835791965,0.3737197147904692,-0.891006524188368,0.45399049973954664
2024-10-23,10.2,39389.81,0.0,95,1027.8,11.5,9.7,100,19.8,42.6,0.0,49.5894,37.223198,4.0,1.8000000000000007,0.0,11.1,10,2,-0.9209712877166347,0.38963044953078774,-0.9781476007338056,0.20791169081775943
2024-10-24,11.1,39256.77,0.0,89,1025.3,12.6,9.7,100,12.9,20.3,0.0,49.5894,37.223198,4.0,2.9000000000000004,0.0,13.4,10,3,-0.9141279881853337,0.4054257283599973,-0.754709580222772,-0.6560590289905073
2024-10-25,13.4,39124.11,0.0,68,1021.7,19.4,7.0,11,15.1,1.6,32997.04,49.5894,37.223198,4.0,12.399999999999999,0.8433940094739535,13.9,10,4,-0.9070138128026362,0.42110087079608916,0.06975647374412552,-0.9975640502598242
2024-10-26,13.9,38991.95,0.0,76,1020.7,19.8,6.1,51,21.7,8.1,32565.05,49.5894,37.223198,4.0,13.700000000000001,0.8351736704627494,11.8,10,5,-0.8996308696522434,0.4366512319560638,-0.9612616959383188,0.2756373558169994
2024-10-27,11.8,38860.41,0.0,95,1029.7,12.9,10.0,76,14.9,19.7,0.0,49.5894,37.223198,4.0,2.9000000000000004,0.0,12.5,10,6,-0.8919813464595487,0.45207220393230374,-0.898794046299167,0.4383711467890774
2024-10-28,12.5,38729.63,0.0,85,1024.0,17.0,9.2,39,8.9,0.0,32862.63,49.5894,37.223198,4.0,7.800000000000001,0.8485139155731671,13.4,10,0,-0.8840675099433637,0.46735921715800205,-0.7660444431189779,-0.6427876096865395
2024-10-29,13.4,38599.72,0.0,83,1021.6,18.0,9.0,26,8.0,0.0,32617.88,49.5894,37.223198,4.0,9.0,0.8450289276709779,13.9,10,1,-0.8758917051442433,0.48250774176121763,-0.7880107536067221,-0.6156614753256581
2024-10-30,13.9,38470.82,0.0,84,1022.3,17.7,10.3,82,7.5,0.1,28800.0,49.5894,37.223198,4.0,7.399999999999999,0.7486193431801038,13.9,10,2,-0.8674563547295971,0.4975132889071803,-0.6427876096865393,-0.766044443118978
2024-10-31,13.9,38343.04,0.0,82,1020.4,19.1,10.8,35,9.0,0.0,32400.0,49.5894,37.223198,4.0,8.3,0.845003421742251,14.7,10,3,-0.858763958275803,0.5123714121284235,-0.5735764363510462,-0.8191520442889918
2024-11-01,14.7,38216.54,0.0,87,1022.3,19.0,10.6,74,8.2,0.2,28977.37,49.5894,37.223198,4.0,8.4,0.7582415885896525,16.1,11,4,-0.8498170915275277,0.5270777086423724,-0.848048096156426,-0.529919264233205
2024-11-02,16.1,38091.45,0.0,89,1017.6,21.9,12.1,50,8.4,0.0,31838.81,49.5894,37.223198,4.0,9.799999999999999,0.8358518775210712,17.5,11,5,-0.8406184056344783,0.5416278206559811,-0.6427876096865393,-0.766044443118978
2024-11-03,17.5,37967.9,0.0,90,1013.2,23.6,13.4,97,16.8,27.2,12215.64,49.5894,37.223198,4.0,10.200000000000001,0.3217359927728423,11.9,11,6,-0.8311706263658079,0.5560174366570446,-0.9781476007338056,0.20791169081775943
2024-11-04,11.9,37846.03,0.0,96,1017.8,14.9,9.3,88,23.1,34.3,0.0,49.5894,37.223198,4.0,5.6,0.0,13.3,11,0,-0.8214765533024145,0.5702422926917867,-0.9612616959383188,0.2756373558169994
2024-11-05,13.3,37726.0,0.0,88,1017.2,17.9,9.6,94,15.3,9.7,1485.5,49.5894,37.223198,4.0,8.299999999999999,0.039376027143084344,11.0,11,1,-0.8115390590073611,0.5842981736283683,-0.8660254037844386,0.5000000000000001
2024-11-06,11.0,37607.93,0.0,94,1030.1,11.9,10.1,99,11.2,10.3,0.0,49.5894,37.223198,4.0,1.8000000000000007,0.0,11.3,11,2,-0.801361088174677,0.5981809144059158,-0.9396926207859083,0.342020143325669
2024-11-07,11.3,37492.0,0.0,88,1032.0,12.6,10.4,97,10.5,1.6,0.0,49.5894,37.223198,4.0,2.1999999999999993,0.0,12.0,11,3,-0.7909456567567774,0.6118864012687242,-0.882947592858927,-0.46947156278589075
2024-11-08,12.0,37378.12,0.0,87,1029.7,13.6,10.6,100,8.8,3.4,966.77,49.5894,37.223198,4.0,3.0,0.02586459672129042,12.1,11,4,-0.780295851070776,0.6254105729852457,-0.7431448254773944,-0.6691306063588581
2024-11-09,12.1,37265.2,0.0,94,1029.1,13.4,10.8,91,11.6,0.8,5421.62,49.5894,37.223198,4.0,2.5999999999999996,0.14548747893477024,12.8,11,5,-0.7694148268839381,0.6387494220515268,-0.9612616959383188,0.2756373558169994
2024-11-10,12.8,37153.12,0.0,89,1026.7,16.5,9.8,70,9.8,0.0,28787.64,49.5894,37.223198,4.0,6.699999999999999,0.7748377525225337,12.9,11,6,-0.7583058084785625,0.6518989958787125,-0.9659258262890683,-0.25881904510252063
2024-11-11,12.9,37042.02,0.0,91,1022.9,15.5,9.9,98,7.1,3.4,0.0,49.5894,37.223198,4.0,5.6,0.0,12.7,11,0,-0.7469720876965551,0.6648553979642866,-0.7660444431189779,-0.6427876096865395
2024-11-12,12.7,36932.02,0.0,95,1025.6,13.4,11.6,100,28.5,25.5,0.0,49.5894,37.223198,4.0,1.8000000000000007,0.0,11.4,11,1,-0.7354170229639858,0.6776147890466887,-0.8480480961564261,0.5299192642332047
2024-11-13,11.4,36823.27,0.0,90,1029.8,12.4,10.4,96,10.2,4.5,0.0,49.5894,37.223198,4.0,2.0,0.0,11.8,11,2,-0.7236440382959124,0.690173388242972,0.6427876096865393,0.766044443118978
2024-11-14,11.8,36715.88,0.0,88,1023.4,15.7,8.1,65,10.0,0.4,21543.94,49.5894,37.223198,4.0,7.6,0.586774442012557,11.7,11,3,-0.711656622281775,0.7025274741691566,0.9902680687415704,0.13917310096006547
2024-11-15,11.7,36610.0,0.0,89,1018.3,18.2,7.8,58,9.7,0.0,31883.32,49.5894,37.223198,4.0,10.399999999999999,0.8708910133843212,12.0,11,4,-0.6994583270516471,0.7146733860429608,-0.2079116908177595,-0.9781476007338056
2024-11-16,12.0,36505.76,0.0,91,1012.8,17.1,7.8,54,14.5,0.0,25736.62,49.5894,37.223198,4.0,9.3,0.7050016216618966,12.7,11,5,-0.6870527672236675,0.7266075247685652,-0.6427876096865393,-0.766044443118978
2024-11-17,12.7,36403.3,0.0,95,1020.0,13.8,11.3,97,13.0,11.5,174.79,49.5894,37.223198,4.0,2.5,0.004801487777207011,13.2,11,6,-0.6744436188329457,0.7383263540031063,-0.8660254037844386,0.5000000000000001
2024-11-18,13.2,36302.76,0.0,90,1016.5,16.5,11.0,98,11.7,0.0,19381.01,49.5894,37.223198,4.0,5.5,0.5338715293272467,14.2,11,0,-0.661634618242279,0.749826401204568,-0.9205048534524403,-0.3907311284892738
2024-11-19,14.2,36204.28,0.0,90,1015.5,18.2,11.4,87,9.4,0.1,21275.21,49.5894,37.223198,4.0,6.799999999999999,0.5876435051325424,13.1,11,1,-0.6486295610349818,0.7611042586607742,-0.9986295347545738,0.052335956242943946
2024-11-20,13.1,36108.01,0.0,93,1021.3,14.9,11.1,88,16.2,34.0,9948.82,49.5894,37.223198,4.0,3.8000000000000007,0.2755294462364445,13.4,11,2,-0.6354323008901775,0.7721565844991641,-0.9975640502598242,-0.06975647374412558
2024-11-21,13.4,36014.11,0.0,91,1018.2,18.6,9.6,52,10.2,0.0,30623.47,49.5894,37.223198,4.0,9.000000000000002,0.8503186667669977,13.6,11,3,-0.622046748440868,0.7829801036770624,-0.13917310096006552,-0.9902680687415703
2024-11-22,13.6,35922.7,0.0,81,1019.5,19.4,7.8,4,9.9,0.0,32340.25,49.5894,37.223198,4.0,11.599999999999998,0.9002733647526495,14.6,11,4,-0.6084768701151264,0.7935716089521472,-0.8910065241883678,-0.4539904997395469
2024-11-23,14.6,35833.95,0.0,91,1019.6,19.4,11.4,57,7.6,0.0,30163.01,49.5894,37.223198,4.0,7.999999999999998,0.8417439327788313,13.2,11,5,-0.594726686960764,0.8039279618328208,-0.9063077870366502,-0.42261826174069916
2024-11-24,13.2,35748.02,0.0,92,1012.0,17.4,10.3,77,7.6,0.0,21184.2,49.5894,37.223198,4.0,7.099999999999998,0.5925978557693545,14.3,11,6,-0.5808002734538013,0.8140460935082175,-0.6946583704589973,-0.7193398003386511
2024-11-25,14.3,35665.05,0.0,90,1014.9,17.4,11.9,98,9.3,0.2,2948.47,49.5894,37.223198,4.0,5.499999999999998,0.08267113042039755,14.5,11,0,-0.5667017562911184,0.8239230057575536,-0.7771459614569706,-0.6293203910498378
2024-11-26,14.5,35585.2,0.0,91,1014.0,18.4,11.8,93,11.2,0.6,19787.94,49.5894,37.223198,4.0,6.599999999999998,0.5560721873138271,12.7,11,1,-0.5524353131676203,0.8335557718385695,-0.8910065241883678,-0.4539904997395469
2024-11-27,12.7,35508.64,0.0,95,1013.0,16.2,8.9,89,16.6,40.9,4899.63,49.5894,37.223198,4.0,7.299999999999999,0.13798416385420562,10.6,11,2,-0.5380051715382992,0.8429415373547832,-0.9986295347545738,-0.052335956242944306
2024-11-28,10.6,35435.34,0.0,85,1018.3,15.3,6.8,27,12.1,8.2,32011.68,49.5894,37.223198,4.0,8.5,0.9033828940261334,10.2,11,3,-0.5234156073655503,0.8520775211013093,-0.9396926207859084,-0.34202014332566855
2024-11-29,10.2,35364.46,0.0,89,1025.3,12.9,8.4,59,13.0,5.7,31847.55,49.5894,37.223198,4.0,4.5,0.9005524190104981,9.3,11,4,-0.5086709438521042,0.8609610158889945,-0.9335804264972017,0.3583679495453004
2024-11-30,9.3,35295.93,0.0,96,1029.8,10.2,7.9,93,7.1,7.2,0.0,49.5894,37.223198,4.0,2.299999999999999,0.0,9.5,11,5,-0.49377555015997737,0.8695893893466109,-0.9205048534524405,0.3907311284892735
2024-12-01,9.5,35229.83,0.0,92,1028.4,12.1,7.2,67,7.9,1.7,30114.84,49.5894,37.223198,4.0,4.8999999999999995,0.8548108236684651,9.2,12,6,-0.4787338401157883,0.8779600847008883,-0.9816271834476639,0.1908089953765451
2024-12-02,9.2,35166.24,0.0,90,1026.7,11.2,7.0,90,14.3,4.3,12901.93,49.5894,37.223198,4.0,4.199999999999999,0.3668839773601045,8.5,12,0,-0.4635502709028512,0.8860706215341378,-0.9781476007338056,0.20791169081775943
2024-12-03,8.5,35105.26,0.0,91,1025.3,12.1,5.1,78,11.0,0.0,17755.73,49.5894,37.223198,4.0,7.0,0.5057854577917953,7.8,12,1,-0.4482293417404106,0.893918596519257,-0.984807753012208,-0.17364817766693033
2024-12-04,7.8,35046.98,0.0,88,1023.4,13.4,4.4,18,7.9,0.0,31208.67,49.5894,37.223198,4.0,9.0,0.8904810057813825,9.4,12,2,-0.4327755925504317,0.9015016841318838,-0.8290375725550418,-0.5591929034707466
2024-12-05,9.4,34991.48,0.0,90,1026.6,12.8,4.2,65,11.2,0.0,31345.29,49.5894,37.223198,4.0,8.600000000000001,0.8957977770588725,10.8,12,3,-0.41719360261231697,0.9088176373395028,-0.9961946980917455,0.08715574274765789
2024-12-06,10.8,34938.85,0.0,89,1029.8,12.4,9.4,98,9.3,0.8,0.0,49.5894,37.223198,4.0,3.0,0.0,10.2,12,4,-0.4014879892059737,0.9158642882672868,-0.9563047559630354,0.2923717047227367
2024-12-07,10.2,34889.18,0.0,91,1032.0,11.8,8.2,97,8.7,0.8,0.0,49.5894,37.223198,4.0,3.6000000000000014,0.0,9.6,12,5,-0.38566340624360745,0.9226395488404875,-0.9998476951563913,0.01745240643728313
2024-12-08,9.6,34842.56,0.0,91,1026.7,14.4,6.4,100,7.7,0.1,13128.96,49.5894,37.223198,4.0,8.0,0.3768081335010975,10.5,12,6,-0.3697245428906732,0.9291414114031743,-0.6293203910498376,-0.7771459614569708
2024-12-09,10.5,34799.08,0.0,92,1026.3,13.2,8.4,100,11.9,1.8,2882.9,49.5894,37.223198,4.0,4.799999999999999,0.08284414415553515,10.5,12,0,-0.3536761221763721,0.935367949313148,-0.9975640502598243,0.06975647374412522
2024-12-10,10.5,34758.82,0.0,90,1030.3,14.1,7.2,87,10.7,0.4,18390.31,49.5894,37.223198,4.0,6.8999999999999995,0.5290832657725435,9.3,12,1,-0.33752289959411347,0.941317317512847,-1.0,-1.8369701987210297e-16
2024-12-11,9.3,34721.86,0.0,84,1020.6,14.0,6.7,64,8.4,0.0,28654.02,49.5894,37.223198,4.0,7.3,0.8252443849494238,11.7,12,2,-0.32126966169236515,0.9469877530760751,-0.275637355816999,-0.9612616959383189
2024-12-12,11.7,34688.3,0.0,89,1011.1,17.7,8.9,96,10.8,0.0,24108.07,49.5894,37.223198,4.0,8.799999999999999,0.6949913947930569,9.6,12,3,-0.3049212246562894,0.9523775757303973,-1.0,-1.8369701987210297e-16
2024-12-13,9.6,34658.22,0.0,94,1011.6,12.2,6.7,94,11.9,3.7,0.0,49.5894,37.223198,4.0,5.499999999999999,0.0,2.3,12,4,-0.2884824328806098,0.9574851883550389,-0.8987940462991668,-0.43837114678907774
2024-12-14,2.3,34631.7,7.49,93,1028.0,8.7,-2.8,80,26.0,28.0,0.0,49.5894,37.223198,4.0,11.5,0.0,1.4,12,5,-0.27195815753410524,0.9623090774541487,-0.9902680687415704,0.13917310096006547
2024-12-15,1.4,34608.83,0.0,72,1031.0,7.2,-4.1,11,26.7,0.0,30822.87,49.5894,37.223198,4.0,11.3,0.890607108070397,10.3,12,6,-0.2553532951161881,0.9668478136052773,0.3420201433256689,-0.9396926207859083
2024-12-16,10.3,34589.69,0.0,43,1019.4,15.4,5.6,83,40.7,0.0,21640.12,49.5894,37.223198,4.0,9.8,0.6256234155322005,7.2,12,0,-0.23867276600594997,0.9711000518829505,-0.5150380749100542,-0.8571673007021123
2024-12-17,7.2,34574.35,0.0,83,1019.7,12.7,2.7,32,8.2,0.0,28600.01,49.5894,37.223198,4.0,10.0,0.8272031144475601,9.0,12,1,-0.22192151300416674,0.9750645322571945,-0.5000000000000001,-0.8660254037844386
2024-12-18,9.0,34562.86,0.0,76,1013.4,18.4,1.5,43,15.8,0.0,30380.93,49.5894,37.223198,4.0,16.9,0.8790050939071593,8.9,12,2,-0.20510449986861926,0.9787400799669153,-0.754709580222772,-0.6560590289905073
2024-12-19,8.9,34555.04,0.0,93,1021.2,11.4,7.2,87,9.7,1.7,5122.98,49.5894,37.223198,4.0,4.2,0.14825565243159897,8.6,12,3,-0.1882267098432439,0.9821256058680006,-0.6293203910498376,-0.7771459614569708
2024-12-20,8.6,34550.84,0.0,90,1021.5,12.9,5.2,98,9.1,0.1,24974.49,49.5894,37.223198,4.0,7.7,0.7228330772855307,8.6,12,4,-0.1712931441814778,0.9852201067560606,-0.8910065241883678,-0.4539904997395469
2024-12-21,8.6,34550.24,0.0,93,1021.9,11.2,6.7,91,9.1,2.6,9840.27,49.5894,37.223198,4.0,4.499999999999999,0.28481046730789716,7.7,12,5,-0.154308820664281,0.9880226656636976,-0.9396926207859084,-0.34202014332566855
2024-12-22,7.7,34553.19,0.0,92,1017.2,12.9,4.6,51,9.8,0.0,28731.87,49.5894,37.223198,4.0,8.3,0.8315258301766059,7.7,12,6,-0.13727877211326517,0.9905324521322227,-0.6691306063588582,-0.7431448254773942
2024-12-23,7.7,34559.68,0.0,89,1018.0,13.4,2.5,72,7.1,0.0,29506.11,49.5894,37.223198,4.0,10.9,0.8537726622468726,8.7,12,0,-0.12020804489935275,0.9927487224577402,-0.587785252292473,-0.8090169943749475
2024-12-24,8.7,34569.65,0.0,94,1019.6,13.8,3.3,95,6.2,0.0,21557.19,49.5894,37.223198,4.0,10.5,0.6235871638850841,10.0,12,1,-0.10310169744743544,0.9946708199115211,-0.8090169943749473,-0.5877852522924732
2024-12-25,10.0,34583.09,0.0,93,1025.1,13.0,7.7,91,9.2,0.0,2604.72,49.5894,37.223198,4.0,5.3,0.07531773476574824,10.1,12,2,-0.0859647987374467,0.9962981749346077,-0.7880107536067221,-0.6156614753256581
2024-12-26,10.1,34599.95,0.0,91,1025.1,15.8,7.4,66,8.8,0.0,29029.77,49.5894,37.223198,4.0,8.4,0.8390119060865696,9.0,12,3,-0.06880242680232064,0.9976303053065857,-0.19080899537654472,-0.981627183447664
2024-12-27,9.0,34620.2,0.0,92,1022.2,13.0,6.8,98,10.6,0.4,7242.64,49.5894,37.223198,4.0,6.2,0.20920271979942348,11.2,12,4,-0.05161966722325418,0.9986668162884759,-0.5735764363510462,-0.8191520442889918
2024-12-28,11.2,34643.79,0.0,79,1014.6,17.5,6.6,74,34.1,4.1,25712.9,49.5894,37.223198,4.0,10.9,0.7422080551810296,10.3,12,5,-0.034421611622745804,0.9994074007397048,-0.5735764363510462,-0.8191520442889918
2024-12-29,10.3,34670.68,0.0,92,1021.2,14.0,7.8,77,6.9,0.8,22652.87,49.5894,37.223198,4.0,6.2,0.6533725326414134,9.7,12,6,-0.01721335615583528,0.9998518392091162,-0.8746197071393959,-0.48480962024633684
2024-12-30,9.7,34700.84,0.0,92,1024.3,11.1,8.2,92,14.6,3.2,3854.89,49.5894,37.223198,4.0,2.9000000000000004,0.11108924164371814,8.5,12,0,6.432490598706546e-16,1.0,-0.9063077870366502,-0.42261826174069916
2024-12-31,8.5,34734.22,0.0,95,1027.3,9.4,6.9,100,16.9,17.9,0.0,49.5894,37.223198,4.0,2.5,0.0,7.0,12,1,0.017213356155833904,0.9998518392091162,-0.8571673007021123,0.5150380749100542
2025-01-01,7.0,34770.77,0.0,81,1031.2,10.9,4.0,41,8.8,2.9,18000.0,49.5894,37.223198,4.0,6.9,0.5176761975647937,6.9,1,2,0.017213356155834685,0.9998518392091162,-0.39073112848927355,-0.9205048534524404
2025-01-02,6.9,34810.45,0.0,65,1031.0,13.5,2.2,0,10.3,0.0,30328.36,49.5894,37.223198,4.0,11.3,0.8712429744516375,7.3,1,3,0.03442161162274574,0.9994074007397048,0.0871557427476582,-0.9961946980917455
2025-01-03,7.3,34853.21,0.0,66,1023.1,15.2,2.2,21,11.9,0.0,30611.69,49.5894,37.223198,4.0,13.0,0.8783033184030968,6.6,1,4,0.051619667223253764,0.998666816288476,-0.052335956242943564,-0.9986295347545738
2025-01-04,6.6,34899.01,0.0,72,1017.9,14.3,1.2,0,10.6,0.0,30609.0,49.5894,37.223198,4.0,13.100000000000001,0.8770735903396686,8.0,1,5,0.06880242680231986,0.9976303053065857,-0.19080899537654472,-0.981627183447664
2025-01-05,8.0,34947.8,0.0,77,1020.4,15.1,2.7,20,10.7,0.0,30464.21,49.5894,37.223198,4.0,12.399999999999999,0.8717060873645837,7.4,1,6,0.08596479873744647,0.9962981749346078,-0.8191520442889916,-0.5735764363510464
2025-01-06,7.4,34999.53,0.0,93,1025.6,10.3,5.1,99,24.7,17.4,2284.15,49.5894,37.223198,4.0,5.200000000000001,0.0652623049509522,8.0,1,0,0.10310169744743485,0.9946708199115211,-0.9975640502598243,0.06975647374412522
2025-01-07,8.0,35054.26,0.0,96,1033.4,9.1,7.1,100,9.6,7.0,0.0,49.5894,37.223198,4.0,2.0,0.0,8.7,1,1,0.1202080448993527,0.9927487224577402,-0.9659258262890683,-0.25881904510252063
2025-01-08,8.7,35112.63,0.0,90,1030.6,13.3,6.1,72,9.1,0.0,28800.0,49.5894,37.223198,4.0,7.200000000000001,0.8202176823553234,8.1,1,2,0.13727877211326478,0.9905324521322229,0.5150380749100544,-0.8571673007021122
2025-01-09,8.1,35174.59,0.0,93,1027.0,12.2,6.1,80,7.4,0.0,12681.49,49.5894,37.223198,4.0,6.1,0.3605298597652453,8.5,1,3,0.15430882066428117,0.9880226656636976,-0.8571673007021121,-0.5150380749100544
2025-01-10,8.5,35240.03,0.0,94,1025.3,12.1,6.7,77,6.9,0.0,13384.23,49.5894,37.223198,4.0,5.3999999999999995,0.3798018900664954,8.9,1,4,0.1712931441814776,0.9852201067560606,-0.9335804264972016,-0.3583679495453007
2025-01-11,8.9,35308.8,0.0,92,1018.7,13.5,6.3,65,5.5,0.0,25200.0,49.5894,37.223198,4.0,7.2,0.7137030995106035,9.6,1,5,0.1882267098432442,0.9821256058680006,-0.8191520442889916,-0.5735764363510464
2025-01-12,9.6,35380.75,0.0,94,1019.8,13.0,6.1,93,9.5,1.0,12927.75,49.5894,37.223198,4.0,6.9,0.3653893713389343,9.7,1,6,0.2051044998686192,0.9787400799669153,-0.8480480961564261,0.5299192642332047
2025-01-13,9.7,35455.76,0.0,90,1023.8,14.4,5.8,50,6.6,0.0,29305.16,49.5894,37.223198,4.0,8.600000000000001,0.8265274810073172,9.0,1,0,0.2219215130041655,0.9750645322571948,-0.0348994967025009,-0.9993908270190958
2025-01-14,9.0,35533.68,0.0,79,1024.4,13.8,3.9,47,12.2,0.0,30176.64,49.5894,37.223198,4.0,9.9,0.8492404952146808,8.6,1,1,0.2386727660059501,0.9711000518829505,-0.9961946980917455,-0.08715574274765825
2025-01-15,8.6,35614.37,0.0,91,1025.7,9.8,7.9,100,7.3,1.0,0.0,49.5894,37.223198,4.0,1.9000000000000004,0.0,8.8,1,2,0.255353295116187,0.9668478136052775,-0.9781476007338056,-0.2079116908177598
2025-01-16,8.8,35697.71,0.0,92,1023.4,11.6,6.1,97,12.1,8.2,4607.74,49.5894,37.223198,4.0,5.5,0.12907662704414372,8.7,1,3,0.2719581575341055,0.9623090774541486,-0.8746197071393956,0.4848096202463373
2025-01-17,8.7,35783.56,0.0,87,1025.3,12.2,6.6,54,8.0,1.1,25552.56,49.5894,37.223198,4.0,5.6,0.7140865805414555,8.7,1,4,0.288482432880609,0.9574851883550393,-0.40673664307580015,0.913545457642601
2025-01-18,8.7,35871.78,0.0,88,1018.6,13.4,5.6,83,13.7,0.1,27910.61,49.5894,37.223198,4.0,7.800000000000001,0.7780659337228317,9.2,1,5,0.30492122465628907,0.9523775757303974,0.9781476007338057,-0.20791169081775934
2025-01-19,9.2,35962.25,0.0,72,1012.5,13.9,5.6,56,17.1,0.5,28684.9,49.5894,37.223198,4.0,8.3,0.797639191096219,5.9,1,6,0.3212696616923644,0.9469877530760753,0.6293203910498374,-0.7771459614569709
2025-01-20,5.9,36054.82,0.0,88,1021.3,8.9,3.6,85,21.4,20.6,0.0,49.5894,37.223198,4.0,5.300000000000001,0.0,6.3,1,0,0.3375228995941133,0.9413173175128471,-0.981627183447664,-0.1908089953765446
2025-01-21,6.3,36149.38,0.0,77,1027.7,11.9,1.5,2,9.5,0.0,30868.82,49.5894,37.223198,4.0,10.4,0.8539239123879857,6.1,1,1,0.3536761221763716,0.9353679493131483,-0.2079116908177595,-0.9781476007338056
2025-01-22,6.1,36245.8,0.0,87,1031.1,12.6,1.4,13,11.0,0.0,31446.99,49.5894,37.223198,4.0,11.2,0.8676036947729115,6.3,1,2,0.3697245428906731,0.9291414114031743,-0.13917310096006552,-0.9902680687415703
2025-01-23,6.3,36343.95,0.0,92,1027.0,12.1,2.8,92,11.0,0.0,26968.46,49.5894,37.223198,4.0,9.3,0.7420343688564397,7.3,1,3,0.38566340624360707,0.9226395488404876,-0.7431448254773944,-0.6691306063588581
2025-01-24,7.3,36443.72,0.0,91,1022.8,12.2,2.8,98,7.6,0.0,20626.05,49.5894,37.223198,4.0,9.399999999999999,0.565969939402454,9.0,1,4,0.401487989205973,0.9158642882672872,-0.882947592858927,-0.46947156278589075
2025-01-25,9.0,36544.97,0.0,91,1024.9,11.9,6.5,96,8.3,0.0,23140.14,49.5894,37.223198,4.0,5.4,0.6331963058117164,8.3,1,5,0.4171936026123168,0.9088176373395029,-0.9876883405951378,0.15643446504023067
2025-01-26,8.3,36647.59,0.0,93,1028.5,10.1,6.9,98,22.4,9.8,0.0,49.5894,37.223198,4.0,3.1999999999999993,0.0,7.0,1,6,0.4327755925504312,0.901501684131884,-0.9702957262759966,0.24192189559966742
2025-01-27,7.0,36751.67,0.0,96,1030.3,7.8,6.1,100,20.1,35.2,0.0,49.5894,37.223198,4.0,1.7000000000000002,0.0,5.9,1,0,0.4482293417404106,0.893918596519257,-0.8290375725550416,0.559192903470747
2025-01-28,5.9,36858.28,0.0,91,1029.2,9.2,1.9,60,6.9,3.9,8748.03,49.5894,37.223198,4.0,7.299999999999999,0.23734232850800419,6.2,1,1,0.4635502709028509,0.886070621534138,-0.5735764363510462,-0.8191520442889918
2025-01-29,6.2,36967.46,0.0,83,1028.5,13.1,0.4,15,12.0,0.0,32470.79,49.5894,37.223198,4.0,12.7,0.8783614021628752,7.4,1,2,0.47873384011578846,0.8779600847008882,0.12186934340514755,-0.992546151641322
2025-01-30,7.4,37079.05,0.0,87,1030.9,12.2,4.2,42,11.6,0.0,25744.06,49.5894,37.223198,4.0,7.999999999999999,0.6943020384826472,7.5,1,3,0.49377555015997715,0.869589389346611,-0.017452406437283637,-0.9998476951563913
2025-01-31,7.5,37192.9,0.0,89,1027.7,12.4,3.6,73,10.5,0.0,21769.33,49.5894,37.223198,4.0,8.8,0.5853087551656365,8.2,1,4,0.5086709438521044,0.8609610158889943,0.9998476951563913,0.0174524064372836
2025-02-01,8.2,37308.84,0.0,84,1026.3,11.4,4.8,87,9.3,0.0,20417.49,49.5894,37.223198,4.0,6.6000000000000005,0.5472560926579332,7.0,2,5,0.5234156073655503,0.8520775211013093,-0.9271838545667874,0.37460659341591196
2025-02-02,7.0,37426.72,0.0,85,1025.0,13.1,2.9,10,7.3,0.0,33095.02,49.5894,37.223198,4.0,10.2,0.8842618321883402,6.7,2,6,0.5380051715382996,0.8429415373547828,0.24192189559966773,-0.9702957262759965
2025-02-03,6.7,37546.4,0.0,86,1022.2,12.4,2.8,28,8.4,0.0,32938.29,49.5894,37.223198,4.0,9.600000000000001,0.877268925915667,7.0,2,0,0.5524353131676196,0.8335557718385699,0.45399049973954686,-0.8910065241883678
2025-02-04,7.0,37667.72,0.0,89,1018.2,13.4,1.4,52,9.2,0.0,31747.88,49.5894,37.223198,4.0,12.0,0.8428405010974914,8.0,2,1,0.5667017562911176,0.8239230057575542,-0.848048096156426,-0.529919264233205
2025-02-05,8.0,37790.53,0.0,93,1020.3,10.4,4.7,99,9.1,10.7,1604.18,49.5894,37.223198,4.0,5.7,0.04244925911332813,7.4,2,2,0.5808002734538009,0.8140460935082178,-0.9975640502598243,0.06975647374412522
2025-02-06,7.4,37914.7,0.0,96,1016.5,8.5,5.4,100,24.3,36.9,0.0,49.5894,37.223198,4.0,3.0999999999999996,0.0,3.9,2,3,0.5947266869607634,0.8039279618328213,-0.8290375725550416,0.559192903470747
2025-02-07,3.9,38040.08,0.0,98,1025.8,5.9,2.6,100,29.9,75.7,0.0,49.5894,37.223198,4.0,3.3000000000000003,0.0,1.7,2,4,0.6084768701151261,0.7935716089521474,-0.992546151641322,0.12186934340514768
2025-02-08,1.7,38166.55,8.47,99,1030.4,3.3,0.3,100,16.2,43.3,0.0,49.5894,37.223198,4.0,3.0,0.0,0.4,2,5,0.6220467484408675,0.7829801036770629,-0.9993908270190958,0.03489949670250128
2025-02-09,0.4,38293.95,13.86,98,1029.9,0.6,0.1,99,17.1,21.8,0.0,49.5894,37.223198,4.0,0.5,0.0,0.9,2,6,0.6354323008901774,0.7721565844991642,-0.9876883405951378,0.15643446504023067
2025-02-10,0.9,38422.16,0.28,85,1028.6,4.2,-3.5,64,8.9,0.5,22974.35,49.5894,37.223198,4.0,7.7,0.5979453003162757,0.4,2,0,0.6486295610349814,0.7611042586607747,-0.5299192642332048,-0.8480480961564261
2025-02-11,0.4,38551.04,0.0,88,1028.6,6.3,-4.9,32,12.1,0.0,34159.27,49.5894,37.223198,4.0,11.2,0.8860790785410717,3.4,2,1,0.6616346182422783,0.7498264012045686,-0.587785252292473,-0.8090169943749475
2025-02-12,3.4,38680.48,0.0,89,1028.4,10.0,-2.3,63,8.6,0.0,29876.48,49.5894,37.223198,4.0,12.3,0.7723916559463584,4.8,2,2,0.6744436188329455,0.7383263540031065,-0.5299192642332048,-0.8480480961564261
2025-02-13,4.8,38810.34,0.0,88,1024.0,11.4,0.6,76,11.0,0.0,26746.71,49.5894,37.223198,4.0,10.8,0.6891645370795515,5.6,2,3,0.6870527672236669,0.7266075247685656,-0.46947156278589086,-0.8829475928589269
2025-02-14,5.6,38940.5,0.0,92,1020.1,10.4,2.8,95,13.8,6.6,10423.23,49.5894,37.223198,4.0,7.6000000000000005,0.2676706770585894,6.7,2,4,0.699458327051647,0.7146733860429609,-0.7313537016191705,-0.6819983600624986
2025-02-15,6.7,39070.84,0.0,86,1022.0,12.0,2.9,69,10.3,0.1,20562.84,49.5894,37.223198,4.0,9.1,0.5262963376267314,7.2,2,5,0.7116566222817746,0.7025274741691571,-0.7986355100472928,-0.6018150231520483
2025-02-16,7.2,39201.45,0.0,78,1017.1,15.1,-0.2,51,7.9,0.0,33481.43,49.5894,37.223198,4.0,15.299999999999999,0.8540865197588355,7.8,2,6,0.7236440382959124,0.6901733882429719,-0.7771459614569706,-0.6293203910498378
2025-02-17,7.8,39333.48,0.0,89,1019.2,10.2,3.8,96,12.5,5.3,3919.83,49.5894,37.223198,4.0,6.3999999999999995,0.09965632331540458,9.5,2,0,0.7354170229639855,0.6776147890466889,-0.9781476007338056,-0.2079116908177598
2025-02-18,9.5,39467.04,0.0,85,1021.0,14.4,7.1,66,13.0,0.0,32006.24,49.5894,37.223198,4.0,7.300000000000001,0.8109612476638735,9.9,2,1,0.7469720876965552,0.6648553979642865,-0.9781476007338056,0.20791169081775943
2025-02-19,9.9,39601.98,0.0,88,1017.9,15.4,7.8,88,11.0,0.1,21600.0,49.5894,37.223198,4.0,7.6000000000000005,0.5454272740908409,6.5,2,2,0.7583058084785624,0.6518989958787126,-0.8746197071393956,0.4848096202463373
2025-02-20,6.5,39738.17,0.0,93,1018.7,8.0,3.5,100,17.7,15.4,0.0,49.5894,37.223198,4.0,4.5,0.0,1.0,2,3,0.7694148268839378,0.6387494220515272,-0.9510565162951536,0.30901699437494723
2025-02-21,1.0,39875.5,6.02,99,1022.4,2.3,0.1,100,17.1,16.8,0.0,49.5894,37.223198,4.0,2.1999999999999997,0.0,0.3,2,4,0.7802958510707755,0.6254105729852463,-0.9659258262890683,-0.25881904510252063
2025-02-22,0.3,40013.83,11.13,99,1023.9,0.6,-0.1,100,20.0,18.1,0.0,49.5894,37.223198,4.0,0.7,0.0,-0.3,2,5,0.7909456567567772,0.6118864012687243,-1.0,-1.8369701987210297e-16
2025-02-23,-0.3,40153.05,9.45,97,1021.7,0.9,-2.2,100,18.0,14.4,0.0,49.5894,37.223198,4.0,3.1,0.0,-1.7,2,6,0.8013610881746766,0.5981809144059165,-0.9510565162951535,-0.30901699437494756
2025-02-24,-1.7,40293.05,2.59,83,1022.8,1.0,-5.9,79,15.3,3.8,0.0,49.5894,37.223198,4.0,6.9,0.0,1.0,2,0,0.8115390590073611,0.5842981736283684,-0.5299192642332048,-0.8480480961564261
2025-02-25,1.0,40433.69,0.0,57,1020.2,5.3,-6.1,7,19.8,0.0,36000.0,49.5894,37.223198,4.0,11.399999999999999,0.8903466391516579,3.8,2,1,0.8214765533024142,0.5702422926917871,-0.1045284632676535,-0.9945218953682733
2025-02-26,3.8,40574.88,0.0,63,1019.7,11.8,0.3,34,18.7,0.0,36000.0,49.5894,37.223198,4.0,11.5,0.8872484650601555,3.0,2,2,0.8311706263658079,0.5560174366570446,-0.754709580222772,-0.6560590289905073
2025-02-27,3.0,40716.48,0.21,90,1023.4,6.8,-0.9,75,14.2,3.7,14466.15,49.5894,37.223198,4.0,7.7,0.35528979911819486,4.6,2,3,0.8406184056344782,0.5416278206559814,-0.9925461516413221,-0.12186934340514717
2025-02-28,4.6,40858.41,0.0,77,1020.2,10.9,-1.9,46,14.7,0.1,36000.0,49.5894,37.223198,4.0,12.8,0.8810915549577185,0.8,2,4,0.8498170915275278,0.5270777086423722,-0.9510565162951536,0.30901699437494723
2025-03-01,0.8,41000.53,11.41,98,1027.8,3.6,0.0,100,25.2,20.8,0.0,49.5894,37.223198,4.0,3.6,0.0,1.1,3,5,0.8587639582758029,0.5123714121284237,-0.8829475928589271,0.4694715627858904
2025-03-02,1.1,41142.75,0.49,87,1028.0,6.2,-2.4,43,10.3,0.7,28800.0,49.5894,37.223198,4.0,8.6,0.7000018229214139,3.5,3,6,0.8674563547295969,0.49751328890718066,-0.848048096156426,-0.529919264233205
2025-03-03,3.5,41284.96,0.0,81,1021.8,11.3,-4.4,69,11.3,0.0,32400.0,49.5894,37.223198,4.0,15.700000000000001,0.7847894245265103,5.2,3,0,0.8758917051442429,0.48250774176121847,-0.19080899537654472,-0.981627183447664
2025-03-04,5.2,41427.04,0.0,87,1024.8,9.7,1.7,98,12.4,0.0,11862.69,49.5894,37.223198,4.0,7.999999999999999,0.28635137823025736,7.7,3,1,0.8840675099433636,0.4673592171580022,-0.6427876096865393,-0.766044443118978
2025-03-05,7.7,41568.9,0.0,83,1022.7,14.6,1.5,91,7.6,0.0,32400.0,49.5894,37.223198,4.0,13.1,0.7794288518579996,9.0,3,2,0.8919813464595485,0.45207220393230435,-0.6018150231520484,-0.7986355100472928
2025-03-06,9.0,41710.42,0.0,85,1023.2,14.9,4.4,28,13.1,0.0,36000.0,49.5894,37.223198,4.0,10.5,0.8630936825857903,10.1,3,3,0.8996308696522433,0.43665123195606403,-0.9063077870366498,0.4226182617406996
2025-03-07,10.1,41851.51,0.0,81,1024.3,16.7,4.2,58,11.6,0.0,36067.91,49.5894,37.223198,4.0,12.5,0.8618066588278416,9.7,3,4,0.9070138128026359,0.4211008707960896,0.9612616959383189,0.27563735581699916
2025-03-08,9.7,41992.25,0.0,91,1019.9,13.4,5.4,89,6.2,8.5,14175.09,49.5894,37.223198,4.0,8.0,0.3375644315320089,10.0,3,5,0.9141279881853337,0.40542572835999735,-0.8090169943749476,0.5877852522924729
2025-03-09,10.0,42133.7,0.0,86,1021.0,13.2,7.9,100,7.7,1.6,0.0,49.5894,37.223198,4.0,5.299999999999999,0.0,11.4,3,6,0.9209712877166346,0.38963044953078796,-0.6156614753256582,-0.788010753606722
2025-03-10,11.4,42275.99,0.0,81,1020.1,17.0,7.2,48,8.9,1.3,30009.73,49.5894,37.223198,4.0,9.8,0.7098528029739812,12.1,3,0,0.9275416835791966,0.37371971479046906,-0.20791169081775987,0.9781476007338056
2025-03-11,12.1,42419.0,0.0,84,1021.3,17.9,7.6,42,8.9,0.5,36000.0,49.5894,37.223198,4.0,10.299999999999999,0.8486763007143026,13.2,3,1,0.9338372288229252,0.35769823883312546,0.10452846326765347,0.9945218953682733
2025-03-12,13.2,42562.63,0.0,82,1020.8,20.9,7.0,9,7.6,0.0,36247.33,49.5894,37.223198,4.0,13.899999999999999,0.8516233606804844,14.2,3,2,0.9398560579418954,0.3415707691678556,0.90630778703665,-0.42261826174069933
2025-03-13,14.2,42706.79,0.0,76,1020.1,22.5,6.9,0,7.8,0.0,36932.61,49.5894,37.223198,4.0,15.6,0.8647948019506968,13.7,3,3,0.9455963874271426,0.3253420847119801,0.6156614753256584,-0.7880107536067219
2025-03-14,13.7,42851.39,0.0,80,1018.7,22.2,7.1,3,8.5,0.0,36641.8,49.5894,37.223198,4.0,15.1,0.8550901149297608,15.1,3,4,0.9510565162951535,0.30901699437494745,-0.9876883405951378,0.15643446504023067
2025-03-15,15.1,42996.34,0.0,71,1020.9,22.5,8.6,66,8.8,0.0,37067.79,49.5894,37.223198,4.0,13.9,0.8621150079285819,15.8,3,5,0.9562348265919056,0.29260033563334836,-0.9702957262759965,-0.24192189559966779
2025-03-16,15.8,43141.53,0.0,71,1018.1,24.3,8.2,19,8.7,0.0,37062.86,49.5894,37.223198,4.0,16.1,0.8590993411684751,20.6,3,6,0.9611297838723007,0.27609697309746883,0.6427876096865395,-0.7660444431189779
2025-03-17,20.6,43286.88,0.0,50,1008.4,30.0,10.0,20,19.1,0.0,37207.24,49.5894,37.223198,4.0,20.0,0.8595500530414758,24.0,3,0,0.9657399376548549,0.2595117970697999,-0.4067366430758002,-0.9135454576426009
2025-03-18,24.0,43432.28,0.0,33,1005.3,30.2,19.7,43,26.5,0.0,37661.24,49.5894,37.223198,4.0,10.5,0.8671255573043828,15.8,3,1,0.9700639218515071,0.2428497220959356,-0.2419218955996675,-0.9702957262759965
2025-03-19,15.8,43577.66,0.0,71,1013.3,23.4,11.1,65,23.9,0.3,35218.41,49.5894,37.223198,4.0,12.299999999999999,0.8081757946617601,9.4,3,2,0.9741004551724205,0.22611568550828828,-0.5150380749100545,0.8571673007021121
2025-03-20,9.4,43722.91,0.0,95,1020.8,10.8,7.9,100,20.8,14.9,0.0,49.5894,37.223198,4.0,2.9000000000000004,0.0,9.0,3,3,0.9778483415056568,0.20931464596304847,-0.9743700647852352,0.22495105434386492
2025-03-21,9.0,43867.93,0.0,95,1021.5,11.0,7.7,100,14.3,20.9,0.0,49.5894,37.223198,4.0,3.3,0.0,10.4,3,4,0.9813064702716093,0.19245158197082998,-0.9925461516413221,-0.12186934340514717
2025-03-22,10.4,44012.65,0.0,91,1018.1,13.1,7.2,96,16.5,33.8,10919.72,49.5894,37.223198,4.0,5.8999999999999995,0.24810412460962925,9.9,3,5,0.9844738167520922,0.1755314904214282,-0.9063077870366498,0.4226182617406996
2025-03-23,9.9,44156.96,0.0,90,1024.3,12.6,8.4,100,13.4,17.2,8034.58,49.5894,37.223198,4.0,4.199999999999999,0.1819550077722742,8.8,3,6,0.9873494423939864,0.15855938510313475,-0.45399049973954697,0.8910065241883678
2025-03-24,8.8,44300.77,0.0,94,1028.8,9.6,7.6,100,14.0,10.9,0.0,49.5894,37.223198,4.0,2.0,0.0,8.8,3,0,0.989932495087353,0.141540295217043,0.7313537016191705,0.6819983600624985
2025-03-25,8.8,44443.98,0.0,79,1028.8,13.1,6.0,42,15.0,1.2,25200.0,49.5894,37.223198,4.0,7.1,0.5670059252119184,9.2,3,1,0.9922222094179323,0.12447926388678915,0.9961946980917455,-0.08715574274765824
2025-03-26,9.2,44586.5,0.0,78,1022.7,15.9,4.6,7,16.6,0.0,38960.97,49.5894,37.223198,4.0,11.3,0.8738288495396589,11.1,3,2,0.994217906893952,0.10738134666416309,0.9396926207859084,-0.3420201433256687
2025-03-27,11.1,44728.23,0.0,80,1018.9,17.5,5.2,44,12.2,0.0,38454.98,49.5894,37.223198,4.0,12.3,0.8597474123165616,12.8,3,3,0.995918996147179,0.09025161003104117,0.6946583704589973,0.7193398003386512
2025-03-28,12.8,44869.25,0.0,83,1017.2,19.5,8.4,50,11.7,0.0,32663.91,49.5894,37.223198,4.0,11.1,0.7279798525716387,14.0,3,4,0.9973249731081555,0.07309512989807777,0.9743700647852352,0.22495105434386492
2025-03-29,14.0,45010.55,0.0,86,1014.3,20.8,9.2,42,10.2,0.0,37379.25,49.5894,37.223198,4.0,11.600000000000001,0.8304553043675316,15.7,3,5,0.9984354211555643,0.055916990100603484,-0.9743700647852352,0.22495105434386492
2025-03-30,15.7,45152.24,0.0,85,1012.1,22.5,9.4,30,9.5,0.0,37759.64,49.5894,37.223198,4.0,13.1,0.836273903575991,20.5,3,6,0.9992500112396835,0.03872228089217446,-0.992546151641322,0.12186934340514768
2025-03-31,20.5,45294.21,0.0,60,1008.6,30.5,11.1,47,23.1,0.0,27143.91,49.5894,37.223198,4.0,19.4,0.5992799079617461,16.7,3,0,0.9997685019798909,0.021516097436222254,-0.19080899537654472,-0.981627183447664
2025-04-01,16.7,45436.38,0.0,81,1018.3,21.3,12.3,35,12.7,0.0,36363.36,49.5894,37.223198,4.0,9.0,0.8003137573900034,17.6,4,1,0.9999907397361901,0.004303538296244289,-0.12186934340514723,0.9925461516413221
2025-04-02,17.6,45578.67,0.0,84,1009.7,24.5,12.0,78,18.4,0.0,13468.77,49.5894,37.223198,4.0,12.5,0.2955059899729413,19.7,4,2,0.9999166586547379,-0.01291029607500882,0.48480962024633717,-0.8746197071393957
2025-04-03,19.7,45720.98,0.0,72,1007.2,30.9,12.0,48,16.9,0.0,37530.99,49.5894,37.223198,4.0,18.9,0.8208702000700772,14.5,4,3,0.9995462806873573,-0.030120304846908114,-0.9998476951563913,-0.017452406437283498
2025-04-04,14.5,45863.23,0.0,87,1016.7,17.8,11.1,91,10.5,0.6,17950.84,49.5894,37.223198,4.0,6.700000000000001,0.3913993846486608,15.7,4,4,0.9988797155850336,-0.04732138832243185,-0.13917310096006588,0.9902680687415703
2025-04-05,15.7,46005.32,0.0,87,1009.9,20.0,12.4,91,12.8,6.8,4445.26,49.5894,37.223198,4.0,7.6,0.09662491207538607,21.8,4,5,0.9979171608653922,-0.06450844944931623,0.19080899537654497,-0.981627183447664
2025-04-06,21.8,46147.16,0.0,60,1009.4,31.1,13.0,33,23.6,0.0,39600.0,49.5894,37.223198,4.0,18.1,0.8581243136088981,18.6,4,6,0.9966589017541702,-0.08167639533042241,-0.35836794954530043,-0.9335804264972017
2025-04-07,18.6,46288.65,0.0,77,1013.1,26.6,11.4,32,11.2,0.0,39211.28,49.5894,37.223198,4.0,15.200000000000001,0.8471035556232467,20.1,4,0,0.9951053111006976,-0.09882013873287143,-0.6946583704589976,0.7193398003386509
2025-04-08,20.1,46429.71,0.0,77,1013.0,29.1,12.1,53,12.8,0.0,32808.06,49.5894,37.223198,4.0,17.0,0.7066178100186281,17.3,4,1,0.9932568492674143,-0.11593459959550041,-0.48480962024633695,-0.8746197071393959
2025-04-09,17.3,46570.24,0.0,83,1012.1,22.7,13.4,84,10.0,0.0,30066.04,49.5894,37.223198,4.0,9.299999999999999,0.6456062927740979,14.8,4,2,0.9911140639934547,-0.1330147065341959,0.788010753606722,0.6156614753256583
2025-04-10,14.8,46710.13,0.0,88,1006.0,19.5,11.6,98,18.9,2.4,4280.58,49.5894,37.223198,4.0,7.9,0.09164136344728649,10.1,4,3,0.9886775902323405,-0.1500553983446526,-0.544639035015027,0.838670567945424
2025-04-11,10.1,46849.3,0.0,88,1011.8,12.0,8.4,100,17.8,6.7,0.0,49.5894,37.223198,4.0,3.5999999999999996,0.0,13.4,4,4,0.9859481499638304,-0.16705162550211924,-0.9659258262890684,0.2588190451025203
2025-04-12,13.4,46987.64,0.0,84,1008.8,19.0,9.6,91,11.9,0.1,15753.36,49.5894,37.223198,4.0,9.4,0.33526604017567174,13.2,4,5,0.9829265519799822,-0.18399835165768005,-0.7193398003386511,0.6946583704589973
2025-04-13,13.2,47125.04,0.0,92,1017.8,15.2,11.4,100,8.9,5.0,0.0,49.5894,37.223198,4.0,3.799999999999999,0.0,12.3,4,6,0.9796136916454901,-0.20089055513063506,-0.4226182617406992,0.90630778703665
2025-04-14,12.3,47261.41,0.0,91,1022.0,14.4,9.8,100,12.1,9.7,101.77,49.5894,37.223198,4.0,4.6,0.0021533424415395136,11.6,4,0,0.9760105506323683,-0.21772323039653177,0.13917310096006544,0.9902680687415704
2025-04-15,11.6,47396.64,0.0,88,1016.4,14.6,9.6,94,11.4,1.9,3481.71,49.5894,37.223198,4.0,5.0,0.07345900468893998,11.9,4,1,0.9721181966290613,-0.23449138957040985,-1.0,-1.8369701987210297e-16
2025-04-16,11.9,47530.62,0.0,84,1019.9,15.5,9.0,80,14.5,14.4,23933.29,49.5894,37.223198,4.0,6.5,0.5035341428325572,10.7,4,2,0.9679377830240642,-0.25119006388481935,-0.9902680687415704,0.13917310096006547
2025-04-17,10.7,47663.41,0.0,79,1027.4,13.7,7.0,78,14.7,3.7,853.92,49.5894,37.223198,4.0,6.699999999999999,0.01791562962028944,11.9,4,3,0.9634705485641488,-0.2678143051621742,-0.5591929034707467,-0.8290375725550417
2025-04-18,11.9,47795.98,0.0,67,1025.6,17.4,6.8,40,11.4,0.0,32655.8,49.5894,37.223198,4.0,10.599999999999998,0.6832331924149269,13.0,4,4,0.9587178169872964,-0.2843591872810034,-0.13917310096006552,-0.9902680687415703
2025-04-19,13.0,47928.42,0.0,68,1022.4,18.9,6.8,11,15.2,0.0,41262.06,49.5894,37.223198,4.0,12.099999999999998,0.8609100821600211,14.1,4,5,0.9536809966304457,-0.30081980763566735,0.9975640502598242,-0.06975647374412533
2025-04-20,14.1,48060.61,0.0,80,1017.2,20.9,7.9,46,14.8,0.0,40929.23,49.5894,37.223198,4.0,12.999999999999998,0.8516169478498089,16.2,4,6,0.9483615800121715,-0.3171912885891061,0.6156614753256583,0.7880107536067219
2025-04-21,16.2,48192.48,0.0,87,1015.0,22.5,10.4,67,11.4,0.0,39059.7,49.5894,37.223198,4.0,12.1,0.810493670381769,18.0,4,0,0.9427611433904207,-0.3334687789181868,-0.01745240643728356,0.9998476951563913
2025-04-22,18.0,48323.91,0.0,86,1015.3,22.6,13.2,66,9.0,0.0,30911.72,49.5894,37.223198,4.0,9.400000000000002,0.6396775426491772,19.0,4,1,0.9368813462954315,-0.3496474552512284,-0.22495105434386498,-0.9743700647852352
2025-04-23,19.0,48454.82,0.0,85,1011.7,25.4,14.6,60,11.1,0.0,36677.92,49.5894,37.223198,4.0,10.799999999999999,0.7569509080830349,20.1,4,2,0.9307239310379795,-0.36572252349726897,-0.8290375725550416,0.559192903470747
2025-04-24,20.1,48585.09,0.0,82,1007.3,29.7,14.2,66,14.4,0.0,38417.36,49.5894,37.223198,4.0,15.5,0.7907232445180199,20.4,4,3,0.9242907221930933,-0.3816892202666588,-0.7660444431189781,0.6427876096865393
2025-04-25,20.4,48714.63,0.0,77,1005.5,29.1,14.0,81,22.7,0.0,30420.82,49.5894,37.223198,4.0,15.100000000000001,0.6244698974414873,21.4,4,4,0.9175836260593937,-0.39754281428255595,-0.8090169943749473,-0.5877852522924732
2025-04-26,21.4,48843.33,0.0,71,1007.6,26.3,14.3,96,18.8,0.0,25076.51,49.5894,37.223198,4.0,12.0,0.5134070506658739,19.8,4,5,0.9106046300942162,-0.4132786077829042,0.3090169943749475,-0.9510565162951535
2025-04-27,19.8,48971.09,0.0,78,1009.6,24.8,15.8,86,14.9,0.0,34594.77,49.5894,37.223198,4.0,9.0,0.7064325094662994,13.3,4,6,0.9033558023246845,-0.4288919379124835,-0.6560590289905074,0.7547095802227719
2025-04-28,13.3,49097.79,0.0,93,1024.2,16.2,9.6,100,21.3,19.9,0.0,49.5894,37.223198,4.0,6.6,0.0,9.8,4,0,0.895839290734909,-0.4443781781046132,-0.5150380749100545,0.8571673007021121
2025-04-29,9.8,49223.32,0.0,93,1027.5,11.1,8.9,100,22.7,14.6,0.0,49.5894,37.223198,4.0,2.1999999999999993,0.0,12.9,4,1,0.8880573226294932,-0.45973273945210397,-0.8191520442889918,0.573576436351046
2025-04-30,12.9,49347.57,0.0,84,1020.9,16.4,9.1,70,12.9,0.0,14436.94,49.5894,37.223198,4.0,7.299999999999999,0.2925562494769246,15.2,4,2,0.8800122039735357,-0.47495107206704995,0.9271838545667874,0.37460659341591196
2025-05-01,15.2,49470.41,0.0,86,1019.9,19.1,11.0,47,13.7,0.0,28922.22,49.5894,37.223198,4.0,8.100000000000001,0.5846367555878352,18.1,5,3,0.8717063187093218,-0.4900286664290592,0.9063077870366499,0.42261826174069944
2025-05-02,18.1,49591.74,0.0,88,1013.2,23.3,13.1,78,12.2,0.0,25851.46,49.5894,37.223198,4.0,10.200000000000001,0.5212856011908434,17.7,5,4,0.8631421280499114,-0.5049610547215204,0.45399049973954675,0.8910065241883679
2025-05-03,17.7,49711.43,0.0,90,1013.3,20.4,15.4,96,13.3,2.5,6094.5,49.5894,37.223198,4.0,4.999999999999998,0.12259755955521698,16.5,5,5,0.854322169749827,-0.5197438121555155,-0.35836794954530077,0.9335804264972015
2025-05-04,16.5,49829.36,0.0,90,1014.4,19.0,14.1,91,13.5,0.5,3600.0,49.5894,37.223198,4.0,4.9,0.07224656307044681,18.5,5,6,0.8452490573530633,-0.5343725582809786,0.052335956242943835,0.9986295347545738
2025-05-05,18.5,49945.39,0.0,87,1008.5,24.4,14.0,68,11.2,2.0,27465.73,49.5894,37.223198,4.0,10.399999999999999,0.5499152174004448,17.4,5,0,0.8359254794186372,-0.548842958284719,0.24192189559966773,0.9702957262759965
2025-05-06,17.4,50059.41,0.0,88,1012.0,21.3,14.1,65,17.6,0.0,26396.56,49.5894,37.223198,4.0,7.200000000000001,0.5273046566070195,18.6,5,1,0.8263541987239096,-0.5631507242749186,-0.7071067811865477,0.7071067811865474
2025-05-07,18.6,50171.45,0.0,81,1014.6,23.9,13.8,41,8.0,0.3,34245.86,49.5894,37.223198,4.0,10.099999999999998,0.6825766446853739,20.4,5,2,0.8165380514459161,-0.5772916165517272,-0.4067366430758002,-0.9135454576426009
2025-05-08,20.4,50282.39,0.0,74,1011.1,26.9,12.9,4,16.3,0.0,44270.41,49.5894,37.223198,4.0,13.999999999999998,0.8804356753925182,20.9,5,3,0.8064799463209448,-0.5912614448635781,0.788010753606722,-0.6156614753256583
2025-05-09,20.9,50392.3,0.0,73,1014.7,26.2,15.9,39,13.0,0.0,42627.55,49.5894,37.223198,4.0,10.299999999999999,0.8459139590770812,21.2,5,4,0.7961828637826158,-0.6050560696488488,-0.7880107536067218,0.6156614753256585
2025-05-10,21.2,50501.08,0.0,74,1013.7,26.5,15.0,34,9.9,0.0,40941.91,49.5894,37.223198,4.0,11.5,0.8107135530566871,22.1,5,5,0.7856498550787147,-0.6186714032625031,0.25881904510252074,0.9659258262890683
2025-05-11,22.1,50608.62,0.0,76,1009.8,29.0,15.3,23,11.3,0.0,43516.39,49.5894,37.223198,4.0,13.7,0.8598612252221064,20.4,5,6,0.7748840413670407,-0.6321034111873487,0.0697564737441253,0.9975640502598242
2025-05-12,20.4,50714.84,0.0,81,1008.7,24.8,16.4,62,11.9,0.0,37226.03,49.5894,37.223198,4.0,8.400000000000002,0.7340263717681058,20.3,5,0,0.7638886127905428,-0.6453481132295501,0.5446390350150271,0.838670567945424
2025-05-13,20.3,50819.62,0.0,84,1003.2,25.5,16.8,81,17.5,0.0,29109.9,49.5894,37.223198,4.0,8.7,0.5728082972678662,18.1,5,1,0.7526668275320085,-0.6584015846980488,-2.4492935982947064e-16,1.0
2025-05-14,18.1,50922.85,0.0,89,1010.4,22.3,15.7,96,17.4,8.6,16936.16,49.5894,37.223198,4.0,6.600000000000001,0.33258468447857886,16.3,5,2,0.7412220108485958,-0.6712599575675313,-0.3420201433256686,0.9396926207859084
2025-05-15,16.3,51024.43,0.0,91,1014.7,18.6,14.8,95,13.9,5.6,0.0,49.5894,37.223198,4.0,3.8000000000000007,0.0,16.6,5,3,0.7295575540864875,-0.6839194216246106,-0.6946583704589976,0.7193398003386509
2025-05-16,16.6,51124.26,0.0,90,1019.6,18.6,15.1,94,13.9,1.1,583.16,49.5894,37.223198,4.0,3.5000000000000018,0.011406717671805908,18.3,5,4,0.717676913675962,-0.6963762255968722,-0.4383711467890778,0.8987940462991668
2025-05-17,18.3,51222.22,0.0,84,1019.1,23.1,14.9,33,14.7,0.0,43811.54,49.5894,37.223198,4.0,8.200000000000001,0.855322943831798,20.7,5,5,0.705583610107178,-0.7086266782644596,1.0,6.123233995736766e-17
2025-05-18,20.7,51318.19,0.0,85,1012.6,26.5,15.4,42,10.0,0.0,35938.86,49.5894,37.223198,4.0,11.1,0.7003142550429,20.3,5,6,0.6932812268869777,-0.7206671495538609,-0.3907311284892739,0.9205048534524403
